time,flux
3690.1581176094337,1.011062
3690.160432442886,1.0079294
3690.162747276338,1.0110558
3690.165062109791,1.0018502
3690.167376943244,1.008315
3690.169691776697,1.0032293
3690.1720066101184,1.0096756
3690.1743214435273,0.9984247
3690.176636276936,1.0021404
3690.1789511103448,1.0106993
3690.1812659437537,0.9954831
3690.183580777162,1.0122998
3690.18589561057,1.0048736
3690.1882104439787,1.013342
3690.1905252773877,0.9928549
3690.192840110796,1.0088509
3690.195154944205,0.99875104
3690.197469777613,1.0133818
3690.199784611022,1.0025654
3690.2020994444306,1.0074681
3690.2044142778404,1.0097113
3690.206729111247,1.0155749
3690.209043944657,1.0005828
3690.2113587780646,1.0041507
3690.2136736114494,1.0069735
3690.2159884448224,0.99346775
3690.2183032781963,0.9929407
3690.22061811157,1.0021017
3690.2229329449447,1.003671
3690.22524777832,1.008184
3690.2275626116907,0.99494827
3690.2298774450655,0.9966826
3690.232192278438,1.0097071
3690.2345071118134,0.9884742
3690.236821945186,1.007768
3690.239136778561,1.001412
3690.2414516119334,1.0176235
3690.2437664453087,1.0071129
3690.2460812786812,1.0111108
3690.248396112056,1.0054312
3690.250710945429,1.0073634
3690.253025778803,1.0026501
3690.2553406121588,0.99905384
3690.2576554455054,0.99261075
3690.259970278855,1.0048414
3690.262285112202,1.0224808
3690.264599945551,1.0178139
3690.266914778898,1.0143605
3690.269229612247,1.0071679
3690.271544445594,1.013036
3690.2738592789424,1.0092746
3690.27617411229,1.0054597
3690.2784889456384,1.0114113
3690.2808037789864,1.0140127
3690.2831186123344,1.0177038
3690.285433445683,1.0136465
3690.287748279031,0.9988809
3690.29006311238,1.0147616
3690.292377945727,1.0193337
3690.2946927790745,1.0172797
3690.2970076124107,1.0061709
3690.299322445741,1.0040534
3690.301637279073,0.98006886
3690.3039521124033,1.0055704
3690.306266945735,1.001589
3690.308581779065,0.9947644
3690.3108966123973,1.0072501
3690.313211445727,1.0061033
3690.315526279057,0.9886599
3690.317841112389,1.0121785
3690.320155945719,1.0038977
3690.3224707790514,0.99945074
3690.324785612381,0.9965994
3690.3271004457133,0.9975164
3690.3294152790436,1.0101236
3690.331730112375,1.0063899
3690.3340449457055,1.0070955
3690.3363597790353,0.992531
3690.338674612361,1.0091472
3690.340989445682,1.0107458
3690.3433042790057,1.0166595
3690.3456191123264,1.0155039
3690.34793394565,1.0033405
3690.3502487789706,0.99679947
3690.352563612294,0.9944033
3690.354878445615,1.0062621
3690.357193278938,1.0029022
3690.3595081122608,0.99938124
3690.361822945582,1.0137974
3690.364137778905,0.9945163
3690.366452612226,1.0082407
3690.368767445549,1.0150812
3690.3710822788703,1.0015422
3690.3733971121937,0.9957064
3690.3757119455145,1.011345
3690.378026778837,0.98235595
3690.3803416121564,0.99928
3690.3826564454785,1.0079726
3690.3849712788005,1.0106276
3690.3872861121204,1.0015944
3690.3896009454425,1.0025909
3690.3919157787623,1.0029867
3690.3942306120844,1.0135771
3690.396545445404,0.9920124
3690.3988602787263,1.0007972
3690.401175112046,0.99295473
3690.4034899453663,1.0007213
3690.405804778688,1.0097744
3690.4081196120082,1.0111716
3690.41043444533,1.013042
3690.41274927865,1.0045023
3690.4150641119722,1.0147326
3690.417378945292,1.0013417
3690.419693778614,1.0132045
3690.4220086119385,1.007609
3690.4243234452642,1.0086726
3690.4266382785922,0.9959651
3690.4289531119193,0.9990307
3690.431267945246,1.0158035
3690.4335827785735,1.0101944
3690.4358976119,1.008883
3690.4382124452272,1.0074861
3690.440527278554,1.0157746
3690.442842111881,1.0068103
3690.445156945208,1.0226281
3690.4474717785333,1.0141218
3690.449786611861,1.0187058
3690.452101445188,1.0117716
3690.454416278515,1.003369
3690.4567311118417,1.0080855
3690.459045945169,1.0143849
3690.461360778496,1.0130894
3690.463675611832,1.004693
3690.465990445171,1.005135
3690.4683052785085,1.0076406
3690.4706201118493,1.0189822
3690.4729349451895,0.9984595
3690.475249778528,1.0054504
3690.4775646118687,0.99718726
3690.479879445207,0.9873697
3690.4821942785466,1.0030888
3690.484509111886,0.9931617
3690.4868239452258,1.0300117
3690.4891387785633,0.9960273
3690.4914536119036,0.9944109
3690.493768445243,1.0047624
3690.496083278583,0.99354637
3690.4983981119235,1.0026646
3690.5007129452615,0.98914915
3690.5030277786022,1.0104347
3690.505342611954,0.99877435
3690.507657445313,0.9971555
3690.50997227867,1.0106246
3690.512287112028,1.0099754
3690.514601945385,1.0070362
3690.516916778744,1.0074586
3690.5192316121024,0.99803257
3690.521546445459,1.0041022
3690.5238612788185,1.0151284
3690.526176112175,1.0046685
3690.5284909455345,1.0047916
3690.530805778891,1.0125946
3690.5331206122496,1.0046957
3690.5354354456063,1.0072014
3690.5377502789656,1.0015697
3690.540065112323,1.0097854
3690.5423799456817,0.99910897
3690.544694779039,1.0045385
3690.5470096124145,1.005011
3690.5493244457966,1.0096283
3690.5516392791783,0.9959593
3690.5539541125604,1.0067122
3690.5562689459402,1.0090169
3690.5585837793233,0.98772067
3690.560898612705,1.003197
3690.563213446087,1.0228349
3690.5655282794696,1.0115883
3690.567843112851,0.9966206
3690.570157946234,1.0033518
3690.572472779615,0.99076235
3690.574787612998,1.0061578
3690.577102446378,0.99805546
3690.5794172797596,1.0163996
3690.5817321131417,0.9969009
3690.5840469465234,1.0020919
3690.5863617799064,1.009092
3690.5886766133076,1.0032966
3690.5909914467193,1.0115044
3690.593306280129,1.0171195
3690.5956211135403,1.0237415
3690.5979359469507,1.0099077
3690.60025078036,1.0148076
3690.602565613771,0.9953779
3690.604880447181,1.0051165
3690.607195280592,1.0117569
3690.609510114002,1.0133914
3690.6118249474143,1.0037646
3690.6141397808237,1.013912
3690.6164546142354,1.0178354
3690.618769447645,1.0143749
3690.6210842810556,1.0064863
3690.623399114465,1.0070983
3690.625713947876,1.0083108
3690.6280287812865,1.0134939
3690.630343614722,1.0027221
3690.6326584481662,1.0187383
3690.634973281609,0.9999623
3690.6372881150533,1.0196766
3690.639602948496,1.0208431
3690.6419177819384,1.0227401
3690.644232615381,1.0183557
3690.6465474488255,1.0045415
3690.648862282268,1.0136095
3690.6511771157125,1.0261025
3690.6534919491573,0.9955695
3690.6558067825995,0.9927046
3690.6581216160444,1.010807
3690.6604364494865,0.99524605
3690.6627512829314,1.0170534
3690.6650661163726,1.0064894
3690.6673809498166,1.002956
3690.6696957832587,1.0050246
3690.6720106167295,1.0075605
3690.6743254502085,1.0077404
3690.6766402836897,1.0033644
3690.678955117171,1.0455906
3690.6812699506495,0.9989969
3690.6835847841307,1.0159756
3690.685899617609,1.00449
3690.6882144510887,1.0115788
3690.690529284569,1.0003586
3690.692844118049,1.0195954
3690.695158951529,1.0325344
3690.69747378501,1.019507
3690.69978861849,1.0039
3690.7021034519703,0.9883817
3690.70441828545,1.0182377
3690.7067331189305,1.0089537
3690.709047952409,1.0204735
3690.7113627858885,1.0150803
3690.7136776193975,1.0007328
3690.7159924529165,1.0166214
3690.7183072864373,1.0206645
3690.720622119956,1.0216435
3690.7229369534766,1.0112509
3690.7252517869956,1.0281934
3690.7275666205155,1.010846
3690.729881454034,1.0095419
3690.7321962875526,1.01144
3690.7345111210734,1.008513
3690.7368259545924,0.99459743
3690.7391407881128,1.0095965
3690.7414556216313,1.0086293
3690.7437704551517,1.0027419
3690.7460852886716,1.012855
3690.748400122191,1.0113837
3690.750714955711,1.0163255
3690.7530297892285,1.0049556
3690.7553446227794,1.015883
3690.7576594563398,1.0100914
3690.7599742899024,1.0125571
3690.7622891234646,1.0172322
3690.764603957026,1.0164652
3690.766918790589,1.0135942
3690.7692336241494,1.0149854
3690.7715484577125,1.0145509
3690.773863291272,1.0103682
3690.7761781248346,1.0005128
3690.7784929583954,1.0067271
3690.780807791958,1.0053706
3690.783122625519,1.016837
3690.7854374590806,1.0014191
3690.787752292642,1.0093
3690.790067126204,1.0011593
3690.7923819597668,1.0133021
3690.7946967933276,1.0261661
3690.7970116269207,1.0070068
3690.7993264605257,1.0085276
3690.8016412941324,1.0074307
3690.803956127737,1.0056522
3690.806270961344,1.0193803
3690.8085857949486,0.99727464
3690.8109006285554,1.0168717
3690.8132154621617,1.0183156
3690.815530295767,1.037996
3690.8178451293716,1.0068833
3690.820159962977,1.0253835
3690.8224747965837,1.0147207
3690.824789630188,1.0001007
3690.8271044637954,1.0101799
3690.8294192974,1.0189675
3690.831734131007,1.0193974
3690.8340489646116,1.0029018
3690.8363637982184,1.011941
3690.8386786318556,1.008186
3690.8409934655074,1.0244548
3690.8433082991583,1.0127504
3690.84562313281,1.0188218
3690.8479379664614,1.0082366
3690.8502528001127,1.0269136
3690.852567633764,1.0193571
3690.8548824674153,1.0081519
3690.857197301067,1.0229586
3690.859512134719,1.0132504
3690.8618269683684,1.0138183
3690.86414180202,1.0082726
3690.8664566356715,1.0155064
3690.868771469323,1.0147494
3690.871086302974,1.0037456
3690.8734011366255,1.0156462
3690.8757159702773,1.0175673
3690.878030803928,1.0304428
3690.880345637613,1.0113131
3690.88266047131,1.0159329
3690.884975305009,1.030971
3690.887290138706,1.023342
3690.889604972404,1.0067923
3690.891919806102,1.0085051
3690.8942346398003,1.0053818
3690.8965494734985,1.0045571
3690.898864307197,1.0123256
3690.9011791408943,1.0134321
3690.903493974593,1.0159471
3690.90580880829,1.0042641
3690.908123641987,1.0234121
3690.910438475686,1.0146523
3690.9127533093833,1.0140184
3690.9150681430824,0.9966294
3690.917382976779,0.9981728
3690.9196978104783,1.018006
3690.9220126442087,1.0255048
3690.924327477955,1.0350726
3690.9266423116983,1.0071617
3690.9289571454447,1.0203985
3690.93127197919,1.0181036
3690.933586812934,1.0179358
3690.9359016466806,0.9882545
3690.9382164804247,1.0125098
3690.940531314171,1.0021532
3690.942846147915,1.0139402
3690.9451609816615,1.0103161
3690.9474758154056,1.0236845
3690.949790649151,1.0095975
3690.952105482896,1.0163676
3690.954420316641,1.0074793
3690.956735150386,1.0180639
3690.9590499841315,1.0057983
3690.961364817877,0.99757487
3690.963679651656,1.0116682
3690.9659944854498,1.0125972
3690.968309319241,1.0139319
3690.9706241530334,1.0195767
3690.9729389868266,1.0180104
3690.9752538206185,1.0084758
3690.9775686544117,0.98446816
3690.9798834882035,1.0091286
3690.9821983219977,1.0156523
3690.984513155789,1.0085464
3690.9868279895827,1.0139279
3690.989142823374,1.014417
3690.991457657168,1.0170763
3690.9937724909587,1.0141354
3690.996087324751,1.0275834
3690.9984021585446,1.0132706
3691.000716992337,1.0175161
3691.00303182613,1.0051
3691.0053466599556,1.0172195
3691.007661493796,1.0106636
3691.0099763276357,1.0172248
3691.0122911614767,1.0007309
3691.0146059953145,1.0208328
3691.016920829154,1.0184681
3691.019235662995,1.0091568
3691.0215504968337,1.0041772
3691.023865330675,1.012511
3691.026180164514,1.0247822
3691.0284949983547,1.016173
3691.030809832195,1.0195087
3691.0331246660344,1.0117868
3691.035439499872,1.0150293
3691.0377543337136,1.0025562
3691.0400691675527,1.0092486
3691.042384001393,1.0095164
3691.044698835234,1.0290917
3691.0470136691065,1.0232543
3691.049328502993,1.0215014
3691.0516433368794,1.0001422
3691.0539581707662,1.0141053
3691.056273004653,1.0091169
3691.0585878385386,1.0051686
3691.060902672424,1.0115755
3691.063217506312,1.017764
3691.0655323401998,1.004404
3691.0678471740853,1.0277306
3691.070162007973,1.0124878
3691.0724768418586,1.0346854
3691.0747916757464,1.0123036
3691.077106509632,1.0138915
3691.079421343518,1.0103043
3691.0817361774034,1.0155922
3691.084051011291,1.0074894
3691.0863658451767,1.0245299
3691.0886806790973,1.0115746
3691.090995513031,1.0156615
3691.0933103469624,1.0151284
3691.0956251808957,1.01394
3691.097940014827,1.0095522
3691.100254848761,1.0322636
3691.1025696826914,1.0107253
3691.104884516625,1.0172135
3691.1071993505566,1.0201609
3691.1095141844903,1.0136138
3691.1118290184227,0.9970854
3691.1141438523555,1.0153394
3691.116458686288,1.0239662
3691.1187735202207,1.0242254
3691.1210883541535,1.0171121
3691.123403188084,0.9989988
3691.1257180220173,1.0207176
3691.128032855949,1.0060136
3691.1303476899147,1.0099021
3691.1326625238908,1.0108452
3691.1349773578695,1.0165213
3691.1372921918464,1.0113479
3691.1396070258243,1.0175864
3691.141921859801,1.0094577
3691.144236693779,1.0197605
3691.1465515277555,1.0173581
3691.148866361732,1.0237145
3691.1511811957103,1.0199589
3691.1534960296867,1.0151023
3691.155810863665,1.0075392
3691.1581256976424,1.0164521
3691.16044053162,1.0197834
3691.162755365598,1.0069058
3691.165070199575,1.0147926
3691.167385033551,1.0242382
3691.169699867529,1.0237741
3691.1720147015367,1.0134797
3691.174329535558,1.0102656
3691.1766443695788,1.0173968
3691.1789592036,1.0196348
3691.1812740376204,1.0153025
3691.1835888716423,1.0248464
3691.185903705662,1.0243306
3691.188218539684,1.0075443
3691.1905333737027,1.0226064
3691.192848207725,1.0127417
3691.1951630417448,1.0007119
3691.197477875766,1.00751
3691.199792709787,1.0205975
3691.2021075438074,1.0085274
3691.2044223778294,1.0245767
3691.206737211849,1.0144408
3691.209052045871,1.0182824
3691.21136687989,1.008807
3691.2136817139417,1.0163773
3691.2159965480037,1.0185939
3691.2183113820674,1.0051546
3691.220626216129,1.0193172
3691.222941050193,0.99878854
3691.2252558842547,1.0026108
3691.2275707183176,1.020198
3691.2298855523823,1.0125781
3691.2322003864424,1.009067
3691.234515220506,1.0262254
3691.2368300545677,1.0165482
3691.239144888632,1.0473101
3691.2414597226934,1.0246586
3691.243774556757,1.0192313
3691.2460893908187,1.0046008
3691.248404224883,1.0063227
3691.2507190589445,0.99847835
3691.2530338930083,1.0060756
3691.2553487270984,1.0099052
3691.2576635612018,1.0221862
3691.2599783953046,1.0088944
3691.2622932294075,1.0229622
3691.264608063511,1.0233117
3691.2669228976124,1.0097706
3691.2692377317167,1.01547
3691.271552565818,1.0138308
3691.2738673999224,1.0254204
3691.276182234024,1.0281265
3691.2784970681273,1.0060009
3691.2808119022297,1.0253415
3691.283126736333,1.0106199
3691.285441570436,1.0182561
3691.287756404539,1.0155245
3691.2900712386418,1.0130055
3691.2923860727446,1.0186782
3691.294700906848,1.009463
3691.2970157409777,1.0220366
3691.299330575118,1.0234722
3691.30164540926,1.0113478
3691.3039602434005,1.0177692
3691.306275077542,1.025447
3691.3085899116827,1.0241984
3691.3109047458242,1.0239902
3691.313219579965,1.023033
3691.315534414107,1.0194794
3691.317849248247,1.0190878
3691.3201640823872,1.0133545
3691.3224789165292,1.0170084
3691.3247937506694,1.0118402
3691.3271085848114,1.0180845
3691.3294234189516,1.0226098
3691.3317382530936,1.0229616
3691.3340530872338,1.0269427
3691.3363679213758,1.018249
3691.3386827555423,1.014482
3691.3409975897202,1.008415
3691.3433124238954,1.0126679
3691.3456272580725,1.0231951
3691.347942092251,1.003716
3691.350256926427,1.0257771
3691.3525717606053,1.0086849
3691.3548865947814,0.997916
3691.35720142896,1.0043087
3691.359516263136,1.0175816
3691.3618310973143,1.0221374
3691.3641459314895,1.0195656
3691.366460765668,1.0317526
3691.3687755998462,1.0249906
3691.3710904340223,0.9942524
3691.3734052682007,1.0128568
3691.375720102377,1.0257552
3691.378034936555,1.0080854
3691.3803497707554,1.0126354
3691.3826646049674,1.0265548
3691.3849794391776,1.0287048
3691.387294273388,1.0261749
3691.389609107598,1.0169727
3691.39192394181,1.0103639
3691.3942387760226,1.0189842
3691.3965536102323,1.0168324
3691.398868444445,1.0307145
3691.4011832786546,1.0183202
3691.4034981128666,1.0064435
3691.405812947077,1.0300466
3691.408127781287,1.0306536
3691.410442615498,1.015834
3691.4127574497093,1.0026134
3691.4150722839213,1.0245693
3691.4173871181315,1.0310674
3691.4197019523435,1.0268505
3691.4220167865765,1.0149854
3691.4243316208203,1.0147359
3691.426646455062,1.002229
3691.428961289303,1.0192035
3691.431276123546,1.0023804
3691.4335909577885,1.0194762
3691.4359057920315,1.0239037
3691.4382206262753,1.0135986
3691.440535460518,1.0367917
3691.442850294761,1.0346533
3691.4451651290033,1.0261513
3691.4474799632458,1.0138184
3691.4497947974883,1.026004
3691.4521096317294,1.0029187
3691.454424465973,1.0239158
3691.456739300215,1.0251261
3691.4590541344583,1.0084578
3691.4613689687003,1.0200775
3691.4636838029646,1.0207981
3691.465998637236,1.0274489
3691.4683134715083,1.0189406
3691.47062830578,1.0278821
3691.4729431400497,1.0231993
3691.4752579743226,1.0264053
3691.4775728085933,1.0073925
3691.4798876428663,1.0355967
3691.4822024771374,1.0165557
3691.48451731141,1.031389
3691.486832145683,1.010396
3691.4891469799536,1.0199134
3691.4914618142257,1.013634
3691.4937766484973,1.0285773
3691.4960914827684,1.0237507
3691.498406317039,1.0328902
3691.500721151312,1.0101205
3691.5030359855837,1.0219221
3691.5053508198744,1.0291554
3691.5076656541733,1.0070032
3691.5099804884717,1.0364674
3691.512295322771,1.0291975
3691.5146101570685,1.0223975
3691.516924991367,1.0477415
3691.5192398256645,1.025695
3691.521554659964,1.0206909
3691.5238694942614,1.038468
3691.526184328561,1.0311776
3691.528499162858,1.0359665
3691.530813997157,1.0242679
3691.5331288314565,1.0241493
3691.535443665754,1.0259559
3691.5377585000533,1.0325207
3691.54007333435,1.0237502
3691.5423881686497,1.034318
3691.544703002947,1.0260673
3691.547017837264,1.0353411
3691.549332671585,1.028047
3691.551647505909,1.0130575
3691.55396234023,1.0188162
3691.556277174554,1.0390857
3691.558592008877,1.037533
3691.5609068431972,1.0291064
3691.5632216775207,1.0193784
3691.5655365118423,1.0180511
3691.567851346166,1.0335981
3691.5701661804883,1.0289255
3691.5724810148113,1.0201461
3691.574795849133,1.0162599
3691.5771106834563,1.0147542
3691.57942551778,1.0228592
3691.5817403521014,1.030373
3691.584055186423,1.0088851
3691.5863700207456,1.0158246
3691.5886848550836,1.0344917
3691.590999689428,1.0197719
3691.593314523772,1.0348405
3691.5956293581157,1.0171806
3691.5979441924596,1.0241761
3691.600259026804,1.012876
3691.6025738611484,1.017002
3691.6048886954914,1.0276941
3691.6072035298353,1.0282003
3691.6095183641796,1.0167233
3691.611833198524,1.0299209
3691.6141480328674,1.010529
3691.616462867212,1.0189008
3691.6187777015557,1.0099058
3691.6210925359,1.0186815
3691.623407370244,1.0106252
3691.625722204586,1.0237879
3691.6280370389313,1.0189462
3691.63035187329,1.0218439
3691.632666707652,1.0251669
3691.634981542016,1.0239238
3691.6372963763774,1.0355237
3691.639611210742,1.014846
3691.641926045104,1.0203463
3691.6442408794674,1.0238848
3691.64655571383,1.0253912
3691.6488705481916,1.0317776
3691.651185382556,1.0240431
3691.6535002169176,1.0187898
3691.6558150512815,1.0140064
3691.6581298856436,1.0294584
3691.6604447200075,1.0310556
3691.6627595543696,1.0350567
3691.6650743887335,1.0171727
3691.667389223095,1.023668
3691.6697040574586,1.0160844
3691.672018891832,1.0150357
3691.6743337262124,1.0326091
3691.6766485605917,1.0278889
3691.6789633949697,1.0078646
3691.68127822935,1.0158459
3691.683593063728,1.0225663
3691.6859078981083,1.0092895
3691.6882227324863,1.0074823
3691.6905375668666,1.0315549
3691.6928524012437,1.0175582
3691.695167235624,1.0338769
3691.697482070002,1.0360055
3691.6997969043823,1.0221845
3691.7021117387626,1.0272837
3691.704426573141,1.0196171
3691.7067414075213,1.0191259
3691.7090562418994,1.0167313
3691.7113710762796,1.028982
3691.7136859106663,1.0180444
3691.7160007450593,1.0233421
3691.718315579451,1.0123091
3691.720630413845,1.0133117
3691.7229452482384,1.0258611
3691.7252600826305,1.0252129
3691.7275749170244,1.0126538
3691.7298897514156,1.0290928
3691.7322045858095,1.0042553
3691.734519420201,1.0181129
3691.736834254593,1.0424261
3691.739149088986,1.0242107
3691.7414639233784,1.034358
3691.7437787577715,1.0246627
3691.7460935921645,1.0243015
3691.748408426558,1.0055221
3691.75072326095,1.0249331
3691.753038095343,1.0214353
3691.755352929743,1.0197432
3691.7576677641455,1.02172
3691.7599825985494,1.01719
3691.762297432953,1.0103134
3691.764612267357,1.0319561
3691.7669271017603,1.0282146
3691.769241936165,1.0125812
3691.771556770569,1.0085037
3691.773871604972,1.008956
3691.776186439376,1.0229024
3691.7785012737795,1.0240259
3691.780816108181,1.0387493
3691.783130942586,1.0139976
3691.785445776989,1.0102127
3691.7877606113934,1.033357
3691.790075445796,1.0414562
3691.7923902802004,1.0229422
3691.7947051146043,1.0335178
3691.7970199490137,1.019189
3691.799334783426,1.0218601
3691.8016496178357,1.0183179
3691.8039644522487,1.0301591
3691.8062792866594,1.0162344
3691.8085941210725,1.0056826
3691.8109089554832,1.0327196
3691.8132237898963,1.0290741
3691.815538624307,1.0202873
3691.81785345872,1.0140566
3691.820168293133,1.0255085
3691.822483127542,1.0319632
3691.824797961955,1.0329839
3691.827112796366,1.0391668
3691.829427630779,1.0292522
3691.8317424651896,1.0294178
3691.8340572996026,1.0252686
3691.8363721340133,1.0162714
3691.83868696843,1.0218316
3691.841001802849,1.0171646
3691.843316637265,1.0190228
3691.8456314716827,1.0300047
3691.847946306099,1.0270537
3691.850261140518,1.0255448
3691.852575974934,1.0180717
3691.8548908093526,1.0205907
3691.8572056437692,1.0291402
3691.8595204781877,1.0295874
3691.861835312604,1.0310588
3691.8641501470224,1.021744
3691.866464981439,1.029388
3691.8687798158558,1.0315895
3691.871094650274,1.028205
3691.8734094846905,1.0158595
3691.8757243191094,1.0195409
3691.8780391535256,1.0468545
3691.8803539879464,1.0293069
3691.8826688223658,1.0308393
3691.884983656787,1.0254824
3691.8872984912064,1.0269258
3691.889613325626,1.0209817
3691.8919281600474,1.0365554
3691.894242994467,1.0370231
3691.896557828888,1.0146141
3691.898872663308,1.03204
3691.901187497729,1.0251355
3691.9035023321485,1.0245852
3691.90581716657,1.0134
3691.9081320009896,1.0197448
3691.91044683541,1.0205138
3691.91276166983,1.0221013
3691.915076504251,1.0249752
3691.917391338671,1.0259968
3691.919706173092,1.0298815
3691.9220210075123,1.0241598
3691.9243358419335,1.0190829
3691.926650676354,1.0403968
3691.928965510775,1.0180545
3691.9312803451953,1.0050004
3691.9335951796147,1.0278013
3691.935910014036,1.0226777
3691.938224848458,1.0176973
3691.9405396828774,1.0155932
3691.9428545172987,1.0146893
3691.9451693517194,1.022185
3691.94748418614,1.0291424
3691.949799020561,1.0427997
3691.9521138549817,1.0423079
3691.9544286894,1.0162761
3691.9567435238223,1.0189621
3691.9590583582417,1.0235885
3691.961373192664,1.025156
3691.963688027084,1.0418622
3691.9660028615012,1.0323799
3691.968317695921,1.0309118
3691.970632530338,1.023072
3691.972947364758,1.0245627
3691.9752621991756,1.0095577
3691.977577033594,1.0327289
3691.9798918680117,1.0309355
3691.98220670243,1.025963
3691.9845215368487,1.0393038
3691.9868363712676,1.0243704
3691.989151205687,1.016021
3691.9914660401046,1.0303344
3691.993780874524,1.0159683
3691.9960957089415,1.0282058
3691.99841054336,1.0264068
3692.0007253777776,1.0130509
3692.0030402121974,1.0296451
3692.0053550466114,1.0073735
3692.0076698810262,1.0165379
3692.00998471544,1.0363322
3692.0122995498537,1.0331392
3692.0146143842676,1.0333211
3692.01692921868,1.0384521
3692.019244053094,1.0348521
3692.0215588875067,1.0207498
3692.0238737219215,1.0221874
3692.026188556334,1.0124611
3692.028503390749,0.99970937
3692.0308182251615,1.0189015
3692.0331330595764,1.0244861
3692.03544789399,1.0206214
3692.037762728404,1.0245636
3692.0400775628186,1.0374236
3692.0423923972303,1.020689
3692.0447072316438,1.026561
3692.0470220660527,1.0207919
3692.049336900459,1.0218151
3692.051651734865,1.0216031
3692.0539665692713,1.0215964
3692.0562814036766,1.024246
3692.058596238084,1.0299454
3692.060911072491,1.0252883
3692.0632259068957,1.0244741
3692.065540741302,1.0242518
3692.067855575708,1.0197006
3692.0701704101143,1.0346743
3692.072485244521,1.0195019
3692.0748000789267,1.0107797
3692.0771149133334,1.0365676
3692.0794297477396,1.0232298
3692.0817445821467,1.0137142
3692.0840594165525,1.0056465
3692.0863742509578,1.0348909
3692.0886890853567,1.0176315
3692.0910039197533,1.0169913
3692.0933187541505,1.0057636
3692.0956335885467,1.0310994
3692.097948422944,1.0229869
3692.10026325734,1.0158406
3692.102578091737,1.0093708
3692.1048929261333,1.0198057
3692.10720776053,1.0217485
3692.1095225949257,1.0282873
3692.1118374293233,1.0236049
3692.114152263719,1.0416876
3692.1164670981166,0.999922
3692.1187819325123,1.0164789
3692.12109676691,1.0388615
3692.1234116013056,1.0123739
3692.125726435703,1.0133626
3692.128041270099,1.0313526
3692.130356104486,1.019382
3692.1326709388713,1.0110989
3692.134985773255,1.0153605
3692.13730060764,1.026571
3692.1396154420236,1.0170424
3692.141930276409,1.0239642
3692.1442451107923,1.0295823
3692.1465599451776,1.0201644
3692.148874779561,1.0323583
3692.1511896139455,1.036707
3692.153504448329,1.0241197
3692.155819282714,1.0205793
3692.158134117099,1.0315816
3692.160448951482,1.0178862
3692.162763785868,1.0277574
3692.165078620251,1.0224696
3692.1673934546366,1.0223635
3692.1697082890196,1.0385208
3692.172023123395,1.0147362
3692.1743379577624,1.0321494
3692.1766527921336,1.0222596
3692.1789676265043,1.0173416
3692.181282460873,1.0193862
3692.183597295244,1.0271621
3692.1859121296125,1.0268539
3692.188226963983,1.0306381
3692.190541798352,1.0231489
3692.192856632723,1.0311952
3692.1951714670904,1.0241718
3692.1974863014602,1.0217409
3692.199801135829,1.0276345
3692.2021159702,1.0169003
3692.20443080457,1.0156406
3692.2067456389395,1.0232321
3692.2090604733103,1.0008374
3692.2113753076787,1.0267216
3692.2136901420376,1.0195099
3692.2160049763884,1.0158944
3692.218319810741,1.0214608
3692.220634645094,1.0096828
3692.2229494794465,1.0037626
3692.2252643137995,1.021882
3692.2275791481525,1.0228629
3692.229893982506,1.020375
3692.232208816858,1.0253792
3692.2345236512115,1.0181425
3692.2368384855636,1.0351663
3692.239153319915,1.0531943
3692.241468154268,1.0241311
3692.243782988621,1.0205976
3692.2460978229733,1.0308552
3692.2484126573268,1.0124893
3692.250727491679,1.0338657
3692.2530423260328,1.0162863
3692.2553571603717,1.0062597
3692.257671994705,1.0161532
3692.2599868290376,1.0279179
3692.2623016633697,1.022274
3692.2646164977045,1.0241284
3692.266931332037,1.0169033
3692.2692461663714,1.0279962
3692.271561000704,1.0075285
3692.2738758350383,1.0123464
3692.2761906693718,1.0336233
3692.278505503705,1.0220296
3692.2808203380387,1.0203052
3692.2831351723703,1.028895
3692.2854500067047,1.0308857
3692.287764841037,1.022688
3692.2900796753715,1.0352613
3692.292394509704,1.035609
3692.2947093440384,1.0361775
3692.2970241783555,1.0158024
3692.2993390126685,1.0090246
3692.3016538469815,1.0135353
3692.3039686812904,1.021317
3692.3062835156034,1.0226967
3692.308598349914,1.0311968
3692.310913184228,1.0222859
3692.3132280185387,1.0217603
3692.3155428528516,1.0206175
3692.3178576871624,1.0232794
3692.3201725214744,1.0190976
3692.3224873557865,1.0131351
3692.324802190098,1.0220325
3692.32711702441,1.0169499
3692.329431858721,1.0294858
3692.331746693034,1.0194534
3692.3340615273446,1.0191157
3692.3363763616576,1.0180037
3692.3386911959515,1.0205386
3692.341006030241,1.0308194
3692.3433208645274,1.0165263
3692.3456356988167,1.0287918
3692.347950533102,1.0194675
3692.350265367391,1.0095367
3692.3525802016798,1.0265915
3692.3548950359673,1.02067
3692.357209870256,1.030355
3692.359524704543,1.0328522
3692.3618395388326,1.0039954
3692.364154373119,1.0024219
3692.3664692074085,1.0061567
3692.3687840416947,1.009172
3692.371098875982,1.0140127
3692.3734137102715,1.036758
3692.375728544559,1.0160612
3692.3780433788475,1.0201844
3692.3803582131172,1.0150055
3692.3826730473793,1.0206417
3692.3849878816413,1.02452
3692.387302715904,1.0085505
3692.3896175501654,1.022676
3692.3919323844266,1.0337169
3692.3942472186877,1.0300331
3692.396562052951,1.0303726
3692.3988768872127,1.0250188
3692.4011917214752,1.0330089
3692.4035065557373,1.0219392
3692.4058213899993,1.0148122
3692.4081362242614,1.0225455
3692.4104510585234,1.0184462
3692.4127658927846,1.0278438
3692.4150807270457,1.0104818
3692.4173955613087,1.0274752
3692.41971039557,1.0372877
3692.422025229813,1.0238951
3692.4243400640466,1.0064616
3692.426654898281,0.997005
3692.428969732515,1.019359
3692.4312845667487,1.0313121
3692.4335994009825,1.0371513
3692.4359142352146,1.0242796
3692.43822906945,1.0319781
3692.4405439036823,1.0214658
3692.4428587379175,1.0090672
3692.445173572151,1.023695
3692.447488406385,1.0058255
3692.4498032406204,1.0290772
3692.4521180748534,1.0113302
3692.454432909088,1.028805
3692.45674774332,1.0232797
3692.4590625775554,1.0212008
3692.4613774117884,1.0134529
3692.463692246001,1.027776
3692.4660070802042,1.0242522
3692.468321914408,1.033656
3692.4706367486124,1.0359714
3692.4729515828158,1.0206689
3692.4752664170205,1.0007077
3692.477581251223,1.0263047
3692.4798960854273,1.0227882
3692.48221091963,1.0132987
3692.4845257538345,1.0245
3692.4868405880375,1.0197041
3692.489155422242,1.0263382
3692.4914702564447,1.0251853
3692.4937850906495,1.010491
3692.4960999248524,1.0190995
3692.4984147590562,1.018291
3692.50072959326,1.0138286
3692.5030444274626,1.0175606
3692.5053592616446,1.0119793
3692.5076740958148,1.0126507
3692.5099889299877,1.0142593
3692.512303764158,1.0194519
3692.514618598331,1.0396752
3692.516933432501,1.0158036
3692.5192482666735,1.0029192
3692.5215631008464,1.0354155
3692.5238779350157,1.0155979
3692.5261927691868,1.0401366
3692.528507603359,1.0216386
3692.5308224375303,1.0276814
3692.5331372717014,1.020354
3692.5354521058734,1.014872
3692.5377669400436,1.0176525
3692.5400817742166,1.0254569
3692.5423966083868,1.0369567
3692.5447114425583,1.038171
3692.5470262767053,1.0056325
3692.5493411108428,1.0221335
3692.5516559449798,1.0192263
3692.553970779117,1.0212052
3692.556285613254,1.0189555
3692.5586004473917,1.0113274
3692.5609152815287,1.0102534
3692.563230115666,1.0118864
3692.565544949802,1.0300835
3692.5678597839387,1.0193847
3692.570174618077,1.0268068
3692.5724894522145,1.0170351
3692.574804286352,1.0148606
3692.577119120489,1.0280857
3692.5794339546264,1.0154887
3692.5817487887643,1.0337995
3692.584063622901,1.0187573
3692.5863784570392,1.010567
3692.5886932911485,1.0117735
3692.5910081252496,1.0317225
3692.5933229593506,1.0180463
3692.5956377934517,1.0079293
3692.5979526275537,1.0151929
3692.600267461654,1.0162925
3692.602582295756,1.0255
3692.6048971298565,1.0263035
3692.607211963958,1.0143447
3692.609526798057,1.0170796
3692.6118416321583,1.0193143
3692.6141564662594,1.0060735
3692.6164713003604,1.0238858
3692.6187861344615,1.012708
3692.6211009685626,1.0338504
3692.6234158026646,1.0183274
3692.6257306367647,1.0191672
3692.6280454708667,1.0093688
3692.6303603049396,1.0099168
3692.632675139003,1.0223552
3692.6349899730644,1.0178623
3692.6373048071287,1.0379071
3692.6396196411906,1.0222187
3692.6419344752535,1.0243255
3692.644249309317,1.0198823
3692.6465641433797,1.0195473
3692.6488789774444,1.0174642
3692.6511938115063,1.0248016
3692.6535086455688,1.0132601
3692.6558234796307,1.0250798
3692.6581383136945,1.0230011
3692.6604531477565,1.0117298
3692.6627679818207,1.0207306
3692.665082815882,1.0169697
3692.6673976499465,1.0162644
3692.6697124840084,1.0218701
3692.672027318044,1.0184276
3692.6743421520678,1.0234994
3692.676656986089,1.0071996
3692.678971820112,1.0306306
3692.681286654134,1.0155748
3692.6836014881583,1.0200387
3692.68591632218,1.0209911
3692.688231156204,1.0257293
3692.690545990226,1.0153201
3692.69286082425,1.0209956
3692.6951756582744,1.0130599
3692.6974904922954,1.0256609
3692.699805326318,1.0262709
3692.702120160341,1.0161718
3692.704434994364,1.0278381
3692.7067498283873,1.0278729
3692.7090646624106,1.0239794
3692.7113794964334,1.0334698
3692.7136943304267,1.0248696
3692.7160091644078,1.0185473
3692.71832399839,1.017022
3692.7206388323702,1.0257155
3692.722953666351,1.0088236
3692.7252685003327,1.0233299
3692.727583334313,1.0190272
3692.7298981682948,1.0233482
3692.7322130022753,1.0124604
3692.7345278362577,1.0315268
3692.736842670238,1.016169
3692.73915750422,1.0253096
3692.7414723381994,1.0175455
3692.7437871721804,1.0271403
3692.746102006163,1.015186
3692.748416840143,1.0124795
3692.7507316741253,1.0144429
3692.753046508106,1.0218426
3692.7553613420564,1.0211121
3692.7576761759938,1.0136533
3692.759991009932,1.0092878
3692.762305843868,1.0210438
3692.7646206778054,1.016917
3692.766935511743,1.0216676
3692.7692503456806,1.0129814
3692.7715651796198,1.0101988
3692.773880013556,1.0144516
3692.776194847495,1.0172552
3692.7785096814314,1.0147834
3692.78082451537,1.006754
3692.783139349308,1.0182098
3692.785454183245,1.026319
3692.7877690171813,1.0219337
3692.79008385112,1.0046349
3692.792398685057,1.0114293
3692.794713518995,1.0063703
3692.7970283529016,1.024071
3692.799343186793,0.999771
3692.801658020686,1.0353082
3692.803972854578,1.0251826
3692.8062876884696,1.0116765
3692.8086025223606,1.0175878
3692.8109173562543,1.0221397
3692.8132321901453,1.0148842
3692.815547024039,1.0210364
3692.8178618579304,1.0144877
3692.8201766918237,1.0261185
3692.8224915257174,1.0282478
3692.8248063596084,1.011776
3692.827121193502,1.031022
3692.8294360273912,1.0285904
3692.831750861285,1.0142503
3692.8340656951764,1.0223022
3692.8363805290696,1.0391452
3692.8386953629274,1.0237722
3692.841010196774,1.0231192
3692.8433250306184,1.0200199
3692.845639864465,1.0261395
3692.8479546983112,1.0140848
3692.8502695321545,1.0315504
3692.8525843660013,1.022218
3692.8548991998455,1.0238798
3692.857214033692,1.0157744
3692.859528867536,1.0108626
3692.861843701383,1.0036039
3692.864158535227,1.0243452
3692.8664733690734,1.0148998
3692.8687882029176,1.0080628
3692.8711030367645,1.0263041
3692.8734178706086,1.0272555
3692.875732704453,1.0198095
3692.8780475382996,1.0316424
3692.880362372109,1.0233217
3692.8826772059074,1.0086496
3692.884992039703,1.0226552
3692.8873068735006,1.0266623
3692.8896217072966,1.026224
3692.8919365410943,1.0173839
3692.894251374889,1.0113946
3692.896566208686,1.0109801
3692.8988810424835,1.0209827
3692.9011958762794,1.015581
3692.903510710077,1.0125183
3692.905825543873,1.0320929
3692.908140377671,1.0229105
3692.910455211467,1.020314
3692.9127700452646,1.0287571
3692.91508487906,1.0068004
3692.9173997128555,1.0319437
3692.919714546653,1.0176091
3692.9220293804146,1.0267214
3692.924344214161,1.0316961
3692.926659047908,1.0363555
3692.928973881654,1.0186964
3692.931288715401,1.0277376
3692.933603549147,1.0200651
3692.9359183828938,1.0237192
3692.938233216639,1.0172321
3692.940548050385,1.013029
3692.9428628841324,1.0129193
3692.9451777178783,1.0159913
3692.947492551625,1.0231248
3692.949807385372,1.0162734
3692.952122219119,1.0211977
3692.954437052865,1.022226
3692.956751886612,1.0187256
3692.959066720357,1.0254568
3692.9613815541024,1.0167601
3692.9636963878133,1.021412
3692.966011221507,1.0193514
3692.968326055203,1.0225377
3692.9706408888965,1.0240898
3692.972955722592,1.0294853
3692.975270556288,0.9918578
3692.9775853899814,1.023653
3692.9799002236764,1.0109122
3692.982215057369,1.0274153
3692.984529891065,1.0045618
3692.9868447247595,1.0191106
3692.989159558454,1.0154916
3692.991474392149,1.0204599
3692.9937892258436,1.0233787
3692.9961040595385,1.0154757
3692.998418893233,1.025363
3693.000733726929,1.0259284
3693.0030485606217,1.0202444
3693.0053633942794,1.0208131
3693.0076782279193,1.0155532
3693.009993061562,1.0161066
3693.012307895202,1.0355136
3693.0146227288446,1.0051284
3693.016937562485,1.0157924
3693.0192523961264,1.0203251
3693.021567229769,1.0127344
3693.023882063409,1.0170133
3693.026196897051,1.0160677
3693.0285117306908,1.0044794
3693.0308265643334,0.9988788
3693.0331413979734,1.0089693
3693.035456231616,1.0325048
3693.037771065256,1.0270368
3693.0400858988987,1.0169415
3693.042400732539,1.019877
3693.0447155661814,1.0181488
3693.0470303997827,1.0090338
3693.049345233368,1.031366
3693.0516600669553,1.0196627
3693.053974900542,1.0201983
3693.0562897341288,1.0093923
3693.058604567714,1.0080281
3693.060919401302,1.0130198
3693.063234234887,1.022617
3693.065549068475,1.0163165
3693.0678639020603,1.0228059
3693.070178735647,1.0191703
3693.0724935692333,1.0218832
3693.07480840282,1.017608
3693.077123236406,1.0054736
3693.0794380699926,1.01726
3693.081752903579,1.0328798
3693.0840677371657,1.0065701
3693.0863825707524,1.0207973
3693.0886974042987,1.0343918
3693.0910122378277,1.0200065
3693.093327071357,1.0280621
3693.0956419048885,1.0187193
3693.0979567384184,1.028126
3693.1002715719487,1.0145633
3693.1025864054786,1.0121274
3693.104901239009,1.0038602
3693.107216072539,1.0225874
3693.1095309060693,1.0149956
3693.111845739599,1.0231565
3693.1141605731277,1.0189655
3693.116475406659,1.0134951
3693.1187902401884,1.0060345
3693.1211050737193,1.0136358
3693.1234199072505,1.0302241
3693.1257347407795,1.0297847
3693.128049574311,1.0209503
3693.130364407799,1.0273172
3693.132679241272,1.0242594
3693.1349940747427,1.0218855
3693.1373089082153,1.0256196
3693.139623741688,1.0209554
3693.14193857516,1.0036225
3693.1442534086327,1.0229379
3693.146568242105,1.0082577
3693.1488830755784,1.0322711
3693.1511979090496,1.0260879
3693.153512742523,1.0206624
3693.1558275759935,1.0139953
3693.158142409467,1.0211966
3693.1604572429383,1.0250015
3693.1627720764113,1.0134901
3693.1650869098835,1.0173947
3693.167401743356,1.0121475
3693.1697165768287,1.0123882
3693.1720314102586,1.0170252
3693.174346243673,1.0194572
3693.176661077085,1.0061443
3693.1789759104986,1.0163018
3693.1812907439107,1.0135455
3693.183605577325,1.0300354
3693.1859204107373,1.0127891
3693.1882352441517,1.0150928
3693.190550077564,1.0118287
3693.192864910978,1.0088581
3693.1951797443903,1.0309645
3693.1974945778047,1.0259479
3693.1998094112173,1.0175436
3693.2021242446303,1.0113287
3693.2044390780443,1.0347311
3693.2067539114564,1.0250702
3693.209068744871,1.0122824
3693.211383578283,1.0256064
3693.213698411654,1.0264317
3693.216013245006,1.0090808
3693.2183280783597,1.0276488
3693.2206429117114,1.0337241
3693.2229577450644,1.012846
3693.225272578416,1.0079806
3693.22758741177,1.0137779
3693.2299022451225,1.0177709
3693.2322170784755,1.0259337
3693.2345319118285,1.0324583
3693.23684674518,1.01704
3693.239161578534,1.0253309
3693.2414764118857,1.0239958
3693.2437912452388,1.0100052
3693.2461060785904,1.0137682
3693.2484209119443,1.0115224
3693.250735745296,1.0154654
3693.2530505786494,1.0140942
3693.2553654119592,1.0107579
3693.257680245249,1.0136598
3693.2599950785416,1.0299431
3693.2623099118314,1.0173296
3693.2646247451235,1.0291525
3693.2669395784123,1.0149935
3693.269254411703,1.0092523
3693.271569244994,1.0253968
3693.2738840782854,1.0131571
3693.276198911575,1.0267695
3693.2785137448673,1.020787
3693.280828578159,1.0272593
3693.283143411449,1.0280627
3693.285458244741,1.0108725
3693.28777307803,1.0232564
3693.290087911321,1.0078354
3693.292402744612,1.0267371
3693.2947175779027,1.0193238
3693.297032411149,1.0250916
3693.2993472443763,1.0183429
3693.3016620776043,1.013142
3693.3039769108323,1.0108036
3693.306291744061,1.0137037
3693.308606577288,1.0091177
3693.3109214105148,1.02612
3693.3132362437427,1.0186673
3693.31555107697,1.0251772
3693.3178659101986,1.0116497
3693.320180743426,1.0208621
3693.322495576654,1.0193455
3693.3248104098825,1.0095013
3693.3271252431095,1.025196
3693.329440076339,1.0202364
3693.3317549095655,1.0259484
3693.334069742792,1.0067297
3693.336384576021,1.0190061
3693.3386994092016,1.0164647
3693.3410142423663,1.0219
3693.343329075529,1.0228655
3693.345643908693,1.0158249
3693.347958741856,1.0255557
3693.35027357502,1.0270727
3693.3525884081814,1.0073402
3693.3549032413453,1.0261651
3693.3572180745095,1.0174536
3693.359532907672,1.0194769
3693.3618477408363,1.0129316
3693.364162573999,1.0337046
3693.3664774071635,1.0205222
3693.3687922403255,1.042976
3693.3711070734903,1.0273358
3693.3734219066523,1.0276711
3693.375736739816,1.0216116
3693.3780515729786,1.0247293
3693.380366406096,1.0263106
3693.3826812391944,1.0240258
3693.384996072291,1.0246067
3693.3873109053898,1.0163027
3693.3896257384863,1.0178547
3693.3919405715865,1.0306112
3693.394255404683,1.019941
3693.39657023778,1.029895
3693.398885070877,1.0354044
3693.401199903976,1.0154955
3693.4035147370723,1.0021759
3693.405829570171,1.0236169
3693.4081444032704,1.020747
3693.410459236367,1.0098377
3693.4127740694657,1.0005058
3693.4150889025623,1.0173527
3693.4174037356615,1.030124
3693.419718568757,1.0198613
3693.4220334018073,1.0123754
3693.4243482348375,1.0139484
3693.4266630678694,1.0171759
3693.428977900899,1.019813
3693.4312927339315,1.0148109
3693.4336075669635,1.0324101
3693.435922399993,1.0040773
3693.4382372330256,1.0170228
3693.4405520660544,1.021433
3693.442866899085,1.013668
3693.445181732116,1.0010091
3693.447496565147,1.0096114
3693.449811398178,1.0266991
3693.452126231209,1.0124472
3693.4544410642393,1.0065118
3693.4567558972713,1.0188419
3693.4590707303028,1.0241472
3693.4613855633343,1.0304192
3693.4637003963153,1.0171177
3693.4660152292777,1.0144527
3693.4683300622414,1.0055244
3693.4706448952033,1.0099797
3693.4729597281676,1.0158863
3693.4752745611295,1.0079374
3693.4775893940937,1.0356352
3693.479904227055,1.0151616
3693.4822190600194,1.0158225
3693.4845338929813,1.0138034
3693.486848725943,1.0191681
3693.489163558907,1.0131899
3693.4914783918694,1.0120639
3693.493793224833,1.0042685
3693.496108057795,1.0193133
3693.498422890759,1.0124695
3693.500737723721,1.0238796
3693.503052556685,1.0274345
3693.5053673895977,1.0231197
3693.5076822224905,1.0199074
3693.509997055385,1.0157951
3693.512311888278,1.0110605
3693.5146267211726,1.0223335
3693.5169415540654,1.0136089
3693.5192563869605,1.022327
3693.5215712198533,1.0124031
3693.523886052748,1.0262842
3693.526200885642,1.0147176
3693.5285157185344,1.0154618
3693.5308305514277,1.018065
3693.533145384322,1.0108345
3693.535460217215,1.0240654
3693.5377750501098,1.0116751
3693.5400898830035,1.0045229
3693.542404715897,1.0151668
3693.5447195487914,0.99827135
3693.547034381635,1.0229623
3693.5493492144574,1.0219012
3693.5516640472797,1.0260875
3693.5539788801043,1.0218574
3693.5562937129266,1.0072192
3693.558608545751,1.0140731
3693.5609233785735,1.0246392
3693.563238211398,1.0220364
3693.5655530442227,1.0241486
3693.567867877045,1.0134832
3693.5701827098696,1.0228453
3693.5724975426906,1.0052885
3693.574812375515,1.014198
3693.5771272083375,1.0194772
3693.579442041162,1.0131153
3693.5817568739844,1.0267638
3693.584071706809,1.0093848
3693.5863865396313,1.016782
3693.588701372405,1.0299433
3693.591016205158,1.0062906
3693.5933310379082,1.0105984
3693.5956458706614,1.0074849
3693.5979607034124,1.0090053
3693.6002755361656,1.0159825
3693.6025903689165,1.0095539
3693.6049052016697,1.0392944
3693.6072200344206,1.0279746
3693.609534867174,1.0257518
3693.611849699925,1.0176363
3693.6141645326775,1.0256954
3693.6164793654293,1.0049871
3693.6187941981807,1.0381459
3693.621109030934,1.0226578
3693.623423863685,1.0238123
3693.625738696438,1.0252049
3693.628053529189,1.0220017
3693.6303683618903,1.0174056
3693.632683194569,1.0215887
3693.63499802725,1.0135121
3693.637312859927,1.0161109
3693.639627692607,1.0116692
3693.6419425252875,1.0208956
3693.644257357966,1.0247668
3693.6465721906466,1.0096663
3693.6488870233256,1.0139242
3693.6512018560065,1.0113872
3693.6535166886847,1.0113531
3693.6558315213656,1.0070982
3693.658146354044,1.0268477
3693.6604611867224,1.002546
3693.6627760194024,1.0130969
3693.6650908520833,1.0216911
3693.667405684763,1.0234854
3693.6697205174423,1.0159829
3693.6720353500696,1.0166342
3693.674350182676,1.0236495
3693.6766650152817,1.0264491
3693.678979847888,1.0093058
3693.681294680493,1.0265203
3693.6836095130984,1.0188214
3693.685924345705,1.0218714
3693.6882391783106,1.0134748
3693.690554010918,1.0232006
3693.6928688435237,1.0237722
3693.69518367613,1.0304903
3693.697498508736,1.0019162
3693.699813341342,1.0266864
3693.702128173948,1.0070827
3693.704443006552,1.0220494
3693.7067578391593,1.0274086
3693.7090726717647,1.0157069
3693.7113875043715,1.0287867
3693.7137023369237,1.0184413
3693.716017169456,1.034062
3693.7183320019867,1.0109931
3693.7206468345194,1.0178158
3693.722961667051,1.0160471
3693.7252764995806,1.0205984
3693.727591332113,1.0196065
3693.7299061646436,1.0089906
3693.7322209971762,1.0274421
3693.734535829708,1.0172623
3693.7368506622392,1.006933
3693.739165494771,1.0238472
3693.7414803273027,1.0111226
3693.7437951598345,1.0212411
3693.746109992365,1.0023701
3693.7484248248975,1.0130807
3693.750739657428,1.0127256
3693.7530544899605,1.0226027
3693.755369322437,1.0248289
3693.7576841548944,1.0088502
3693.7599989873493,1.02716
3693.7623138198055,1.0171332
3693.7646286522618,1.026361
3693.7669434847176,1.0227648
3693.7692583171715,1.0005621
3693.7715731496287,1.0170625
3693.773887982086,1.0181035
3693.7762028145407,1.0148749
3693.778517646998,1.0180964
3693.780832479453,1.0144308
3693.78314731191,1.0102895
3693.7854621443644,1.0207825
3693.7877769768215,1.0225002
3693.7900918092746,1.0268252
3693.7924066417318,1.020498
3693.7947214741866,1.0124557
3693.7970363065892,1.0149498
3693.79935113897,1.0264748
3693.8016659713485,1.0095094
3693.803980803729,1.0010322
3693.8062956361073,1.0209839
3693.808610468488,1.0083028
3693.8109253008665,1.0266156
3693.813240133246,1.0018948
3693.8155549656244,1.0115867
3693.817869798005,1.011047
3693.820184630383,1.0239686
3693.822499462764,1.0164784
3693.8248142951434,1.0092745
3693.8271291275228,1.0208248
3693.8294439599026,1.0113429
3693.831758792281,1.02102
3693.83407362466,1.0186143
3693.836388457039,1.007812
3693.8387032893643,1.0166165
3693.8410181216655,1.0088269
3693.8433329539685,1.0218083
3693.845647786269,1.0226811
3693.847962618572,1.0151827
3693.8502774508734,1.0177828
3693.8525922831764,1.0070945
3693.854907115478,1.0071012
3693.8572219477787,1.0126176
3693.8595367800813,1.0011681
3693.8618516123825,1.0167218
3693.8641664446855,1.0151433
3693.8664812769875,1.010501
3693.8687961092896,1.0015877
3693.8711109415913,1.0074337
3693.873425773894,1.010782
3693.8757406061945,1.0107663
3693.8780554384966,1.008945
3693.880370270743,1.0075449
3693.882685102966,1.0257688
3693.8849999351896,1.0185554
3693.8873147674135,1.018511
3693.889629599637,1.0053663
3693.891944431861,1.0195014
3693.894259264084,1.0157334
3693.8965740963076,1.0219727
3693.8988889285315,1.0147774
3693.901203760753,1.0113093
3693.9035185929774,1.0120133
3693.9058334252013,1.0219496
3693.908148257425,1.0153066
3693.910463089648,1.0171441
3693.912777921872,1.0206755
3693.9150927540954,1.0209845
3693.9174075863193,1.0103046
3693.9197224185427,1.0162845
3693.9220372507075,0.9967565
3693.9243520828527,1.0308479
3693.9266669149965,1.0217474
3693.9289817471413,1.0233308
3693.931296579287,1.0246102
3693.93361141143,1.0135791
3693.935926243575,1.0031524
3693.9382410757185,1.0092736
3693.9405559078637,1.014966
3693.9428707400057,1.0110552
3693.9451855721504,1.0236915
3693.9475004042943,1.0162648
3693.9498152364386,1.0030422
3693.9521300685833,1.0048229
3693.954444900727,1.0084177
3693.9567597328714,1.014565
3693.9590745650157,1.0075296
3693.961389397161,1.0202062
3693.963704229247,1.0226064
3693.966019061311,1.0147469
3693.9683338933737,1.0058199
3693.970648725439,1.0122739
3693.9729635575018,1.0207493
3693.975278389567,1.0198971
3693.97759322163,1.0225517
3693.979908053694,1.0101069
3693.9822228857583,1.0110464
3693.984537717822,1.0197737
3693.9868525498864,1.0200044
3693.989167381949,1.0105356
3693.991482214014,1.0105815
3693.993797046077,1.011056
3693.996111878142,1.006511
3693.998426710205,1.0192312
3694.00074154227,1.0229256
3694.003056374333,1.0157881
3694.00537120634,1.0214068
3694.007686038322,1.0066679
3694.010000870305,1.0133636
3694.0123157022877,1.012941
3694.0146305342705,1.0105896
3694.016945366254,1.0016223
3694.0192601982353,1.0092171
3694.0215750302195,1.0184529
3694.023889862201,1.0273768
3694.0262046941853,1.0143137
3694.0285195261667,1.0164435
3694.03083435815,1.0117676
3694.0331491901316,1.0142936
3694.035464022116,1.0212499
3694.0377788540973,1.0044905
3694.0400936860815,1.0123808
3694.042408518064,1.0139807
3694.044723350047,1.018174
3694.047038181972,1.0142996
3694.0493530138715,1.0137919
3694.0516678457734,1.0144944
3694.0539826776726,1.007222
3694.0562975095745,1.0129744
3694.058612341474,1.0161898
3694.060927173376,1.0200237
3694.0632420052757,1.025608
3694.065556837178,1.0098474
3694.06787166908,1.0098116
3694.0701865009796,1.0240403
3694.0725013328815,1.0127889
3694.0748161647807,1.0217761
3694.0771309966813,0.9974021
3694.0794458285823,1.0171165
3694.081760660483,1.0178769
3694.084075492384,1.0098038
3694.0863903242853,1.0187677
3694.0887051561267,1.0214851
3694.091019987945,1.0133364
3694.0933348197636,1.021543
3694.09564965158,1.0141385
3694.097964483398,1.0100622
3694.100279315216,1.0188646
3694.102594147034,1.0033525
3694.104908978852,1.0150064
3694.1072238106703,1.0108027
3694.1095386424886,1.0139477
3694.1118534743064,1.0097909
3694.1141683061246,1.006147
3694.1164831379424,1.0146551
3694.118797969759,1.0068278
3694.1211128015775,1.0121949
3694.1234276333957,1.019041
3694.1257424652135,1.0294224
3694.128057297032,1.023554
3694.1303721287904,1.0154481
3694.1326869605246,1.0099481
3694.135001792259,1.0093075
3694.1373166239946,1.0188805
3694.1396314557273,1.0201948
3694.1419462874615,0.98916256
3694.144261119196,1.0201864
3694.14657595093,1.0236882
3694.1488907826656,1.0106077
3694.151205614399,1.0192525
3694.1535204461343,1.0237911
3694.155835277868,1.013115
3694.1581501096034,1.0130044
3694.160464941337,1.0223174
3694.1627797730703,1.0103369
3694.1650946048044,1.0122836
3694.167409436539,1.0085243
3694.1697242682735,0.9971859
3694.1720390999476,1.0101825
3694.1743539315985,1.008818
3694.1766687632476,1.0103772
3694.1789835948985,1.0079441
3694.1812984265475,1.0184901
3694.1836132581975,1.0223248
3694.185928089846,1.0192904
3694.1882429214975,1.0073317
3694.190557753146,1.0134624
3694.1928725847974,1.0218496
3694.195187416446,1.0250628
3694.197502248096,0.9954996
3694.1998170797465,1.0069169
3694.202131911396,1.0061029
3694.2044467430483,1.0203531
3694.206761574695,0.9918295
3694.209076406346,1.021983
3694.211391237995,1.0121076
3694.213706069585,1.0128293
3694.2160209011486,1.0155559
3694.2183357327144,1.016387
3694.220650564278,1.0191567
3694.222965395844,1.0092236
3694.2252802274074,1.0073602
3694.2275950589724,1.0207682
3694.229909890537,1.0167406
3694.232224722102,1.0093913
3694.2345395536668,1.0142047
3694.2368543852303,1.0138102
3694.239169216796,1.0129553
3694.24148404836,1.0018702
3694.243798879925,1.0210462
3694.2461137114888,1.0120277
3694.2484285430546,1.0129921
3694.2507433746173,1.0094777
3694.253058206183,1.0047985
3694.2553730376862,1.0013453
3694.2576878691652,1.0149934
3694.260002700644,1.0097317
3694.2623175321223,1.0219569
3694.2646323636013,1.0165204
3694.26694719508,1.0162826
3694.269262026559,1.0180385
3694.271576858035,1.0040237
3694.273891689515,1.018107
3694.2762065209927,1.0335343
3694.2785213524726,1.0095536
3694.2808361839498,1.026407
3694.2831510154297,1.022357
3694.2854658469096,1.0116272
3694.287780678387,1.0140808
3694.2900955098667,0.99993217
3694.2924103413434,1.0015037
3694.294725172822,1.0083355
3694.2970400042386,1.0124861
3694.2993548356303,1.0165535
3694.3016696670225,1.005933
3694.3039844984146,1.0079632
3694.3062993298063,1.0127391
3694.3086141611984,1.0149864
3694.310928992591,1.0083442
3694.3132438239822,1.0212328
3694.315558655373,1.0107327
3694.3178734867647,1.0106533
3694.3201883181564,1.0266726
3694.3225031495485,1.0024475
3694.32481798094,1.0161029
3694.3271328123324,0.9988233
3694.329447643724,1.0211763
3694.331762475116,1.0099356
3694.334077306508,1.0103188
3694.3363921379,1.0339963
3694.338706969228,1.0254965
3694.341021800534,1.017733
3694.343336631837,1.0111601
3694.345651463142,1.0144347
3694.347966294446,1.0139798
3694.350281125751,1.0091052
3694.3525959570547,1.021449
3694.3549107883596,1.022519
3694.357225619663,0.9936718
3694.3595404509665,1.0145979
3694.361855282271,1.0104611
3694.3641701135753,1.0257736
3694.3664849448805,1.0226214
3694.3687997761836,1.0307492
3694.3711146074893,1.0306312
3694.3734294387923,1.0064714
3694.375744270098,1.0209308
3694.3780591014015,1.0098433
3694.3803739326427,1.0346184
3694.3826887638575,1.0074165
3694.385003595074,1.0201659
3694.38731842629,1.0120698
3694.389633257506,1.0176475
3694.391948088723,1.0020927
3694.3942629199382,1.0172589
3694.3965777511553,1.0175794
3694.39889258237,1.0096546
3694.4012074135876,1.0137537
3694.4035222448015,1.0214431
3694.4058370760185,1.0050567
3694.408151907234,0.99306476
3694.410466738451,1.0108299
3694.4127815696656,1.0068935
3694.415096400883,1.0174958
3694.4174112320984,1.0096078
3694.419726063315,1.0115052
3694.422040894469,1.0419703
3694.4243557255927,1.0192744
3694.426670556721,1.0163699
3694.428985387847,1.0355555
3694.431300218975,1.0140804
3694.4336150501013,1.0160605
3694.4359298812296,1.0202427
3694.4382447123553,1.0045209
3694.4405595434837,1.0059539
3694.4428743746093,1.0176708
3694.4451892057377,1.0105455
3694.447504036864,1.0034783
3694.449818867991,1.0110774
3694.4521336991183,1.0052341
3694.4544485302445,1.011883
3694.4567633613724,1.0173559
3694.4590781924985,1.0081978
3694.4613930236264,1.0192238
3694.4637078546884,1.0093557
3694.4660226857272,1.0314739
3694.4683375167624,1.0275657
3694.470652347801,1.0007013
3694.4729671788373,1.0122731
3694.4752820098756,1.007507
3694.4775968409144,1.0159676
3694.4799116719505,1.0131043
3694.4822265029893,1.0261612
3694.4845413340254,1.009562
3694.4868561650637,1.0225327
3694.4891709960993,1.00887
3694.491485827137,1.024809
3694.493800658174,1.0019795
3694.4961154892117,1.0126138
3694.4984303202477,1.0201297
3694.5007451512865,1.0203534
3694.5030599823244,1.0240015
3694.505374813297,1.0051633
3694.5076896442447,1.0154458
3694.5100044751907,0.9967427
3694.5123193061368,1.0096401
3694.5146341370837,1.020068
3694.5169489680306,1.0079017
3694.519263798978,1.0070794
3694.521578629925,1.0239658
3694.523893460872,1.0163757
3694.5262082918193,1.003623
3694.528523122765,0.99931675
3694.530837953713,1.0174184
3694.5331527846593,1.023597
3694.535467615606,1.0167732
3694.537782446553,1.0176437
3694.5400972775005,1.0172728
3694.542412108447,1.0173318
3694.5447269393944,1.0162795
3694.5470417702777,0.999051
3694.5493566011323,1.0172943
3694.5516714319897,1.0188197
3694.5539862628443,1.022174
3694.556301093699,1.0152736
3694.5586159245563,1.0090634
3694.560930755411,1.0208333
3694.5632455862683,1.0103122
3694.5655604171234,1.0066034
3694.5678752479803,1.018043
3694.5701900788354,1.0103543
3694.572504909692,1.0014353
3694.5748197405474,1.0032601
3694.577134571402,1.0265753
3694.5794494022584,1.0352143
3694.581764233114,1.0269188
3694.5840790639704,1.0135623
3694.586393894826,1.0196245
3694.588708725618,1.0155168
3694.5910235563806,1.0137496
3694.593338387146,1.0160308
3694.59565321791,1.0090531
3694.5979680486744,1.0136402
3694.6002828794367,1.0216256
3694.6025977102013,1.016487
3694.604912540966,1.0190179
3694.6072273717296,1.0208197
3694.609542202494,1.005348
3694.611857033259,1.0165855
3694.614171864024,1.0115316
3694.6164866947875,1.0068612
3694.618801525552,1.0300579
3694.6211163563144,1.0419501
3694.6234311870794,1.0287393
3694.6257460178426,1.0258925
3694.628060848608,1.0073074
3694.6303756793054,1.0171782
3694.632690509978,1.0176893
3694.635005340649,1.0236644
3694.6373201713222,1.0077798
3694.639635001993,1.0067117
3694.641949832666,1.021607
3694.644264663337,1.0180366
3694.6465794940077,1.0038753
3694.648894324681,1.0209423
3694.6512091553514,1.0259042
3694.6535239860245,1.0187739
3694.655838816695,1.0163008
3694.658153647368,1.0114561
3694.6604684780386,1.012839
3694.662783308712,1.0029131
3694.665098139382,1.0151767
3694.6674129700546,1.0094194
3694.669727800727,1.0124712
3694.6720426313314,1.0129356
3694.6743574619113,1.0100286
3694.676672292489,1.0136764
3694.67898712307,1.0051781
3694.6813019536476,1.0237014
3694.6836167842275,1.0346323
3694.6859316148034,1.0184923
3694.6882464453834,1.0148942
3694.690561275961,1.0303701
3694.692876106541,1.0151634
3694.6951909371187,1.0071869
3694.6975057676987,1.0138539
3694.6998205982786,1.0147114
3694.7021354288563,1.0131305
3694.7044502594363,1.0161
3694.706765090014,1.0176294
3694.709079920592,1.0279505
3694.711394751171,1.0203602
3694.7137095816834,1.0059905
3694.7160244121674,1.0173672
3694.7183392426537,1.0124865
3694.7206540731377,1.019588
3694.722968903624,1.0149223
3694.7252837341102,1.0110426
3694.7275985645942,1.0256854
3694.7299133950787,1.0163889
3694.732228225564,1.0199993
3694.734543056049,1.0204315
3694.7368578865344,1.0107157
3694.7391727170193,1.0163631
3694.7414875475047,1.0193884
3694.74380237799,1.0147815
3694.746117208474,1.0135155
3694.7484320389617,1.0302725
3694.7507468694457,1.0092372
3694.75306169993,1.012362
3694.7553765303487,1.0110612
3694.757691360739,1.0282985
3694.7600061911307,1.0226928
3694.762321021521,1.0193238
3694.764635851913,1.0145047
3694.7669506823026,1.0155646
3694.769265512695,1.0123538
3694.7715803430847,1.0089743
3694.7738951734746,1.007559
3694.776210003866,1.0196261
3694.7785248342566,0.9993024
3694.7808396646483,1.001948
3694.7831544950386,1.0146757
3694.7854693254303,1.0297499
3694.7877841558206,1.0086893
3694.7900989862123,1.0071783
3694.7924138166027,1.0191332
3694.7947286469944,1.0066793
3694.7970434773156,1.0205908
3694.799358307612,1.016937
3694.801673137908,1.0215418
3694.8039879682037,1.0088466
3694.8063027985,1.0245826
3694.808617628796,1.0083618
3694.8109324590932,1.0238845
3694.8132472893885,1.0206866
3694.815562119685,1.0141338
3694.817876949979,1.0251151
3694.8201917802767,1.0129373
3694.822506610572,1.0181184
3694.8248214408686,1.0178624
3694.827136271164,1.0098851
3694.8294511014606,1.0024428
3694.8317659317563,1.0096465
3694.834080762053,1.009473
3694.836395592349,1.0175228
3694.8387104225776,1.0137513
3694.841025252777,1.0055999
3694.8433400829763,1.014929
3694.845654913178,1.0124457
3694.8479697433777,1.0308123
3694.8502845735793,1.0084347
3694.8525994037786,1.016114
3694.8549142339803,1.0119851
3694.8572290641805,1.016063
3694.8595438943817,1.0135777
3694.86185872458,1.0139481
3694.8641735547812,1.0124502
3694.866488384983,1.0124781
3694.868803215182,1.0143548
3694.871118045384,1.020508
3694.8734328755836,1.0025814
3694.875747705785,1.0189295
3694.8780625359846,1.022988
3694.880377366118,1.0061628
3694.8826921962204,1.0081424
3694.885007026326,1.0144157
3694.8873218564295,1.0161119
3694.889636686535,1.0208038
3694.8919515166385,1.012255
3694.894266346744,1.0057244
3694.89658117685,1.0168221
3694.8988960069532,1.0233748
3694.901210837059,1.0157064
3694.9035256671623,1.0136327
3694.905840497266,1.0245657
3694.9081553273695,1.0167568
3694.910470157475,1.0100516
3694.9127849875786,1.0121522
3694.915099817684,1.014645
3694.9174146477876,1.0278215
3694.9197294778933,1.015969
3694.9220443079303,1.0113739
3694.924359137937,1.0209498
3694.926673967944,1.0008978
3694.9289887979517,1.0153271
3694.93130362796,1.0169075
3694.9336184579665,1.0248822
3694.935933287976,1.0047077
3694.9382481179828,1.0097264
3694.9405629479916,1.0156476
3694.9428777779985,1.0142663
3694.9451926080073,1.0090834
3694.9475074380143,1.0256847
3694.949822268022,1.0195342
3694.9521370980315,1.0240321
3694.954451928038,1.0285909
3694.9567667580473,1.0173573
3694.959081588054,1.0118394
3694.961396418063,1.0143493
3694.9637112480004,1.0133464
3694.9660260779124,1.0251564
3694.9683409078216,1.0189327
3694.9706557377317,1.0160446
3694.9729705676414,1.0144385
3694.9752853975533,1.0135926
3694.9776002274625,1.022853
3694.9799150573745,1.0143381
3694.9822298872864,1.0176302
3694.984544717196,1.0105042
3694.986859547108,1.0089711
3694.989174377017,1.0136987
3694.991489206929,1.0037867
3694.993804036838,1.0150733
3694.9961188667485,1.0174267
3694.998433696659,1.0064083
3695.00074852657,1.0263817
3695.0030633564807,1.0051267
3695.0053781863216,1.0023699
3695.0076930161354,1.0176961
3695.0100078459477,1.0187501
3695.0123226757614,1.0201722
3695.0146375055724,1.0124235
3695.016952335385,1.0163109
3695.0192671651985,1.0279272
3695.0215819950126,1.0093718
3695.0238968248245,1.0055147
3695.0262116546382,1.0061074
3695.02852648445,1.0249445
3695.0308413142643,1.0173441
3695.033156144076,1.0144697
3695.03547097389,1.0228207
3695.037785803702,1.0057083
3695.040100633514,1.0178288
3695.042415463328,1.0067662
3695.04473029314,1.0101826
3695.0470451228834,1.0139437
3695.0493599525976,1.0284628
3695.0516747823126,1.0126133
3695.0539896120267,1.0204064
3695.056304441742,1.0040089
3695.058619271455,1.0148617
3695.0609341011696,1.0222733
3695.063248930884,1.0071758
3695.0655637605987,1.0177699
3695.067878590314,1.0223559
3695.070193420028,1.0201397
3695.0725082497434,1.0109823
3695.0748230794575,1.0097517
3695.077137909173,1.0094634
3695.0794527388853,1.0248821
3695.0817675686003,1.024766
3695.084082398315,1.0024011
3695.0863972280295,1.0161184
3695.0887120576735,1.0132462
3695.0910268872904,1.02202
3695.0933417169063,0.99876255
3695.095656546522,1.0066165
3695.0979713761376,1.0261134
3695.1002862057535,1.009567
3695.102601035368,1.0116369
3695.104915864983,1.0184572
3695.1072306946,1.0203036
3695.1095455242144,1.0305614
3695.111860353831,1.0082742
3695.114175183446,1.0149832
3695.1164900130625,1.0132161
3695.118804842678,1.0136695
3695.1211196722943,1.0242833
3695.1234345019093,1.010547
3695.125749331524,1.0072433
3695.1280641611406,1.0149664
3695.1303789906847,1.016458
3695.132693820202,1.005862
3695.1350086497173,1.0212342
3695.1373234792345,1.0094446
3695.13963830875,1.0123602
3695.1419531382676,1.0120467
3695.144267967783,1.0239669
3695.1465827972993,1.0175489
3695.1488976268142,1.0156058
3695.151212456331,1.012144
3695.1535272858496,1.0088933
3695.1558421153645,1.0100114
3695.158156944882,1.027081
3695.160471774397,1.0165234
3695.162786603914,1.014003
3695.16510143343,1.0194222
3695.1674162629456,1.0155895
3695.169731092461,1.004946
3695.1720459219073,1.0110424
3695.1743607513226,1.0259169
3695.1766755807403,1.0140206
3695.1789904101574,1.022563
3695.181305239573,1.0065206
3695.1836200689904,1.0132883
3695.185934898406,1.0212744
3695.1882497278234,1.0023938
3695.190564557237,1.0210538
3695.1928793866546,1.0147518
3695.1951942160695,1.013329
3695.197509045487,1.0088713
3695.1998238749024,1.0259862
3695.20213870432,1.0090286
3695.2044535337354,1.0080228
3695.206768363153,1.0043238
3695.2090831925707,1.0050793
3695.211398021985,1.00686
3695.2137128513295,1.017985
3695.2160276806458,1.0160298
3695.218342509962,1.0053408
3695.2206573392777,1.005204
3695.222972168595,1.0206455
3695.2252869979097,1.0010232
3695.227601827227,1.0199035
3695.2299166565417,1.0132359
3695.232231485859,1.0052853
3695.234546315172,1.0220075
3695.236861144489,1.0277499
3695.2391759738057,1.0106238
3695.241490803121,1.003003
3695.243805632438,1.014341
3695.246120461753,1.0081326
3695.24843529107,0.997428
3695.250750120385,1.0071934
3695.253064949702,1.0032834
3695.255379778944,1.013517
3695.257694608159,1.0147964
3695.2600094373743,1.0050441
3695.2623242665895,1.0001191
3695.2646390958034,1.0127624
3695.2669539250196,1.0174148
3695.2692687542353,1.0038038
3695.2715835834497,1.0077463
3695.273898412666,1.0189372
3695.276213241879,1.0194237
3695.2785280710937,1.0211627
3695.280842900309,1.022233
3695.2831577295237,1.0189291
3695.285472558739,1.0108404
3695.287787387954,1.0043955
3695.290102217169,1.0018661
3695.2924170463853,1.0150195
3695.294731875599,1.0123025
3695.297046704743,1.0128158
3695.299361533855,1.0252192
3695.301676362968,1.0122663
3695.3039911920823,1.0118136
3695.3063060211953,1.007849
3695.3086208503096,1.0226752
3695.3109356794225,1.0036825
3695.3132505085373,1.0171984
3695.31556533765,1.0117891
3695.3178801667646,1.010421
3695.320194995876,1.0177851
3695.322509824989,1.0011147
3695.324824654104,1.019225
3695.3271394832163,1.0112498
3695.329454312331,0.9992668
3695.331769141444,1.009646
3695.3340839705584,1.0118618
3695.3363987996713,1.0107194
3695.338713628713,1.0047494
3695.341028457724,1.0109794
3695.343343286734,1.0193099
3695.345658115746,1.0063651
3695.3479729447577,1.0245848
3695.350287773769,1.0202823
3695.3526026027807,1.0085382
3695.3549174317936,1.0080957
3695.357232260804,1.0024155
3695.3595470898167,0.9950574
3695.3618619188287,0.9979556
3695.3641767478393,1.0148519
3695.3664915768495,1.001951
3695.3688064058624,0.9991974
3695.371121234873,1.002182
3695.3734360638855,1.0074193
3695.3757508928966,1.00936
3695.378065721909,1.0096213
3695.380380550847,1.0163093
3695.3826953797566,1.0020484
3695.3850102086662,1.0122358
3695.387325037573,1.0192575
3695.3896398664833,1.0071347
3695.3919546953916,1.006004
3695.3942695243018,1.0104812
3695.39658435321,1.0103289
3695.39889918212,1.0116938
3695.4012140110285,0.99540937
3695.4035288399386,1.0114167
3695.405843668847,1.0004992
3695.4081584977553,1.0002681
3695.410473326664,1.0041906
3695.4127881555737,0.9974939
3695.415102984484,1.006177
3695.4174178133917,1.0072016
3695.4197326423023,1.0124797
3695.422047471137,1.0163451
3695.4243622999443,1.0104244
3695.4266771287507,1.0116829
3695.4289919575567,1.0062579
3695.431306786361,1.0129243
3695.4336216151682,1.0285606
3695.4359364439733,1.0042764
3695.4382512727807,1.0165856
3695.4405661015862,1.0143285
3695.4428809303936,1.010138
3695.445195759201,1.018201
3695.447510588006,1.0248289
3695.4498254168134,1.0074196
3695.4521402456166,1.0126086
3695.454455074424,1.0078483
3695.456769903229,1.0061319
3695.4590847320364,1.0179045
3695.4613995608415,1.0091276
3695.463714389575,1.0116533
3695.466029218277,1.0048232
3695.468344046981,1.0008452
3695.4706588756826,1.0150478
3695.472973704386,1.020455
3695.4752885330886,1.0161399
3695.4776033617914,1.0124362
3695.4799181904946,1.0024716
3695.4822330191964,1.0004674
3695.4845478479,1.0038227
3695.486862676602,0.9971762
3695.489177505306,1.0006272
3695.4914923340075,1.0231066
3695.4938071627125,1.0192723
3695.4961219914126,1.0086232
3695.4984368201162,1.0052977
3695.5007516488204,0.996744
3695.503066477522,0.9901783
3695.5053813061522,1.0120709
3695.50769613475,1.0095222
3695.51001096335,1.0031207
3695.5123257919477,1.0081116
3695.514640620548,1.0179399
3695.516955449145,1.0156409
3695.519270277744,1.0063349
3695.5215851063417,1.0109602
3695.523899934942,1.0116398
3695.52621476354,1.0140768
3695.52852959214,1.0075659
3695.53084442074,1.0101517
3695.533159249338,1.0150651
3695.535474077938,0.99384785
3695.5377889065358,1.0044625
3695.540103735134,1.017561
3695.542418563733,1.0218309
3695.5447333923316,1.0038706
3695.5470482208566,1.011152
3695.549363049351,1.0091727
3695.5516778778456,1.022566
3695.5539927063405,1.0208323
3695.556307534834,1.0208964
3695.55862236333,1.0133946
3695.560937191823,1.0175798
3695.563252020318,1.0017123
3695.5655668488134,1.0194576
3695.5678816773075,1.0156597
3695.570196505803,1.018093
3695.572511334297,1.0086085
3695.5748261627923,1.007115
3695.577140991286,1.0005939
3695.5794558197817,1.0224394
3695.5817706482753,1.0160754
3695.584085476769,1.007225
3695.5864003052634,1.0068228
3695.5887151336833,1.0134467
3695.591029962074,1.0219884
3695.5933447904636,1.0045387
3695.595659618854,1.0155677
3695.597974447243,1.018034
3695.6002892756337,1.0059578
3695.6026041040227,1.0234132
3695.6049189324112,1.011009
3695.6072337608016,1.0083407
3695.609548589191,1.0323699
3695.611863417581,1.0113019
3695.614178245971,1.0080826
3695.6164930743607,1.0106436
3695.61880790275,1.009814
3695.6211227311414,1.026038
3695.6234375595304,1.0048939
3695.62575238792,1.0095353
3695.628067216309,0.99745905
3695.6303820446246,1.0097524
3695.6326968729086,1.0110404
3695.635011701194,1.0066692
3695.637326529478,1.0073018
3695.6396413577627,1.0023878
3695.6419561860466,1.0169946
3695.6442710143324,1.0021861
3695.646585842616,1.0156142
3695.6489006708994,1.0063132
3695.651215499185,1.0104882
3695.6535303274686,1.014151
3695.6558451557544,1.0073919
3695.6581599840374,1.0105457
3695.660474812323,1.0125067
3695.662789640607,1.0168403
3695.6651044688924,1.0049037
3695.6674192971764,1.0090548
3695.66973412546,0.9915032
3695.672048953669,1.0158855
3695.6743637818477,1.0058352
3695.676678610027,1.0163695
3695.6789934382055,1.0186118
3695.6813082663857,1.01537
3695.6836230945632,1.0051395
3695.685937922743,1.0090643
3695.688252750921,1.0252283
3695.690567579101,1.0178719
3695.692882407278,1.0101675
3695.6951972354577,1.0162822
3695.6975120636357,1.0181307
3695.6998268918155,1.0046154
3695.702141719993,1.0207641
3695.7044565481733,1.011569
3695.7067713763513,1.0072409
3695.709086204531,1.0098937
3695.711401032711,1.0153571
3695.713715860811,1.0226094
3695.716030688885,1.0064862
3695.7183455169566,1.008625
3695.7206603450304,1.0132687
3695.722975173102,0.9985548
3695.725290001176,1.011731
3695.7276048292474,1.0036119
3695.7299196573213,1.0134777
3695.732234485393,1.0203726
3695.7345493134667,1.011065
3695.7368641415374,1.0223321
3695.739178969611,1.0190698
3695.741493797684,1.0141392
3695.7438086257557,1.003101
3695.7461234538296,1.0114111
3695.748438281901,1.018736
3695.750753109975,1.0047717
3695.7530679380466,1.0115561
3695.7553827660445,1.0214082
3695.7576975940087,1.0138617
3695.7600124219757,1.0111041
3695.762327249941,1.0097029
3695.764642077908,1.0091608
3695.766956905873,1.0186346
3695.7692717338405,1.0138879
3695.7715865618075,1.0278988
3695.7739013897726,1.0086766
3695.7762162177396,1.018935
3695.7785310457048,1.0181296
3695.7808458736704,1.020646
3695.783160701635,0.9958974
3695.7854755296025,0.99792266
3695.7877903575672,1.0130188
3695.7901051855347,1.0014744
3695.7924200135,1.0022515
3695.794734841467,1.0157666
3695.7970496693556,1.0227683
3695.7993644972157,1.0101738
3695.8016793250736,1.0157472
3695.8039941529332,1.0044243
3695.806308980792,1.0179095
3695.808623808651,1.0105017
3695.8109386365104,1.0088695
3695.8132534643687,0.9985836
3695.815568292229,1.0195365
3695.8178831200867,1.0069171
3695.820197947947,1.0179574
3695.822512775804,1.0119282
3695.8248276036643,1.0068318
3695.827142431522,1.0150312
3695.8294572593827,1.0062337
3695.8317720872415,1.0204318
3695.8340869151007,1.007782
3695.836401742961,1.0207497
3695.8387165707422,1.0136839
3695.841031398495,1.0022925
3695.8433462262456,1.0241091
3695.845661053996,1.0255703
3695.847975881748,1.0094244
3695.8502907095,1.0187199
3695.8526055372513,1.014623
3695.854920365003,1.0100543
3695.8572351927537,1.008145
3695.8595500205065,1.0123945
3695.861864848259,1.0037503
3695.86417967601,1.0184395
3695.8664945037604,1.0090518
3695.8688093315122,1.0015306
3695.871124159263,1.0126638
3695.873438987015,1.0181483
3695.8757538147665,1.0115451
3695.8780686425184,1.0143336
3695.880383470193,0.996701
3695.882698297837,1.0100416
3695.8850131254812,0.9968029
3695.8873279531235,1.0154221
3695.8896427807676,1.0177013
3695.8919576084113,0.99764246
3695.8942724360554,1.008623
3695.8965872636986,1.0244671
3695.8989020913427,1.0187727
3695.9012169189864,1.0103666
3695.90353174663,1.0210571
3695.905846574275,1.0086805
3695.908161401918,1.0173734
3695.9104762295606,1.0225072
3695.9127910572042,1.0152301
3695.915105884848,1.0119574
3695.917420712492,1.0173277
3695.9197355401357,1.0155121
3695.9220503677034,1.0131382
3695.924365195238,1.014048
3695.9266800227742,1.0158768
3695.9289948503088,1.0021982
3695.931309677845,1.0062032
3695.9336245053787,1.0122178
3695.935939332914,1.0020716
3695.93825416045,1.0162382
3695.940568987985,1.0148512
3695.942883815521,1.003099
3695.945198643056,1.0104425
3695.9475134705917,1.012941
3695.9498282981267,1.0123366
3695.9521431256635,1.0003421
3695.954457953197,1.0121039
3695.9567727807334,1.003835
3695.959087608268,1.0085863
3695.9614024358034,1.0143138
3695.9637172632615,1.0139747
3695.9660320906883,1.0172664
3695.968346918115,1.0220039
3695.9706617455427,1.0179127
3695.9729765729685,1.0127516
3695.975291400396,1.0074842
3695.977606227821,1.029579
3695.979921055248,1.012185
3695.9822358826755,1.0106788
3695.9845507101013,1.019609
3695.986865537529,1.0135825
3695.989180364955,1.0134587
3695.9914951923824,1.017274
3695.9938100198083,1.0087254
3695.996124847236,1.018036
3695.998439674661,1.005878
3696.0007545020876,1.0026147
3696.0030693295143,1.0186568
3696.0053841568633,1.0115974
3696.0076989841814,1.008052
3696.0100138114985,1.0004768
3696.0123286388166,1.0050582
3696.0146434661337,1.0131788
3696.0169582934527,1.0193557
3696.019273120768,1.0049409
3696.021587948087,1.0088382
3696.0239027754033,1.0094175
3696.026217602722,1.0234853
3696.028532430039,1.0232825
3696.0308472573565,1.0208732
3696.033162084674,1.0230927
3696.0354769119917,1.0134006
3696.03779173931,1.0143667
3696.040106566628,1.0125527
3696.0424213939436,1.0142411
3696.0447362212612,1.0195316
3696.047051048502,1.0117407
3696.049365875709,1.0158937
3696.051680702918,1.0223505
3696.053995530125,1.0151329
3696.056310357334,1.0243022
3696.058625184541,1.0178485
3696.0609400117505,1.0117553
3696.0632548389563,1.0156341
3696.0655696661656,1.0195442
3696.0678844933727,1.0166422
3696.0701993205817,1.0190197
3696.0725141477888,1.0048449
3696.074828974997,1.0046903
3696.077143802206,1.0131423
3696.0794586294132,0.99574983
3696.081773456622,1.0174657
3696.0840882838293,1.0096794
3696.0864031110377,1.0156572
3696.088717938166,1.0265803
3696.0910327652655,1.0094985
3696.0933475923625,1.0161636
3696.095662419462,1.0311359
3696.0979772465585,1.0008553
3696.100292073658,1.0081397
3696.102606900755,1.0123523
3696.1049217278533,1.0088241
3696.107236554951,0.9952902
3696.1095513820496,1.0068253
3696.111866209148,1.0101359
3696.1141810362446,1.0167142
3696.116495863344,1.0102786
3696.118810690441,1.0148175
3696.1211255175403,1.0141636
3696.1234403446374,1.0129699
3696.1257551717367,1.0012462
3696.128069998834,1.0010853
3696.1303848258535,1.0148925
3696.13269965284,1.0016867
3696.135014479829,1.0130539
3696.1373293068164,1.0158322
3696.1396441338043,1.011099
3696.1419589607926,1.0139569
3696.144273787779,1.014344
3696.146588614768,0.9989032
3696.1489034417546,1.0152109
3696.1512182687425,1.0109626
3696.1535330957295,1.0123284
3696.1558479227183,1.0125809
3696.158162749705,1.0165073
3696.1604775766937,1.0186889
3696.16279240368,1.0097607
3696.1651072306695,1.0115856
3696.167422057656,1.0141034
3696.169736884645,1.0091238
3696.172051711554,1.0108006
3696.174366538429,1.0082557
3696.1766813653066,1.0138024
3696.178996192184,1.0133847
3696.181311019061,1.0237013
3696.183625845938,1.008363
3696.185940672815,1.0042711
3696.188255499691,1.0148236
3696.1905703265693,1.0151367
3696.192885153445,1.0105693
3696.1951999803223,0.99965847
3696.1975148071983,1.0019089
3696.199829634076,1.0164865
3696.202144460953,1.0144538
3696.2044592878306,1.0111495
3696.206774114707,0.99944055
3696.2090889415845,1.0212071
3696.2114037684614,1.0145204
3696.2137185952593,1.0162452
3696.216033422024,1.0177613
3696.2183482487894,1.0101396
3696.220663075556,1.0031658
3696.222977902321,1.0047989
3696.2252927290883,1.0223018
3696.227607555853,1.0088675
3696.22992238262,1.0210366
3696.2322372093854,0.9994807
3696.234552036152,0.9946491
3696.2368668629174,1.0199432
3696.239181689681,1.0105944
3696.241496516448,1.0174875
3696.2438113432136,1.0120115
3696.24612616998,1.0061707
3696.248440996746,1.0180176
3696.2507558235116,1.0111053
3696.253070650278,1.0120361
3696.2553854769644,1.0239483
3696.2577003036176,1.0173504
3696.2600151302718,1.0060952
3696.2623299569264,1.0153341
3696.264644783581,1.0216696
3696.266959610235,1.0137213
3696.2692744368896,1.014562
3696.271589263544,1.0229918
3696.2739040901984,1.003036
3696.2762189168525,1.0071054
3696.278533743507,1.0056795
3696.280848570161,0.9938898
3696.283163396814,1.0156122
3696.285478223469,1.0128133
3696.2877930501227,1.0029564
3696.2901078767777,1.0019141
3696.2924227034314,1.005618
3696.294737530087,1.0161654
3696.297052356661,1.015986
3696.2993671832037,1.0077367
3696.301682009746,1.0041628
3696.3039968362864,1.0161629
3696.30631166283,1.0123397
3696.308626489371,1.0193994
3696.3109413159145,1.0119545
3696.3132561424572,1.0166405
3696.3155709689995,1.0129403
3696.317885795542,0.99768203
3696.3202006220845,1.0121887
3696.322515448627,0.9873285
3696.324830275169,1.0186062
3696.3271451017117,1.0031506
3696.329459928253,1.0171033
3696.331774754796,1.014869
3696.334089581338,1.0163709
3696.3364044078808,1.0132164
3696.338719234343,1.0110974
3696.341034060773,1.0044327
3696.3433488872033,1.0033594
3696.3456637136333,0.9996296
3696.3479785400614,1.0034561
3696.3502933664927,1.008943
3696.3526081929217,1.015557
3696.3549230193526,1.0101904
3696.357237845784,1.0141817
3696.359552672213,1.0201766
3696.361867498644,1.0025773
3696.364182325073,1.0049164
3696.3664971515036,1.0168273
3696.368811977934,1.0081854
3696.371126804363,1.0149276
3696.3734416307916,1.0144864
3696.375756457223,1.0159758
3696.378071283652,1.0018209
3696.3803861100027,1.0227305
3696.3827009363204,1.0208253
3696.3850157626375,1.0119491
3696.387330588956,1.0236531
3696.3896454152723,1.0172476
3696.3919602415904,1.0191175
3696.3942750679066,1.0083293
3696.396589894225,1.0057355
3696.3989047205414,1.014571
3696.40121954686,1.010657
3696.403534373176,1.0007523
3696.405849199494,1.0299438
3696.4081640258114,1.0157508
3696.4104788521286,1.0142897
3696.412793678444,1.0060661
3696.4151085047624,1.016954
3696.4174233310787,1.0088041
3696.419738157397,1.0118394
3696.4220529836352,1.0194356
3696.4243678098383,1.0083189
3696.4266826360436,0.9960125
3696.428997462247,1.0106224
3696.4313122884523,1.022006
3696.433627114656,1.006014
3696.4359419408593,1.0123457
3696.4382567670623,1.0090493
3696.440571593268,1.0154413
3696.442886419471,0.9989784
3696.4452012456763,1.0133392
3696.44751607188,1.0031829
3696.449830898085,1.0019805
3696.4521457242904,1.0075052
3696.454460550494,1.0172182
3696.4567753766983,1.0096021
3696.4590902029017,1.0124866
3696.461405029107,1.0013293
3696.463719855229,1.0109963
3696.466034681321,1.0100992
3696.468349507411,1.0030624
3696.470664333503,1.0138024
3696.472979159593,1.0050825
3696.475293985685,1.0166241
3696.4776088117746,1.0080839
3696.4799236378644,1.0226119
3696.482238463954,1.0182887
3696.4845532900463,1.0122153
3696.4868681161383,1.0066893
3696.489182942228,1.0092012
3696.49149776832,1.0107459
3696.49381259441,1.0143468
3696.4961274205016,1.0129571
3696.4984422465914,1.0127858
3696.5007570726816,1.0351181
3696.5030718987714,1.0210413
3696.505386724782,1.027874
3696.507701550758,1.0162405
3696.510016376736,1.013982
3696.512331202712,1.0086442
3696.5146460286905,0.99771583
3696.5169608546685,1.01703
3696.5192756806446,0.99674195
3696.5215905066225,1.0162597
3696.5239053325977,1.0083643
3696.5262201585756,1.0099089
3696.5285349845517,1.0034828
3696.5308498105296,1.0042133
3696.5331646365057,1.0043678
3696.5354794624836,1.0177965
3696.5377942884597,1.0114207
3696.5401091144377,1.0028174
3696.5424239404138,1.0007544
3696.54473876639,1.023204
3696.5470535922864,1.0190305
3696.5493684181483,1.0126556
3696.5516832440117,1.0154411
3696.553998069874,1.0193443
3696.556312895738,1.01436
3696.5586277216,1.0060706
3696.5609425474636,1.0156761
3696.563257373325,0.9886972
3696.5655721991893,1.0291363
3696.56788702505,1.0101082
3696.5702018509123,1.0028466
3696.5725166767756,1.0075039
3696.5748315026385,1.0146875
3696.5771463285,1.0082906
3696.5794611543643,1.0051229
3696.5817759802276,1.0125555
3696.5840908060904,1.0137635
3696.5864056319538,1.0187353
3696.588720457733,1.011473
3696.5910352834817,1.004642
3696.593350109229,1.0128797
3696.5956649349787,1.0194865
3696.5979797607256,1.0110657
3696.600294586475,1.0153466
3696.602609412222,1.016581
3696.6049242379713,1.0032275
3696.607239063718,1.0060072
3696.6095538894656,1.0178775
3696.6118687152148,1.018932
3696.6141835409626,1.0161932
3696.6164983667113,1.0205423
3696.6188131924587,1.0022652
3696.621128018208,1.0227529
3696.623442843955,1.0039374
3696.625757669704,1.0148461
3696.6280724954518,0.9983444
3696.630387321119,1.0130874
3696.63270214675,1.0115242
3696.6350169723833,1.02186
3696.637331798017,1.0123817
3696.6396466236497,1.009413
3696.6419614492834,1.017413
3696.6442762749166,1.0086126
3696.6465911005507,1.0154209
3696.648905926183,1.0118583
3696.651220751817,1.0136518
3696.653535577449,1.0208269
3696.6558504030827,1.0045213
3696.6581652287155,1.0137616
3696.660480054349,1.014859
3696.662794879982,1.0280776
3696.6651097056156,1.0040718
3696.6674245312483,1.0128369
3696.6697393568825,1.0028696
3696.6720541824325,1.005797
3696.6743690079516,1.0075688
3696.6766838334684,1.0033616
3696.678998658985,1.008118
3696.6813134845042,1.0130208
3696.683628310021,1.0118828
3696.68594313554,1.0146096
3696.6882579610574,1.0010506
3696.690572786576,1.0066537
3696.6928876120933,1.0040529
3696.695202437612,1.0206665
3696.6975172631282,1.0201439
3696.699832088646,1.0123062
3696.7021469141637,1.0028688
3696.7044617396814,1.0135823
3696.7067765651996,1.0203567
3696.7090913907173,1.0093249
3696.7114062162364,1.0212604
3696.713721041671,1.0148579
3696.716035867074,1.0065795
3696.7183506924757,1.0154796
3696.7206655178775,1.0014671
3696.722980343279,1.0097278
3696.725295168682,1.001224
3696.7276099940837,1.0076102
3696.7299248194863,1.0012013
3696.732239644888,0.99810565
3696.7345544702907,1.018198
3696.7368692956925,1.0158999
3696.739184121095,1.0128323
3696.741498946497,1.0088773
3696.7438137718977,1.0191145
3696.7461285973013,1.0116589
3696.748443422702,1.0099832
3696.7507582481057,1.0109106
3696.7530730735066,1.0173388
3696.7553878988274,0.99774253
3696.7577027241127,1.0183694
3696.7600175493994,1.0074953
3696.7623323746852,0.9968621
3696.76464719997,1.0010049
3696.7669620252564,1.0083389
3696.7692768505426,1.0060552
3696.771591675829,1.007834
3696.7739065011147,1.0058312
3696.776221326402,1.0194781
3696.778536151687,1.0159789
3696.7808509769743,1.0041223
3696.9984445362134,0.99276406
3697.00075936092,0.985474
3697.003074185629,0.99115866
3697.0053890102545,1.0081898
3697.0077038348422,0.9976364
3697.0100186594336,0.99645764
3697.0123334840227,0.98098266
3697.0146483086123,1.0010562
3697.0169631332024,0.9899535
3697.0192779577915,0.9879216
3697.0215927823815,0.9855926
3697.0239076069724,0.98838586
3697.0262224315607,0.9984557
3697.028537256152,0.99258786
3697.030852080742,0.99552196
3697.033166905332,0.9915807
3697.0354817299212,0.9919656
3697.037796554512,0.9821465
3697.0401113791013,0.9919769
3697.0424262036913,0.99586564
3697.0447410282827,0.9944259
3697.047055852786,0.9870627
3697.0493706772586,0.9978205
3697.0516855017277,0.9969243
3697.0540003262017,1.0056647
3697.056315150672,0.98445386
3697.0586299751435,0.9968936
3697.060944799614,0.9928595
3697.063259624086,0.9977604
3697.0655744485557,1.0002545
3697.067889273028,0.99491537
3697.0702040975,1.0070442
3697.0725189219716,0.9910655
3697.074833746444,0.99611735
3697.0771485709142,0.9912912
3697.0794633953847,1.0097282
3697.081778219856,1.004041
3697.0840930443283,0.9863875
3697.0864078687982,0.99078923
3697.0887226931854,0.98829436
3697.0910375175363,0.9834206
3697.0933523418907,1.0012224
3697.0956671662425,0.9850796
3697.0979819905947,0.99233884
3697.1002968149464,0.98463655
3697.1026116392995,1.0009601
3697.1049264636504,0.98991615
3697.1072412880035,0.99212974
3697.1095561123575,0.987169
3697.1118709367074,0.9892002
3697.1141857610623,0.9929674
3697.1165005854136,0.9945144
3697.1188154097663,1.0007304
3697.1211302341176,0.98594505
3697.12344505847,0.9897503
3697.1257598828215,0.98965335
3697.128074707175,0.99011374
3697.1303895314404,0.99993503
3697.1327043556757,0.9887812
3697.135019179908,0.984327
3697.1373340041414,0.9932824
3697.1396488283754,0.9999741
3697.1419636526075,0.99146426
3697.1442784768406,0.9987216
3697.1465933010727,0.9916411
3697.1489081253067,0.9878195
3697.151222949538,0.9936882
3697.153537773773,0.99123645
3697.1558525980054,0.9886991
3697.1581674222384,0.9885316
3697.1604822464706,0.9863095
3697.1627970707036,0.9884931
3697.165111894937,0.986461
3697.16742671917,0.97895026
3697.1697415434014,0.99180883
3697.17205636755,0.99125224
3697.1743711916656,0.99695134
3697.1766860157772,0.983273
3697.1790008398916,0.98733985
3697.181315664004,1.0001394
3697.1836304881176,0.99491006
3697.1859453122297,0.98312217
3697.188260136344,0.98200375
3697.1905749604557,0.9959993
3697.1928897845714,1.0006427
3697.1952046086835,0.98877233
3697.1975194327974,0.9817246
3697.19983425691,0.99508035
3697.2021490810234,0.9813001
3697.2044639051364,0.983249
3697.20677872925,0.9861021
3697.2090935533633,1.00128
3697.211408377476,0.99051493
3697.213723201506,0.9927049
3697.2160380254973,0.99260527
3697.2183528494916,0.98592365
3697.220667673484,0.97565955
3697.2229824974775,0.99864423
3697.225297321471,0.9951291
3697.2276121454643,0.9832271
3697.2299269694568,0.9950064
3697.23224179345,0.98214483
3697.2345566174436,0.9780073
3697.2368714414365,0.9881847
3697.239186265429,0.9923971
3697.241501089423,0.96964324
3697.243815913417,0.98942876
3697.2461307374106,0.97421837
3697.248445561403,0.98774385
3697.2507603853956,0.9838707
3697.2530752093903,0.98124456
3697.2553900332964,0.99715877
3697.2577048571707,0.9919069
3697.260019681042,0.98532045
3697.2623345049155,0.9777975
3697.2646493287884,0.9873924
3697.2669641526613,0.977751
3697.2692789765333,0.988779
3697.271593800406,0.99118316
3697.273908624279,0.9871841
3697.276223448152,0.9863068
3697.2785382720263,0.99390066
3697.280853095897,0.9923647
3697.283167919771,0.99778116
3697.285482743644,0.9773968
3697.2877975675165,0.98493654
3697.2901123913894,0.98532015
3697.2924272152623,0.991977
3697.2947420391342,0.9789894
3697.297056862922,0.98034877
3697.299371686673,0.98018014
3697.301686510425,0.98274714
3697.304001334178,0.98308915
3697.3063161579307,1.000379
3697.3086309816813,0.9836782
3697.310945805434,0.98587096
3697.3132606291856,0.9925277
3697.3155754529375,0.9706472
3697.317890276691,0.9881701
3697.320205100441,0.98596245
3697.3225199241947,0.9865442
3697.3248347479466,0.99126923
3697.327149571698,0.98767424
3697.32946439545,0.9775546
3697.3317792192024,0.98226875
3697.3340940429534,0.9913457
3697.3364088667067,0.9917216
3697.3387236903714,0.98453385
3697.3410385140023,0.98773885
3697.343353337635,0.9779405
3697.345668161266,0.98340714
3697.347982984896,0.99629986
3697.350297808527,0.9808225
3697.352612632157,0.9913338
3697.354927455788,0.9926405
3697.35724227942,0.9844156
3697.359557103049,0.97465175
3697.361871926681,0.9856389
3697.3641867503125,0.9840423
3697.366501573942,0.9835679
3697.368816397574,0.9938602
3697.371131221206,0.9847201
3697.373446044835,0.98842007
3697.375760868467,0.9825186
3697.3780756920987,0.9872275
3697.3803905156415,0.9855661
3697.382705339152,0.98867846
3697.385020162662,0.9777374
3697.38733498617,0.9759264
3697.3896498096797,0.99358493
3697.3919646331883,0.9835378
3697.394279456698,0.9910855
3697.3965942802083,0.98752546
3697.398909103716,0.9792626
3697.4012239272265,0.98095626
3697.403538750735,0.97534126
3697.4058535742447,0.9948489
3697.4081683977543,0.98489785
3697.410483221265,0.9826722
3697.412798044774,0.98494256
3697.4151128682834,0.98433465
3697.4174276917934,0.9875983
3697.419742515301,0.98641485
3697.4220573387247,0.97991794
3697.4243721621124,0.9922548
3697.426686985499,0.974542
3697.4290018088873,1.0067378
3697.4313166322736,0.9861297
3697.4336314556617,0.98833996
3697.4359462790503,0.9834313
3697.438261102436,1.0025423
3697.4405759258248,0.986766
3697.4428907492115,0.9755336
3697.445205572599,1.0002451
3697.447520395988,0.9776333
3697.449835219376,0.99001443
3697.4521500427627,0.9828866
3697.4544648661504,0.975912
3697.456779689539,0.9810717
3697.459094512925,0.9745904
3697.4614093363134,0.9977555
3697.463724159612,0.9711329
3697.466038982878,0.9749579
3697.4683538061436,0.98543656
3697.4706686294085,0.96946883
3697.472983452674,0.98761714
3697.4752982759405,0.9761734
3697.477613099204,0.97592545
3697.4799279224703,0.991608
3697.482242745737,0.98705703
3697.4845575690006,0.9764673
3697.486872392267,0.984004
3697.489187215532,0.9823331
3697.4915020387966,0.9812718
3697.493816862063,0.9826677
3697.496131685329,0.98220414
3697.4984465085927,0.9923662
3697.500761331859,0.9786085
3697.5030761551225,1.0063853
3697.5053909783014,0.9921444
3697.5077058014444,0.98099357
3697.5100206245866,0.96876794
3697.512335447729,0.9845539
3697.5146502708735,0.97633255
3697.5169650940165,0.979573
3697.519279917158,0.9946312
3697.521594740302,0.98020715
3697.5239095634433,0.97909725
3697.526224386587,0.9941804
3697.52853920973,0.97930163
3697.5308540328715,0.98275036
3697.5331688560145,0.9857635
3697.535483679159,0.9771189
3697.537798502299,0.9863771
3697.5401133254436,0.9855462
3697.542428148585,0.9754129
3697.5447429717283,0.98501533
3697.5470577947835,0.9894934
3697.5493726178024,0.97689235
3697.5516874408227,0.9843935
3697.5540022638434,0.9896068
3697.5563170868636,0.97920555
3697.558631909883,0.989422
3697.5609467329036,0.9905926
3697.5632615559216,0.98086
3697.5655763789423,0.99059546
3697.5678912019625,0.98700464
3697.5702060249814,0.98783815
3697.572520848001,0.9831147
3697.5748356710224,0.9906798
3697.5771504940403,0.980795
3697.5794653170615,0.99621
3697.581780140079,0.97341275
3697.5840949631006,0.9947449
3697.5864097861204,0.9984734
3697.5887246090524,0.98068607
3697.591039431949,0.98990667
3697.5933542548455,0.9764845
3697.595669077742,0.9798723
3697.5979839006377,0.99407285
3697.600298723536,0.9918389
3697.6026135464303,1.001801
3697.6049283693283,1.0034559
3697.607243192225,0.98375654
3697.6095580151205,0.98588645
3697.611872838017,0.9920833
3697.6141876609126,0.9813232
3697.616502483809,0.98267853
3697.6188173067067,0.9865279
3697.621132129602,0.9854257
3697.6234469524998,0.994397
3697.625761775397,0.9823925
3697.628076598293,0.9944495
3697.630391421101,0.9826286
3697.632706243874,0.9909226
3697.6350210666465,0.9930218
3697.6373358894193,0.9927707
3697.6396507121935,0.9954561
3697.641965534964,0.9854368
3697.6442803577384,0.98321515
3697.646595180511,0.99417186
3697.6489100032845,0.99746937
3697.6512248260565,1.0008241
3697.6535396488293,0.9907424
3697.6558544716013,0.995312
3697.658169294375,0.9814978
3697.660484117148,0.9845506
3697.66279893992,0.9854057
3697.6651137626945,0.98068625
3697.6674285854665,0.9908956
3697.6697434082403,0.9948886
3697.672058230924,0.98891586
3697.674373053572,0.99283606
3697.676687876221,0.98950976
3697.6790026988706,0.9890748
3697.6813175215175,0.98194134
3697.6836323441676,0.9908629
3697.6859471668167,0.9900342
3697.6882619894654,0.98594385
3697.6905768121137,0.9999424
3697.6928916347624,0.99592215
3697.6952064574116,0.96984416
3697.6975212800603,0.99365646
3697.699836102709,1.0002097
3697.7021509253573,0.9951637
3697.7044657480074,0.9805304
3697.7067805706556,0.98932034
3697.7090953933052,0.98031646
3697.711410215953,0.986343
3697.7137250385135,0.9825918
3697.716039861037,0.98087215
3697.718354683562,0.9897273
3697.720669506085,0.9872727
3697.7229843286104,1.0001336
3697.725299151135,0.9924662
3697.72761397366,0.9866936
3697.7299287961855,0.98064655
3697.732243618708,0.9983325
3697.7345584412333,0.9888753
3697.736873263757,0.98324895
3697.7391880862815,0.9876262
3697.741502908805,0.9807196
3697.74381773133,0.9785033
3697.746132553853,0.9913162
3697.7484473763798,0.9959781
3697.7507621989034,0.97846025
3697.753077021428,0.9961017
3697.7553918438625,0.99109674
3697.757706666263,0.987592
3697.760021488662,0.9859636
3697.7623363110615,0.9827182
3697.7646511334615,0.98972505
3697.766965955861,1.0001947
3697.7692807782623,0.9923218
3697.77159560066,0.99001014
3697.773910423061,0.9979884
3697.7762252454595,0.99930644
3697.778540067859,0.98394215
3697.780854890258,0.99025404
3697.7831697126585,1.0068524
3697.7854845350566,0.9925011
3697.7877993574584,0.9972927
3697.790114179857,0.98319334
3697.792429002257,0.9806447
3697.7947438246556,0.99015176
3697.7970586469673,0.9933638
3697.799373469241,0.99260604
3697.8016882915153,0.99473166
3697.80400311379,0.9908545
3697.806317936064,0.98000085
3697.8086327583405,0.9883951
3697.8109475806127,0.9964888
3697.8132624028885,1.0050049
3697.8155772251625,0.9912817
3697.817892047437,0.9944388
3697.8202068697115,0.99299324
3697.822521691986,1.0090488
3697.82483651426,0.98409075
3697.8271513365344,0.98029023
3697.829466158809,0.9940737
3697.8317809810833,0.99447125
3697.8340958033573,1.0018646
3697.836410625633,1.0013598
3697.838725447818,0.99170476
3697.8410402699674,0.996282
3697.8433550921154,0.9833124
3697.8456699142635,0.9951384
3697.847984736414,0.9924361
3697.8502995585613,0.98385996
3697.852614380712,0.9954985
3697.8549292028597,1.0025682
3697.857244025009,0.99419945
3697.859558847158,0.9871248
3697.8618736693074,0.9975702
3697.8641884914555,0.9951693
3697.8665033136044,0.9993646
3697.8688181357534,1.0063814
3697.8711329579023,1.0061299
3697.873447780053,1.0028414
3697.875762602201,0.9980356
3697.87807742435,0.98974025
3697.8803922464094,0.9943776
3697.8827070684315,0.9909403
3697.885021890455,1.0038435
3697.887336712478,0.9892128
3697.8896515345004,0.9830473
3697.8919663565243,0.9900896
3697.8942811785464,0.99991417
3697.89659600057,1.001605
3697.8989108225933,1.005498
3697.901225644617,0.99196
3697.903540466639,0.98712987
3697.9058552886627,0.9893903
3697.908170110685,0.99747545
3697.910484932708,0.9818789
3697.912799754732,0.99069643
3697.9151145767537,1.0062923
3697.917429398778,1.0026002
3697.9197442208015,0.998763
3697.9220590427335,0.99784446
3697.9243738646305,1.0012904
3697.9266886865275,1.0017842
3697.929003508423,0.98176414
3697.931318330321,0.98631257
3697.933633152217,0.9997072
3697.935947974114,0.99603415
3697.938262796011,0.9954976
3697.940577617909,0.9960203
3697.9428924398044,0.9830076
3697.945207261702,0.99674875
3697.947522083599,1.0025727
3697.949836905495,0.99719334
3697.9521517273924,1.0004565
3697.9544665492876,0.99134976
3697.9567813711856,0.99744874
3697.959096193083,1.0007789
3697.9614110149782,0.9893561
3697.9637258367857,1.0008309
3697.9660406585567,0.9835261
3697.968355480325,1.0020914
3697.970670302096,0.9930712
3697.972985123866,0.9929819
3697.975299945636,0.9941956
3697.977614767405,0.9891468
3697.9799295891776,0.9939634
3697.982244410947,0.9987645
3697.9845592327174,1.0013161
3697.9868740544885,0.9895189
3697.989188876257,1.0026861
3697.991503698028,0.9839498
3697.9938185197966,0.9872337
3697.9961333415677,0.99849033
3697.998448163337,0.99558717
3698.000762985107,0.98409235
3698.0030778068776,0.99512297
3698.0053926285586,0.990385
3698.0077074502,1.0002552
3698.0100222718443,1.0014288
3698.012337093487,0.99119174
3698.0146519151294,0.9986747
3698.016966736772,0.9980796
3698.019281558417,0.98018616
3698.0215963800592,1.0015557
3698.023911201703,0.9878119
3698.026226023347,0.9799336
3698.0285408449886,0.99562836
3698.0308556666328,0.99257696
3698.033170488274,1.0050731
3698.035485309918,0.9962625
3698.0378001315603,0.9967292
3698.0401149532036,0.99791056
3698.042429774847,1.0090685
3698.0447445964915,0.9804715
3698.0470594180415,0.9822469
3698.049374239559,0.98539984
3698.0516890610747,1.0062246
3698.0540038825898,0.99353004
3698.056318704106,1.0001171
3698.058633525621,0.98043406
3698.060948347137,1.0082704
3698.063263168653,0.99488395
3698.0655779901676,0.9837693
3698.0678928116836,1.0046282
3698.070207633201,0.9884404
3698.0725224547145,0.98922974
3698.0748372762314,0.9913627
3698.0771520977473,0.9959007
3698.0794669192624,0.9943446
3698.081781740778,1.0067186
3698.0840965622947,0.98908764
3698.086411383809,0.9901368
3698.0887262052347,0.9836162
3698.091041026623,0.9958606
3698.09335584801,0.99526423
3698.095670669399,0.99065286
3698.097985490786,0.9847126
3698.100300312174,0.9965467
3698.1026151335623,0.9934725
3698.104929954949,0.99148154
3698.107244776337,0.9847393
3698.1095595977267,1.0067633
3698.1118744191126,0.98802865
3698.1141892405017,0.9891635
3698.11650406189,0.995861
3698.118818883277,0.99140227
3698.121133704665,0.99737793
3698.123448526054,0.9858536
3698.12576334744,0.99153817
3698.1280781688292,0.985517
3698.1303929901273,1.0013171
3698.132707811385,0.9972428
3698.135022632646,0.98697305
3698.1373374539057,0.9846808
3698.1396522751647,0.99994326
3698.1419670964247,0.9917161
3698.1442819176837,0.991688
3698.1465967389436,0.9960729
3698.1489115602044,1.0082809
3698.151226381462,0.9814856
3698.1535412027233,1.0036765
3698.1558560239832,0.98737156
3698.1581708452422,0.992174
3698.160485666502,0.9916184
3698.162800487763,0.99362034
3698.165115309021,0.9926379
3698.167430130282,1.0071297
3698.1697449515427,0.99185306
3698.172059772709,0.9874461
3698.1743745938415,0.9970815
3698.1766894149728,0.99537855
3698.179004236103,0.9837265
3698.1813190572343,0.9894995
3698.183633878366,1.0066019
3698.1859486994963,0.9926657
3698.1882635206284,0.99108404
3698.190578341758,0.99963236
3698.19289316289,0.9898716
3698.1952079840216,0.994721
3698.1975228051515,0.9943594
3698.1998376262836,0.9929306
3698.2021524474158,0.9878378
3698.204467268545,0.9990442
3698.2067820896773,0.99541956
3698.2090969108094,0.99496216
3698.211411731939,0.9824535
3698.2137265529796,0.98753923
3698.21604137398,0.9977171
3698.2183561949837,0.99325955
3698.2206710159858,0.9851987
3698.2229858369883,0.99762243
3698.2253006579895,0.9900283
3698.227615478993,0.9980752
3698.2299302999936,0.98593944
3698.2322451209966,0.9877249
3698.234559941999,0.9896164
3698.2368747630003,0.99491125
3698.239189584003,0.9906236
3698.2415044050063,0.98539674
3698.243819226009,0.99657965
3698.2461340470104,0.98880756
3698.2484488680134,0.9913382
3698.250763689014,0.9981855
3698.253078510017,0.9994241
3698.2553933309255,0.9915838
3698.2577081517993,0.98826295
3698.2600229726727,0.9778196
3698.262337793546,0.98143446
3698.264652614418,0.9971292
3698.266967435292,0.98066735
3698.269282256163,0.99951285
3698.271597077037,1.0021054
3698.27391189791,0.9838783
3698.276226718782,0.99352634
3698.278541539655,0.9854019
3698.2808563605295,0.998847
3698.2831711814024,0.99033284
3698.2854860022744,0.98534834
3698.2878008231482,0.9788507
3698.2901156440194,0.99426615
3698.292430464893,0.9789492
3698.2947452857643,0.9824696
3698.297060106546,0.98881537
3698.299374927289,0.998729
3698.301689748033,0.99287224
3698.304004568775,0.99982727
3698.3063193895196,0.9890778
3698.3086342102606,0.9846161
3698.310949031005,0.9841957
3698.313263851748,0.97527754
3698.3155786724906,0.9863342
3698.317893493235,0.9898388
3698.3202083139777,0.9918134
3698.3225231347215,0.98627317
3698.324837955464,0.99821496
3698.327152776208,1.0005383
3698.3294675969496,0.99164504
3698.331782417694,0.993019
3698.334097238436,0.99194914
3698.336412059179,0.98328197
3698.3387268798297,0.9968492
3698.341041700442,0.9951746
3698.343356521055,1.0004057
3698.3456713416695,0.9811909
3698.34798616228,0.99879575
3698.3503009828946,0.99843234
3698.352615803508,0.98627937
3698.3549306241207,0.9896131
3698.357245444734,0.9959332
3698.359560265347,0.9916713
3698.36187508596,0.9906648
3698.3641899065724,0.9805079
3698.3665047271857,0.9805586
3698.3688195477976,0.98608917
3698.371134368412,1.0003034
3698.373449189024,1.0077747
3698.3757640096374,0.99029595
3698.37807883025,0.99603355
3698.3803936507697,0.99164826
3698.382708471252,1.0007194
3698.3850232917357,0.993348
3698.387338112216,0.9891428
3698.3896529327003,0.98464555
3698.3919677531826,0.9935341
3698.3942825736654,1.000794
3698.3965973941476,0.991983
3698.3989122146304,0.9998571
3698.401227035112,0.98687404
3698.4035418555945,0.979898
3698.405856676077,0.98604816
3698.4081714965587,0.99382716
3698.4104863170423,0.98813516
3698.412801137524,0.9909316
3698.4151159580074,0.98829293
3698.4174307784892,0.99211717
3698.4197455989715,1.0026911
3698.42206041936,0.98352474
3698.4243752397124,0.9936805
3698.4266900600624,0.9884674
3698.4290048804146,0.99707997
3698.431319700767,0.9845774
3698.4336345211186,0.9880189
3698.435949341471,0.98656434
3698.4382641618217,0.99293554
3698.440578982172,0.9845777
3698.442893802524,0.9790977
3698.4452086228753,0.99532413
3698.447523443226,0.9994567
3698.4498382635784,0.98715353
3698.4521530839284,0.9936618
3698.454467904282,0.99219775
3698.456782724633,0.99622446
3698.4590975449846,0.9918994
3698.461412365335,0.9881151
3698.463727185594,0.99678427
3698.466042005813,0.99437684
3698.4683568260334,1.0002058
3698.470671646254,0.9926444
3698.472986466474,0.99053144
3698.4753012866954,0.9926644
3698.477616106915,0.99453783
3698.479930927135,0.9815233
3698.482245747355,0.9950125
3698.4845605675746,0.9879246
3698.4868753877936,0.99442744
3698.489190208015,0.9902695
3698.4915050282334,0.98393494
3698.4938198484556,0.98459107
3698.496134668675,0.989617
3698.4984494888954,1.0038338
3698.5007643091144,0.99070317
3698.5030791293357,0.97756577
3698.505393949461,0.9767241
3698.5077087695495,0.99748546
3698.510023589639,0.9932478
3698.5123384097255,1.0034808
3698.5146532298163,0.982737
3698.516968049902,0.9920953
3698.519282869992,0.9960049
3698.5215976900795,1.0011829
3698.523912510168,1.0025043
3698.5262273302565,0.988204
3698.528542150345,0.97838587
3698.5308569704316,0.99561715
3698.5331717905215,0.9943415
3698.535486610609,0.9849737
3698.537801430698,0.99034137
3698.540116250785,1.0077775
3698.542431070875,0.9896862
3698.5447458909625,0.9844927
3698.5470607109564,0.99505603
3698.549375530914,0.9866996
3698.5516903508683,0.9898496
3698.5540051708267,0.9938885
3698.5563199907806,0.9979304
3698.558634810738,0.99448526
3698.5609496306934,0.99789757
3698.5632644506495,0.9837819
3698.5655792706057,0.98688143
3698.5678940905623,0.9907808
3698.5702089105175,0.9944371
3698.5725237304737,0.98866373
3698.57483855043,1.000788
3698.577153370386,0.99377984
3698.5794681903412,1.0015603
3698.5817830102988,0.9982115
3698.5840978302544,0.9796167
3698.5864126502115,0.9852005
3698.588727470073,0.9886534
3698.591042289896,0.98759246
3698.5933571097203,0.9943463
3698.5956719295423,0.987314
3698.5979867493666,0.9927806
3698.6003015691895,0.9823619
3698.6026163890133,0.9949481
3698.604931208837,0.9910344
3698.6072460286614,0.9995666
3698.609560848483,0.99644685
3698.6118756683068,0.995504
3698.61419048813,0.9841832
3698.616505307954,0.98468095
3698.6188201277764,0.9942733
3698.621134947601,0.98681
3698.6234497674227,1.0004864
3698.625764587249,0.979716
3698.628079407072,0.9808705
3698.6303942268,0.991656
3698.6327090464906,0.9859483
3698.6350238661803,0.9815384
3698.637338685872,0.9941183
3698.6396535055615,0.98313105
3698.641968325252,0.9840539
3698.644283144943,0.9976579
3698.6465979646346,0.99117565
3698.6489127843233,0.99985975
3698.651227604015,1.0001544
3698.653542423705,0.9881111
3698.6558572433946,0.9865898
3698.6581720630843,0.9997182
3698.660486882776,0.9954621
3698.6628017024645,0.9875159
3698.6651165221574,0.9877716
3698.667431341847,0.98126847
3698.6697461615377,0.98803645
3698.672060981134,0.9999423
3698.674375800689,0.9888658
3698.676690620247,1.0066602
3698.6790054398034,0.9880204
3698.6813202593603,1.0093634
3698.6836350789163,0.98567754
3698.685949898476,0.98659176
3698.6882647180305,0.99279296
3698.690579537589,0.98483837
3698.692894357145,0.99312097
3698.695209176702,0.98578364
3698.6975239962594,0.9904152
3698.6998388158163,0.99508667
3698.7021536353714,1.000094
3698.7044684549305,0.9833606
3698.7067832744865,0.98984575
3698.709098094044,0.98380727
3698.711412913602,0.99019736
3698.7137277330617,0.9970874
3698.7160425524858,0.98571384
3698.718357371908,0.9893407
3698.7206721913312,0.9863152
3698.7229870107535,0.9922022
3698.725301830179,0.99305546
3698.7276166496,0.9965404
3698.7299314690245,0.99822414
3698.7322462884463,1.0037471
3698.7345611078695,0.99100137
3698.7368759272927,0.9918676
3698.739190746716,1.0067312
3698.741505566138,0.9944351
3698.7438203855613,0.99400723
3698.7461352049845,1.000866
3698.7484500244077,0.9956121
3698.7507648438323,0.97924626
3698.7530796632527,0.9935471
3698.755394482582,0.996743
3698.7577093018704,0.9917213
3698.7600241211585,0.99053746
3698.762338940447,0.98961866
3698.7646537597366,0.98698646
3698.766968579024,0.9957825
3698.7692833983133,0.9921369
3698.7715982176014,0.98028713
3698.7739130368905,0.9862485
3698.7762278561795,0.99649256
3698.778542675469,0.9935284
3698.7808574947558,0.9873827
3698.783172314045,0.99294484
3698.7854871333334,0.9958013
3698.7878019526224,0.99210316
3698.7901167719124,1.0044632
3698.792431591199,1.0054978
3698.794746410489,0.98726565
3698.7970612296817,0.99124765
3698.799376048835,0.9940415
3698.801690867989,0.9881725
3698.8040056871428,0.9966797
3698.806320506296,0.98103243
3698.8086353254507,0.9979017
3698.810950144604,0.9799268
3698.813264963758,0.9853564
3698.815579782912,0.9853145
3698.817894602065,0.9912256
3698.8202094212193,1.0079182
3698.822524240374,0.98400027
3698.8248390595263,1.0050805
3698.827153878681,0.99753964
3698.829468697836,0.9876125
3698.8317835169883,0.99909043
3698.834098336143,0.98708755
3698.8364131552976,1.0006894
3698.8387279743542,0.9892957
3698.841042793373,1.0042342
3698.8433576123925,1.0045658
3698.8456724314096,0.9868686
3698.847987250429,1.0011578
3698.850302069447,1.0058278
3698.8526168884655,0.9815871
3698.8549317074835,0.99931175
3698.8572465265024,0.98057055
3698.859561345521,0.98669785
3698.861876164541,0.99174863
3698.864190983558,0.9933622
3698.8665058025776,0.9911593
3698.868820621597,0.9915123
3698.871135440614,0.99472654
3698.8734502596335,0.9907508
3698.8757650786524,0.9812599
3698.8780798976704,0.99957883
3698.880394716593,0.99776703
3698.882709535477,1.0013636
3698.885024354358,1.0004603
3698.887339173242,0.99339306
3698.889653992124,0.99795413
3698.891968811007,0.99992836
3698.894283629889,0.9823574
3698.896598448772,0.9956387
3698.898913267655,0.9831302
3698.9012280865395,0.9886288
3698.90354290542,0.99851143
3698.9058577243045,0.9890779
3698.9081725431884,0.9941059
3698.9104873620695,0.99107045
3698.9128021809533,0.99106187
3698.915116999836,0.9813685
3698.917431818719,0.99851245
3698.9197466376017,0.9894414
3698.922061456389,0.9939467
3698.9243762751335,0.99852914
3698.926691093882,0.9907231
3698.929005912629,0.9969579
3698.9313207313744,1.0025098
3698.9336355501214,0.99328446
3698.9359503688675,0.9835068
3698.9382651876144,0.9891282
3698.940580006362,0.99860245
3698.942894825107,0.9928924
3698.9452096438554,0.9877009
3698.947524462603,0.98531234
3698.949839281348,0.98453677
3698.952154100096,0.9934071
3698.9544689188415,0.9892504
3698.9567837375885,0.9977429
3698.9590985563354,0.9956354
3698.961413375084,0.9841971
3698.9637281937307,1.0117831
3698.966043012342,1.0007678
3698.9683578309505,0.9985406
3698.970672649562,0.98615766
3698.972987468172,1.0015631
3698.9753022867812,0.9887135
3698.977617105392,0.9945537
3698.979931924003,0.9829915
3698.982246742611,0.9996634
3698.984561561222,0.9961959
3698.986876379833,1.0013214
3698.989191198442,0.9918605
3698.9915060170533,0.9970619
3698.9938208356634,0.9968962
3698.996135654273,0.99707973
3698.998450472883,1.0023402
3699.000765291494,0.99769115
3699.0030801101025,0.9895643
3699.005394928616,1.0008318
3699.0077097470876,0.9894956
3699.0100245655617,0.99883956
3699.012339384035,0.9863986
3699.0146542025072,0.99875194
3699.01696902098,0.9982425
3699.019283839454,0.99101996
3699.0215986579256,1.0023731
3699.0239134763997,0.98909426
3699.0262282948715,0.98558146
3699.0285431133448,0.9896096
3699.0308579318194,1.0006421
3699.0331727502926,1.0004381
3699.0354875687644,0.99271417
3699.0378023872377,0.9925946
3699.040117205712,0.98758096
3699.042432024183,0.9925281
3699.044746842657,0.9841878
3699.0470616610305,0.97267663
3699.049376479367,0.99827844
3699.0516912977027,1.0055199
3699.054006116037,0.9930017
3699.0563209343727,1.000053
3699.0586357527095,0.9897534
3699.060950571043,0.989512
3699.0632653893795,0.9835405
3699.065580207714,0.9904214
3699.0678950260494,0.99376166
3699.070209844386,0.9884538
3699.072524662722,0.9946162
3699.0748394810566,1.0104989
3699.077154299392,0.9987964
3699.0794691177284,0.9957453
3699.0817839360625,0.99284005
3699.084098754399,0.99444824
3699.0864135727325,0.9826029
3699.0887283909706,0.9915021
3699.091043209168,1.0060474
3699.0933580273645,0.9848506
3699.095672845562,0.991174
3699.0979876637607,0.99608994
3699.1003024819565,0.98938257
3699.102617300155,0.99633014
3699.1049321183523,0.9994205
3699.107246936549,0.9976524
3699.109561754746,0.98041975
3699.1118765729448,0.99961364
3699.114191391141,0.9810588
3699.116506209339,0.9898916
3699.118821027537,0.9959175
3699.121135845733,0.9981745
3699.1234506639316,0.9971205
3699.125765482127,0.9978994
3699.1280803003256,1.0066584
3699.1303951184245,0.99755996
3699.1327099364826,0.98991483
3699.135024754541,0.9904143
3699.1373395726014,0.9962404
3699.139654390658,0.992415
3699.1419692087184,0.9928861
3699.1442840267773,0.99854976
3699.1465988448354,0.99527466
3699.1489136628943,0.98527336
3699.151228480954,0.99808466
3699.153543299012,0.9783354
3699.155858117071,0.9876187
3699.1581729351306,0.99951607
3699.1604877531877,0.97488004
3699.162802571248,0.9878422
3699.165117389305,0.9947094
3699.167432207365,0.99494743
3699.169747025424,0.9776832
3699.172061843383,1.0069906
3699.1743766613026,0.99874693
3699.1766914792233,0.98688906
3699.1790062971418,1.0015742
3699.181321115063,0.9912239
3699.1836359329827,0.9848818
3699.1859507509016,0.98570144
3699.1882655688214,0.9826626
3699.190580386742,0.9825509
3699.19289520466,0.98258585
3699.1952100225813,1.0001711
3699.1975248405,1.0128895
3699.19983965842,0.99936175
3699.202154476341,1.0024012
3699.2044692942586,0.98325026
3699.20678411218,0.9916526
3699.2090989300996,0.99816245
3699.21141374802,0.9929827
3699.213728565839,0.9900843
3699.21604338362,0.9833623
3699.218358201399,0.98228335
3699.22067301918,0.9885314
3699.222987836961,0.9934374
3699.2253026547396,0.99082637
3699.2276174725207,0.9931216
3699.229932290302,0.9946361
3699.23224710808,0.9903073
3699.2345619258613,0.99283266
3699.23687674364,0.98304343
3699.239191561421,0.98392993
3699.2415063792023,0.99536806
3699.2438211969807,1.0030749
3699.2461360147627,0.9857806
3699.248450832543,1.0035713
3699.250765650323,0.9883497
3699.253080468103,0.9826081
3699.255395285784,0.9879949
3699.2577101034226,0.990511
3699.2600249210636,1.0012565
3699.2623397387038,0.9929331
3699.264654556343,0.99631864
3699.2669693739836,0.98423505
3699.269284191624,0.99293214
3699.2715990092634,0.99350584
3699.273913826905,0.9902198
3699.276228644543,0.98783445
3699.278543462184,0.98265797
3699.280858279825,0.97353303
3699.283173097464,0.98584026
3699.285487915105,0.9808989
3699.2878027327456,0.99554414
3699.2901175503857,1.0005333
3699.2924323680254,0.9938926
3699.2947471856664,0.97699565
3699.2970620032047,1.0025929
3699.299376820705,0.98989975
3699.301691638205,1.0006635
3699.3040064557035,0.9931804
3699.3063212732036,0.99689776
3699.3086360907023,0.98146564
3699.310950908202,0.99279726
3699.313265725703,0.9929353
3699.3155805432,0.99029326
3699.317895360701,0.9927347
3699.320210178201,1.0026946
3699.322524995701,0.9851353
3699.3248398132005,0.99579346
3699.3271546307,0.98506016
3699.3294694482,0.9976993
3699.3317842656984,1.0017511
3699.3340990831994,0.990115
3699.336413900697,0.980038
3699.338728718097,0.9880199
3699.341043535456,0.9894738
3699.3433583528135,0.97953284
3699.345673170172,1.0100433
3699.34798798753,0.9873858
3699.3503028048885,0.9809091
3699.3526176222485,1.001638
3699.3549324396045,0.99963796
3699.3572472569645,0.9919799
3699.359562074323,0.99091524
3699.3618768916817,0.9998079
3699.3641917090395,1.002681
3699.366506526399,1.0035155
3699.3688213437567,0.9971685
3699.371136161115,0.99508953
3699.373450978475,0.99677444
3699.3757657958313,0.99267155
3699.3780806131913,0.9889733
3699.380395430449,0.98848945
3699.3827102476657,0.9861055
3699.385025064882,0.98416966
3699.387339882099,0.99285924
3699.389654699315,0.9952553
3699.3919695165328,0.98087406
3699.394284333748,0.9938132
3699.396599150966,0.98626757
3699.398913968183,0.9828254
3699.4012287854002,1.0007061
3699.403543602616,0.9874915
3699.405858419834,0.9956643
3699.408173237049,0.98237526
3699.410488054267,0.9791914
3699.412802871485,0.9774202
3699.4151176887,0.9890829
3699.4174325059184,1.0038056
3699.419747323135,0.9947628
3699.422062140251,1.0054575
3699.424376957325,0.9856274
3699.4266917743994,0.9937647
3699.4290065914734,0.99498546
3699.431321408549,0.9903891
3699.433636225622,0.9955564
3699.4359510426975,1.0002722
3699.4382658597724,0.9912466
3699.4405806768477,0.98023576
3699.4428954939217,0.98972446
3699.4452103109975,0.9908545
3699.44752512807,0.99666566
3699.449839945146,0.99131227
3699.4521547622217,0.9838193
3699.4544695792947,0.9791729
3699.45678439637,0.9800784
3699.459099213443,0.9907522
3699.4614140305202,0.98938876
3699.4637288474923,0.99471
3699.4660436644244,0.9882289
3699.4683584813556,0.98449147
3699.4706732982886,0.99475616
3699.47298811522,1.0044883
3699.475302932152,0.9952595
3699.477617749084,0.9875671
3699.479932566015,0.99325997
3699.482247382947,0.98941815
3699.4845621998807,0.99463934
3699.4868770168105,0.9835434
3699.489191833744,1.0046386
3699.491506650676,0.9957781
3699.4938214676076,0.9847083
3699.4961362845397,0.99290353
3699.49845110147,1.0075191
3699.5007659184043,0.9872166
3699.503080735335,1.0006126
3699.5053955521657,0.99085546
3699.5077103689537,1.0016935
3699.5100251857434,0.98074687
3699.5123400025313,0.9987523
3699.5146548193197,1.0051613
3699.5169696361086,0.99536437
3699.5192844528965,0.992302
3699.5215992696853,0.99998295
3699.5239140864755,0.9771774
3699.526228903262,0.98754805
3699.5285437200523,0.9926245
3699.530858536841,0.9777138
3699.53317335363,0.9920944
3699.5354881704175,0.9944943
3699.5378029872063,0.9882409
3699.540117803995,0.9770731
3699.542432620784,0.97853637
3699.544747437573,0.99980944
3699.5470622542584,1.0017719
3699.5493770709045,0.9917223
3699.5516918875487,0.98521185
3699.5540067041943,0.98250043
3699.5563215208385,0.99499696
3699.5586363374837,0.9786142
3699.5609511541275,0.9997918
3699.5632659707735,0.9846562
3699.5655807874164,0.9960174
3699.5678956040624,0.9891186
3699.570210420708,0.98060757
3699.5725252373527,0.9970274
3699.574840053997,0.9991281
3699.577154870642,0.9942904
3699.579469687286,0.99432653
3699.581784503932,0.982367
3699.5840993205766,0.97772354
3699.586414137221,0.99826986
3699.588728953764,0.9944282
3699.5910437702623,0.9909333
3699.5933585867656,0.99284685
3699.595673403265,0.9856711
3699.5979882197657,0.9950945
3699.6003030362654,0.9833714
3699.602617852767,0.9870594
3699.6049326692655,0.9821702
3699.607247485767,0.98516744
3699.6095623022657,0.9861884
3699.6118771187685,0.98843557
3699.614191935268,0.99024427
3699.6165067517686,0.9902374
3699.6188215682682,1.0041924
3699.6211363847697,0.9942115
3699.6234512012693,0.98530185
3699.62576601777,0.9929941
3699.6280808342713,1.0014
3699.6303956506667,0.99892956
3699.632710467025,0.98932743
3699.6350252833795,0.9939902
3699.637340099735,0.99710065
3699.6396549160895,0.99061656
3699.6419697324463,1.0003918
3699.644284548801,0.9829776
3699.6465993651564,0.9949962
3699.648914181511,0.9947621
3699.651228997867,0.9897057
3699.6535438142223,0.9831342
3699.6558586305778,0.99787384
3699.6581734469323,0.9839841
3699.6604882632896,0.99289966
3699.662803079644,0.9891645
3699.6651178960005,0.98661065
3699.667432712355,0.9844059
3699.6697475287096,0.9920488
3699.672062344962,0.9999712
3699.6743771611727,0.99710613
3699.676691977383,0.97859997
3699.679006793592,0.98379284
3699.681321609803,0.9976651
3699.683636426012,0.9978703
3699.685951242222,0.99003965
3699.6882660584315,0.9795999
3699.6905808746415,0.99278134
3699.6928956908514,0.9888128
3699.6952105070613,0.9816646
3699.6975253232704,0.9966353
3699.6998401394817,0.98794365
3699.7021549556894,0.9913643
3699.7044697719016,0.99552673
3699.706784588111,0.9931129
3699.709099404321,0.9912767
3699.71141422053,0.9893726
3699.713729036637,1.0083661
3699.716043852699,0.9843788
3699.7183586687634,0.97810715
3699.7206734848287,0.9913655
3699.7229883008918,0.9920307
3699.7253031169566,0.9929183
3699.7276179330183,0.9857793
3699.729932749083,0.9799502
3699.7322475651463,0.98922974
3699.73456238121,0.9972351
3699.736877197273,0.9961028
3699.7391920133377,0.9906975
3699.7415068293994,0.99116343
3699.7438216454657,0.9786712
3699.7461364615287,0.9936829
3699.7484512775923,0.9951147
3699.7507660936553,0.9890028
3699.75308090972,0.981108
3699.7553957256787,0.98807406
3699.7577105415958,0.97969836
3699.7600253575106,0.98094237
3699.7623401734286,0.9821923
3699.764654989348,0.9907656
3699.766969805263,0.9780879
3699.769284621181,0.9723758
3699.7715994370974,0.9789647
3699.7739142530145,0.99030244
3699.7762290689307,1.0056475
3699.7785438848487,0.9831732
3699.780858700764,0.97863466
3699.7831735166833,0.9943233
3699.7854883325995,0.9960238
3699.7878031485166,1.0014949
3699.7901179644323,0.9837662
3699.7924327803503,0.9906968
3699.7947475962665,0.993942
3699.7970624120785,0.9870351
3699.7993772278473,0.9791254
3699.801692043617,0.9990557
3699.804006859387,0.9902107
3699.8063216751566,0.98286337
3699.8086364909273,0.9918058
3699.810951306696,0.98875874
3699.813266122466,0.988215
3699.8155809382356,0.99327874
3699.817895754005,0.990439
3699.8202105697737,0.9997831
3699.8225253855435,0.97486615
3699.8248402013132,0.9739176
3699.827155017083,0.9881362
3699.8294698328514,0.99762684
3699.8317846486225,0.988783
3699.8340994643913,0.987585
3699.836414280162,0.9866097
3699.8387290958244,0.991112
3699.841043911446,0.9839224
3699.8433587270674,0.9977592
3699.8456735426894,0.99159914
3699.84798835831,0.9867652
3699.850303173933,0.98357785
3699.852617989552,0.9856161
3699.8549328051763,0.98465806
3699.857247620798,0.9828023
3699.8595624364184,0.98973984
3699.8618772520404,0.9913263
3699.864192067662,0.9896814
3699.8665068832834,0.9897295
3699.868821698904,0.98310465
3699.8711365145273,0.99385285
3699.8734513301465,0.9911777
3699.8757661457703,0.9869763
3699.8780809613904,0.9957503
3699.880395776907,0.9846824
3699.8827105923788,0.9965575
3699.885025407852,1.0001252
3699.887340223324,0.9958079
3699.889655038798,0.99048054
3699.891969854269,0.99238557
3699.894284669744,0.9790751
3699.8965994852165,0.9989974
3699.8989143006893,0.99211544
3699.901229116163,0.9897452
3699.9035439316353,0.9800725
3699.905858747108,0.9864988
3699.90817356258,0.9895532
3699.9104883780533,0.98491937
3699.912803193525,0.9929884
3699.9151180090007,0.995001
3699.9174328244712,0.99175733
3699.9197476399454,0.99596643
3699.9220624553113,0.9901365
3699.924377270635,0.981975
3699.9266920859586,0.99081045
3699.9290069012823,0.9951476
3699.931321716604,0.9886369
3699.9336365319286,0.9985071
3699.9359513472523,0.9918338
3699.9382661625764,0.9909494
3699.940580977899,0.975866
3699.9428957932237,0.9775085
3699.9452106085464,0.98584133
3699.94752542387,0.9871563
3699.9498402391937,0.98710924
3699.9521550545164,0.9887015
3699.9544698698423,0.98535985
3699.9567846851637,0.9851631
3699.9590995004887,0.9928908
3699.9614143158115,0.9992661
3699.9637291310282,0.9931807
3699.9660439462023,0.99230635
3699.968358761376,0.9856883
3699.9706735765485,0.99182606
3699.972988391722,0.99389464
3699.9753032068957,0.983219
3699.9776180220697,0.9784397
3699.9799328372424,0.989338
3699.9822476524173,0.9805689
3699.98456246759,0.994259
3699.986877282765,0.975376
3699.9891920979367,0.9906561
3699.991506913111,0.99025613
3699.9938217282847,0.9770462
3699.9961365434574,0.9968915
3699.9984513586323,0.98335713
3700.000766173805,0.98928785
3700.003080988979,0.98670465
3700.0053958040453,0.99085855
3700.0077106190693,0.9979969
3700.0100254340905,0.9884227
3700.0123402491135,0.9908551
3700.0146550641366,0.9915174
3700.0169698791597,0.9903046
3700.019284694182,0.9697557
3700.021599509206,0.9832127
3700.023914324227,0.9841475
3700.0262291392523,0.98473436
3700.0285439542736,0.99553704
3700.0308587692975,0.9815409
3700.0331735843197,0.9892351
3700.0354883993427,0.9917822
3700.037803214365,0.99138474
3700.040118029389,0.9909696
3700.042432844412,0.9928381
3700.044747659434,0.9947246
3700.0470624743516,0.9802926
3700.0493772892214,0.9885556
3700.051692104094,0.9929399
3700.0540069189647,0.9890796
3700.0563217338363,0.98786116
3700.058636548707,0.9764275
3700.060951363579,0.9844489
3700.06326617845,0.9821804
3700.0655809933237,0.9915176
3700.067895808193,0.983985
3700.070210623066,0.9788151
3700.0725254379367,0.9798579
3700.074840252809,0.9773866
3700.0771550676805,0.99372286
3700.079469882552,0.9801879
3700.081784697423,0.9926596
3700.0840995122944,0.995902
3700.086414327166,0.9924114
3700.08872914193,0.99972916
3700.0910439566505,0.97697395
3700.0933587713694,0.9871145
3700.095673586089,0.99758494
3700.097988400809,0.99347085
3700.1003032155277,0.987324
3700.1026180302465,0.9894478
3700.104932844967,0.98269355
3700.1072476596855,0.9911304
3700.1095624744066,0.98148227
3700.1118772891255,0.9909931
3700.114192103845,0.98749405
3700.116506918565,0.9973032
3700.1188217332847,0.99986756
3700.1211365480035,0.98919386
3700.1234513627232,0.9968794
3700.1257661774425,0.99809915
3700.1280809921623,0.9818601
3700.1303958067724,0.9921572
3700.1327106213407,0.984912
3700.1350254359077,0.9926834
3700.1373402504746,0.9868212
3700.1396550650406,0.98403937
3700.1419698796076,0.9864577
3700.1442846941745,0.9927893
3700.1465995087406,1.0005835
3700.1489143233084,0.9817648
3700.1512291378745,0.9843931
3700.1535439524414,0.980362
3700.155858767009,1.0109161
3700.1581735815766,0.99502903
3700.160488396142,1.0035326
3700.1628032107096,0.9873574
3700.1651180252757,0.98541427
3700.1674328398426,1.0005201
3700.1697476544086,0.98641276
3700.1720624688674,0.9903087
3700.174377283279,0.99092394
3700.1766920976947,0.9656444
3700.1790069121057,0.98249596
3700.1813217265208,0.98387015
3700.183636540934,0.98471934
3700.185951355347,0.9822597
3700.1882661697614,0.98775005
3700.1905809841737,0.99549645
3700.1928957985874,0.9979204
3700.1952106129997,0.98293126
3700.1975254274157,0.99314624
3700.199840241827,0.963079
3700.2021550562417,0.99085146
3700.204469870654,1.0041143
3700.2067846850678,0.9947063
3700.2090994994805,0.98592716
3700.211414313894,0.98214895
3700.2137291281965,0.9901577
3700.216043942457,0.9949114
3700.218358756715,0.9777742
3700.220673570976,0.98070985
3700.222988385234,0.99086404
3700.2253031994937,0.9887641
3700.227618013753,0.99805826
3700.2299328280124,0.99126494
3700.2322476422714,0.9956523
3700.23456245653,0.99567276
3700.2368772707914,0.987289
3700.2391920850487,0.98497033
3700.241506899309,0.9930754
3700.2438217135677,0.9922901
3700.246136527827,0.99796796
3700.2484513420864,0.985676
3700.2507661563445,0.9964377
3700.253080970604,0.98419863
3700.2553957847526,0.9986556
3700.257710598856,0.98992604
3700.2600254129616,0.9846041
3700.262340227065,0.97867966
3700.26465504117,0.98311114
3700.266969855274,0.98608834
3700.2692846693794,0.99546635
3700.271599483482,0.97792965
3700.2739142975865,0.9827412
3700.276229111691,0.98915696
3700.278543925795,0.9956438
3700.280858739901,0.99950755
3700.2831735540044,0.9838919
3700.285488368109,0.98957
3700.2878031822133,0.98172414
3700.2901179963164,0.97794193
3700.292432810421,0.99165815
3700.2947476245254,0.9856153
3700.297062438518,0.98686916
3700.2993772524674,0.98916674
3700.3016920664154,0.9809896
3700.304006880364,0.9907702
3700.306321694312,0.99212664
3700.3086365082627,0.9827167
3700.3109513222093,0.98911494
3700.313266136159,0.9778099
3700.315580950107,0.9783149
3700.3178957640557,0.9868475
3700.3202105780033,0.9945885
3700.3225253919527,0.9788893
3700.3248402059,0.985019
3700.327155019849,0.97728574
3700.3294698337986,0.99258274
3700.331784647747,0.9846811
3700.334099461697,0.97630167
3700.3364142756436,0.98657167
3700.3387290894816,0.9896149
3700.341043903273,0.9904524
3700.3433587170653,0.99666446
3700.3456735308564,0.9868453
3700.347988344651,0.9919149
3700.350303158441,0.9850221
3700.3526179722344,0.98000115
3700.354932786026,0.9904945
3700.357247599818,0.99268293
3700.35956241361,0.98536724
3700.3618772274017,0.98813593
3700.364192041193,0.98548615
3700.366506854986,0.9897505
3700.3688216687774,0.9853897
3700.371136482571,0.99854
3700.3734512963615,0.9788938
3700.3757661101545,0.9718092
3700.3780809239474,0.9853645
3700.3803957376267,0.9815754
3700.382710551262,0.98003894
3700.3850253648957,0.9769209
3700.3873401785318,0.9953721
3700.3896549921656,0.97834915
3700.391969805802,0.98193717
3700.394284619436,0.9873993
3700.396599433071,0.99341315
3700.3989142467058,0.98344254
3700.40122906034,0.9909537
3700.403543873975,0.9780634
3700.40585868761,0.99755406
3700.408173501244,0.9848286
3700.41048831488,0.99201614
3700.412803128514,0.98280776
3700.4151179421488,0.98203313
3700.417432755783,0.990216
3700.41974756942,0.99780786
3700.4220623829406,0.9808303
3700.4243771964184,0.98046166
3700.4266920098944,0.9851105
3700.4290068233713,0.98198867
3700.431321636849,0.9885049
3700.433636450325,0.97379917
3700.4359512638025,0.9784121
3700.4382660772794,0.9887849
3700.4405808907554,0.9834816
3700.4428957042323,0.99876744
3700.4452105177093,0.9941762
3700.4475253311853,0.9887667
3700.449840144663,0.9855819
3700.452154958139,0.9804667
3700.454469771616,1.0008912
3700.4567845850916,0.9949885
3700.4590993985707,0.98502064
3700.461414212046,0.99455184
3700.463729025411,0.9885467
3700.4660438387277,0.9816325
3700.468358652046,0.9808126
3700.470673465363,0.9829346
3700.472988278682,0.9876896
3700.475303091998,0.9897417
3700.477617905317,0.98988277
3700.479932718635,0.97800297
3700.4822475319534,0.9740291
3700.4845623452725,0.98052263
3700.4868771585884,0.9911349
3700.4891919719075,0.9852133
3700.4915067852244,0.9828694
3700.4938215985426,0.9906816
3700.49613641186,0.99128956
3700.4984512251785,0.9804656
3700.500766038496,0.9940112
3700.503080851815,0.98431593
3700.5053956650186,0.99477065
3700.5077104781767,0.9806036
3700.5100252913353,0.98137957
3700.5123401044925,0.9985054
3700.5146549176507,0.98315656
3700.5169697308093,0.98279786
3700.5192845439665,0.9879725
3700.5215993571255,0.9858531
3700.523914170283,0.98584545
3700.526228983442,0.99055815
3700.528543796601,0.9886676
3700.5308586097594,0.97215647
3700.5331734229167,0.98374367
3700.5354882360743,0.9836307
3700.5378030492334,0.98798203
3700.5401178623906,0.98114216
3700.5424326755506,0.9761824
3700.5447474887073,0.993177
3700.547062301752,0.9858174
3700.5493771147494,0.97984844
3700.551691927746,0.99319804
3700.554006740744,0.98064035
3700.556321553742,0.988315
3700.5586363667385,0.9830947
3700.5609511797375,0.9938968
3700.563265992734,0.99087757
3700.5655808057318,0.9963382
3700.5678956187285,0.98862654
3700.570210431729,0.9908594
3700.5725252447246,0.9877394
3700.574840057723,0.9905303
3700.5771548707203,0.98851156
3700.579469683718,0.98094976
3700.5817844967164,1.0042244
3700.584099309713,0.9915037
3700.586414122711,0.9906278
3700.588728935593,0.9819823
3700.59104374843,0.9880482
3700.593358561266,0.983694
3700.595673374103,0.9886531
3700.5979881869375,0.995339
3700.600302999775,0.98378354
3700.6026178126103,0.9878083
3700.6049326254465,0.9872964
3700.6072474382822,0.99275637
3700.6095622511207,0.9959289
3700.6118770639546,0.98031634
3700.6141918767926,0.9947807
3700.616506689628,0.99599385
3700.618821502464,0.9892235
3700.6211363153006,0.9889407
3700.623451128137,0.9969256
3700.625765940971,0.9846902
3700.6280807538083,0.9978659
3700.6303955665285,0.9919129
3700.6327103792037,0.98406947
3700.6350251918784,0.97967565
3700.637340004551,0.9896692
3700.6396548172256,0.9855143
3700.6419696298985,0.9902147
3700.644284442573,0.9945543
3700.6465992552457,0.9838058
3700.648914067921,0.9930983
3700.651228880594,0.9919408
3700.653543693269,0.9893451
3700.6558585059424,0.9841864
3700.6581733186163,1.0032655
3700.6604881312905,0.98152703
3700.6628029439635,0.986438
3700.6651177566373,0.99322754
3700.6674325693116,0.99573696
3700.6697473819845,0.98486274
3700.6720621945433,0.98346233
3700.674377007053,0.9932393
3700.676691819564,0.9907158
3700.6790066320737,0.9818804
3700.681321444587,0.99176747
3700.6836362570966,0.97971153
3700.6859510696077,0.98319787
3700.6882658821182,0.9894825
3700.6905806946284,0.9958497
3700.69289550714,0.9934508
3700.69521031965,0.98290867
3700.697525132161,0.98623544
3700.6998399446707,0.9853194
3700.7021547571817,0.9849047
3700.7044695696927,0.9826176
3700.7067843822033,0.9941903
3700.7090991947134,0.99315065
3700.711414007225,0.9980548
3700.713728819618,0.9845235
3700.7160436319646,0.98182774
3700.7183584443105,0.9924472
3700.720673256659,0.9912384
3700.7229880690043,1.0092897
3700.7253028813516,0.99718344
3700.7276176936975,1.0005223
3700.7299325060444,0.980517
3700.732247318391,0.9962082
3700.7345621307377,0.9866037
3700.736876943084,0.9873865
3700.73919175543,0.9914128
3700.7415065677765,1.0026813
3700.743821380124,0.98218477
3700.746136192471,0.99397355
3700.748451004816,0.99787265
3700.750765817164,0.9956419
3700.7530806295094,0.9895327
3700.7553954417385,0.98979336
3700.7577102539194,0.98042053
3700.760025066102,0.9852502
3700.7623398782825,0.99584645
3700.7646546904657,0.98952174
3700.766969502646,0.9913935
3700.769284314828,0.9831151
3700.7715991270093,0.97577435
3700.773913939191,0.9878991
3700.776228751372,0.9909005
3700.7785435635533,0.98580194
3700.780858375734,0.9865154
3700.7831731879164,0.9872165
3700.7854880000973,0.98728937
3700.7878028122796,0.9902003
3700.790117624462,0.9894167
3700.7924324366436,0.9862742
3700.794747248824,0.99959266
3700.7970620608876,0.991749
3700.7993768729034,0.98999935
3700.801691684918,0.99845344
3700.804006496935,0.9934161
3700.806321308949,0.98961025
3700.8086361209653,1.0051303
3700.8109509329797,0.9863097
3700.8132657449955,0.9938898
3700.815580557011,0.9973607
3700.8178953690267,1.0018792
3700.820210181041,0.9767406
3700.822524993058,0.9828148
3700.8248398050728,0.9843624
3700.827154617088,0.98447645
3700.829469429103,0.98825043
3700.8317842411207,0.98442847
3700.8340990531347,0.9870957
3700.836413865151,0.9948066
3700.8387286770467,0.9924683
3700.8410434888956,0.9899682
3700.843358300745,0.98721606
3700.8456731125925,0.98615783
3700.8479879244414,0.99352384
3700.850302736289,0.9826233
3700.852617548138,0.977427
3700.854932359987,0.9884762
3700.857247171836,0.9770747
3700.859561983683,0.9867151
3700.8618767955327,0.9887733
3700.8641916073802,0.986167
3700.8665064192287,0.994622
3700.8688212310767,0.9806708
3700.871136042926,0.99399984
3700.8734508547736,0.9956756
3700.875765666624,0.9951944
3700.8780804784715,0.99123955
3700.8803952902003,0.9919491
3700.882710101881,1.0026213
3700.8850249135617,0.9982173
3700.8873397252414,0.9843318
3700.889654536922,0.9933947
3700.891969348601,0.9828575
3700.894284160284,0.9998242
3700.8965989719654,0.9883698
3700.8989137836443,0.9798328
3700.901228595326,0.9792381
3700.9035434070065,0.9916891
3700.9058582186863,1.0045455
3700.908173030366,0.9992177
3700.9104878420476,0.9837567
3700.9128026537273,0.9963096
3700.9151174654094,0.9959334
3700.917432277089,0.9944162
3700.91974708877,1.0062279
3700.922061900329,0.9871078
3700.924376711842,0.98819005
3700.9266915233525,0.9834162
3700.929006334864,1.0013216
3700.931321146375,0.9910691
3700.9336359578874,0.99563944
3700.9359507693985,1.0014362
3700.93826558091,0.9806342
3700.9405803924205,0.9862313
3700.9428952039348,0.99084014
3700.9452100154444,0.99296993
3700.947524826957,0.9883874
3700.949839638469,1.0089304
3700.9521544499794,0.9837429
3700.9544692614922,0.97701913
3700.956784073003,0.99437356
3700.959098884515,0.98555547
3700.9614136960254,1.0118641
3700.9637285074164,0.99018484
3700.966043318758,0.9990137
3700.9683581301006,0.98380363
3700.97067294144,0.98277074
3700.972987752783,0.99201953
3700.975302564124,1.0051283
3700.9776173754653,0.9785526
3700.9799321868063,0.98713607
3700.982246998149,0.984095
3700.9845618094896,0.9882169
3700.9868766208324,0.99034655
3700.9891914321734,0.9905018
3700.991506243515,0.9920803
3700.9938210548567,0.98600465
3700.996135866198,0.981063
3700.998450677538,0.98830235
3701.0007654888805,0.99170214
3701.0030803002205,0.9830537
3701.005395111443,0.98629504
3701.007709922614,0.98753333
3701.0100247337828,0.9860846
3701.0123395449546,0.99927837
3701.014654356124,0.99302405
3701.0169691672945,0.9808323
3701.0192839784645,0.99689054
3701.021598789636,0.98682296
3701.0239136008054,0.9805062
3701.0262284119776,0.9790046
3701.028543223147,0.9856078
3701.030858034318,0.9887757
3701.0331728454876,0.99416566
3701.035487656659,0.98811173
3701.037802467829,0.9817073
3701.0401172789993,0.9919158
3701.042432090169,0.9903091
3701.0447469013407,0.992361
3701.047061712388,0.98056287
3701.049376523387,0.9971956
3701.0516913343836,0.9837505
3701.0540061453844,0.9754345
3701.056320956381,0.9854785
3701.0586357673806,0.9883579
3701.060950578379,0.9999701
3701.063265389376,0.98412335
3701.0655802003766,0.9797506
3701.0678950113734,0.984441
3701.0702098223724,0.9870645
3701.07252463337,0.9870838
3701.0748394443704,0.98677033
3701.077154255367,0.9984045
3701.0794690663656,0.98928034
3701.0817838773633,0.9969273
3701.0840986883622,1.0027491
3701.08641349936,0.9994019
3701.088728310235,0.985652
3701.0910431210596,0.9887327
3701.093357931886,0.9830389
3701.0956727427106,0.9828144
3701.0979875535368,0.98266095
3701.100302364361,0.98889416
3701.1026171751864,0.98832405
3701.104931986011,0.99486476
3701.107246796837,0.9797382
3701.1095616076605,0.9828594
3701.1118764184866,0.9932852
3701.11419122931,0.98978037
3701.1165060401377,0.9815823
3701.118820850964,0.9806962
3701.121135661787,0.9735278
3701.123450472613,0.9899892
3701.1257652834374,0.9709921
3701.1280800942627,0.99011385
3701.130394904963,0.991001
3701.132709715615,0.9786376
3701.135024526265,0.9841178
3701.137339336917,0.9895894
3701.1396541475674,0.99076736
3701.1419689582185,0.98886156
3701.1442837688683,0.98799306
3701.1465985795203,0.9923438
3701.14891339017,0.98727995
3701.151228200821,0.98891
3701.1535430114704,0.9826343
3701.155857822123,0.99294287
3701.158172632773,0.9921308
3701.1604874434247,0.9849737
3701.1628022540744,0.98624694
3701.1651170647274,0.9768294
3701.167431875376,0.98618084
3701.1697466860273,0.983687
3701.1720614965543,0.97984
3701.174376307028,0.98129344
3701.176691117506,0.9919811
3701.17900592798,0.9906555
3701.1813207384557,0.9862137
3701.1836355489304,0.98313826
3701.185950359407,0.9778961
3701.188265169881,0.9973619
3701.1905799803567,0.9974054
3701.1928947908314,0.99996006
3701.195209601308,0.9851954
3701.1975244117825,0.9898448
3701.1998392222577,0.995062
3701.2021540327323,1.0064855
3701.2044688432093,0.9981968
3701.206783653684,0.98543185
3701.2090984641604,0.9735856
3701.2114132746347,0.9894163
3701.2137280849847,0.9928214
3701.2160428952825,0.9923882
3701.2183577055825,0.9897964
3701.2206725158794,0.97478724
3701.222987326179,0.9827225
3701.2253021364786,0.9853084
3701.2276169467773,0.97347546
3701.2299317570773,0.9741379
3701.232246567374,0.99626684
3701.2345613776733,0.98658925
3701.236876187972,0.9968514
3701.2391909982707,0.98021996
3701.241505808569,0.99075264
3701.243820618869,0.9960209
3701.2461354291668,0.97803986
3701.248450239467,0.9899603
3701.250765049765,0.9931899
3701.2530798600637,0.99192494
3701.255394670235,0.9908212
3701.2577094803573,0.98603714
3701.2600242904764,0.9932318
3701.2623391005986,0.9792247
3701.2646539107177,0.99523294
3701.2669687208413,0.9762482
3701.2692835309613,0.9920553
3701.2715983410826,0.9921161
3701.2739131512026,0.99499357
3701.276227961325,0.9878089
3701.278542771445,0.98377174
3701.280857581566,0.9855683
3701.283172391687,0.98712164
3701.2854872018074,0.9892775
3701.2878020119306,0.98350257
3701.2901168220505,0.98571277
3701.292431632172,0.9799267
3701.294746442292,0.97907555
3701.2970612522868,0.9839918
3701.299376062228,0.9847923
3701.30169087217,0.9946166
3701.3040056821114,0.9912161
3701.306320492054,0.98089594
3701.3086353019953,0.98880494
3701.3109501119375,0.9982069
3701.3132649218787,0.98797303
3701.3155797318223,0.998928
3701.3178945417635,1.0014027
3701.3202093517066,0.99442893
3701.322524161648,0.99097526
3701.324838971589,1.0013881
3701.3271537815313,0.983721
3701.3294685914743,0.98555744
3701.331783401414,0.9893098
3701.3340982113577,0.98784107
3701.3364130213,0.9838642
3701.338727831114,0.98479176
3701.341042640875,0.9898529
3701.3433574506366,0.9923871
3701.3456722603987,0.98031336
3701.347987070161,0.9782804
3701.3503018799224,0.98448503
3701.3526166896836,0.9820576
3701.354931499447,0.9827302
3701.3572463092078,0.99618924
3701.3595611189708,0.99670017
3701.361875928732,0.9968735
3701.3641907384936,0.98711616
3701.3665055482547,1.0063066
3701.3688203580177,1.0007011
3701.3711351677775,0.9844195
3701.3734499775405,0.9830667
3701.3757647873026,1.0004226
3701.3780795970647,0.9912984
3701.3803944066967,0.9938934
3701.3827092162774,0.99486375
3701.3850240258566,0.98719555
3701.387338835438,0.98672074
3701.389653645018,0.9960542
3701.391968454598,0.9755286
3701.3942832641787,0.9748936
3701.3965980737585,0.9825882
3701.3989128833387,0.99562997
3701.4012276929207,0.98386204
3701.4035425025013,0.98644274
3701.4058573120806,0.979694
3701.408172121662,0.9790518
3701.410486931242,0.9835443
3701.412801740822,0.98455304
3701.415116550401,0.9782571
3701.4174313599833,0.9918028
3701.4197461695626,0.97395414
3701.4220609790136,0.9772583
3701.4243757884105,0.98519015
3701.4266905978093,0.98633534
3701.429005407206,1.0022591
3701.431320216604,0.9817138
3701.4336350260014,0.9794789
3701.4359498353983,0.98636484
3701.438264644796,0.9923379
3701.4405794541954,0.97428143
3701.442894263591,0.9946141
3701.44520907299,0.9897995
3701.447523882388,0.99243706
3701.4498386917858,0.9820782
3701.4521535011827,0.9850921
3701.4544683105805,0.9786077
3701.4567831199774,0.9815643
3701.4590979293757,0.9783773
3701.4614127387717,0.99652594
3701.4637275480395,0.99165916
3701.466042357255,0.98749006
3701.4683571664677,0.98251987
3701.4706719756823,0.9904365
3701.4729867848955,0.99060476
3701.475301594109,0.9848314
3701.477616403322,0.9980108
3701.4799312125365,0.9883482
3701.482246021749,1.000466
3701.4845608309633,0.994008
3701.4868756401775,0.98159605
3701.4891904493916,0.97956914
3701.4915052586043,0.97104913
3701.493820067818,0.9937405
3701.496134877031,0.97517306
3701.4984496862457,0.9846691
3701.5007644954585,0.98819506
3701.5030793046726,0.98762846
3701.5053941137544,0.9846592
3701.507708922782,0.9820766
3701.5100237318106,0.98735696
3701.5123385408406,0.9874898
3701.5146533498664,0.9965455
3701.5169681588964,0.98730165
3701.519282967925,0.9847576
3701.5215977769526,0.9684398
3701.523912585982,0.97819257
3701.5262273950107,0.9863202
3701.5285422040392,0.99845636
3701.5308570130665,0.99724245
3701.5331718220955,0.9934913
3701.535486631123,0.9896696
3701.5378014401526,1.0006278
3701.5401162491803,0.98640454
3701.542431058209,0.9984873
3701.544745867237,0.98969483
3701.547060676132,0.9700612
3701.549375484974,0.99385643
3701.551690293817,0.9766277
3701.554005102657,0.9905832
3701.5563199115,0.9864831
3701.5586347203416,0.9930024
3701.5609495291837,0.999313
3701.5632643380245,0.98439574
3701.5655791468666,0.9774814
3701.5678939557074,0.98738116
3701.5702087645504,0.9893952
3701.5725235733903,0.97839653
3701.5748383822333,0.98940814
3701.5771531910755,0.9867357
3701.5794679999176,0.98962384
3701.5817828087584,0.9854674
3701.584097617601,0.9845596
3701.586412426442,0.9698116
3701.58872723515,0.97345674
3701.591042043805,0.9800972
3701.593356852457,0.9841336
3701.595671661112,0.977386
3701.5979864697665,0.9971555
3701.6003012784204,0.9867951
3701.6026160870733,0.9814623
3701.604930895727,0.9787737
3701.60724570438,0.97976243
3701.609560513035,0.9943975
3701.611875321687,0.98462987
3701.6141901303417,0.9883753
3701.6165049389956,0.98716396
3701.6188197476486,0.9785776
3701.6211345563024,0.98921055
3701.6234493649577,0.97940814
3701.62576417361,0.98275876
3701.628078982265,0.99414134
3701.6303937907837,0.98631406
3701.6327085992475,0.9895182
3701.635023407712,0.9805614
3701.6373382161773,0.98281467
3701.63965302464,0.9824233
3701.6419678331063,0.9876391
3701.6442826415687,0.9959431
3701.6465974500343,0.9929417
3701.6489122585,0.98735833
3701.6512270669637,0.98372245
3701.653541875428,0.98124266
3701.6558566838926,0.9927985
3701.6581714923564,0.9877011
3701.6604863008206,0.978982
3701.6628011092866,0.98844814
3701.665115917749,0.9962305
3701.6674307262147,0.98436046
3701.6697455346794,0.99916303
3701.672060343008,0.9809356
3701.6743751512813,0.9944448
3701.676689959556,0.98680604
3701.679004767828,0.9759565
3701.6813195761024,0.9930505
3701.6836343843743,1.0004195
3701.6859491926493,0.98273814
3701.6882640009235,0.98662215
3701.690578809197,0.99218756
3701.69289361747,0.9831699
3701.695208425745,0.98176426
3701.697523234017,0.9839889
3701.6998380422915,0.99082595
3701.702152850565,0.993348
3701.7044676588384,0.9886395
3701.706782467112,0.9920459
3701.709097275387,0.9834724
3701.711412083661,0.99295396
3701.7137268917973,0.98277843
3701.7160416998795,0.9847072
3701.7183565079595,0.9881013
3701.720671316042,0.9887438
3701.7229861241217,0.9863927
3701.7253009322044,0.9811985
3701.727615740286,0.9906737
3701.729930548368,0.9901366
3701.732245356449,0.97790325
3701.734560164531,0.99616945
3701.736874972611,0.9984791
3701.739189780694,0.97233725
3701.741504588775,0.9884275
3701.743819396856,0.9977693
3701.746134204938,0.99193984
3701.7484490130205,0.98013055
3701.7507638211,1.0016806
3701.753078629183,0.9749531
3701.7553934371244,0.9916604
3701.757708245014,0.9970737
3701.760023052902,0.9869266
3701.76233786079,0.9938985
3701.764652668677,0.9871356
3701.766967476566,0.9859924
3701.7692822844524,0.98083377
3701.771597092341,0.9762351
3701.7739119002304,0.98267114
3701.776226708116,0.993084
3701.7785415160056,0.9833509
3701.7808563238937,0.97860885
3701.783171131781,0.9838156
3701.785485939669,0.9816883
3701.787800747558,0.9743652
3701.790115555444,0.9923324
3701.792430363333,0.9785283
3701.794745171219,0.9957875
3701.7970599789696,0.9942412
3701.7993747866626,0.9825005
3701.8016895943556,0.9876846
3701.8040044020477,0.9868404
3701.8063192097416,0.97892
3701.8086340174327,0.9913645
3701.8109488251266,0.9845104
3701.8132636328196,0.9772493
3701.815578440511,0.9889828
3701.817893248204,0.97404325
3701.8202080558985,1.0009081
3701.8225228635897,0.98901427
3701.8248376712836,0.98952806
3701.8271524789766,0.9947582
3701.8294672866687,0.9842174
3701.8317820943616,0.99024445
3701.8340969020537,0.977609
3701.8364117097467,0.9875797
3701.838726517301,0.9921191
3701.8410413247975,0.9815924
3701.843356132293,0.9921398
3701.84567093979,0.9864009
3701.847985747285,0.9800551
3701.8503005547823,0.991013
3701.8526153622784,0.9878395
3701.854930169774,0.9882964
3701.8572449772705,0.9961252
3701.8595597847684,0.98096097
3701.861874592262,0.9963504
3701.86418939976,0.98540634
3701.8665042072566,0.9953631
3701.868819014752,0.97984344
3701.8711338222483,0.98599225
3701.873448629745,0.9936371
3701.8757634372405,0.9937625
3701.8780782447375,0.97760653
3701.880393052091,0.99274725
3701.8827078593904,0.99196315
3701.8850226666896,0.98409605
3701.887337473987,1.0002624
3701.889652281285,0.9922226
3701.8919670885844,0.9802406
3701.894281895881,1.0016091
3701.8965967031804,0.99411875
3701.898911510478,0.9816106
3701.901226317776,0.9831343
3701.9035411250757,0.9853007
3701.9058559323717,0.97094494
3701.9081707396717,0.9901664
3701.91048554697,0.9935994
3701.9128003542683,0.98844826
3701.9151151615656,0.993464
3701.917429968865,0.9893864
3701.9197447761617,0.9857422
3701.922059583319,0.9942992
3701.9243743904176,0.9885487
3701.9266891975153,0.996188
3701.929004004615,0.99119335
3701.9313188117144,0.98373497
3701.933633618811,0.9675918
3701.935948425911,0.99067456
3701.93826323301,0.989118
3701.940578040108,0.9919326
3701.9428928472066,0.98388684
3701.9452076543043,0.98421824
3701.9475224614034,1.0050312
3701.9498372685034,0.99591637
3701.9521520755998,0.9794671
3701.9544668827,0.98755336
3701.956781689799,0.990663
3701.959096496897,0.98946
3701.9614113039956,0.9926775
3701.9637261109524,0.9972324
3701.966040917848,0.99185055
3701.9683557247467,1.0038112
3701.9706705316457,0.99656737
3701.972985338541,0.98569864
3701.97530014544,0.9866732
3701.977614952338,0.9798682
3701.979929759235,0.9847376
3701.9822445661325,0.9857335
3701.9845593730292,0.9922298
3701.986874179927,0.9769734
3701.9891889868254,0.9886561
3701.9915037937217,0.9750981
3701.9938186006207,0.98558605
3701.9961334075183,0.9934718
3701.998448214415,0.98911786
3702.0007630213127,0.98477244
3702.003077828211,0.9833249
3702.005392634963,0.9842961
3702.007707441659,0.9900521
3702.010022248353,0.9875274
3702.012337055048,0.98549145
3702.0146518617435,0.9878922
3702.0169666684396,0.9992272
3702.019281475133,0.9876746
3702.021596281829,0.9934051
3702.0239110885223,0.986263
3702.026225895218,0.98261404
3702.0285407019132,0.9859045
3702.0308555086076,1.0032861
3702.0331703153024,0.9878559
3702.035485121999,0.9843968
3702.0377999286925,1.0041541
3702.040114735388,0.9839619
3702.042429542084,0.9876287
3702.0447443487774,0.99413383
3702.047059155328,0.99553156
3702.0493739618178,0.9941162
3702.051688768309,0.9907181
3702.0540035747995,0.9857626
3702.0563183812897,0.9915711
3702.0586331877803,0.9918945
3702.0609479942727,0.98654735
3702.0632628007615,0.9772787
3702.0655776072535,0.9824804
3702.0678924137446,0.98658425
3702.0702072202344,0.9856294
3702.0725220267254,0.9799369
3702.074836833217,0.9956063
3702.0771516397062,0.9766194
3702.079466446198,0.99729306
3702.081781252688,0.98591256
3702.084096059179,0.97685635
3702.08641086567,0.9757093
3702.0887256720152,0.9868305
3702.0910404782985,0.98883134
3702.0933552845845,0.9839797
3702.0956700908678,0.99146134
3702.0979848971538,0.9861568
3702.100299703438,1.0074587
3702.102614509723,0.9948357
3702.10492931601,0.9895424
3702.107244122295,0.9905362
3702.109558928579,0.9950813
3702.1118737348643,0.98315066
3702.1141885411503,1.0017743
3702.1165033474335,0.9913915
3702.1188181537195,0.9898632
3702.1211329600037,0.9739778
3702.123447766289,0.98876166
3702.125762572574,0.98201007
3702.1280773788603,0.98170596
3702.130392184996,0.9836683
3702.132706991075,0.9810013
3702.135021797151,0.98819834
3702.1373366032294,0.995138
3702.139651409306,0.995813
3702.141966215384,0.9944932
3702.1442810214617,0.99783003
3702.1465958275408,0.97851086
3702.148910633616,0.98974925
3702.1512254396953,0.98429316
3702.153540245772,0.98591757
3702.15585505185,0.98784655
3702.1581698579275,1.0004178
3702.1604846640053,0.9859339
3702.1627994700825,0.98425627
3702.165114276161,0.99577844
3702.167429082238,0.98322654
3702.1697438883157,0.9831584
3702.172058694244,0.97724795
3702.1743735001132,0.99912465
3702.1766883059827,0.9827804
3702.1790031118517,1.0049174
3702.1813179177193,0.9949003
3702.1836327235883,0.98575675
3702.185947529458,0.9979423
3702.188262335325,0.9895471
3702.1905771411953,0.984375
3702.192891947063,0.9807212
3702.195206752932,0.9926341
3702.197521558801,0.99012256
3702.199836364671,1.0022364
3702.2021511705375,0.99061257
3702.2044659764074,0.992185
3702.2067807822746,0.9755363
3702.209095588144,0.9939545
3702.211410394012,0.9853828
3702.213725199731,0.9943691
3702.2160400053895,0.99430907
3702.218354811049,0.98655087
3702.2206696167054,0.98037803
3702.222984422365,0.9721139
3702.2252992280232,0.9969796
3702.2276140336803,0.98660403
3702.229928839338,0.98190576
3702.232243644997,0.9792927
3702.2345584506534,0.9942363
3702.236873256314,0.9985648
3702.2391880619716,0.9928988
3702.24150286763,0.97875464
3702.243817673289,0.9783813
3702.2461324789456,0.98562974
3702.248447284605,0.98603046
3702.250762090262,0.9922189
3702.2530768959205,0.98058605
3702.255391701428,0.9951306
3702.2577065068754,0.9781269
3702.260021312319,0.9906478
3702.262336117767,0.9927207
3702.2646509232122,0.97892165
3702.2669657286583,0.98416245
3702.269280534105,0.98257786
3702.271595339551,0.9966293
3702.273910144996,0.99313956
3702.276224950443,0.984644
3702.2785397558887,0.9766106
3702.2808545613348,0.98734754
3702.28316936678,0.989258
3702.285484172227,0.98942506
3702.287798977673,0.99091214
3702.29011378312,0.9942559
3702.2924285885642,0.9895362
3702.2947433940108,0.99804544
3702.297058199305,0.99886537
3702.2993730045373,0.9922596
3702.3016878097687,0.9927988
3702.304002615003,0.98806435
3702.306317420234,1.008434
3702.308632225468,0.998918
3702.3109470306995,0.9802091
3702.313261835932,0.9806498
3702.3155766411655,0.98664755
3702.317891446397,0.9784225
3702.3202062516293,0.9934302
3702.322521056861,0.9948705
3702.3248358620936,0.98947775
3702.327150667327,0.9926429
3702.32946547256,0.9867185
3702.3317802777906,0.986641
3702.3340950830243,1.0052873
3702.3364098882557,0.989344
3702.3387246933353,0.9877511
3702.3410394983516,0.98748314
3702.34335430337,0.99033713
3702.345669108385,0.9876572
3702.3479839134047,0.9793456
3702.350298718421,0.99181587
3702.3526135234383,0.9865522
3702.3549283284547,0.976605
3702.357243133472,0.98134905
3702.359557938489,0.9961799
3702.3618727435064,0.9984041
3702.3641875485228,0.9923351
3702.366502353541,0.98427916
3702.3688171585572,0.9827395
3702.3711319635745,0.9896835
3702.373446768591,0.9906203
3702.3757615736095,0.9886929
3702.378076378626,0.984845
3702.38039118349,0.978874
3702.382705988289,0.9898887
3702.3850207930886,0.9917708
3702.387335597889,0.9943182
3702.3896504026907,0.98455954
3702.3919652074915,0.99119574
3702.394280012291,1.0072806
3702.396594817091,0.99634403
3702.398909621892,0.9893227
3702.4012244266924,0.9871548
3702.403539231492,0.990864
3702.405854036292,0.98766863
3702.408168841093,0.9985105
3702.4104836458932,0.992075
3702.4127984506927,0.9950709
3702.4151132554944,0.9856397
3702.417428060294,0.9812759
3702.4197428650955,1.0106399
3702.4220576697394,0.9805814
3702.4243724743214,0.99630356
3702.4266872789026,0.98948604
3702.4290020834856,0.99755913
3702.431316888066,1.0016147
3702.4336316926488,0.9879717
3702.435946497229,0.9932293
3702.4382613018133,0.99379593
3702.4405761063945,0.99097836
3702.4428909109765,0.9954854
3702.4452057155577,0.9937623
3702.4475205201406,0.98836404
3702.449835324722,0.9969878
3702.4521501293043,0.9916811
3702.4544649338864,0.9942132
3702.4567797384675,0.9761025
3702.4590945430496,0.9773438
3702.461409347633,0.99283534
3702.4637241520586,0.9866352
3702.4660389564197,0.9786326
3702.468353760783,0.99178123
3702.470668565144,0.9913825
3702.4729833695064,0.9864005
3702.4752981738666,0.9956436
3702.4776129782304,0.98344535
3702.479927782592,0.98117507
3702.4822425869543,0.99442446
3702.4845573913153,0.98068374
3702.4868721956786,0.99045354
3702.48918700004,0.9974429
3702.491501804402,0.9902321
3702.4938166087645,0.9888087
3702.4961314131256,0.99118125
3702.498446217488,0.9944933
3702.500761021851,0.98909
3702.5030758262114,0.9909189
3702.5053906304174,0.9924576
3702.5077054345575,0.9866529
3702.510020238699,0.98353565
3702.512335042839,0.9821472
3702.51464984698,1.0027277
3702.5169646511195,0.9793898
3702.5192794552613,0.9934721
3702.5215942594004,0.9830206
3702.523909063542,0.9855433
3702.526223867683,0.98749566
3702.528538671824,0.99129796
3702.530853475964,0.9908499
3702.5331682801057,0.99325967
3702.535483084245,1.0026566
3702.537797888386,0.9739765
3702.540112692528,1.0018057
3702.542427496667,0.9959483
3702.5447423008086,0.97506636
3702.547057104789,1.0059183
3702.5493719087094,0.990942
3702.5516867126266,0.98020667
3702.5540015165443,0.99608487
3702.5563163204615,0.9954517
3702.5586311243806,0.99653244
3702.5609459282973,0.9884472
3702.5632607322154,0.98773336
3702.5655755361336,0.99545795
3702.5678903400503,0.97659844
3702.5702051439685,0.982443
3702.572519947888,0.97895294
3702.5748347518033,0.9787324
3702.577149555723,0.9827728
3702.579464359641,1.0011288
3702.5817791635577,0.98649096
3702.584093967476,0.9918808
3702.586408771393,0.98184353
3702.5887235751516,0.9866856
3702.591038378846,0.9930064
3702.593353182538,0.9917711
3702.595667986233,0.98554593
3702.597982789927,0.9928282
3702.6002975936203,0.9907133
3702.6026123973134,0.9880771
3702.6049272010077,0.98448926
3702.6072420047,0.9930474
3702.6095568083947,0.99380285
3702.611871612088,0.98659015
3702.614186415781,0.98011816
3702.616501219476,0.99588877
3702.61881602317,1.0043311
3702.6211308268635,0.9789328
3702.6234456305565,0.9880338
3702.62576043425,0.9829975
3702.628075237943,0.988976
3702.6303900414773,0.9794054
3702.6327048449434,0.98897105
3702.6350196484127,0.9835313
3702.637334451881,0.98259085
3702.639649255349,0.98336077
3702.6419640588165,0.9829985
3702.6442788622853,0.9872604
3702.646593665752,0.998798
3702.6489084692207,0.98449147
3702.651223272689,0.97877103
3702.653538076156,0.9806492
3702.6558528796245,0.978089
3702.6581676830915,0.977591
3702.66048248656,0.97586495
3702.662797290029,1.0013179
3702.6651120934953,0.985351
3702.6674268969646,0.990651
3702.669741700433,0.987671
3702.6720565037394,0.99336296
3702.67437130698,0.98860526
3702.676686110222,0.984694
3702.6790009134616,0.99387634
3702.6813157167035,0.98732597
3702.6836305199454,0.9956719
3702.6859453231855,0.98200667
3702.688260126427,0.9780215
3702.690574929669,0.981636
3702.6928897329085,0.9723841
3702.6952045361504,0.9960046
3702.697519339391,0.9873176
3702.699834142632,0.98605573
3702.702148945875,0.9771609
3702.704463749114,0.9832735
3702.7067785523564,0.99019647
3702.709093355598,0.9896147
3702.711408158839,0.9817858
3702.713722961917,0.9839456
3702.716037764931,0.98582935
3702.7183525679425,0.99169815
3702.720667370956,0.98774385
3702.7229821739693,0.9955864
3702.7252969769816,0.98202735
3702.727611779995,0.98755604
3702.7299265830093,0.9884882
3702.7322413860206,0.9968216
3702.7345561890347,0.98901606
3702.736870992046,0.98841035
3702.73918579506,0.98776865
3702.7415005980733,0.9849126
3702.7438154010856,0.98727185
3702.746130204099,0.9798909
3702.7484450071133,0.98769003
3702.750759810124,0.9828694
3702.7530746131383,0.9922814
3702.7553894159887,0.98525494
3702.7577042187713,0.9999551
3702.7600190215553,0.9977788
3702.76233382434,0.98451686
3702.7646486271224,0.9841358
3702.7669634299073,0.9810646
3702.76927823269,0.99057686
3702.771593035474,0.9880953
3702.7739078382583,0.9873447
3702.7762226410414,0.97907186
3702.7785374438263,0.99031717
3702.78085224661,0.9842103
3702.783167049393,0.98844343
3702.785481852177,0.9871732
3702.7877966549618,0.9929567
3702.7901114577435,0.9848374
3702.792426260529,0.98760337
3702.794741063313,1.0038235
3702.797055865932,0.97543263
3702.7993706684856,0.987469
3702.80168547104,0.985648
3702.804000273592,1.004642
3702.8063150761463,0.9904531
3702.808629878698,0.9894523
3702.8109446812527,0.9942653
3702.813259483806,0.97451884
3702.815574286359,0.9733019
3702.817889088913,0.9850121
3702.8202038914674,0.9790384
3702.8225186940194,0.99053705
3702.824833496574,0.9819792
3702.827148299127,0.981703
3702.82946310168,1.0051147
3702.8317779042336,0.98869306
3702.834092706789,0.9909791
3702.83640750934,0.98695385
3702.8387223117306,0.9752694
3702.8410371140526,0.9794303
3702.843351916374,0.9822263
3702.8456667186965,0.974633
3702.847981521018,0.9869498
3702.8502963233404,0.9914285
3702.8526111256638,0.99129504
3702.8549259279844,0.9917762
3702.8572407303077,0.982518
3702.8595555326315,0.9761945
3702.8618703349516,0.987616
3702.8641851372754,0.98490524
3702.8664999395974,0.98436785
3702.868814741919,0.9810085
3702.8711295442413,0.9907267
3702.8734443465646,0.9815053
3702.875759148885,0.99336785
3702.8780739512085,0.99797183
3702.880388753365,0.99088645
3702.8827035554555,0.9839997
3702.885018357546,0.9747106
3702.8873331596355,0.98832077
3702.8896479617256,0.982116
3702.891962763817,0.982619
3702.8942775659057,0.9788383
3702.8965923679966,0.9725032
3702.898907170086,0.98475915
3702.9012219721767,0.9925919
3702.9035367742667,0.9719385
3702.9058515763586,0.98600936
3702.9081663784473,0.9870313
3702.910481180538,0.98515624
3702.9127959826287,0.9938384
3702.9151107847183,0.97649354
3702.9174255868083,0.98503774
3702.919740388899,0.9803792
3702.9220551908224,0.9816041
3702.9243699926815,1.0000012
3702.926684794537,0.99143535
3702.928999596396,0.991974
3702.9313143982527,0.9912176
3702.9336292001103,0.98417336
3702.935944001968,0.9844576
3702.9382588038256,0.98479474
3702.940573605682,0.98354983
3702.9428884075405,1.0030805
3702.9452032093996,0.98036647
3702.947518011255,0.9899858
3702.949832813114,0.9905496
3702.9521476149716,0.97432286
3702.9544624168284,0.97654253
3702.956777218686,0.96258426
3702.9590920205424,0.99793756
3702.9614068224,0.9732276
3702.9637216240926,0.9810693
3702.966036425715,0.9943514
3702.9683512273405,0.9793661
3702.970666028964,0.9811425
3702.9729808305888,0.9692393
3702.975295632213,0.9923006
3702.9776104338384,0.98714435
3702.979925235461,0.9897797
3702.9822400370863,0.99367666
3702.9845548387098,0.9824904
3702.986869640334,0.99238825
3702.9891844419576,0.99055976
3702.991499243583,0.9772818
3702.9938140452064,0.9829498
3702.996128846832,0.9756016
3702.998443648454,0.9879506
3703.00075845008,0.9895618
3703.0030732517043,0.9879296
3703.0053880531614,0.9837189
3703.007702854552,0.97944295
3703.010017655943,0.97278786
3703.012332457332,0.9858869
3703.0146472587244,0.98273325
3703.016962060114,0.97232604
3703.0192768615057,0.9851821
3703.0215916628954,0.97939056
3703.023906464288,0.9780773
3703.026221265677,0.98455226
3703.0285360670678,1.0007298
3703.0308508684584,0.98439115
3703.033165669849,0.97990274
3703.0354804712415,0.9726898
3703.03779527263,0.99653834
3703.040110074022,0.9823535
3703.0424248754116,0.9837589
3703.0447396768027,0.99453026
3703.047054478027,0.99247646
3703.049369279184,0.9921191
3703.05168408034,0.976522
3703.053998881498,0.97692484
3703.056313682654,0.99229556
3703.058628483811,0.9935326
3703.060943284967,0.9940167
3703.063258086126,0.97223985
3703.065572887281,0.99320567
3703.0678876884394,1.0044495
3703.0702024895954,1.0002449
3703.0725172907523,0.9577218
3703.0748320919083,0.98995817
3703.077146893065,0.9902126
3703.079461694221,0.98434675
3703.0817764953795,0.98540545
3703.0840912965355,0.9899055
3703.0864060976937,0.9884341
3703.0887208986833,0.971283
3703.0910356996064,0.98520553
3703.09335050053,0.9838006
3703.095665301453,0.9900145
3703.0979801023755,0.9784978
3703.1002949032986,0.9804886
3703.102609704222,0.9871079
3703.104924505145,0.98726964
3703.107239306067,0.9948416
3703.1095541069913,0.9795596
3703.1118689079135,0.98902977
3703.1141837088385,0.98402154
3703.11649850976,0.9816251
3703.118813310683,0.9877902
3703.121128111607,0.9837276
3703.1234429125284,0.975865
3703.1257577134543,0.99177927
3703.1280725143765,0.9700247
3703.1303873151332,0.9910393
3703.132702115822,1.0056112
3703.135016916513,0.9878003
3703.1373317172015,0.9682071
3703.1396465178914,0.9899917
3703.1419613185813,0.982093
3703.1442761192707,0.9763797
3703.1465909199596,0.98917854
3703.1489057206495,0.9794393
3703.151220521338,0.98252046
3703.1535353220293,0.98816335
3703.155850122718,0.97793466
3703.1581649234085,0.97785485
3703.1604797240975,0.98865
3703.1627945247874,0.9864069
3703.165109325476,0.9792829
3703.1674241261667,0.9824585
3703.1697389268547,0.9903166
3703.1720537273795,0.9766143
3703.1743685278366,0.9866009
3703.176683328293,0.9720578
3703.1789981287493,0.9814221
3703.181312929207,0.9886721
3703.1836277296616,0.9693644
3703.185942530119,0.9929397
3703.188257330575,0.99285793
3703.190572131032,0.9889855
3703.1928869314884,0.9911042
3703.1952017319454,0.9933755
3703.197516532401,0.9848715
3703.199831332859,0.98534095
3703.2021461333134,0.9891187
3703.2044609337727,0.971143
3703.2067757342284,0.9784487
3703.209090534684,0.98430145
3703.2114053351406,0.97083336
3703.213720135433,0.99092674
3703.216034935658,0.9749172
3703.218349735881,0.98193955
3703.220664536107,0.9836844
3703.22297933633,1.0030096
3703.225294136555,0.99502677
3703.227608936779,0.98409826
3703.229923737003,0.98809123
3703.2322385372277,0.9729547
3703.234553337451,0.9828344
3703.2368681376756,0.99432737
3703.239182937901,0.99116886
3703.2414977381236,0.97412014
3703.243812538349,0.9835153
3703.246127338574,0.9906733
3703.2484421387985,0.990445
3703.250756939022,0.9778466
3703.2530717392474,0.96782744
3703.255386539305,0.98232645
3703.2577013392997,0.9938429
3703.260016139291,0.99964136
3703.262330939285,0.9815219
3703.264645739279,0.9840418
3703.266960539272,0.96335614
3703.2692753392644,0.99347824
3703.2715901392585,0.99066156
3703.27390493925,0.9728226
3703.276219739244,0.98759204
3703.2785345392376,0.9891256
3703.28084933923,0.97235626
3703.283164139223,0.9818718
3703.2854789392177,0.9856039
3703.2877937392086,0.98103136
3703.290108539203,0.98596585
3703.2924233391964,0.9777894
3703.2947381391887,0.99469227
3703.2970529390186,0.9695319
3703.2993677387813,0.9909865
3703.3016825385444,0.99751765
3703.303997338309,0.9913165
3703.30631213807,1.0064336
3703.3086269378346,0.9872844
3703.3109417375995,0.98173094
3703.3132565373608,0.9961694
3703.315571337125,0.9841709
3703.317886136889,0.98323566
3703.320200936651,0.9778392
3703.3225157364145,0.9773925
3703.324830536179,0.99934775
3703.3271453359403,0.9786342
3703.329460135705,0.98800814
3703.3317749354683,0.98213935
3703.334089735231,0.9951524
3703.3364045349945,0.97549754
3703.338719334595,0.98966664
3703.3410341341296,0.99314535
3703.3433489336658,0.98569566
3703.345663733199,0.98733324
3703.3479785327354,0.98719555
3703.3502933322707,0.97107357
3703.3526081318046,0.9838879
3703.3549229313403,0.9893804
3703.3572377308765,0.9799649
3703.35955253041,0.99407023
3703.361867329946,0.9911913
3703.3641821294805,0.98743373
3703.3664969290153,0.9945437
3703.3688117285506,0.9973556
3703.371126528087,0.97169775
3703.37344132762,0.9819471
3703.375756127157,0.9634028
3703.37807092669,0.9754885
3703.3803857260655,0.9904795
3703.3827005253743,0.9777713
3703.385015324682,0.99740046
3703.3873301239914,0.98992103
3703.389644923301,0.9835855
3703.3919597226086,0.975683
3703.3942745219183,0.97187775
3703.396589321228,0.9833193
3703.3989041205355,0.9763185
3703.401218919845,0.98703957
3703.403533719155,0.9968789
3703.4058485184632,0.987917
3703.408163317772,0.990137
3703.4104781170804,0.9915318
3703.412792916389,0.9739002
3703.4151077156994,0.9699783
3703.4174225150064,0.9781673
3703.4197373143165,0.97812456
3703.4220521134666,0.9854389
3703.424366912551,0.9864199
3703.4266817116363,0.98703885
3703.4289965107223,0.9749175
3703.4313113098056,0.9861489
3703.433626108892,0.98610556
3703.435940907976,0.98394156
3703.438255707061,0.97568667
3703.4405705061467,0.99134696
3703.442885305233,0.9831773
3703.4452001043164,0.9671522
3703.447514903403,0.99156135
3703.449829702486,0.9792321
3703.452144501572,0.9785529
3703.4544593006567,0.9853539
3703.456774099742,0.99546456
3703.459088898827,0.9863808
3703.4614036979137,0.98672223
3703.463718496839,0.9796005
3703.466033295705,0.99909717
3703.468348094569,0.9990842
3703.4706628934323,0.98924804
3703.4729776922964,0.98196834
3703.475292491161,0.98379505
3703.477607290024,0.97148234
3703.479922088889,0.98596776
3703.4822368877526,0.98289603
3703.4845516866167,0.9868957
3703.48686648548,0.9941518
3703.4891812843443,0.97811276
3703.491496083209,0.9830964
3703.493810882074,0.9879236
3703.4961256809365,0.98312473
3703.4984404798015,0.9899183
3703.5007552786647,0.9943537
3703.5030700775287,0.9864205
3703.5053848762373,0.99372953
3703.5076996748858,1.0007561
3703.510014473531,0.98615676
3703.512329272178,0.9911583
3703.514644070825,0.98463565
3703.5169588694694,1.0065887
3703.5192736681165,0.9901212
3703.5215884667623,0.9752902
3703.5239032654085,0.99451435
3703.526218064054,0.9759414
3703.5285328627,0.99304473
3703.530847661347,0.9937797
3703.5331624599944,0.9949891
3703.535477258639,0.97582054
3703.537792057286,0.98662513
3703.5401068559327,0.98687243
3703.542421654578,0.97315717
3703.5447364532242,0.99620974
3703.547051251718,0.98842365
3703.5493660501493,0.9889551
3703.5516808485827,0.99509346
3703.5539956470134,0.9923541
3703.556310445446,0.9917026
3703.558625243878,0.99377805
3703.5609400423095,0.9985826
3703.5632548407416,0.98806834
3703.5655696391736,0.9987697
3703.567884437605,0.99448085
3703.5701992360378,1.0038632
3703.572514034469,0.9807052
3703.574828832901,0.9864256
3703.577143631332,0.98815644
3703.5794584297664,0.98019063
3703.5817732281967,0.97365254
3703.5840880266296,0.97677165
3703.5864028250608,0.98897225
3703.5887176233437,0.9834811
3703.5910324215643,0.9653239
3703.593347219787,0.98245406
3703.5956620180073,0.988299
3703.59797681623,0.9733176
3703.6002916144507,0.9858366
3703.602606412674,0.97929096
3703.604921210895,0.99318266
3703.6072360091166,1.0029846
3703.6095508073386,0.9904567
3703.6118656055605,0.9880696
3703.6141804037825,0.9928019
3703.616495202003,0.988577
3703.6188100002273,0.9802955
3703.621124798447,0.9869498
3703.6234395966703,0.9802647
3703.625754394891,1.0031984
3703.628069193113,0.97590536
3703.6303839911884,0.98810506
3703.6326987892044,0.9940025
3703.6350135872194,0.99940085
3703.637328385236,0.9875623
3703.639643183251,0.9806783
3703.641957981268,0.9699697
3703.644272779283,0.99502164
3703.6465875772997,1.0010682
3703.6489023753147,0.9802144
3703.6512171733325,0.97854954
3703.6535319713466,0.9810509
3703.655846769363,0.9854084
3703.658161567379,0.97445476
3703.660476365395,0.99008536
3703.66279116341,0.9967788
3703.665105961428,0.9804495
3703.6674207594415,0.9862281
3703.6697355574597,0.99623597
3703.672050355332,0.9793259
3703.6743651531474,0.9832187
3703.6766799509614,0.9796722
3703.678994748777,0.9852365
3703.681309546591,0.97726256
3703.6836243444072,0.9858562
3703.6859391422204,0.99141604
3703.6882539400367,0.9820545
3703.690568737852,0.9887557
3703.6928835356675,0.9740481
3703.6951983334816,0.99171025
3703.697513131298,0.986397
3703.699827929112,0.98944074
3703.7021427269274,0.9909452
3703.7044575247423,0.9855768
3703.706772322557,0.9879023
3703.709087120372,0.9866707
3703.711401918187,0.98909676
3703.7137167158626,0.9770665
3703.7160315134834,0.9798451
3703.718346311101,0.9892065
3703.7206611087227,0.9942904
3703.7229759063416,0.99179715
3703.7252907039615,0.99427414
3703.727605501581,1.0033165
3703.729920299201,0.98025274
3703.73223509682,0.97990376
3703.734549894439,0.9880876
3703.7368646920604,0.9956943
3703.739179489678,0.9730748
3703.7414942872997,0.9830835
3703.743809084918,0.9842281
3703.746123882537,0.98319703
3703.748438680157,0.9904193
3703.7507534777765,0.98891765
3703.7530682753954,0.99109316
3703.7553830728816,0.97724056
3703.757697870309,0.9703178
3703.7600126677407,0.9833465
3703.7623274651705,0.9793165
3703.764642262601,0.98783785
3703.7669570600297,0.9967149
3703.769271857461,0.98079795
3703.771586654889,0.9945929
3703.77390145232,0.97621346
3703.7762162497497,0.98361194
3703.778531047179,0.9901696
3703.780845844609,0.98445594
3703.7831606420405,0.9935497
3703.7854754394684,0.9812005
3703.7877902368996,0.98128664
3703.7901050343276,0.98927647
3703.7924198317587,0.9902639
3703.7947346291885,1.0010452
3703.7970494264873,1.0063363
3703.799364223734,0.9979713
3703.8016790209817,0.9868501
3703.803993818226,0.97964716
3703.806308615474,0.98748296
3703.8086234127204,0.984681
3703.810938209967,0.98987037
3703.813253007213,0.97968227
3703.8155678044604,0.98981553
3703.817882601705,0.9898953
3703.8201973989526,0.9947337
3703.822512196199,0.98614085
3703.8248269934447,0.99673057
3703.8271417906917,0.983711
3703.829456587938,0.98262113
3703.8317713851843,1.0027152
3703.8340861824317,0.9810742
3703.8364009796765,0.9924088
3703.8387157767984,0.9831669
3703.841030573869,0.9826505
3703.843345370937,1.0005288
3703.845660168008,0.9989329
3703.8479749650783,1.0007348
3703.850289762147,0.98256636
3703.852604559217,0.99331355
3703.8549193562876,0.9757756
3703.857234153356,0.9938795
3703.8595489504264,0.9804248
3703.8618637474965,0.987298
3703.864178544565,0.9834703
3703.8664933416353,1.0140591
3703.868808138704,0.97791535
3703.871122935774,0.98797613
3703.873437732845,0.99292874
3703.8757525299134,0.983311
3703.878067326984,0.9806029
3703.8803821239335,0.9906534
3703.8826969208326,0.98136544
3703.885011717733,0.98876584
3703.887326514634,0.994215
3703.8896413115326,0.99291337
3703.891956108434,0.9905836
3704.109546975043,0.9957509
3704.1118617712173,0.9789666
3704.1141765673933,0.99757457
3704.1164913635666,1.014182
3704.118806159741,0.99402833
3704.1211209559156,0.9943702
3704.1234357520916,0.9910851
3704.1257505482654,0.9938799
3704.128065344441,0.99044615
3704.1303801405293,0.9882804
3704.132694936584,1.0003517
3704.135009732639,0.988476
3704.1373245286954,1.0002196
3704.139639324749,1.0007666
3704.141954120805,1.0045745
3704.144268916859,0.9907169
3704.146583712914,0.9961245
3704.1488985089677,0.98859996
3704.151213305024,1.0014933
3704.1535281010792,0.9835224
3704.155842897133,0.9923063
3704.1581576931885,1.0089958
3704.1604724892436,0.99038523
3704.1627872852973,0.9853287
3704.165102081354,0.99584365
3704.167416877407,0.98965704
3704.169731673463,0.99664116
3704.1720464694386,1.0037255
3704.174361265384,1.0023149
3704.1766760613277,1.0095701
3704.178990857271,1.0115674
3704.1813056532155,0.9903641
3704.183620449161,1.0001115
3704.1859352451042,0.9994898
3704.1882500410497,0.9948266
3704.1905648369925,0.99650466
3704.192879632937,0.99297065
3704.1951944288817,0.99627554
3704.197509224827,0.99188507
3704.199824020771,0.98970723
3704.202138816714,0.9897342
3704.2044536126587,0.98499334
3704.2067684086032,1.0011896
3704.2090832045465,0.9860579
3704.211398000492,0.9966195
3704.2137127963624,1.0043061
3704.2160275922065,1.011391
3704.2183423880488,0.9930423
3704.2206571838933,0.9956189
3704.222971979735,1.0071709
3704.225286775579,1.0023396
3704.2276015714224,0.9992872
3704.2299163672647,0.98847497
3704.232231163108,0.9962559
3704.234545958951,0.9943889
3704.236860754795,1.002902
3704.239175550635,0.9944526
3704.241490346479,0.99741435
3704.243805142323,1.0030726
3704.246119938166,0.9860533
3704.248434734008,1.0084622
3704.250749529851,1.0089859
3704.253064325693,0.9950197
3704.2553791214714,0.99200106
3704.2576939172227,0.9955707
3704.260008712974,1.001624
3704.2623235087226,0.9983915
3704.264638304475,0.99496925
3704.2669531002252,0.9936613
3704.269267895977,0.99413466
3704.271582691727,0.9892432
3704.2738974874783,0.9991984
3704.276212283228,0.9953924
3704.278527078979,0.99513626
3704.2808418747304,0.9960751
3704.283156670482,1.0037743
3704.2854714662303,0.9977417
3704.2877862619835,0.98516357
3704.2901010577334,0.99398166
3704.2924158534843,1.0053612
3704.2947306492356,1.00384
3704.297045444927,0.9994232
3704.2993602405936,0.98862994
3704.301675036263,0.9982755
3704.303989831931,0.9915955
3704.3063046275993,0.99688685
3704.3086194232665,0.99237216
3704.3109342189346,0.99375635
3704.3132490146018,0.9933719
3704.3155638102708,0.98736525
3704.3178786059393,1.0085984
3704.3201934016074,0.99019
3704.3225081972732,0.9981855
3704.324822992942,0.9921613
3704.32713778861,0.9866542
3704.3294525842794,0.99016947
3704.331767379946,0.97828907
3704.3340821756146,0.987443
3704.3363969712814,0.9885386
3704.338711766897,0.9945426
3704.341026562492,0.9917515
3704.3433413580874,1.0046057
3704.345656153679,0.9863528
3704.3479709492744,0.9928353
3704.350285744869,0.9941304
3704.3526005404633,0.9837359
3704.354915336057,1.005209
3704.3572301316512,1.013672
3704.3595449272448,0.9988309
3704.36185972284,0.9879605
3704.364174518435,0.9920952
3704.3664893140294,1.0074179
3704.3688041096216,1.0002823
3704.3711189052174,0.9915922
3704.3734337008127,0.9961961
3704.3757484964062,1.0006003
3704.3780632920007,1.0092043
3704.3803780875483,0.9923815
3704.3826928830777,0.9927986
3704.385007678607,1.0030204
3704.387322474138,0.99652255
3704.3896372696677,0.99177456
3704.391952065196,1.0001091
3704.394266860725,0.98721814
3704.3965816562563,1.0090525
3704.398896451785,0.99906313
3704.4012112473156,0.98119456
3704.4035260428454,0.9918658
3704.405840838374,1.0041131
3704.4081556339033,1.0001838
3704.410470429434,0.9981641
3704.4127852249626,0.987408
3704.4151000204934,0.9921767
3704.4174148160214,0.9946719
3704.4197296115526,0.99338317
3704.4220444070415,1.0030729
3704.4243592025155,0.99313605
3704.4266739979894,0.99280435
3704.4289887934624,0.99058574
3704.4313035889363,0.9925062
3704.4336183844116,1.0014031
3704.435933179884,0.99771523
3704.4382479753585,0.9833181
3704.4405627708315,1.0024152
3704.4428775663055,0.9919938
3704.4451923617785,0.99243724
3704.4475071572533,0.98961675
3704.4498219527277,0.9951522
3704.4521367482002,1.0101035
3704.4544515436737,1.0055801
3704.4567663391485,1.0022
3704.4590811346216,0.98701656
3704.4613959300964,0.999788
3704.4637107255353,1.0036352
3704.4660255209624,0.9828775
3704.4683403163885,1.0029008
3704.470655111816,0.99003315
3704.472969907242,0.9892864
3704.4752847026675,0.99869597
3704.4775994980946,0.991202
3704.4799142935226,1.0004166
3704.482229088948,1.0005115
3704.484543884375,1.008239
3704.4868586798016,0.9908373
3704.4891734752273,0.99550486
3704.491488270654,0.98898417
3704.493803066082,0.99424297
3704.4961178615076,1.0075284
3704.4984326569343,0.9879429
3704.5007474523595,0.9962656
3704.503062247787,0.9925874
3704.505377043185,0.9998748
3704.507691838574,1.0095559
3704.510006633962,1.0089148
3704.5123214293485,1.0106816
3704.5146362247356,0.9965795
3704.516951020124,0.9863524
3704.5192658155106,0.98155606
3704.5215806108995,0.98471075
3704.5238954062856,0.9932068
3704.5262102016745,1.0125868
3704.528524997061,0.99074864
3704.53083979245,0.9949573
3704.533154587837,0.995312
3704.5354693832237,1.0030525
3704.5377841786126,1.0027819
3704.5400989740006,0.9989773
3704.5424137693885,0.99780333
3704.5447285647747,1.002289
3704.547043360141,1.0067968
3704.5493581554965,1.0027864
3704.551672950854,0.98583704
3704.55398774621,0.9786397
3704.556302541568,1.0028948
3704.558617336923,1.0063572
3704.5609321322804,0.99141884
3704.5632469276366,0.99772656
3704.5655617229945,0.99327326
3704.5678765183497,0.9862116
3704.5701913137077,0.9948486
3704.5725061090625,0.99297935
3704.5748209044195,1.0006201
3704.577135699776,1.000493
3704.579450495134,0.9940359
3704.58176529049,1.0074594
3704.584080085846,0.9977796
3704.5863948812025,1.0029484
3704.5887096765423,0.9917824
3704.591024471876,0.9943728
3704.5933392672105,0.98750895
3704.5956540625407,0.9944845
3704.597968857875,0.99207807
3704.6002836532075,0.99988645
3704.6025984485423,0.99648035
3704.6049132438743,0.98269135
3704.6072280392077,0.991057
3704.6095428345398,1.0012444
3704.611857629874,0.9825909
3704.6141724252066,0.9930229
3704.6164872205413,1.0107658
3704.6188020158725,0.98783374
3704.621116811207,0.99925375
3704.6234316065393,0.99438465
3704.6257464018736,0.99884015
3704.6280611972056,1.0033554
3704.6303759925268,0.9868783
3704.6326907878433,0.9839882
3704.635005583161,0.9905658
3704.637320378478,1.0063924
3704.639635173796,0.99253786
3704.64194996911,1.0047027
3704.644264764428,1.0073909
3704.6465795597437,0.9979365
3704.648894355062,1.0032073
3704.651209150379,0.99385756
3704.653523945696,0.99789786
3704.6558387410114,0.9943613
3704.6581535363293,1.0005531
3704.6604683316455,0.9912864
3704.662783126964,1.0204415
3704.6650979222795,0.99986875
3704.6674127175966,1.0009909
3704.6697275129127,1.0019418
3704.672042308224,0.9975391
3704.6743571035304,0.99020636
3704.676671898839,1.0152583
3704.678986694144,1.0030848
3704.681301489452,1.0027541
3704.6836162847594,0.9979497
3704.685931080068,0.99699086
3704.688245875374,0.9987882
3704.6905606706805,0.99649847
3704.6928754659866,0.9950152
3704.6951902612955,1.0023751
3704.697505056603,0.99215066
3704.6998198519104,0.9849302
3704.7021346472156,0.99811643
3704.704449442524,0.9933628
3704.70676423783,1.0005249
3704.709079033139,1.0040847
3704.7113938284456,0.9936602
3704.713708623751,1.0124993
3704.7160234190555,1.0045353
3704.7183382143585,0.99214876
3704.720653009663,1.0105314
3704.7229678049666,1.0083501
3704.7252826002696,0.99292827
3704.727597395574,1.0081742
3704.7299121908777,1.0094839
3704.7322269861816,0.9930182
3704.734541781486,1.0009955
3704.7368565767897,1.0063832
3704.7391713720926,0.9960967
3704.741486167396,1.0097237
3704.743800962701,0.9891236
3704.7461157580037,0.9928865
3704.748430553309,1.0092314
3704.750745348611,0.99662983
3704.753060143916,0.9936123
3704.7553749392205,0.991655
3704.757689734528,0.9936254
3704.7600045298336,1.0005907
3704.7623193251397,1.018178
3704.7646341204454,0.99349463
3704.7669489157524,1.0038372
3704.7692637110576,1.004047
3704.771578506365,0.99384135
3704.77389330167,1.0054797
3704.776208096976,1.0160306
3704.778522892282,0.9963933
3704.7808376875887,1.0186663
3704.7831524828953,0.9986212
3704.7854672782005,0.9918265
3704.7877820735066,1.0116293
3704.790096868813,1.0056032
3704.7924116641193,1.0084532
3704.794726459426,1.0044951
3704.7970412547356,1.0075585
3704.7993560500504,1.0010985
3704.8016708453633,1.0083933
3704.8039856406785,1.0065863
3704.806300435991,0.99334913
3704.808615231305,1.000854
3704.8109300266183,0.9800136
3704.813244821933,0.98924494
3704.815559617246,0.9912659
3704.8178744125607,0.99323785
3704.8201892078728,0.9867511
3704.8225040031866,0.9893574
3704.8248187985005,0.9986553
3704.8271335938152,1.0061575
3704.8294483891286,1.0035607
3704.831763184443,1.0031031
3704.8340779797554,0.9867079
3704.8363927750693,1.0178905
3704.8387075703918,1.0122814
3704.841022365718,0.9930663
3704.843337161044,0.9957229
3704.8456519563692,0.9960051
3704.8479667516954,0.99642193
3704.8502815470215,1.0008587
3704.8525963423467,1.008808
3704.8549111376738,0.997494
3704.857225932998,0.9812329
3704.8595407283256,1.0030774
3704.8618555236503,1.0145081
3704.8641703189774,1.0130162
3704.866485114303,1.0117164
3704.868799909628,0.9911335
3704.8711147049544,0.9969814
3704.8734295002814,1.0062299
3704.875744295606,1.0009068
3704.8780590909337,1.0018615
3704.88037388627,0.98636883
3704.882688681612,1.0096228
3704.885003476955,0.99465954
3704.8873182722987,1.00113
3704.8896330676403,1.011195
3704.891947862982,1.0085511
3704.8942626583244,0.99196196
3704.8965774536673,0.98975575
3704.8988922490084,1.0041889
3704.9012070443523,1.0009687
3704.903521839693,1.0022053
3704.9058366350364,0.9933512
3704.9081514303793,1.0006452
3704.910466225722,0.99149776
3704.9127810210634,0.9956106
3704.9150958164073,1.0003737
3704.917410611748,1.006021
3704.919725407092,0.99894357
3704.9220402024484,0.9968159
3704.9243549978114,1.0132176
3704.9266697931753,0.98881435
3704.928984588535,1.0000463
3704.931299383899,0.99957985
3704.933614179262,1.0081303
3704.935928974625,1.0022218
3704.9382437699874,0.99728364
3704.9405585653494,0.9888746
3704.942873360711,1.0031734
3704.945188156075,1.0147818
3704.947502951438,0.9945127
3704.949817746801,1.0197896
3704.9521325421615,1.0056777
3704.9544473375254,1.0038527
3704.9567621328874,1.0068114
3704.9590769282513,1.0098488
3704.961391723613,0.9891251
3704.9637065189922,1.002985
3704.9660213143775,0.9887945
3704.9683361097646,0.9953295
3704.9706509051503,1.0058253
3704.9729657005373,1.0094173
3704.9752804959207,0.9986264
3704.9775952913087,1.0042027
3704.9799100866944,1.0081646
3704.98222488208,1.000986
3704.9845396774667,1.0051373
3704.986854472852,1.0066414
3704.989169268237,1.0094656
3704.9914840636243,1.00393
3704.993798859011,1.0066746
3704.996113654397,1.0051583
3704.998428449782,1.0001584
3705.0007432451685,1.0041232
3705.0030580405532,0.9868177
3705.0053728359594,0.99613786
3705.007687631371,0.9996527
3705.0100024267845,0.99804133
3705.0123172221947,0.9990399
3705.014632017608,1.0005271
3705.01694681302,1.010924
3705.019261608433,1.0058721
3705.0215764038444,0.99784994
3705.023891199257,0.9975988
3705.026205994668,1.0148249
3705.0285207900806,1.0060631
3705.030835585493,0.99555653
3705.0331503809066,0.9880596
3705.035465176316,1.0069757
3705.0377799717294,1.0059165
3705.0400947671415,0.9909362
3705.0424095625535,1.0000604
3705.044724357965,0.98809737
3705.047039153398,1.0046035
3705.0493539488375,0.9910339
3705.0516687442796,1.0029087
3705.0539835397203,0.99812764
3705.0562983351615,1.0015178
3705.0586131306,1.0160381
3705.060927926042,1.0030715
3705.0632427214814,0.9995583
3705.0655575169235,1.0072075
3705.0678723123633,0.9986487
3705.0701871078045,1.0040892
3705.0725019032443,1.0090547
3705.074816698685,1.0080982
3705.077131494126,0.9960011
3705.079446289568,0.99792665
3705.0817610850077,1.0050408
3705.0840758804484,0.9999729
3705.086390675888,0.9959721
3705.0887054713503,1.0009073
3705.0910202668215,1.0046803
3705.093335062294,0.99171275
3705.095649857762,1.0052422
3705.097964653234,1.0056554
3705.1002794487054,0.98614496
3705.102594244176,0.9993685
3705.1049090396464,0.99079704
3705.1072238351176,1.0018897
3705.1095386305874,0.99322194
3705.1118534260595,0.9967032
3705.1141682215307,1.0032047
3705.116483017002,1.0049509
3705.1187978124713,1.0075945
3705.1211126079434,0.9957219
3705.1234274034136,0.99709433
3705.1257421988853,0.99712574
3705.1280569943556,0.99329835
3705.130371789849,0.98741007
3705.1326865853507,1.0077407
3705.1350013808537,0.99667424
3705.1373161763568,1.0026976
3705.1396309718607,1.0017486
3705.141945767361,1.0005361
3705.144260562864,0.9986115
3705.146575358367,0.99480194
3705.1488901538696,1.00053
3705.1512049493726,0.9968398
3705.1535197448743,0.9913595
3705.155834540376,1.009399
3705.15814933588,1.0134394
3705.160464131383,0.9806431
3705.1627789268855,1.0086176
3705.165093722387,0.9946795
3705.16740851789,0.9979778
3705.169723313394,0.99521387
3705.172038108919,0.9959052
3705.1743529044543,1.0045362
3705.17666769999,0.99716353
3705.1789824955245,1.0110034
3705.18129729106,0.98806703
3705.1836120865964,0.984389
3705.1859268821313,0.9900494
3705.1882416776666,0.99689144
3705.1905564732015,1.0042571
3705.192871268737,0.99956447
3705.195186064271,1.0025606
3705.197500859808,0.9945719
3705.199815655343,1.0112562
3705.2021304508776,0.9836167
3705.2044452464124,0.9952956
3705.206760041949,0.99930274
3705.209074837483,0.99622047
3705.2113896330197,0.9996902
3705.2137044285773,1.0002158
3705.216019224147,1.0018185
3705.218334019715,0.9965403
3705.2206488152847,1.0047574
3705.2229636108527,0.99458206
3705.225278406421,1.004064
3705.2275932019897,0.99559414
3705.2299079975596,1.00249
3705.232222793127,0.98626447
3705.234537588696,1.0075083
3705.2368523842642,1.0167241
3705.2391671798327,0.98799115
3705.2414819754017,1.0005491
3705.2437967709716,0.99546313
3705.2461115665396,1.0060371
3705.2484263621077,1.0015293
3705.2507411576757,1.0010128
3705.2530559532456,1.0027933
3705.2553707488373,0.99663705
3705.257685544441,0.9925759
3705.2600003400435,1.0040827
3705.2623151356447,1.0063907
3705.2646299312464,1.0024081
3705.26694472685,1.0151253
3705.269259522451,0.99258167
3705.271574318055,1.0028039
3705.273889113656,0.9914546
3705.2762039092595,0.98502654
3705.2785187048607,1.0092859
3705.2808335004643,1.0049013
3705.283148296066,0.9988942
3705.2854630916677,0.9978912
3705.2877778872703,0.98906386
3705.290092682874,0.9990645
3705.292407478475,1.0011128
3705.2947222740777,0.9990996
3705.297037069702,0.9938261
3705.2993518653393,1.0090164
3705.3016666609747,0.98776984
3705.303981456612,1.0063938
3705.3062962522486,1.0045303
3705.3086110478835,0.992112
3705.310925843519,0.99792236
3705.313240639156,1.0005621
3705.315555434791,0.99764305
3705.317870230428,1.0008347
3705.3201850260625,0.99800724
3705.3224998216997,0.9974003
3705.324814617335,1.0091529
3705.327129412972,0.994864
3705.329444208607,0.9953797
3705.3317590042425,0.9891223
3705.334073799879,0.9930754
3705.3363885955164,1.0079105
3705.338703391175,0.9958506
3705.3410181868444,1.0000927
3705.3433329825143,1.010655
3705.3456477781824,0.9988939
3705.3479625738523,0.99931747
3705.350277369522,1.0020994
3705.3525921651913,1.0097811
3705.3549069608607,1.0126331
3705.3572217565284,1.0019706
3705.3595365521987,1.0112514
3705.3618513478677,1.0057665
3705.364166143538,1.0031847
3705.366480939208,0.9993078
3705.368795734876,0.9979534
3705.371110530545,1.0122757
3705.3734253262155,1.0093082
3705.375740121884,0.9820317
3705.3780549175544,0.99095726
3705.3803697132453,0.9984388
3705.3826845089484,1.0104588
3705.38499930465,0.998081
3705.3873141003533,1.0067189
3705.3896288960545,0.9961736
3705.391943691756,0.99309003
3705.3942584874585,1.0090873
3705.3965732831607,1.004366
3705.398888078863,1.0032672
3705.4012028745656,1.0016845
3705.4035176702655,1.0017129
3705.405832465969,0.99913716
3705.4081472616713,1.0042421
3705.410462057374,1.0118424
3705.4127768530757,0.9988545
3705.4150916487774,0.99337226
3705.4174064444787,0.99886787
3705.419721240182,1.0080873
3705.422036035906,1.0143353
3705.4243508316413,1.0186248
3705.426665627375,0.99656093
3705.4289804231084,0.98886514
3705.431295218842,1.000981
3705.4336100145774,1.0030595
3705.43592481031,0.9868392
3705.4382396060455,1.0179474
3705.440554401778,1.013558
3705.442869197513,1.0033195
3705.4451839932462,1.0122194
3705.4474987889816,0.99427116
3705.4498135847152,1.0040162
3705.4521283804484,1.0049946
3705.4544431761824,1.0077493
3705.456757971917,1.003299
3705.459072767651,1.0079341
3705.461387563385,1.0075027
3705.463702359139,0.99519414
3705.4660171549053,1.0061834
3705.4683319506707,0.9893323
3705.4706467464357,0.99999887
3705.4729615421998,1.0131222
3705.475276337965,1.0114444
3705.477591133729,0.9957
3705.4799059294955,1.0043856
3705.482220725259,1.0155619
3705.4845355210255,0.9975961
3705.4868503167886,1.0049107
3705.4891651125545,0.99554116
3705.491479908319,1.0039793
3705.4937947040853,0.9998758
3705.496109499849,1.009448
3705.4984242956143,1.003977
3705.5007390913784,0.9982609
3705.5030538871433,1.0188608
3705.5053686829297,0.98991984
3705.5076834787255,1.0222424
3705.509998274519,1.0100621
3705.5123130703128,1.0148249
3705.5146278661077,1.0022259
3705.5169426619027,1.0030684
3705.519257457698,0.9908732
3705.5215722534917,1.0050567
3705.5238870492867,0.9999719
3705.5262018450803,0.99968415
3705.5285166408758,0.9951282
3705.53083143667,1.006244
3705.5331462324657,0.99248236
3705.5354610282584,1.0000778
3705.537775824054,1.0147825
3705.540090619848,0.9873302
3705.5424054156438,0.99109536
3705.5447202114374,0.9923737
3705.5470350072515,1.0149734
3705.549349803073,0.99833524
3705.551664598897,1.0032903
3705.55397939472,0.999442
3705.556294190543,0.9994597
3705.5586089863637,0.9981299
3705.5609237821877,1.0172161
3705.5632385780095,0.9990086
3705.565553373833,1.0127678
3705.5678681696563,1.002057
3705.5701829654786,1.0018808
3705.5724977613004,0.9990258
3705.574812557124,0.9989665
3705.5771273529463,0.9944791
3705.5794421487703,1.0023259
3705.5817569445912,1.0092462
3705.584071740415,1.0071301
3705.5863865362367,0.99029046
3705.5887013320794,1.0014579
3705.5910161279285,1.0004736
3705.593330923779,1.0007367
3705.5956457196253,1.0051225
3705.5979605154766,0.999857
3705.6002753113257,1.0121161
3705.602590107175,1.0068076
3705.6049049030244,0.9953327
3705.607219698873,0.99405164
3705.6095344947216,1.0083745
3705.611849290572,1.00151
3705.6141640864216,1.0061235
3705.616478882271,1.0021456
3705.618793678119,1.0127879
3705.6211084739693,1.0101843
3705.6234232698175,1.0010805
3705.625738065668,1.0044515
3705.628052861517,1.0034418
3705.6303676573843,0.998375
3705.6326824532575,1.0068592
3705.634997249133,1.0098169
3705.637312045006,0.99693084
3705.6396268408816,1.0080458
3705.641941636754,0.9889823
3705.6442564326294,1.0033594
3705.6465712285026,1.009381
3705.648886024377,1.014475
3705.6512008202517,1.0127056
3705.653515616125,1.0099256
3705.6558304119985,1.0012501
3705.658145207874,1.0012351
3705.6604600037485,1.0021632
3705.6627747996226,1.0015512
3705.6650895954963,0.98546857
3705.667404391371,0.9943155
3705.669719187244,0.99220973
3705.6720339831354,0.99408144
3705.674348779033,1.010497
3705.6766635749295,0.99535453
3705.678978370826,1.0030073
3705.6812931667246,0.9912753
3705.6836079626205,1.0078608
3705.685922758519,0.9948534
3705.6882375544155,1.0054711
3705.6905523503133,1.002763
3705.6928671462097,1.0148423
3705.695181942107,1.0118871
3705.6974967380047,0.99512327
3705.699811533903,1.0014342
3705.7021263297984,0.99851424
3705.7044411256966,0.99992365
3705.706755921593,1.0025305
3705.7090707174902,1.0099373
3705.711385513388,1.0109174
3705.7137003093,0.98906153
3705.7160151052167,1.0108631
3705.7183299011363,1.0113697
3705.720644697055,0.9958114
3705.722959492973,1.0117862
3705.72527428889,1.0187687
3705.7275890848096,1.016636
3705.729903880727,1.0079819
3705.7322186766464,1.0129973
3705.734533472565,1.0072635
3705.736848268483,1.009865
3705.7391630644,1.0151063
3705.7414778603193,1.0052722
3705.743792656237,1.0039502
3705.746107452156,0.9998558
3705.748422248073,1.0034015
3705.7507370439926,1.0158949
3705.75305183991,0.9941899
3705.755366635842,0.99859065
3705.7576814317795,1.0071934
3705.759996227716,1.0064666
3705.7623110236536,1.0023373
3705.7646258195923,0.99917537
3705.766940615529,0.9970786
3705.769255411466,0.99994487
3705.771570207404,1.0051048
3705.7738850033406,0.9990318
3705.776199799277,1.0055511
3705.7785145952153,0.9982599
3705.780829391153,1.0073737
3705.783144187091,1.0008875
3705.7854589830263,1.0072439
3705.7877737789645,1.0094473
3705.790088574901,1.0196315
3705.7924033708396,1.0200258
3705.7947181667764,1.0083352
3705.797032962726,1.004753
3705.7993477586792,1.0020885
3705.8016625546347,1.0095363
3705.8039773505884,1.0169182
3705.806292146544,0.99514693
3705.808606942496,0.9954461
3705.8109217384517,0.99897724
3705.813236534405,1.0087197
3705.8155513303595,1.0190755
3705.817866126314,1.0041164
3705.8201809222674,0.99507517
3705.822495718222,1.002364
3705.8248105141765,1.0001522
3705.827125310131,0.9997115
3705.8294401060853,1.0078511
3705.831754902038,1.0104506
3705.8340696979935,1.0122851
3705.8363844939468,1.0032903
3705.8386992899127,1.0153288
3705.841014085882,1.0202882
3705.84332888185,0.99910104
3705.8456436778183,0.9981599
3705.8479584737884,0.9874566
3705.8502732697566,1.0053093
3705.8525880657266,1.0131468
3705.8549028616953,1.0014262
3705.8572176576645,1.0058833
3705.8595324536323,1.0102015
3705.8618472496028,0.98842096
3705.864162045571,1.0092733
3705.8664768415415,1.0085514
3705.8687916375084,1.0112306
3705.8711064334775,0.9909317
3705.8734212294466,1.0141379
3705.875736025416,1.0096079
3705.8780508213854,0.9970766
3705.8803656173623,1.0109066
3705.882680413343,1.0047742
3705.884995209326,1.0148314
3705.887310005308,1.0217773
3705.8896248012893,1.0155523
3705.8919395972694,1.0116909
3705.8942543932517,1.0045542
3705.896569189232,1.0032073
3705.898883985215,0.9982036
3705.901198781196,1.0037465
3705.9035135771774,0.99119925
3705.9058283731583,1.0014242
3705.908143169141,1.0044249
3705.9104579651216,1.0061046
3705.9127727611044,1.0066607
3705.9150875570845,0.996161
3705.917402353066,1.0037313
3705.9197171490478,1.0089563
3705.922031945037,0.9976705
3705.9243467410292,1.0032343
3705.9266615370198,0.99832034
3705.928976333012,0.99278444
3705.931291129004,1.0066221
3705.933605924996,0.9977293
3705.9359207209877,0.9993808
3705.93823551698,1.0190233
3705.9405503129706,1.0006628
3705.942865108962,1.0089641
3705.9451799049552,1.0005753
3705.9474947009458,1.0032531
3705.949809496939,1.0112743
3705.952124292929,1.0077099
3705.9544390889223,1.007442
3705.956753884913,0.9941127
3705.959068680906,1.0016911
3705.961383476897,1.0004525
3705.9636982728944,0.9835782
3705.9660130688935,1.0056311
3705.968327864895,1.0161667
3705.9706426608936,0.99929696
3705.9729574568946,1.009165
3705.975272252893,1.0069252
3705.977587048893,1.0011654
3705.9799018448925,1.0057734
3705.9822166408926,1.0004537
3705.9845314368927,0.98512244
3705.9868462328914,1.0155091
3705.9891610288914,1.0182885
3705.9914758248915,1.007269
3705.9937906208906,0.9930352
3705.9961054168916,0.99996513
3705.99842021289,1.0094466
3706.000735008891,1.0078863
3706.0030498048895,0.9946853
3706.0053646008946,0.99420553
3706.007679396899,1.003025
3706.0099941929047,0.9965265
3706.01230898891,1.0146289
3706.0146237849162,1.0023521
3706.016938580921,1.0150676
3706.0192533769273,1.0105953
3706.0215681729314,0.9929484
3706.0238829689365,1.0017099
3706.0261977649425,0.9943263
3706.0285125609494,1.0105642
3706.030827356954,1.0202833
3706.0331421529604,0.997612
3706.035456948964,1.0048462
3706.03777174497,1.010143
3706.0400865409742,0.9996521
3706.042401336981,0.9936492
3706.044716132987,1.0119427
3706.0470309289935,0.98925453
3706.0493457250027,0.98814625
3706.051660521012,1.0023314
3706.0539753170196,1.012284
3706.0562901130297,0.9883468
3706.058604909037,1.0039788
3706.060919705047,1.0183293
3706.063234501055,1.0103945
3706.065549297065,0.98572737
3706.0678640930732,0.98872834
3706.070178889081,0.9894155
3706.07249368509,1.0060554
3706.0748084811003,1.0088774
3706.077123277108,0.99436253
3706.079438073118,0.9944392
3706.0817528691255,0.995222
3706.084067665134,1.0030259
3706.0863824611433,1.0125141
3706.088697257154,1.0145062
3706.091012053163,1.0053366
3706.093326849172,0.98997396
3706.0956416451822,1.0061038
3706.0979564411923,1.0217953
3706.100271237201,1.0000981
3706.1025860332124,1.0109761
3706.1049008292202,1.0026388
3706.107215625231,1.0071368
3706.1095304212413,0.98996574
3706.111845217252,0.9893034
3706.1141600132605,0.99610925
3706.1164748092715,1.0022287
3706.1187896052797,1.0068504
3706.1211044012907,0.99499863
3706.1234191973,0.9942405
3706.125733993311,1.0022482
3706.12804878932,1.0046955
3706.130363585328,1.0044976
3706.132678381337,1.0015792
3706.1349931773466,1.0004475
3706.1373079733544,1.005963
3706.139622769364,1.0038329
3706.1419375653713,1.0041981
3706.1442523613796,1.0171131
3706.1465671573874,0.99493235
3706.1488819533984,0.99446756
3706.151196749406,1.0052907
3706.153511545414,1.0135225
3706.1558263414227,1.0031316
3706.1581411374314,1.0037885
3706.160455933439,0.9965034
3706.1627707294488,0.9941132
3706.1650855254557,1.0016576
3706.1674003214653,1.0009158
3706.1697151174735,0.99599004
3706.1720299134804,1.0057235
3706.1743447094846,1.0109426
3706.1766595054887,1.0076925
3706.1789743014942,1.0086077
3706.1812890975,1.0068507
3706.1836038935044,0.9986429
3706.1859186895103,0.9972462
3706.1882334855136,0.99894196
3706.1905482815187,1.0037458
3706.192863077524,1.0040982
3706.1951778735306,1.0048587
3706.1974926695343,0.9920242
3706.19980746554,1.0149366
3706.202122261544,1.0074446
3706.204437057549,0.9940125
3706.206751853553,1.0126681
3706.2090666495596,0.9979747
3706.2113814455647,1.0076715
3706.2136962415643,0.99529606
3706.216011037563,1.0033855
3706.2183258335635,1.0048705
3706.2206406295613,0.99813366
3706.222955425562,0.99801457
3706.225270221559,0.98996884
3706.2275850175592,0.98874426
3706.229899813558,0.9863193
3706.232214609558,1.0077924
3706.2345294055563,1.0095285
3706.2368442015545,1.0017021
3706.239158997554,1.001304
3706.241473793554,1.0114655
3706.2437885895524,1.0007697
3706.246103385552,1.0034016
3706.2484181815503,0.9947538
3706.2507329775494,0.9980311
3706.2530477735486,1.0024793
3706.255362569543,1.0129299
3706.2576773655333,1.0086577
3706.2599921615233,0.99763656
3706.262306957514,1.0107226
3706.264621753506,0.99034643
3706.2669365494958,1.0031142
3706.269251345488,1.0065243
3706.271566141477,0.9914686
3706.273880937469,1.011667
3706.2761957334596,0.99909246
3706.2785105294515,0.9963668
3706.2808253254416,0.9944353
3706.2831401214335,0.99329567
3706.285454917423,0.9877835
3706.2877697134154,0.9976818
3706.290084509405,1.006221
3706.2923993053973,0.99550194
3706.2947141013874,1.0077964
3706.29702889737,1.0149792
3706.2993436933507,0.9908905
3706.3016584893326,0.992772
3706.303973285312,0.9890368
3706.306288081293,1.0073475
3706.3086028772727,0.9958827
3706.3109176732532,1.005971
3706.313232469234,1.0068741
3706.3155472652147,1.0021905
3706.3178620611957,0.9968666
3706.3201768571753,0.9897422
3706.322491653155,1.0068042
3706.3248064491368,0.9958104
3706.3271212451164,0.9996072
3706.329436041098,0.99696535
3706.3317508370765,0.99501735
3706.3340656330583,0.99599504
3706.3363804290384,0.9923372
3706.3386952250107,1.0077094
3706.3410100209776,1.0098697
3706.343324816946,1.0103586
3706.345639612913,1.0050838
3706.3479544088823,0.998568
3706.350269204849,1.0025284
3706.3525840008183,1.012563
3706.354898796784,1.0005741
3706.357213592752,0.99980927
3706.3595283887203,0.9918984
3706.3618431846894,0.9955196
3706.3641579806563,0.9978691
3706.3664727766245,0.9944957
3706.3687875725905,0.9985655
3706.371102368559,1.0012696
3706.3734171645274,1.0125599
3706.3757319604956,1.001915
3706.378046756464,1.0053623
3706.3803615524203,0.98798937
3706.3826763483726,0.9871077
3706.3849911443267,1.0109156
3706.3873059402786,1.0144219
3706.3896207362327,1.0062014
3706.3919355321837,1.0049163
3706.3942503281382,0.98862225
3706.3965651240906,0.98911226
3706.3988799200447,1.023771
3706.4011947159966,1.015702
3706.403509511949,1.0070264
3706.405824307902,1.0000972
3706.4081391038567,1.006155
3706.4104538998085,0.99925774
3706.4127686957627,1.0181637
3706.4150834917127,1.0077446
3706.417398287667,0.997328
3706.41971308362,1.0143121
3706.4220278795615,0.9997347
3706.4243426754974,1.0084518
3706.4266574714325,0.99504924
3706.4289722673675,1.0150225
3706.431287063305,0.99936545
3706.43360185924,1.0093445
3706.435916655177,1.0042136
3706.4382314511113,0.99482435
3706.4405462470486,1.0039624
3706.4428610429836,0.9973773
3706.445175838921,0.99530125
3706.447490634856,1.0056313
3706.449805430792,0.99849993
3706.452120226727,1.00308
3706.4544350226643,1.001405
3706.4567498185993,1.005304
3706.4590646145366,0.99878377
3706.4613794104716,0.9835829
3706.4636942063935,1.0091655
3706.4660090023103,0.9975803
3706.468323798227,1.0015332
3706.470638594144,0.994353
3706.4729533900613,1.0182211
3706.475268185976,1.0007985
3706.477582981894,1.0106063
3706.479897777811,0.99111104
3706.4822125737282,1.0165699
3706.4845273696446,1.0108198
3706.486842165561,1.0102721
3706.489156961477,0.98868495
3706.4914717573947,0.9950817
3706.4937865533107,1.0028647
3706.496101349229,0.997822
3706.4984161451434,0.9929248
3706.5007309410616,1.0051162
3706.5030457369776,1.0051764
3706.5053605328803,1.0024327
3706.507675328775,1.0065373
3706.509990124671,1.0098768
3706.5123049205654,0.9936994
3706.514619716461,0.99646264
3706.516934512357,0.9938257
3706.5192493082536,0.99802744
3706.521564104146,1.0163746
3706.5238789000427,1.0223794
3706.5261936959387,0.98817945
3706.5285084918337,1.0003089
3706.5308232877296,0.9986524
3706.5331380836246,0.9851578
3706.5354528795187,0.992359
3706.5377676754156,1.0013217
3706.5400824713115,0.99737555
3706.542397267207,1.0156144
3706.5447120631015,1.0083027
3706.5470268589806,0.9964889
3706.5493416548525,1.0017571
3706.5516564507257,0.99541533
3706.5539712465966,1.0020381
3706.5562860424698,0.9994654
3706.55860083834,0.9926432
3706.5609156342134,1.0117857
3706.563230430085,1.0118787
3706.5655452259584,1.0030274
3706.5678600218293,1.0031301
3706.5701748177016,0.99583864
3706.572489613573,1.0085037
3706.5748044094453,1.0099957
3706.5771192053176,1.0044684
3706.5794340011907,1.0128412
3706.5817487970603,1.0037781
3706.5840635929335,1.0115467
3706.5863783888058,1.0153599
3706.5886931846603,0.99627715
3706.5910079805058,1.0120687
3706.593322776353,1.0050975
3706.5956375721985,1.0055724
3706.5979523680467,1.0019814
3706.6002671638935,1.0049504
3706.6025819597403,0.9973511
3706.6048967555853,0.9891743
3706.607211551433,1.000353
3706.6095263472794,1.0129229
3706.611841143127,1.0015178
3706.6141559389725,0.9903379
3706.61647073482,0.9932258
3706.6187855306653,0.9985942
3706.6211003265125,1.0089132
3706.6234151223593,0.9991927
3706.6257299182075,0.99955094
3706.628044714053,1.0112293
3706.6303595098807,1.0078931
3706.6326743056993,0.99746263
3706.6349891015184,0.9982963
3706.637303897338,1.0059636
3706.6396186931584,1.0038792
3706.6419334889747,1.0058465
3706.644248284795,1.0098464
3706.646563080615,1.0101069
3706.6488778764333,1.0051228
3706.651192672253,1.0063174
3706.6535074680714,1.0005263
3706.6558222638905,1.0036795
3706.658137059709,1.0097
3706.6604518555305,1.0205332
3706.6627666513496,1.0072423
3706.6650814471677,1.016544
3706.6673962429863,0.99491173
3706.669711038807,0.9982376
3706.672025834604,1.0114864
3706.6743406303954,1.0135409
3706.676655426183,0.98766744
3706.6789702219744,1.0046816
3706.6812850177635,1.0019236
3706.683599813555,1.0081089
3706.6859146093434,1.0012549
3706.688229405133,1.0036209
3706.690544200923,0.99100566
3706.692858996714,0.9989342
3706.6951737925033,0.99549514
3706.6974885882933,0.99586934
3706.6998033840823,1.0076003
3706.7021181798723,1.0107349
3706.7044329756627,0.9982854
3706.7067477714536,1.0166891
3706.7090625672427,1.005278
3706.7113773630326,1.009385
3706.713692158799,0.9999983
3706.7160069545585,1.0080408
3706.718321750316,0.99825835
3706.720636546076,1.0074323
3706.722951341835,1.0005656
3706.725266137593,1.0127075
3706.7275809333505,0.99852246
3706.7298957291105,0.99244696
3706.732210524868,0.99470305
3706.7345253206277,1.0051522
3706.736840116385,1.0066978
3706.7391549121444,1.0095507
3706.741469707902,1.0058886
3706.743784503662,1.0031021
3706.7460992994197,1.0165172
3706.748414095178,1.0090798
3706.7507288909364,1.0055901
3706.7530436866964,1.0022453
3706.7553584824304,1.0128002
3706.7576732781563,1.0035373
3706.7599880738794,0.9977658
3706.762302869606,1.0121477
3706.764617665332,1.0201292
3706.7669324610574,1.0014185
3706.769247256783,1.0149654
3706.7715620525078,0.9994383
3706.7738768482327,1.0103786
3706.776191643959,1.0036387
3706.7785064396835,1.0137113
3706.7808212354103,1.0058564
3706.7831360311334,1.0188303
3706.78545082686,0.98790485
3706.787765622585,0.9948885
3706.790080418312,1.0034802
3706.792395214036,1.0029423
3706.7947100097626,1.0129093
3706.7970248054617,1.0053319
3706.7993396011534,0.9913102
3706.8016543968424,1.0122044
3706.803969192534,1.0209746
3706.806283988224,1.0122353
3706.808598783913,1.0024779
3706.810913579604,1.0026957
3706.8132283752943,1.0063616
3706.8155431709847,0.9933497
3706.8178579666755,1.0035324
3706.8201727623637,1.0047117
3706.8224875580554,1.0064796
3706.8248023537462,0.9867435
3706.8271171494366,1.0022098
3706.8294319451275,0.99517286
3706.831746740817,1.003912
3706.8340615365064,0.997409
3706.836376332198,0.99353904
3706.8386911278612,1.007988
3706.841005923516,1.0005867
3706.8433207191674,0.9936677
3706.8456355148223,1.0013978
3706.8479503104754,0.99437267
3706.85026510613,1.010007
3706.8525799017825,0.99440306
3706.854894697436,1.0098033
3706.857209493089,1.006964
3706.8595242887427,1.007749
3706.8618390843963,0.9936441
3706.864153880051,0.99453896
3706.8664686757015,1.0089666
3706.8687834713564,0.98803395
3706.8710982670104,1.0009689
3706.873413062664,1.0096936
3706.8757278583175,1.0084217
3706.8780426539706,0.9902788
3706.8803574495955,1.0092775
3706.8826722452113,0.9971894
3706.8849870408258,1.0078692
3706.887301836442,1.0025504
3706.8896166320555,1.0001738
3706.891931427671,0.9990274
3706.8942462232853,0.99975365
3706.896561018901,0.997112
3706.898875814515,1.006467
3706.9011906101314,1.0026053
3706.903505405744,1.0018437
3706.9058202013603,0.9949526
3706.9081349969747,1.0004638
3706.9104497925905,0.9968381
3706.9127645882045,1.011786
3706.915079383819,0.9903706
3706.9173941794343,1.0070311
3706.9197089750487,0.9951879
3706.9220237706354,0.9990088
3706.924338566211,1.0080441
3706.926653361783,1.0068417
3706.9289681573587,1.00142
3706.931282952933,1.0068825
3706.933597748508,1.0002681
3706.9359125440815,1.0110812
3706.9382273396564,0.9987339
3706.94054213523,0.9914628
3706.9428569308056,0.999681
3706.9451717263796,1.0032265
3706.9474865219554,0.9965611
3706.949801317528,1.0170375
3706.952116113104,1.0014194
3706.9544309086778,0.9973853
3706.956745704253,0.9830317
3706.9590604998266,1.0017264
3706.9613752954015,0.99887145
3706.963690090945,0.9961788
3706.966004886478,1.0164645
3706.9683196820106,0.9977358
3706.9706344775445,0.99396706
3706.9729492730758,0.9964743
3706.975264068608,1.0039889
3706.9775788641405,0.9973887
3706.9798936596726,1.0084971
3706.9822084552047,0.9974253
3706.984523250738,1.0085245
3706.986838046269,1.0070913
3706.9891528418025,0.9803394
3706.991467637335,1.0079564
3706.993782432867,1.0119681
3706.9960972283993,1.0107813
3706.9984120239315,1.0042851
3707.000726819464,0.9880873
3707.0030416149957,1.0068644
3707.0053564104983,1.0045274
3707.007671205987,1.0014383
3707.0099860014748,1.0083383
3707.012300796963,1.0066463
3707.014615592453,0.9967714
3707.0169303879406,1.0027632
3707.0192451834305,0.9996999
3707.021559978918,1.0000387
3707.023874774408,0.99831915
3707.0261895698955,0.9973883
3707.0285043653853,1.0161098
3707.0308191608738,0.99947166
3707.0331339563613,0.99332416
3707.0354487518503,1.0077896
3707.0377635473405,1.007188
3707.040078342828,1.0062455
3707.042393138317,1.0016347
3707.044707933805,1.0014563
3707.0470227292617,1.0076597
3707.049337524705,1.0029341
3707.05165232015,1.011409
3707.0539671155925,1.010066
3707.056281911036,1.009929
3707.058596706478,0.99248207
3707.0609115019224,1.0014066
3707.063226297365,0.99671143
3707.0655410928093,0.99654
3707.0678558882532,1.0128546
3707.0701706836953,1.0044864
3707.0724854791383,1.0141928
3707.0748002745827,0.99676275
3707.0771150700252,1.0005437
3707.07942986547,1.0075287
3707.0817446609117,0.9906351
3707.0840594563565,0.99931836
3707.0863742517986,1.0090426
3707.08868904721,0.99698454
3707.091003842606,1.0007203
3707.093318638001,0.9895928
3707.0956334333982,1.0018147
3707.0979482287958,1.002008
3707.100263024191,0.9963708
3707.102577819588,1.006158
3707.1048926149824,1.0081664
3707.10720741038,0.99505585
3707.109522205776,1.0045953
3707.1118370011736,1.0011452
3707.1141517965702,1.0049978
3707.116466591966,0.9951245
3707.1187813873617,0.9914245
3707.1210961827596,0.9959667
3707.123410978155,0.99771225
3707.1257257735524,1.0044895
3707.128040568947,0.99778676
3707.13035536431,0.9948759
3707.1326701596577,0.99698377
3707.134984955007,1.0010629
3707.1372997503536,1.0091842
3707.139614545703,1.0121617
3707.1419293410495,0.9831504
3707.144244136399,1.0119607
3707.1465589317454,1.0010273
3707.148873727094,0.99482787
3707.151188522442,1.0110866
3707.1535033177893,0.99742776
3707.1558181131372,1.013681
3707.1581329084856,1.0102502
3707.1604477038336,0.99698466
3707.162762499182,0.9859413
3707.1650772945277,1.0009794
3707.167392089877,1.0008062
3707.1697068852245,1.0025276
3707.172021680538,1.0022919
3707.1743364758363,1.0062441
3707.1766512711333,0.9989594
3707.178966066431,1.0094892
3707.18128086173,1.0095522
3707.1835956570267,0.99477607
3707.185910452326,1.00081
3707.188225247622,1.0097688
3707.1905400429214,1.0103539
3707.192854838219,1.0070084
3707.1951696335177,1.0063987
3707.1974844288147,1.0077032
3707.199799224112,1.008878
3707.2021140194106,0.99966115
3707.20442881471,0.9983005
3707.2067436100065,1.0059091
3707.209058405305,0.99853647
3707.211373200601,1.0135555
3707.2136879958634,0.99655217
3707.2160027911104,0.995871
3707.218317586357,1.0041058
3707.2206323816035,0.9986927
3707.2229471768505,1.0051376
3707.2252619720953,0.9963352
3707.2275767673427,1.005808
3707.2298915625884,1.0036952
3707.2322063578363,1.0028433
3707.234521153082,0.99815273
3707.2368359483276,1.0008334
3707.2391507435746,1.0005162
3707.2414655388197,1.0090992
3707.2437803340677,1.0129017
3707.246095129314,0.99736196
3707.2484099245603,1.0038573
3707.250724719806,1.0060946
3707.2530395150534,0.9940722
3707.2553543102617,1.0042131
3707.2576691054564,1.0047065
3707.259983900648,1.0122344
3707.262298695843,1.0008501
3707.2646134910356,0.9959988
3707.2669282862303,0.98990047
3707.269243081423,0.99717426
3707.2715578766156,0.9952801
3707.27387267181,1.0014417
3707.2761874670045,0.9994037
3707.2785022621974,1.0008279
3707.280817057391,1.0027366
3707.2831318525837,0.994826
3707.285446647778,1.0031575
3707.2877614429703,1.0010091
3707.290076238165,0.9982626
3707.292391033359,0.9994114
3707.2947058285513,0.9931813
3707.297020623707,0.99673206
3707.299335418846,0.994409
3707.3016502139844,0.9936839
3707.303965009125,0.99916816
3707.3062798042624,1.0120211
3707.308594599403,0.9931224
3707.3109093945413,0.9998371
3707.313224189682,0.99365926
3707.3155389848203,0.9969872
3707.317853779961,0.99622166
3707.3201685750983,1.0029908
3707.3224833702384,1.0078273
3707.3247981653767,0.99802685
3707.3271129605173,1.0036033
3707.3294277556556,0.9992798
3707.331742550794,0.99535954
3707.3340573459327,0.99984133
3707.3363721410738,0.98952824
3707.338686936173,0.99784213
3707.3410017312563,1.0065693
3707.343316526339,1.0043755
3707.3456313214233,1.0028663
3707.3479461165057,0.99904275
3707.3502609115903,1.0018684
3707.352575706674,0.98474437
3707.3548905017565,1.0075063
3707.3572052968393,1.0025164
3707.359520091924,1.0014504
3707.361834887007,0.9992642
3707.3641496820915,1.0050118
3707.3664644771734,0.98790115
3707.368779272258,1.0014185
3707.3710940673404,1.0056152
3707.373408862425,0.996412
3707.3757236575084,1.0065159
3707.3780384525908,1.0010208
3707.380353247634,1.0074408
3707.3826680426614,0.99312574
3707.384982837687,1.0048602
3707.387297632714,1.0088122
3707.3896124277394,1.0100008
3707.391927222766,0.99028534
3707.394242017792,1.0051131
3707.396556812819,1.0061977
3707.398871607846,1.0124893
3707.4011864028726,0.99597406
3707.403501197897,0.99728715
3707.405815992925,0.9986232
3707.40813078795,0.9994259
3707.410445582978,1.0176947
3707.412760378005,0.9975993
3707.41507517303,0.98233306
3707.417389968056,1.0009663
3707.4197047630837,1.0024892
3707.4220195580674,1.0014632
3707.4243343530366,0.99534816
3707.4266491480034,0.98996925
3707.4289639429726,1.0066684
3707.4312787379395,0.99924153
3707.4335935329077,0.9984881
3707.435908327876,1.0058514
3707.4382231228424,1.0016856
3707.4405379178115,1.0104657
3707.442852712779,1.0029407
3707.4451675077476,0.98963827
3707.4474823027153,1.0009803
3707.4497970976827,1.0073847
3707.4521118926505,1.009576
3707.4544266876187,1.0114008
3707.4567414825874,1.0060143
3707.4590562775566,1.004452
3707.4613710725225,0.99577916
3707.4636858674485,0.9966946
3707.466000662357,1.0027443
3707.4683154572654,1.0035597
3707.470630252174,0.99136454
3707.472945047082,1.0063896
3707.475259841989,1.0027119
3707.4775746368987,1.0054177
3707.4798894318064,1.0076504
3707.482204226716,1.0015973
3707.4845190216233,1.0070443
3707.486833816532,1.0027493
3707.4891486114393,0.9966767
3707.491463406349,1.0089012
3707.4937782012566,1.003838
3707.496092996166,0.9931005
3707.4984077910726,0.9929059
3707.500722585982,1.0018772
3707.50303738089,1.0099119
3707.5053521757563,0.9998398
3707.5076669706027,0.9983429
3707.5099817654495,1.0050648
3707.512296560297,0.9915695
3707.5146113551446,0.9973386
3707.5169261499923,0.9917516
3707.519240944841,1.0065114
3707.5215557396864,0.9997601
3707.523870534534,0.999952
3707.5261853293805,0.9963839
3707.528500124229,1.008983
3707.530814919077,1.0008941
3707.5331297139237,0.9996636
3707.53544450877,0.9873612
3707.5377593036187,1.0036324
3707.5400740984655,0.99831027
3707.542388893314,1.0013286
3707.544703688159,0.98430485
3707.5470184829637,1.0030999
3707.5493332777482,0.9927026
3707.5516480725346,1.0152144
3707.553962867319,0.99762195
3707.556277662103,0.98979443
3707.558592456889,1.0015756
3707.5609072516754,1.0047188
3707.56322204646,1.0074645
3707.5655368412463,0.9982407
3707.567851636031,0.995174
3707.5701664308153,1.0049677
3707.5724812256003,1.0105044
3707.574796020386,1.0014354
3707.5771108151716,1.0019568
3707.579425609957,0.99747205
3707.5817404047402,0.9935455
3707.584055199527,0.9982083
3707.586369994311,1.0104221
3707.5886847890524,1.0041764
3707.5909995837737,0.99878174
3707.593314378496,1.0023291
3707.595629173217,0.99297506
3707.59794396794,0.9873511
3707.6002587626613,0.9979393
3707.6025735573844,0.9935701
3707.6048883521044,0.996053
3707.607203146827,1.0042434
3707.609517941548,0.99825275
3707.611832736269,0.99445504
3707.6141475309923,1.0047883
3707.6164623257123,1.0147719
3707.6187771204354,1.008052
3707.6210919151567,0.9952175
3707.62340670988,0.99130756
3707.6257215046007,1.0092655
3707.628036299323,0.99538314
3707.630351093998,1.007929
3707.6326658886555,0.991711
3707.634980683313,1.0104964
3707.6372954779717,0.9886897
3707.639610272626,0.9965765
3707.641925067285,0.99064255
3707.6442398619424,1.0028707
3707.646554656599,1.0035951
3707.648869451256,0.9966072
3707.6511842459136,1.0105768
3707.65349904057,1.0015552
3707.6558138352284,0.9896561
3707.658128629886,0.9948201
3707.6604434245437,0.9997147
3707.6627582192,1.0124838
3707.6650730138576,0.9882941
3707.6673878085144,0.9835444
3707.6697026031725,0.9965775
3707.672017397783,0.9941938
3707.6743321923755,0.999644
3707.6766469869654,1.0005984
3707.678961781557,0.99956506
3707.6812765761492,0.9943102
3707.683591370742,1.007572
3707.6859061653327,0.9987314
3707.6882209599244,1.0023179
3707.6905357545156,0.99044305
3707.692850549107,0.996037
3707.695165343699,1.0106826
3707.6974801382917,0.98725885
3707.6997949328806,1.0003717
3707.7021097274733,1.0020547
3707.7044245220654,1.0015471
3707.706739316657,0.9992596
3707.709054111248,1.0098343
3707.7113689058397,1.0077413
3707.7136837003827,0.9977454
3707.715998494909,0.9922941
3707.718313289434,1.0028148
3707.720628083959,1.0027207
3707.722942878482,0.9937131
3707.725257673008,1.0157181
3707.7275724675324,0.99322224
3707.729887262058,0.994389
3707.732202056582,1.002611
3707.734516851107,0.99764085
3707.736831645631,1.0077053
3707.739146440156,0.998096
3707.741461234681,1.010596
3707.7437760292073,0.9904598
3707.746090823731,1.0001602
3707.748405618255,0.990436
3707.7507204127805,1.0127816
3707.753035207305,1.0032091
3707.755350001782,0.99370235
3707.75766479624,1.0191655
3707.759979590694,0.9953453
3707.762294385152,0.99926805
3707.7646091796096,1.0035893
3707.7669239740653,1.0139517
3707.7692387685224,0.9940394
3707.7715535629773,0.9943832
3707.7738683574357,0.99342054
3707.776183151892,0.9927624
3707.77849794635,0.9998841
3707.780812740807,1.0060152
3707.783127535263,1.0045848
3707.7854423297194,1.0029973
3707.7877571241775,1.0095261
3707.790071918633,1.0020732
3707.792386713091,1.0032134
3707.7947015075465,0.9955598
3707.7970163019554,1.0001651
3707.799331096343,0.9880861
3707.801645890732,0.99819636
3707.803960685119,0.9994766
3707.806275479506,1.0012517
3707.8085902738944,1.0162214
3707.8109050682833,0.9902881
3707.8132198626704,0.99512947
3707.815534657059,1.0056792
3707.8178494514455,0.9994278
3707.820164245834,0.9975349
3707.822479040222,0.9763902
3707.8247938346103,0.99867946
3707.827108628998,1.0009257
3707.8294234233863,0.9990701
3707.8317382177725,1.0104953
3707.8340530121613,0.99391586
3707.8363678065484,0.998828
3707.838682600888,0.9951787
3707.840997395206,1.0145855
3707.843312189523,0.9949167
3707.8456269838402,1.014296
3707.8479417781596,0.9891626
3707.850256572476,1.0149221
3707.8525713667955,1.0013956
3707.8548861611116,1.0043263
3707.8572009554305,0.99937695
3707.859515749748,0.9888333
3707.861830544067,0.9930138
3707.864145338384,1.0033706
3707.866460132701,1.0048789
3707.8687749270193,1.0077468
3707.871089721337,0.9982113
3707.8734045156552,0.99213296
3707.875719309973,1.009257
3707.8780341042893,1.0121166
3707.8803488985577,1.0099874
3707.882663692805,1.000271
3707.884978487052,0.98874086
3707.8872932812988,1.005213
3707.8896080755453,0.9929846
3707.8919228697914,0.9991575
3707.894237664039,1.0139619
3707.8965524582854,0.99608415
3707.8988672525334,0.9969896
3707.901182046778,1.0015302
3707.903496841026,1.0071368
3707.9058116352726,1.0026418
3707.9081264295182,1.011116
3707.910441223766,1.0113844
3707.9127560180136,0.9899821
3707.9150708122597,1.0089235
3707.9173856065054,1.0143098
3707.9197004007538,1.0090253
3707.9220151949485,1.0081054
3707.9243299891245,0.9939751
3707.9266447832974,0.9927698
3707.9289595774735,0.99292475
3707.9312743716473,0.99099314
3707.9335891658234,0.9981963
3707.935903959997,0.9975276
3707.938218754171,1.0019535
3707.940533548346,0.99555784
3707.942848342522,0.9871939
3707.9451631366965,0.99737567
3707.947477930871,1.0040715
3707.9497927250454,1.0138466
3707.95210751922,1.0002753
3707.954422313394,1.003475
3707.95673710757,1.0041525
3707.959051901745,0.9897389
3707.961366695919,1.0048747
3707.9636814900414,0.992394
3707.9659962841442,1.0037074
3707.968311078245,1.0049229
3707.9706258723477,0.9939268
3707.9729406664483,1.0005411
3707.975255460551,1.0039331
3707.9775702546517,1.0050503
3707.9798850487546,1.0062613
3707.982199842856,1.0059258
3707.9845146369566,0.9948707
3707.9868294310586,1.0077096
3707.9891442251615,0.9963085
3707.9914590192625,1.0092179
3707.9937738133654,1.0017457
3707.9960886074664,0.9970693
3707.998403401567,1.0073202
3708.0007181956685,0.99962395
3708.0030329897722,1.0016226
3708.005347783821,0.9962252
3708.0076625778484,1.0058299
3708.0099773718757,1.0056397
3708.0122921659035,1.0076075
3708.0146069599305,0.9870213
3708.016921753959,1.0090233
3708.0192365479875,1.0139062
3708.021551342014,0.9987811
3708.0238661360413,1.0162958
3708.0261809300705,0.9982013
3708.028495724097,0.99635607
3708.030810518126,1.0000309
3708.033125312152,1.001339
3708.035440106179,1.0127128
3708.037754900208,0.999625
3708.040069694236,1.0058165
3708.042384488264,1.0053521
3708.04469928229,1.0077254
3708.0470140762654,1.0075793
3708.0493288702173,0.9967454
3708.0516436641715,0.9845406
3708.053958458124,0.9927022
3708.056273252077,1.0048404
3708.0585880460285,1.0125213
3708.0609028399817,1.0024482
3708.063217633935,1.0153387
3708.065532427889,1.0129453
3708.0678472218397,0.9960778
3708.070162015793,1.0106188
3708.0724768097457,1.0109831
3708.074791603699,0.99977124
3708.077106397652,0.99545276
3708.079421191604,0.9991408
3708.081735985556,1.0009297
3708.08405077951,0.9998546
3708.0863655734634,0.9840598
3708.088680367362,1.0006418
3708.0909951612384,0.99372196
3708.0933099551157,1.0040559
3708.0956247489917,0.9883683
3708.09793954287,1.0052689
3708.1002543367463,1.0057188
3708.1025691306245,0.9981716
3708.1048839244995,1.0032022
3708.1071987183777,1.0031946
3708.109513512254,0.99181265
3708.111828306132,1.010093
3708.1141431000083,1.001732
3708.1164578938847,1.0033795
3708.1187726877615,1.0060285
3708.121087481639,0.9998554
3708.123402275516,1.0067185
3708.1257170693943,0.9979679
3708.1280318632694,1.00843
3708.130346657092,1.0007067
3708.132661450893,1.0081395
3708.134976244693,1.0158184
3708.1372910384935,1.0014778
3708.139605832293,1.0149958
3708.1419206260925,0.9979607
3708.144235419894,1.0086778
3708.1465502136934,0.997292
3708.148865007495,0.9796012
3708.1511798012934,0.99525785
3708.153494595095,0.9996995
3708.155809388894,1.0032595
3708.1581241826943,1.0038246
3708.1604389764952,1.0046897
3708.1627537702934,0.99914974
3708.165068564095,0.99854386
3708.1673833578943,0.98943156
3708.169698151696,1.0055501
3708.17201294544,1.0116957
3708.174327739164,0.99818
3708.1766425328847,1.0017011
3708.1789573266083,1.0107193
3708.1812721203305,1.013082
3708.1835869140546,1.009252
3708.185901707776,1.0078291
3708.188216501498,0.99381864
3708.190531295221,1.0018657
3708.1928460889435,1.0023625
3708.195160882666,1.0130463
3708.1974756763902,1.0064911
3708.19979047011,1.007743
3708.202105263834,1.0087494
3708.204420057557,1.0020729
3708.2067348512796,0.996086
3708.2090496450023,1.0005753
3708.211364438724,1.01273
3708.21367923239,1.0057299
3708.2159940260353,0.99517775
3708.218308819679,1.0141758
3708.2206236133247,0.99472606
3708.222938406967,0.99612236
3708.2252532006123,0.993883
3708.227567994256,0.991147
3708.2298827879013,0.99282014
3708.2321975815444,1.0002594
3708.234512375189,0.9955324
3708.236827168832,0.9935081
3708.2391419624764,1.0042685
3708.241456756121,0.9949126
3708.2437715497663,0.9954851
3708.2460863434076,1.0074732
3708.248401137053,1.0016817
3708.2507159306974,1.0110779
3708.2530307243414,0.99715436
3708.2553455179295,1.013596
3708.2576603114944,1.0179366
3708.2599751050575,1.0106279
3708.2622898986237,1.0138654
3708.2646046921886,0.99653906
3708.266919485754,0.99477714
3708.2692342793175,1.0109354
3708.271549072883,1.0022604
3708.2738638664473,1.0027704
3708.276178660011,0.997212
3708.278493453577,0.9990204
3708.280808247142,1.0012861
3708.283123040706,1.0037194
3708.2854378342713,0.99723077
3708.287752627836,1.0094001
3708.2900674214,1.0065298
3708.292382214966,1.0027056
3708.2946970085295,0.9994613
3708.2970118020385,1.0006286
3708.2993265955224,1.0105927
3708.301641389008,1.0036988
3708.3039561824926,0.99882996
3708.306270975976,1.0047921
3708.308585769461,0.9938268
3708.310900562947,1.0061971
3708.3132153564306,1.000337
3708.3155301499155,1.0020928
3708.3178449434,0.99289393
3708.3201597368843,1.0000103
3708.3224745303696,1.0132552
3708.3247893238554,0.9990291
3708.3271041173393,1.0090889
3708.3294189108233,1.0148778
3708.331733704308,1.0183238
3708.334048497793,0.9979753
3708.336363291277,1.0116862
3708.3386780847054,0.9958152
3708.3409928781093,1.0004605
3708.3433076715123,0.9971406
3708.3456224649153,1.0015719
3708.34793725832,1.0008405
3708.350252051723,1.0080559
3708.352566845128,1.0084641
3708.35488163853,0.9923631
3708.3571964319353,1.0084565
3708.359511225338,1.0077535
3708.361826018743,0.9982318
3708.364140812146,0.99286294
3708.3664556055487,0.99521816
3708.368770398953,0.9951866
3708.371085192358,0.99519885
3708.373399985761,1.0152763
3708.375714779165,0.9975897
3708.378029572568,0.99999285
3708.3803443659135,0.98921037
3708.382659159235,1.0050429
3708.384973952557,1.0095587
3708.3872887458806,1.0101987
3708.389603539201,0.99900496
3708.391918332523,0.99833405
3708.394233125845,1.0032331
3708.3965479191675,1.0121788
3708.3988627124895,1.0007653
3708.4011775058107,0.98088634
3708.4034922991323,1.0067754
3708.4058070924552,0.9957475
3708.4081218857777,1.0027249
3708.4104366790993,1.0082527
3708.41275147242,1.0005043
3708.4150662657435,0.99153996
3708.417381059064,0.9944696
3708.4196958523876,0.9902553
3708.4220106456505,0.9945486
3708.424325438891,0.9941349
3708.4266402321286,0.99798435
3708.4289550253698,0.9992032
3708.431269818608,1.0081129
3708.433584611849,0.9922306
3708.4358994050876,0.99651706
3708.438214198326,0.9933994
3708.440528991566,0.99720395
3708.442843784806,1.0068547
3708.4451585780457,1.0107722
3708.4474733712864,1.012309
3708.4497881645243,0.982866
3708.452102957764,1.0139294
3708.4544177510033,0.99940956
3708.456732544243,1.0039095
3708.459047337483,0.9996884
3708.4613621307217,0.9938209
3708.4636769239014,1.0036048
3708.465991717059,0.9896945
3708.468306510214,1.0122912
3708.4706213033714,1.0031834
3708.472936096526,0.99680537
3708.4752508896836,0.9975931
3708.477565682839,1.007143
3708.4798804759967,1.0073537
3708.4821952691523,1.0015932
3708.4845100623074,0.99321884
3708.486824855464,1.0169318
3708.4891396486196,0.9929444
3708.4914544417766,0.99036306
3708.4937692349326,1.0068753
3708.496084028089,1.0011662
3708.4983988212443,0.99851704
3708.500713614402,1.0013398
3708.5030284075574,0.9971771
3708.5053432006553,0.98817986
3708.5076579937254,1.0044409
3708.509972786799,1.0045055
3708.5122875798706,0.99004126
3708.514602372943,1.0006343
3708.5169171660154,0.9891104
3708.5192319590888,0.99209225
3708.5215467521584,0.99560905
3708.5238615452317,1.0055118
3708.5261763383046,1.0011947
3708.528491131377,0.99625325
3708.530805924449,0.9815644
3708.533120717521,1.0112647
3708.535435510592,0.988314
3708.5377503036657,0.9969233
3708.540065096738,0.9986154
3708.5423798898105,0.9937376
3708.544694682881,0.9934715
3708.5470094758944,1.0073767
3708.5493242688813,0.99898
3708.55163906187,1.008968
3708.5539538548564,0.993723
3708.5562686478443,0.99756634
3708.5585834408307,1.000366
3708.5608982338185,0.9870959
3708.5632130268064,0.98521566
3708.565527819795,1.0067474
3708.5678426127797,0.99323016
3708.57015740577,0.9931159
3708.5724721987567,0.9866686
3708.574786991744,0.99969906
3708.577101784732,0.98888415
3708.579416577719,0.9961782
3708.5817313707053,0.99486166
3708.584046163694,0.9990446
3708.586360956682,0.9966115
3708.588675749608,0.9918292
3708.590990542509,0.996392
3708.5933053354115,0.9899721
3708.5956201283134,0.98894155
3708.597934921215,0.9904609
3708.6002497141194,0.9976713
3708.602564507021,0.9881433
3708.604879299922,1.00296
3708.607194092823,0.9932211
3708.6095088857264,1.0049957
3708.6118236786274,1.0013266
3708.614138471531,0.99168885
3708.616453264431,1.0048988
3708.6187680573344,1.0047673
3708.621082850236,0.9790151
3708.623397643139,0.9895877
3708.6257124360404,0.993005
3708.628027228942,1.00823
3708.630342021783,0.9960158
3708.6326568146,0.98662126
3708.634971607415,0.9935959
3708.6372864002315,0.9980694
3708.639601193046,0.9930561
3708.6419159858624,1.0002445
3708.644230778679,0.9949353
3708.646545571496,0.9900005
3708.6488603643106,0.99059635
3708.651175157126,0.9887564
3708.6534899499425,0.993826
3708.655804742758,0.99387205
3708.6581195355734,0.98478967
3708.6604343283907,0.988077
3708.662749121205,0.98452145
3708.6650639140216,0.98667216
3708.667378706837,0.98901194
3708.6696934996544,0.9874248
3708.6720082924076,0.98087907
3708.674323085137,0.9875976
3708.6766378778657,0.9909639
3708.678952670595,1.00284
3708.681267463324,0.9881844
3708.6835822560543,0.98056334
3708.6858970487824,0.98059225
3708.68821184151,0.99715495
3708.69052663424,0.99177235
3708.6928414269682,0.98899865
3708.6951562196987,0.98616034
3708.6974710124273,0.9922311
3708.699785805157,0.9881494
3708.7021005978845,0.9820539
3708.704415390615,0.99748534
3708.7067301833436,0.98936236
3708.7090449760735,0.976795
3708.7113597688012,0.9933652
3708.7136745614685,0.98878825
3708.7159893541098,0.97777855
3708.718304146752,0.9900636
3708.7206189393937,1.0079265
3708.722933732034,0.9920649
3708.7252485246763,0.9759499
3708.727563317318,1.0005002
3708.7298781099585,1.001893
3708.7321929026016,0.9997428
3708.7345076952415,0.9975159
3708.7368224878846,0.98970085
3708.739137280525,0.99657965
3708.7414520731677,1.0007383
3708.743766865809,0.99464214
3708.7460816584503,0.9796472
3708.748396451091,0.9763307
3708.7507112437343,0.9866561
3708.7530260363746,0.9874915
3708.755340828955,0.9937182
3708.7576556215067,0.986444
3708.7599704140603,0.9939902
3708.762285206614,1.0002767
3708.7645999991687,0.99014175
3708.7669147917213,0.9805415
3708.769229584276,0.9916414
3708.7715443768275,0.9995906
3708.7738591693815,0.98710436
3708.7761739619345,1.0004216
3708.7784887544876,0.9883964
3708.780803547042,0.9732823
3708.783118339593,0.9777048
3708.7854331321473,0.9768142
3708.7877479247013,0.98991394
3708.7900627172544,0.9865495
3708.7923775098084,0.97809917
3708.794692302361,0.9860103
3708.7970070948504,1.0001085
3708.799321887316,0.9880724
3708.8016366797815,0.98775053
3708.8039514722464,0.98721826
3708.806266264709,0.9834548
3708.8085810571747,0.9917935
3708.810895849638,0.98155713
3708.8132106421044,0.99945223
3708.8155254345684,0.9861629
3708.8178402270332,0.9899785
3708.8201550194967,0.99620336
3708.8224698119625,0.99399203
3708.824784604427,0.9991953
3708.8270993968927,0.9764657
3708.8294141893552,0.9886945
3708.831728981821,0.9878901
3708.834043774285,0.98890495
3708.83635856675,0.98981214
3708.838673359151,1.0030826
3708.8409881515254,0.9848503
3708.8433029438997,0.98663986
3708.8456177362764,0.99286455
3708.8479325286517,0.9938537
3708.850247321027,0.9930252
3708.8525621134013,0.9818521
3708.854876905777,0.97156376
3708.857191698151,0.99412453
3708.8595064905276,0.985103
3708.861821282903,0.9868833
3708.8641360752786,0.9809757
3708.8664508676516,0.99667794
3708.8687656600273,0.98431367
3708.8710804524026,0.9963414
3708.873395244777,0.98257625
3708.875710037153,0.98850405
3708.8780248295266,0.99811774
3708.880339621839,0.985245
3708.8826544141234,0.9874257
3708.8849692064096,0.9878774
3708.887283998694,0.99191344
3708.889598790979,0.99182737
3708.891913583264,0.99084127
3708.89422837555,0.98930806
3708.8965431678344,0.9889311
3708.8988579601205,0.98786473
3708.901172752404,0.99358416
3708.903487544689,0.9863504
3708.9058023369744,0.98208815
3708.908117129261,0.9931712
3708.910431921545,0.98574346
3708.9127467138296,0.98433006
3708.915061506115,0.9828102
3708.9173762984,0.99110407
3708.9196910906853,0.9899921
3708.9220058829073,0.98594743
3708.924320675099,0.99169105
3708.9266354672945,0.9879522
3708.9289502594884,0.9766386
3708.931265051684,0.994685
3708.9335798438774,0.9918588
3708.935894636072,0.9910107
3708.9382094282655,0.9731083
3708.940524220461,0.994302
3708.942839012655,0.988759
3708.9451538048506,0.98696625
3708.947468597044,0.983963
3708.9497833892387,0.99133646
3708.9520981814326,0.9946988
3708.954412973626,0.97360086
3708.9567277658216,1.0007163
3708.9590425580154,0.98705417
3708.9613573502097,0.98955876
3708.9636721423385,0.98561466
3708.965986934443,0.9875895
3708.968301726545,0.99913585
3708.9706165186494,1.0021045
3708.972931310751,0.9864736
3708.9752461028543,0.98886555
3708.9775608949576,0.98927104
3708.979875687061,0.9896669
3708.9821904791647,0.98554146
3708.9845052712667,0.994233
3708.98682006337,0.9763313
3708.9891348554734,0.98906296
3708.9914496475767,0.9808466
3708.99376443968,0.99426585
3708.996079231781,0.99164075
3708.9983940238853,0.98050964
3709.000708815988,0.9989825
3709.0030236080925,0.98459244
3709.0053384001294,0.9872178
3709.007653192141,0.9865872
3709.0099679841514,0.98556435
3709.012282776164,0.9781365
3709.0145975681744,0.9837101
3709.016912360187,0.99196017
3709.019227152196,1.0079334
3709.0215419442084,0.99228245
3709.023856736219,0.98053014
3709.0261715282318,0.9936027
3709.028486320242,0.9842171
3709.0308011122543,1.0024298
3709.033115904264,0.9856376
3709.035430696274,0.9908885
3709.037745488287,0.99336725
3709.0400602802974,0.9967295
3709.04237507231,0.9860279
3709.044689864319,0.9782692
3709.047004656266,1.0155711
3709.049319448184,0.9913244
3709.051634240103,0.986051
3709.053949032022,0.98777765
3709.0562638239403,0.99229246
3709.058578615858,1.0039161
3709.0608934077777,0.9902006
3709.063208199697,0.99981
3709.065522991616,0.98601204
3709.067837783534,0.9913696
3709.070152575453,0.98380744
3709.072467367371,0.984385
3709.074782159291,0.983575
3709.07709695121,0.99016917
3709.0794117431283,0.9921379
3709.0817265350456,0.99769044
3709.0840413269657,0.98607016
3709.086356118884,0.99313945
3709.088670910738,0.9731626
3709.0909857025617,0.9868184
3709.0933004943886,0.99737793
3709.0956152862136,0.9848723
3709.0979300780396,0.98442876
3709.1002448698655,0.9804111
3709.1025596616905,0.99395573
3709.1048744535165,0.98221433
3709.1071892453433,0.98693997
3709.109504037169,0.9794909
3709.1118188289943,1.0016669
3709.11413362082,0.9795681
3709.116448412644,0.9906349
3709.1187632044703,0.991761
3709.121077996296,0.9888293
3709.123392788123,0.9849513
3709.125707579948,0.9860952
3709.128022371773,0.9916086
3709.1303371635327,0.98913395
3709.132651955265,0.9937543
3709.1349667469963,0.98524463
3709.137281538731,0.99981403
3709.13959633046,0.98479825
3709.1419111221935,0.9842304
3709.144225913925,0.99319655
3709.146540705658,0.98659825
3709.1488554973894,0.9979526
3709.1511702891216,0.9913717
3709.153485080853,1.0071787
3709.155799872586,0.9837097
3709.158114664318,0.9905845
3709.160429456051,0.9833985
3709.1627442477816,1.003596
3709.165059039514,1.0007457
3709.1673738312466,0.98964405
3709.1696886229797,0.9842101
3709.172003414644,0.9925229
3709.1743182062814,0.9901874
3709.1766329979196,0.99267113
3709.1789477895577,0.97851896
3709.181262581196,0.99605376
3709.1835773728353,0.9843703
3709.1858921644703,0.9884113
3709.1882069561098,0.9941174
3709.190521747748,0.98669004
3709.192836539386,0.99787027
3709.195151331023,0.98767203
3709.197466122662,0.9781543
3709.1997809142986,0.9990138
3709.2020957059367,0.987619
3709.2044104975753,0.9918607
3709.206725289213,0.99723065
3709.2090400808515,0.99585736
3709.211354872488,0.98016065
3709.2136696640596,0.97580206
3709.215984455602,0.99417824
3709.2182992471467,0.98229027
3709.2206140386893,0.98259455
3709.222928830233,0.9856334
3709.2252436217755,0.9830672
3709.22755841332,0.9892058
3709.229873204862,0.9913676
3709.2321879964065,0.99185944
3709.2345027879487,0.9797897
3709.2368175794927,0.9915684
3709.2391323710353,0.99450344
3709.24144716258,0.9794212
3709.2437619541224,0.99298126
3709.246076745665,1.0034349
3709.2483915372086,0.9887103
3709.250706328752,1.0014379
3709.253021120295,0.989477
3709.2553359117715,0.98336667
3709.2576507032177,1.0022691
3709.2599654946666,0.9945974
3709.262280286115,0.9859217
3709.2645950775636,0.9992233
3709.266909869012,0.9812386
3709.2692246604593,0.9869466
3709.2715394519064,0.98356116
3709.2738542433535,0.9929345
3709.276169034803,0.9857494
3709.2784838262514,0.98412675
3709.2807986176986,1.0000528
3709.2831134091466,0.9923013
3709.285428200595,1.0005198
3709.2877429920422,0.99697626
3709.2900577834916,0.9937971
3709.2923725749397,0.9896689
3709.2946873663873,0.9825843
3709.2970021577667,0.990921
3709.29931694912,0.9814903
3709.3016317404717,0.98739827
3709.303946531825,1.001627
3709.3062613231755,0.9838748
3709.3085761145294,0.9929609
3709.3108909058806,0.9963977
3709.313205697234,0.9959304
3709.3155204885857,0.9935254
3709.3178352799373,0.99405193
3709.320150071289,0.99674904
3709.3224648626433,0.9894435
3709.324779653995,0.9781122
3709.327094445347,0.99627954
3709.329409236699,0.9956432
3709.3317240280517,1.0001713
3709.334038819403,0.9861581
3709.3363536107563,0.9962737
3709.3386684020406,0.98407763
3709.340983193296,0.99258703
3709.343297984551,0.98477
3709.3456127758086,1.0018467
3709.3479275670634,0.9964847
3709.350242358319,0.99439675
3709.352557149575,1.007926
3709.3548719408304,1.0018365
3709.3571867320875,0.9863051
3709.359501523344,0.9867893
3709.3618163146,1.003715
3709.3641311058545,0.98925066
3709.3664458971116,0.99322754
3709.368760688367,1.0051957
3709.371075479624,0.9920159
3709.3733902708796,0.9923593
3709.3757050621366,0.9845338
3709.378019853391,0.9926484
3709.3803346445784,0.98707795
3709.382649435738,0.99621016
3709.384964226899,0.9965853
3709.3872790180567,0.9952797
3709.3895938092155,0.98835903
3709.391908600375,0.96742266
3709.394223391534,0.99330693
3709.396538182694,0.996348
3709.3988529738544,1.0072997
3709.4011677650105,0.9923215
3709.403482556171,0.9866094
3709.405797347331,0.99617964
3709.4081121384897,0.997447
3709.4104269296486,0.99509305
3709.4127417208083,0.9988709
3709.415056511966,0.9967331
3709.417371303127,0.98930967
3709.4196860942857,0.98923063
3709.4220008853763,0.98820126
3709.424315676437,0.9858874
3709.4266304674984,1.0065272
3709.4289452585617,0.99653953
3709.4312600496223,0.99202704
3709.4335748406857,0.9924374
3709.435889631746,0.9912358
3709.438204422809,0.9860419
3709.44051921387,0.98740435
3709.4428340049335,1.008116
3709.4451487959946,0.9985195
3709.447463587057,0.9872362
3709.449778378118,0.9931648
3709.4520931691814,0.99254566
3709.4544079602424,1.0026121
3709.4567227513057,0.99774426
3709.459037542367,0.99007374
3709.461352333428,1.0042136
3709.4636671244207,1.0042418
3709.4659819153853,0.99020445
3709.468296706349,1.0025705
3709.4706114973137,0.9989626
3709.472926288276,1.0021213
3709.4752410792416,1.0066067
3709.477555870206,0.9877182
3709.4798706611705,0.99612236
3709.482185452135,0.9914887
3709.484500243098,0.99385697
3709.4868150340617,0.99790436
3709.4891298250272,0.99744487
3709.4914446159905,0.99754
3709.4937594069547,0.99780697
3709.496074197918,1.0040387
3709.4983889888817,1.0079248
3709.500703779847,0.9919685
3709.50301857081,0.9881246
3709.5053333617057,0.9956496
3709.5076481525703,0.99074525
3709.509962943437,0.98589236
3709.512277734302,0.99940306
3709.5145925251695,1.0001594
3709.5169073160346,0.99711394
3709.5192221068996,0.98954153
3709.5215368977656,1.0001733
3709.523851688633,1.0006676
3709.526166479498,0.9982343
3709.528481270365,0.98972195
3709.5307960612295,0.9956057
3709.533110852095,0.9986109
3709.5354256429605,1.0001534
3709.537740433828,1.004083
3709.540055224694,0.99578214
3709.5423700155598,1.0033739
3709.544684806425,1.0000387
3709.546999597221,0.9972148
3709.549314387987,1.0116372
3709.551629178756,0.983588
3709.553943969523,1.0016655
3709.5562587602894,1.0024955
3709.558573551056,1.0059366
3709.560888341824,1.0080845
3709.5632031325904,1.0082846
3709.5655179233568,1.003403
3709.5678327141245,0.9934745
3709.5701475048904,1.0036343
3709.572462295659,1.0074432
3709.5747770864264,1.0000019
3709.577091877194,0.99002707
3709.579406667959,1.0053825
3709.5817214587273,1.0027624
3709.584036249494,1.0028874
3709.586351040262,0.99340683
3709.5886658309582,1.0044112
3709.5909806216264,0.9963245
3709.593295412293,1.0046782
3709.5956102029613,1.0041395
3709.59792499363,1.003867
3709.600239784299,0.98532665
3709.602554574965,0.9986923
3709.604869365634,1.0087807
3709.6071841563016,1.0125585
3709.6094989469693,0.9955326
3709.6118137376375,0.99070376
3709.6141285283047,1.0021894
3709.616443318972,1.0042937
3709.618758109641,1.0061392
3709.621072900309,0.999094
3709.6233876909773,1.004952
3709.625702481644,1.0140024
3709.6280172723127,1.003805
3709.6303320629086,0.9977555
3709.632646853477,1.006993
3709.6349616440457,0.9957217
3709.6372764346143,1.008469
3709.6395912251814,1.0011107
3709.641906015749,0.99760705
3709.6442208063186,1.0079535
3709.6465355968858,0.99266666
3709.6488503874552,0.99916077
3709.6511651780215,0.99540204
3709.653479968591,1.0112938
3709.6557947591587,0.9895056
3709.658109549728,1.012542
3709.6604243402953,1.0052973
3709.662739130863,1.0072455
3709.6650539214315,1.0005
3709.667368712001,0.99939656
3709.669683502568,1.0017806
3709.6719982930667,1.0038049
3709.6743130835325,0.98773724
3709.676627874001,0.99936604
3709.6789426644696,0.9952947
3709.681257454939,1.005016
3709.6835722454057,0.99822545
3709.6858870358733,1.0077306
3709.6882018263404,0.98747355
3709.69051661681,0.99955666
3709.692831407277,0.9941523
3709.6951461977465,0.98467886
3709.6974609882127,0.9916712
3709.6997757786808,0.98781
3709.7020905691493,1.0047325
3709.7044053596173,1.0003821
3709.706720150086,0.9966885
3709.709034940552,1.0064545
3709.711349731021,0.9950719
3709.7136645214173,1.006333
3709.7159793117858,0.9951659
3709.7182941021524,1.0058743
3709.720608892521,0.9869005
3709.722923682887,1.0009451
3709.7252384732556,0.99970776
3709.727553263622,0.99600637
3709.7298680539907,1.0110132
3709.732182844358,1.0140702
3709.734497634724,1.0024956
3709.736812425092,0.9968187
3709.7391272154605,0.99674976
3709.741442005827,0.98342806
3709.7437567961956,0.9909699
3709.746071586562,1.014554
3709.7483863769294,0.9968121
3709.750701167297,1.0048523
3709.7530159576645,0.9963835
3709.7553307479607,1.0030073
3709.757645538226,0.98949385
3709.7599603284925,1.0103773
3709.762275118759,0.9918105
3709.764589909025,0.9888951
3709.7669046992914,0.997703
3709.769219489557,0.9985457
3709.7715342798224,1.0099146
3709.7738490700904,1.0045017
3709.776163860357,1.0073631
3709.7784786506236,0.9927017
3709.780793440888,0.9959206
3709.783108231156,1.0004673
3709.785423021421,1.00408
3709.7877378116887,1.0023822
3709.7900526019553,1.0093904
3709.792367392221,1.0013604
3709.7946821824867,1.0058374
3709.796996972682,0.9995829
3709.799311762846,0.99531543
3709.8016265530123,0.99882126
3709.803941343176,1.0075876
3709.8062561333413,0.9958372
3709.8085709235056,0.99402183
3709.810885713671,0.99587166
3709.813200503836,1.0001905
3709.815515294002,1.000291
3709.817830084164,0.9980892
3709.820144874331,0.99460256
3709.8224596644955,1.0048548
3709.82477445466,0.99419504
3709.8270892448254,0.9941619
3709.8294040349883,1.0006409
3709.8317188251535,0.9993321
3709.8340336153187,0.9943253
3709.836348405485,1.0055153
3709.8386631955764,0.99016273
3709.8409779856383,1.0079633
3709.8432927757017,0.9982742
3709.8456075657646,0.9924846
3709.847922355827,1.0098665
3709.850237145892,0.9993957
3709.852551935952,0.9998692
3709.854866726016,0.9938517
3709.8571815160785,1.0059134
3709.859496306143,1.0057814
3709.8618110962047,1.0074652
3709.864125886268,0.99743456
3709.8664406763296,0.9894633
3709.868755466394,1.0063626
3709.8710702564563,1.0064367
3709.8733850465205,1.0047166
3709.8756998365816,0.99881804
3709.878014626645,1.0106179
3709.8803294166355,1.0074934
3709.882644206597,0.9930461
3709.8849589965566,0.9991559
3709.8872737865177,0.9927588
3709.889588576477,1.0027109
3709.891903366438,1.0078781
3709.894218156399,0.99807286
3709.896532946358,0.99591523
3709.89884773632,0.99364656
3709.901162526279,1.0080845
3709.90347731624,0.99438834
3709.9057921062004,1.0060064
3709.9081068961614,1.0070199
3709.9104216861224,1.0041311
3709.9127364760816,0.9803473
3709.9150512660426,1.0036497
3709.9173660560036,1.0051547
3709.9196808459637,1.0097448
3709.9219956358515,1.0116241
3709.924310425708,0.9974889
3709.926625215567,1.0003334
3709.9289400054236,1.0143949
3709.9312547952827,1.0041977
3709.9335695851396,1.0049784
3709.9358843749974,1.0127152
3709.9381991648547,1.0077987
3709.9405139547134,0.99549526
3709.9428287445703,1.0027995
3709.945143534429,0.996802
3709.9474583242854,1.0078398
3709.949773114143,1.009796
3709.952087904001,1.0005553
3709.95440269386,1.0148488
3709.9567174837175,1.0062834
3709.959032273573,1.0145417
3709.961347063432,1.0158296
3709.9636618532154,0.9997474
3709.9659766429713,1.0034359
3709.968291432725,1.0064012
3709.970606222481,1.0143268
3709.9729210122327,1.0058097
3709.975235801989,1.0145612
3709.9775505917432,1.0059794
3709.9798653814973,0.99180907
3709.9821801712524,0.9983913
3709.984494961006,1.0129621
3709.9868097507597,1.0157037
3709.9891245405156,1.0031793
3709.99143933027,1.018314
3709.993754120025,1.0069578
3709.9960689097775,0.99835324
3709.9983836995334,1.0167326
3710.000698489287,1.0061219
3710.0030132790425,1.0031682
3710.005328068724,1.0085506
3710.0076428583743,1.011021
3710.009957648024,1.0182064
3710.012272437676,0.9939196
3710.0145872273265,0.9876133
3710.016902016976,1.0054607
3710.0192168066274,0.998934
3710.0215315962773,0.9999818
3710.023846385929,1.0145118
3710.0261611755795,1.0124054
3710.028475965232,0.9904896
3710.0307907548804,0.99071467
3710.0331055445317,1.0077704
3710.035420334183,0.99656224
3710.037735123835,0.99818486
3710.040049913485,1.0010562
3710.042364703136,0.9922735
3710.0446794927857,1.0018686
3710.046994282363,1.0101655
3710.04930907191,1.0039607
3710.051623861458,0.9952958
3710.053938651004,1.0008168
3710.0562534405503,1.0066584
3710.058568230097,0.9931818
3710.060883019644,1.0022352
3710.06319780919,1.0010725
3710.065512598738,0.995571
3710.067827388283,1.0039924
3710.0701421778313,1.0013856
3710.072456967377,1.000574
3710.074771756925,0.99947894
3710.077086546471,1.0031567
3710.0794013360164,0.99726635
3710.0817161255645,0.9944283
3710.08403091511,1.0089782
3710.086345704658,0.99492913
3710.088660494131,1.0026354
3710.0909752835723,0.986395
3710.093290073014,1.0044539
3710.0956048624575,1.0021813
3710.097919651899,0.9990847
3710.1002344413423,1.0048302
3710.102549230783,0.9978246
3710.1048640202266,1.0045555
3710.107178809668,1.0019753
3710.109493599112,1.0045252
3710.1118083885535,1.0051253
3710.1141231779948,1.0034243
3710.1164379674374,0.9956059
3710.118752756881,1.0007763
3710.121067546322,0.9974636
3710.1233823357647,0.9889855
3710.125697125205,0.99765223
3710.1280119146486,0.9953683
3710.1303267040166,1.0008295
3710.1326414933546,0.99799436
3710.134956282692,1.0018871
3710.137271072028,1.0033557
3710.1395858613655,0.996788
3710.141900650703,1.0079666
3710.1442154400406,1.0038701
3710.146530229378,0.9957571
3710.148845018716,1.014178
3710.1511598080515,1.0095649
3710.1534745973904,0.99467826
3710.1557893867266,1.0026494
3710.1581041760655,1.0056273
3710.160418965403,1.002675
3710.1627337547397,0.9914985
3710.1650485440764,0.99410653
3710.167363333415,1.0133668
3710.169678122752,0.998453
3710.171992912016,0.98265773
3710.174307701246,1.0163175
3710.1766224904795,1.0001745
3710.1789372797107,0.9997024
3710.1812520689436,1.0067595
3710.1835668581753,0.99985415
3710.1858816474064,1.0020298
3710.188196436639,0.9958228
3710.1905112258714,1.0019498
3710.192826015104,0.9832428
3710.195140804336,0.99924296
3710.1974555935676,1.000382
3710.1997703827988,1.0022501
3710.2020851720313,1.0192655
3710.204399961264,0.9977844
3710.2067147504968,0.99490327
3710.209029539726,0.99938375
3710.2113443289595,1.0061573
3710.213659118117,1.013782
3710.2159739072436,0.9941384
3710.218288696369,0.98166317
3710.220603485496,1.0019572
3710.2229182746214,1.009085
3710.2252330637493,1.0070597
3710.227547852876,0.99987644
3710.229862642003,1.0046418
3710.232177431128,1.005344
3710.234492220255,0.99063694
3710.2368070093808,0.99729294
3710.239121798508,0.9944913
3710.241436587634,1.0027843
3710.243751376762,0.9916819
3710.246066165886,1.0038147
3710.248380955013,0.9951004
3710.2506957441396,0.99512887
3710.2530105332653,0.98601514
3710.2553253223177,1.0046291
3710.2576401113365,1.002582
3710.259954900358,0.99588674
3710.2622696893777,1.0032667
3710.2645844783992,1.0102448
3710.266899267419,1.0065241
3710.269214056438,0.9933545
3710.271528845459,0.9992261
3710.2738436344807,1.0092844
3710.2761584235,0.9983506
3710.2784732125206,1.0128888
3710.2807880015407,1.0025549
3710.283102790561,0.9973021
3710.2854175795815,0.9979804
3710.2877323686034,1.0089532
3710.290047157623,1.0108707
3710.2923619466424,1.0063143
3710.294676735662,0.9938237
3710.296991524608,1.0037187
3710.299306313521,0.9960175
3710.3016211024365,1.0029386
3710.3039358913484,1.0051763
3710.3062506802635,1.0074261
3710.3085654691768,1.0065005
3710.310880258091,0.98833644
3710.3131950470047,1.004012
3710.315509835919,0.9990259
3710.3178246248326,0.99974525
3710.3201394137454,0.9941949
3710.3224542026605,1.0097492
3710.324768991574,0.99573624
3710.327083780489,1.0002203
3710.329398569401,0.99669605
3710.331713358316,1.0010111
3710.334028147229,0.9970422
3710.3363429361443,1.0026942
3710.3386577249817,1.007743
3710.3409725137876,1.0034337
3710.343287302595,1.0108788
3710.3456020914023,1.0012277
3710.34791688021,1.005923
3710.3502316690183,1.0043612
3710.3525464578233,1.0074846
3710.3548612466307,0.996866
3710.3571760354375,1.0072443
3710.3594908242453,1.0136769
3710.3618056130526,0.99678063
3710.3641204018586,1.0016636
3710.366435190665,0.98966175
3710.3687499794723,1.0100362
3710.371064768279,0.9916587
3710.373379557087,1.0029773
3710.3756943458934,0.98961776
3710.3780091346994,1.0072151
3710.3803239234317,0.9946142
3710.3826387121317,0.99702096
3710.3849535008317,1.0015626
3710.38726828953,1.0067935
3710.3895830782308,1.0023528
3710.39189786693,1.0084747
3710.394212655631,0.9915111
3710.39652744433,1.0033216
3710.398842233031,0.9881587
3710.401157021729,1.0076873
3710.40347181043,0.99013233
3710.4057865991294,0.9933851
3710.4081013878304,1.0011328
3710.410416176529,0.9944589
3710.4127309652295,0.99367607
3710.4150457539286,1.0137268
3710.417360542628,1.0040566
3710.4196753313286,0.9957642
3710.4219901199513,1.0075167
3710.4243049085426,0.9864862
3710.426619697135,0.9903928
3710.4289344857284,0.9928386
3710.4312492743197,0.99527335
3710.4335640629133,0.9866567
3710.4358788515037,0.9918884
3710.438193640096,0.99986213
3710.4405084286886,1.0050278
3710.442823217282,1.0019808
3710.4451380058736,0.9990471
3710.447452794465,0.99232423
3710.4497675830576,0.99699134
3710.45208237165,1.0049393
3710.454397160241,1.0076209
3710.4567119488347,1.0006392
3710.4590267374247,1.0056038
3710.4613415260183,0.99236804
3710.463656314533,1.000664
3710.4659711030185,1.0104103
3710.468285891502,0.9932345
3710.4706006799865,1.0056808
3710.47291546847,0.99847925
3710.4752302569555,1.0058162
3710.477545045439,0.9869582
3710.4798598339235,1.0052134
3710.4821746224065,0.9972205
3710.48448941089,1.0129061
3710.486804199376,1.0042101
3710.489118987859,0.99117434
3710.4914337763444,0.9960101
3710.493748564828,0.9841969
3710.4960633533124,1.0008885
3710.498378141796,0.98567945
3710.5006929302804,1.0001876
3710.503007718765,0.9944493
3710.5053225071733,0.99951005
3710.5076372955473,0.9918953
3710.5099520839235,1.0096815
3710.5122668722993,1.0068941
3710.5145816606755,0.99407756
3710.5168964490517,0.9958807
3710.5192112374266,0.99289453
3710.521526025802,1.0016575
3710.523840814179,0.9931913
3710.5261556025553,1.0007304
3710.528470390931,0.9985309
3710.530785179305,0.985176
3710.53309996768,0.994995
3710.535414756057,0.9871057
3710.537729544433,1.010114
3710.5400443328094,0.9962253
3710.5423591211834,0.99992704
3710.5446739095605,0.9850433
3710.5469886978585,1.0010382
3710.5493034861265,0.99296504
3710.551618274393,1.0006669
3710.5539330626607,1.0001276
3710.5562478509264,0.9997444
3710.558562639195,0.99138397
3710.5608774274615,0.9971633
3710.56319221573,1.0102305
3710.565507003995,0.99325216
3710.567821792263,1.0015442
3710.57013658053,0.99236584
3710.572451368798,1.0076977
3710.5747661570645,1.0103343
3710.577080945333,0.9975075
3710.579395733598,1.0061243
3710.5817105218653,0.9922351
3710.584025310133,1.0137217
3710.586340098399,0.99274266
3710.5886548865897,0.99641275
3710.5909696747462,1.0004543
3710.593284462904,0.9927439
3710.5955992510626,1.0061401
3710.597914039222,1.0012292
3710.6002288273794,0.993383
3710.6025436155364,1.0018249
3710.604858403695,1.0130638
3710.607173191853,1.0184515
3710.60948798001,1.0065842
3710.611802768169,1.007101
3710.6141175563253,1.0037336
3710.6164323444846,1.0023386
3710.618747132643,0.99631596
3710.6210619208014,0.9983498
3710.6233767089584,1.0092747
3710.6256914971163,1.0010849
3710.628006285274,1.0038133
3710.6303210733554,1.0056359
3710.632635861403,1.0097429
3710.634950649453,1.0052217
3710.6372654374995,0.9996645
3710.6395802255474,1.0067552
3710.641895013597,0.9970167
3710.6442098016446,1.0001211
3710.6465245896943,0.99008995
3710.6488393777413,0.997104
3710.6511541657915,1.0038811
3710.653468953839,0.9911112
3710.6557837418877,0.9874217
3710.6580985299365,0.99312854
3710.6604133179862,1.0099721
3710.662728106033,1.0026605
3710.6650428940825,0.98970723
3710.6673576821304,1.0111512
3710.669672470179,1.0133224
3710.67198725815,1.0004245
3710.6743020460876,1.0132911
3710.676616834026,1.0227692
3710.6789316219656,1.0073142
3710.681246409905,0.9957793
3710.683561197843,0.9950313
3710.6858759857805,1.0067255
3710.6881907737193,0.9888013
3710.690505561658,1.0051355
3710.6928203495972,0.98681486
3710.695135137537,0.9906288
3710.697449925473,0.9911886
3710.699764713413,0.9927822
3710.702079501351,1.0043991
3710.7043942892906,1.0015314
3710.7067090772284,1.0003837
3710.7090238651676,0.9932297
3710.7113386531055,0.99254084
3710.713653440967,0.9823578
3710.7159682287947,0.99237335
3710.718283016625,1.0090421
3710.7205978044512,1.002611
3710.722912592281,0.98134357
3710.725227380109,0.9946573
3710.7275421679383,1.0012379
3710.729856955766,0.9870738
3710.732171743594,0.99256575
3710.7344865314226,0.99717736
3710.7368013192513,0.99837726
3710.73911610708,1.0119976
3710.7414308949074,0.99780107
3710.7437456827374,1.003589
3710.7460604705643,1.0042359
3710.748375258394,0.9906604
3710.7506900462213,1.0016038
3710.7530048340514,0.9875829
3710.7553196218005,0.99428546
3710.757634409518,1.0012894
3710.759949197236,0.9994704
3710.762263984954,0.9922407
3710.764578772672,1.0003508
3710.76689356039,1.0022196
3710.769208348106,0.9985405
3710.771523135825,1.0043834
3710.7738379235434,0.99783796
3710.776152711262,1.0002381
3710.778467498979,1.003692
3710.780782286697,1.0083467
3710.7830970744144,1.0064042
3710.7854118621335,0.9997839
3710.7877266498504,0.9961663
3710.7900414375686,1.001267
3710.792356225286,0.9987145
3710.794671013003,0.9904989
3710.7969858006436,1.0032341
3710.7993005882495,0.99891645
3710.8016153758576,1.0018853
3710.803930163463,0.9963831
3710.8062449510717,0.9962545
3710.8085597386776,0.99009097
3710.8108745262857,0.99929816
3710.813189313892,1.0072047
3710.815504101498,1.0129784
3710.8178188891056,0.9941212
3710.820133676714,1.0134166
3710.8224484643197,1.0031109
3710.824763251927,1.0049187
3710.8270780395346,0.99349815
3710.8293928271405,1.020285
3710.831707614747,0.9974182
3710.834022402355,1.001849
3710.8363371899623,1.0057099
3710.8386519774904,1.0126774
3710.8409667649853,0.9974186
3710.84328155248,0.99656045
3710.8455963399765,1.0024382
3710.8479111274723,0.9893039
3710.8502259149695,1.0040551
3710.852540702462,1.0011249
3710.8548554899594,0.99290943
3710.857170277455,1.0007104
3710.859485064951,0.9980795
3710.861799852446,0.9998536
3710.8641146399423,1.0039171
3710.8664294274367,0.9978255
3710.868744214934,0.9943227
3710.87105900243,1.0038388
3710.873373789926,1.0051419
3710.8756885774196,0.9958898
3710.878003364917,1.0089355
3710.8803181523326,0.9951913
3710.8826329397175,0.99184453
3710.884947727101,1.0028876
3710.8872625144854,0.99127984
3710.8895773018685,0.99855864
3710.891892089252,1.010768
3710.8942068766373,1.0073749
3710.8965216640204,1.0000683
3710.898836451405,0.9935171
3710.9011512387883,1.0072381
3710.9034660261736,1.004444
3710.905780813557,1.0082698
3710.9080956009425,1.0031565
3710.9104103883246,1.0162189
3710.912725175709,1.0043589
3710.9150399630935,0.99983287
3710.917354750479,0.99315566
3710.919669537862,1.0020039
3710.9219843251667,1.004666
3710.924299112437,1.0127513
3710.9266138997104,0.9965282
3710.9289286869825,0.99809015
3710.931243474255,0.99405074
3710.9335582615277,0.9986061
3710.935873048799,0.9961352
3710.93818783607,1.0103079
3710.940502623342,1.0061332
3710.9428174106147,1.0019932
3710.9451321978872,0.9862948
3710.9474469851584,1.0009832
3710.9497617724296,0.9916275
3710.952076559703,1.0060903
3710.9543913469743,0.9893458
3710.9567061342477,0.9919107
3710.959020921518,0.999864
3710.9613357087915,0.99635226
3710.963650495983,1.0044863
3710.9659652831438,1.005706
3710.968280070303,0.9965345
3710.970594857462,0.99636906
3710.972909644622,1.0143621
3710.975224431783,1.006128
3710.9775392189417,0.99095535
3710.979854006103,1.0041968
3710.9821687932613,1.0005187
3710.9844835804206,1.0045389
3710.986798367581,0.9962871
3710.98911315474,1.0045286
3710.9914279419013,1.0062414
3710.993742729059,1.0062219
3710.99605751622,1.0011662
3710.998372303379,1.0007837
3711.000687090539,0.9925351
3711.003001877699,0.99805135
3711.00531666478,1.0024763
3711.007631451824,0.98949957
3711.0099462388725,1.0050187
3711.01226102592,1.0043746
3711.014575812967,0.9966223
3711.0168906000144,0.98935145
3711.019205387061,1.0095911
3711.021520174107,1.003919
3711.0238349611554,0.99543536
3711.026149748203,1.0027051
3711.0284645352504,0.99977946
3711.0307793222955,1.0062244
3711.033094109344,0.9952793
3711.0354088963904,0.9945937
3711.037723683436,1.0097934
3711.0400384704844,0.9979387
3711.0423532575296,1.0044597
3711.044668044578,0.99806035
3711.0469828315445,0.97791654
3711.0492976184796,1.0045882
3711.051612405413,0.99812484
3711.053927192347,1.0000224
3711.0562419792805,1.010629
3711.058556766216,0.9999596
3711.060871553149,0.9890187
3711.063186340084,0.99548995
3711.0655011270164,0.9921285
3711.0678159139507,0.99551064
3711.0701307008853,0.994666
3711.0724454878205,0.9968183
3711.0747602747533,0.9875835
3711.077075061687,0.9965
3711.0793898486213,0.9966564
3711.081704635554,1.0055221
3711.0840194224897,0.99516356
3711.086334209423,0.9983959
3711.0886489962777,0.99364865
3711.090963783097,1.0122911
3711.093278569918,0.99377626
3711.0955933567384,0.99580544
3711.0979081435594,0.99011385
3711.1002229303804,1.0068486
3711.1025377172,0.9949957
3711.10485250402,0.9950395
3711.107167290842,0.99957114
3711.109482077663,0.9944607
3711.1117968644835,1.0047183
3711.1141116513027,0.9982462
3711.1164264381246,0.99724096
3711.118741224944,1.0046492
3711.121056011766,0.9945465
3711.123370798586,1.0065726
3711.1256855854067,1.0039246
3711.128000372227,1.0046357
3711.130315158966,1.0038255
3711.1326299456737,0.9967653
3711.13494473238,0.9990159
3711.1372595190874,1.0118281
3711.1395743057933,0.9910847
3711.1418890925015,0.9954334
3711.144203879208,1.0041062
3711.146518665916,0.99857444
3711.148833452621,1.0150987
3711.1511482393294,1.0056142
3711.1534630260353,1.0015125
3711.1557778127435,1.0037203
3711.15809259945,1.0021739
3711.1604073861563,1.0158114
3711.1627221728622,0.98978084
3711.1650369595704,1.0050167
3711.1673517462773,1.0153633
3711.169666532984,1.0104883
3711.1719813196105,1.0053648
3711.1742961062027,1.0008037
3711.1766108927945,0.9878654
3711.1789256793877,0.99816823
3711.181240465982,1.0103352
3711.1835552525745,1.0054704
3711.1858700391663,1.0057989
3711.1881848257594,0.9984354
3711.1904996123526,1.0084958
3711.1928143989444,1.0042367
3711.1951291855385,1.0017977
3711.1974439721293,1.0105604
3711.1997587587234,1.0042012
3711.2020735453166,0.9866042
3711.2043883319097,0.9953438
3711.2067031185015,1.0016655
3711.2090179050947,1.003545
3711.211332691687,0.9927343
3711.2136474782,1.0024581
3711.2159622646773,1.0009162
3711.218277051157,0.989174
3711.2205918376335,1.003762
3711.2229066241116,1.0015119
3711.225221410591,1.0057155
3711.2275361970683,1.0035903
3711.229850983548,1.0008352
3711.232165770025,1.0012716
3711.234480556505,1.0167288
3711.236795342982,1.0049189
3711.239110129462,1.0039544
3711.2414249159397,0.99612564
3711.243739702417,1.0005528
3711.246054488896,1.0060401
3711.2483692753754,1.0020511
3711.250684061853,0.98387116
3711.2529988483316,1.002874
3711.2553136347287,0.9912809
3711.257628421092,1.0054748
3711.259943207455,0.9891616
3711.2622579938197,0.99351853
3711.2645727801837,0.99391013
3711.2668875665463,1.0091096
3711.2692023529094,0.9864283
3711.271517139273,1.0012172
3711.273831925637,0.99523294
3711.276146712001,1.0007576
3711.2784614983657,0.9926565
3711.2807762847265,1.0029653
3711.2830910710913,1.0044739
3711.2854058574544,0.9974368
3711.287720643819,0.99931616
3711.290035430182,0.9915232
3711.292350216546,0.99415416
3711.2946650029085,0.9971027
3711.296979789192,0.9955835
3711.29929457544,1.005943
3711.3016093616898,0.9942109
3711.303924147936,0.99975157
3711.306238934186,1.0081301
3711.308553720434,1.0002108
3711.310868506683,0.99007004
3711.313183292931,0.9995513
3711.315498079178,1.0019993
3711.3178128654276,0.9986828
3711.3201276516756,1.0106313
3711.3224424379255,0.9925429
3711.324757224173,1.0023563
3711.3270720104215,0.9879378
3711.3293867966695,0.99715793
3711.331701582918,0.99671423
3711.334016369167,0.99550503
3711.3363311554167,0.98843277
3711.3386459415806,0.99878466
3711.340960727715,0.98842555
3711.3432755138483,0.9875039
3711.3455902999817,0.9975082
3711.3479050861147,1.0027078
3711.350219872248,0.9889435
3711.352534658379,1.0037178
3711.3548494445135,0.99158543
3711.357164230647,0.9946859
3711.3594790167795,1.002284
3711.3617938029124,0.98813295
3711.364108589045,0.99350035
3711.3664233751783,0.9865
3711.3687381613104,1.0014793
3711.3710529474447,0.9966048
3711.373367733578,0.98677295
3711.37568251971,0.9856404
3711.3779973058427,1.005169
3711.3803120918947,1.0049262
3711.3826268779108,0.9947605
3711.3849416639296,0.99428934
3711.387256449945,0.99644214
3711.3895712359636,1.004482
3711.39188602198,0.9846621
3711.3942008079985,0.99239063
3711.396515594015,0.9956542
3711.3988303800315,1.0041277
3711.6164202551977,1.0021304
3711.6187350406626,1.0210109
3711.62104982613,1.0254788
3711.623364611595,1.0127045
3711.6256793970624,1.015338
3711.627994182528,1.0158434
3711.6303089679104,1.013858
3711.6326237532576,1.020613
3711.634938538607,1.0195202
3711.6372533239555,1.0049661
3711.639568109305,1.0142645
3711.6418828946526,1.0037068
3711.6441976800015,1.0063481
3711.646512465348,1.0096214
3711.6488272506977,1.019064
3711.651142036045,1.0084795
3711.6534568213942,1.0069752
3711.6557716067427,1.0243329
3711.6580863920913,1.0087227
3711.6604011774393,1.0055114
3711.662715962786,1.0148549
3711.6650307481355,1.0205424
3711.667345533483,1.0100498
3711.669660318832,1.0061425
3711.671975104097,1.008683
3711.6742898893267,1.015252
3711.676604674557,1.0140123
3711.678919459786,1.0219
3711.6812342450166,1.0135773
3711.6835490302465,1.0132315
3711.6858638154768,1.0184084
3711.688178600708,1.0127484
3711.690493385938,1.0241997
3711.692808171167,1.0264268
3711.695122956396,1.0171549
3711.6974377416277,1.0272996
3711.6997525268566,1.014342
3711.702067312087,1.0140524
3711.704382097318,1.0007219
3711.7066968825475,1.030202
3711.7090116677764,1.0175613
3711.7113264530067,1.0242761
3711.7136412381537,1.0124985
3711.7159560232653,1.0058874
3711.7182708083765,1.0180489
3711.7205855934885,1.0090828
3711.7229003786,1.0086958
3711.72521516371,1.0228367
3711.727529948822,1.0101739
3711.729844733934,1.0211668
3711.7321595190465,1.0028082
3711.734474304157,1.0084466
3711.7367890892697,1.000513
3711.7391038743804,1.0104653
3711.741418659492,1.0093215
3711.743733444602,1.0029745
3711.7460482297142,1.0118248
3711.7483630148267,1.0096087
3711.7506777999374,1.0023773
3711.75299258505,1.0004419
3711.755307370076,1.0080638
3711.757622155069,1.0109491
3711.7599369400605,1.0103236
3711.7622517250543,1.005676
3711.764566510046,1.0133134
3711.7668812950405,1.008144
3711.7691960800325,1.0159569
3711.771510865026,1.0260625
3711.7738256500165,1.0070071
3711.7761404350103,0.9871214
3711.7784552200023,1.0044773
3711.7807700049957,1.0072665
3711.7830847899872,1.0061378
3711.78539957498,1.0023824
3711.7877143599735,1.0202154
3711.7900291449646,0.9968924
3711.7923439299584,1.0059177
3711.79465871495,1.0050578
3711.7969734998587,1.0014739
3711.799288284731,1.021084
3711.801603069606,1.0139982
3711.803917854478,0.9994211
3711.8062326393515,1.0164337
3711.8085474242253,1.004245
3711.8108622090986,1.0045259
3711.813176993972,1.0109837
3711.8154917788465,1.0186954
3711.817806563719,1.0084689
3711.8201213485927,1.0210862
3711.822436133464,1.002785
3711.824750918338,1.004682
3711.827065703212,1.0017219
3711.8293804880846,1.0081043
3711.831695272959,1.0141898
3711.8340100578316,1.0106752
3711.836324842706,1.0054138
3711.8386396274923,1.0008622
3711.8409544122474,1.0118055
3711.843269197,1.0113007
3711.8455839817548,1.0076898
3711.847898766509,1.0105795
3711.8502135512626,1.0200187
3711.8525283360163,1.0051146
3711.854843120769,1.003657
3711.857157905523,1.0052918
3711.8594726902766,1.0083665
3711.8617874750303,0.99997526
3711.8641022597844,1.011361
3711.866417044538,1.0032971
3711.868731829292,1.0038536
3711.8710466140446,1.0066464
3711.873361398799,1.0003518
3711.8756761835525,1.0092169
3711.877990968306,1.0062958
3711.880305752976,1.0059813
3711.8826205376095,1.021045
3711.884935322243,1.0008231
3711.887250106875,1.002384
3711.88956489151,1.009583
3711.891879676144,1.003758
3711.8941944607777,1.0045485
3711.896509245412,1.0002842
3711.8988240300455,1.0091
3711.901138814679,1.0007348
3711.9034535993133,0.9989766
3711.905768383946,1.0114844
3711.9080831685797,1.0168806
3711.9103979532133,1.0221138
3711.9127127378474,1.015736
3711.915027522481,1.0017099
3711.9173423071147,1.0070826
3711.919657091748,1.0068854
3711.9219718762965,1.006858
3711.9242866608106,1.0055093
3711.9266014453233,1.0097066
3711.928916229838,1.0082287
3711.9312310143505,1.0138153
3711.9335457988645,1.0005145
3711.9358605833763,1.0027131
3711.938175367891,1.004916
3711.9404901524044,0.99813956
3711.942804936919,0.99824
3711.9451197214316,0.9962575
3711.947434505945,0.99727094
3711.9497492904584,1.0166432
3711.9520640749697,1.0105366
3711.9543788594847,1.0098486
3711.956693643997,1.0042866
3711.959008428513,1.0096427
3711.961323213025,1.0045264
3711.9636379974536,1.007068
3711.9659527818453,1.0135665
3711.9682675662384,1.0089861
3711.9705823506306,1.0141797
3711.972897135024,1.0088995
3711.975211919416,1.0033514
3711.977526703811,0.99826056
3711.9798414882025,1.0118141
3711.9821562725965,0.9965288
3711.9844710569873,1.0016063
3711.986785841379,1.0053465
3711.989100625773,0.99946636
3711.991415410165,1.0053985
3711.993730194559,1.0042478
3711.9960449789505,1.0198057
3711.9983597633454,0.9956427
3712.0006745477363,1.0129035
3712.00298933213,1.0094091
3712.0053041164356,1.007867
3712.0076189007086,1.0099334
3712.0099336849794,1.0035658
3712.012248469252,1.0111339
3712.0145632535227,1.0074817
3712.016878037795,1.0140967
3712.0191928220665,1.0078329
3712.021507606338,1.0089235
3712.0238223906103,0.9978913
3712.026137174881,1.0117748
3712.0284519591537,1.006752
3712.0307667434245,1.006571
3712.0330815276966,0.99832255
3712.0353963119683,1.0043168
3712.03771109624,1.0001878
3712.040025880512,1.0058378
3712.0423406647838,1.0115458
3712.0446554490554,1.0072752
3712.04697023324,1.0052786
3712.0492850173905,1.0067226
3712.0515998015408,1.0111121
3712.053914585691,0.9997512
3712.0562293698426,1.0025234
3712.058544153993,0.997625
3712.060858938143,1.0101031
3712.0631737222916,0.9963859
3712.0654885064428,1.0043145
3712.067803290594,1.0014098
3712.0701180747433,0.9997837
3712.072432858895,0.99271035
3712.074747643045,1.0182734
3712.0770624271954,1.0125991
3712.079377211344,1.015772
3712.0816919954955,1.0077046
3712.0840067796457,1.0033393
3712.086321563796,1.0180458
3712.0886363478603,1.0035579
3712.0909511318887,1.0057082
3712.093265915917,1.0111754
3712.0955806999464,1.0055692
3712.097895483974,1.00508
3712.100210268003,0.9992358
3712.1025250520306,1.0087274
3712.10483983606,0.99992824
3712.1071546200883,1.0069075
3712.1094694041167,0.9904686
3712.1117841881446,1.0017573
3712.1140989721735,1.0091722
3712.1164137562027,1.0130731
3712.1187285402307,1.0131443
3712.1210433242604,1.0016732
3712.123358108289,1.0074769
3712.125672892317,1.0098934
3712.127987676344,0.99322987
3712.130302460287,1.020151
3712.1326172441936,1.0077685
3712.1349320281015,0.99808913
3712.137246812007,1.0134879
3712.1395615959136,0.9954162
3712.1418763798197,1.010856
3712.1441911637244,0.9935214
3712.1465059476322,1.012941
3712.1488207315388,1.0107296
3712.151135515446,1.0040648
3712.153450299352,1.0074167
3712.155765083259,1.017601
3712.158079867165,1.0124836
3712.1603946510713,1.008538
3712.162709434977,1.0017799
3712.1650242188844,0.9966611
3712.16733900279,1.0053895
3712.1696537866987,0.9982674
3712.171968570517,1.0140477
3712.1742833543026,0.9933501
3712.1765981380845,1.0023677
3712.178912921868,1.0040189
3712.1812277056524,1.0034919
3712.1835424894352,0.99240273
3712.185857273221,1.0055863
3712.1881720570036,1.0168741
3712.19048684079,1.0063745
3712.192801624572,1.0131572
3712.195116408357,1.0028684
3712.19743119214,1.0096524
3712.1997459759255,0.99426615
3712.2020607597083,1.0040683
3712.204375543493,0.9994302
3712.206690327276,1.0073103
3712.2090051110604,1.0054952
3712.2113198948446,1.0108198
3712.2136346785414,0.9860997
3712.215949462203,1.0117657
3712.218264245863,1.0084772
3712.2205790295247,1.0139054
3712.2228938131852,1.0061402
3712.2252085968466,0.99445987
3712.2275233805076,0.9956015
3712.229838164169,1.0102588
3712.2321529478304,1.006573
3712.2344677314923,1.0052811
3712.2367825151528,1.0121958
3712.239097298815,1.0021452
3712.241412082474,1.0049194
3712.2437268661356,1.010378
3712.2460416497966,1.0138283
3712.248356433459,1.0052164
3712.2506712171203,1.00423
3712.2529860007803,1.0001537
3712.2553007843553,1.0055943
3712.257615567891,1.0194
3712.2599303514303,1.0010757
3712.262245134967,1.0084457
3712.2645599185066,1.0085806
3712.2668747020443,1.0029026
3712.269189485582,1.0086015
3712.2715042691207,0.99526185
3712.2738190526575,1.0152972
3712.276133836195,1.01045
3712.2784486197334,1.0081195
3712.2807634032715,1.0118471
3712.2830781868097,0.99091965
3712.2853929703474,1.0070758
3712.2877077538865,1.0043368
3712.290022537423,1.0004478
3712.2923373209605,1.0050416
3712.2946521044987,1.0055237
3712.296966887949,0.9946227
3712.2992816713645,1.0032678
3712.3015964547776,0.9994551
3712.3039112381935,1.0092069
3712.306226021606,1.0114912
3712.308540805021,0.999852
3712.3108555884346,1.0088573
3712.31317037185,1.0018979
3712.3154851552645,1.0033152
3712.317799938679,1.0095408
3712.3201147220934,1.0141659
3712.322429505507,0.9953825
3712.3247442889215,1.0026222
3712.327059072337,1.0058153
3712.3293738557504,1.0050205
3712.331688639165,1.0153043
3712.334003422579,1.0070133
3712.336318205994,1.0083897
3712.338632989319,1.007257
3712.3409477726095,1.0111897
3712.343262555901,1.013201
3712.3455773391906,1.0117701
3712.347892122482,1.0109483
3712.3502069057713,0.9983779
3712.352521689063,0.99960494
3712.3548364723515,1.0107224
3712.3571512556427,1.0081072
3712.3594660389326,0.9949994
3712.3617808222252,1.0054156
3712.3640956055146,1.0181872
3712.366410388804,1.0077671
3712.3687251720958,1.0069954
3712.3710399553843,1.0056431
3712.3733547386755,1.009323
3712.375669521965,1.0162042
3712.3779843052566,1.0197989
3712.3802990884587,1.0121961
3712.3826138716263,1.023446
3712.384928654791,1.0056223
3712.3872434379573,1.0009046
3712.3895582211226,1.0091835
3712.3918730042897,1.0104606
3712.394187787455,1.0021582
3712.396502570622,1.0008305
3712.398817353787,1.01771
3712.401132136952,0.99655324
3712.4034469201197,1.0142895
3712.4057617032845,1.0021374
3712.408076486452,1.0167581
3712.4103912696173,1.0029846
3712.412706052784,1.0081854
3712.4150208359492,1.0071297
3712.417335619116,1.0055392
3712.4196504022816,1.01046
3712.421965185359,0.99757487
3712.424279968401,1.0112443
3712.426594751443,1.0057806
3712.428909534484,1.0004246
3712.4312243175264,0.9988855
3712.433539100566,1.0180457
3712.435853883608,1.001606
3712.4381686666484,1.0239096
3712.44048344969,0.9987536
3712.4427982327325,0.9925715
3712.445113015773,0.9988952
3712.4474277988156,1.0027568
3712.4497425818554,1.0086703
3712.4520573648974,1.0034299
3712.4543721479376,1.0078166
3712.4566869309806,1.0092068
3712.4590017140217,1.0137982
3712.4613164970633,1.0127562
3712.463631280016,1.020179
3712.4659460629314,1.0103359
3712.468260845848,1.0107989
3712.470575628764,0.99465656
3712.4728904116805,0.99710757
3712.475205194596,1.0088298
3712.477519977513,1.0119084
3712.47983476043,1.0110725
3712.4821495433453,1.0037795
3712.4844643262613,1.0051906
3712.486779109178,0.9970995
3712.4890938920944,1.0163416
3712.4914086750114,0.9879925
3712.493723457927,1.005724
3712.4960382408444,1.0037256
3712.4983530237587,0.9989047
3712.500667806676,0.9963047
3712.5029825895913,1.0055141
3712.50529737242,1.0057245
3712.5076121552106,1.0030544
3712.5099269380007,1.0067239
3712.5122417207926,1.004802
3712.514556503582,1.0018935
3712.5168712863733,1.0040318
3712.519186069163,0.99783444
3712.5215008519554,0.9999269
3712.523815634746,1.0032761
3712.526130417537,0.99519306
3712.528445200328,1.0109196
3712.530759983118,1.0092088
3712.5330747659086,0.99765295
3712.535389548701,1.0035032
3712.5377043314907,1.0041113
3712.540019114282,0.99508816
3712.5423338970722,1.0019798
3712.544648679864,1.0123839
3712.546963462564,1.0149902
3712.549278245229,1.0068666
3712.551593027894,1.0185928
3712.553907810559,1.0057082
3712.556222593225,1.0146604
3712.558537375889,1.0094786
3712.560852158555,1.0032152
3712.5631669412182,1.0032055
3712.565481723884,1.0033619
3712.567796506548,1.0053878
3712.5701112892143,0.9956595
3712.5724260718794,1.0064503
3712.574740854546,1.0088348
3712.5770556372095,1.0071348
3712.5793704198745,0.99546933
3712.5816852025387,1.0073079
3712.5839999852024,1.0153496
3712.5863147678688,1.0096651
3712.5886295504442,1.0116032
3712.590944332984,0.9997805
3712.593259115522,1.0129124
3712.5955738980606,1.0030704
3712.5978886805983,1.0058585
3712.6002034631383,1.0076519
3712.602518245676,1.0196592
3712.6048330282156,1.0042489
3712.6071478107533,1.0052515
3712.6094625932933,1.0141172
3712.611777375831,1.0077331
3712.6140921583697,1.0128919
3712.6164069409083,1.0066649
3712.6187217234465,1.0079165
3712.621036505986,1.0046006
3712.6233512885237,0.99745315
3712.6256660710637,1.0093263
3712.6279808536005,1.0075977
3712.6302956360505,1.0075103
3712.6326104184623,1.0145041
3712.634925200876,1.0156454
3712.6372399832867,1.0053158
3712.6395547657003,1.0082958
3712.6418695481116,0.99819404
3712.6441843305233,0.99812365
3712.6464991129346,0.99771243
3712.6488138953478,0.99100345
3712.65112867776,1.0035511
3712.653443460171,1.0077522
3712.6557582425844,1.0200564
3712.6580730249952,1.0155694
3712.6603878074075,1.0119507
3712.6627025898183,1.0068954
3712.665017372232,1.0116653
3712.667332154643,1.0066983
3712.669646937056,1.0162624
3712.6719617193776,1.0064046
3712.6742765016643,1.0168592
3712.6765912839473,1.0049301
3712.6789060662322,1.0060632
3712.6812208485176,1.0198889
3712.6835356308034,1.0071831
3712.6858504130873,1.0102051
3712.6881651953727,1.0031053
3712.690479977659,1.008932
3712.692794759942,1.0012805
3712.695109542227,1.0203797
3712.6974243245118,1.0137498
3712.699739106798,1.010884
3712.7020538890824,1.003852
3712.7043686713687,1.0077215
3712.7066834536536,0.9960238
3712.7089982359375,1.0072875
3712.7113130182215,1.006982
3712.7136278004173,1.0040437
3712.715942582575,1.0117621
3712.7182573647324,1.0257326
3712.7205721468904,1.0114346
3712.722886929047,1.002583
3712.7252017112046,1.0147352
3712.7275164933612,1.0134176
3712.72983127552,1.0015866
3712.7321460576777,1.0063951
3712.7344608398353,1.0127877
3712.736775621993,1.008266
3712.7390904041513,0.9951483
3712.741405186307,1.0017779
3712.7437199684646,1.0072763
3712.7460347506226,1.005079
3712.748349532781,1.0033128
3712.7506643149377,1.0168548
3712.7529790970966,1.0166836
3712.7552938791614,1.0112071
3712.757608661191,1.0007986
3712.759923443221,0.9951252
3712.7622382252503,1.0123159
3712.7645530072814,1.003053
3712.7668677893103,1.001752
3712.7691825713414,1.017933
3712.771497353369,1.0046835
3712.7738121353996,1.012964
3712.7761269174284,1.0088159
3712.7784416994596,1.0055244
3712.780756481489,0.9972258
3712.7830712635196,1.0155804
3712.785386045549,1.0042777
3712.7877008275786,1.0083809
3712.790015609607,1.0039182
3712.792330391636,1.0046816
3712.794645173667,1.0084609
3712.7969599556054,1.0157101
3712.799274737507,1.0104024
3712.801589519409,1.0074662
3712.80390430131,0.99284714
3712.8062190832106,1.0138978
3712.808533865113,1.0044072
3712.8108486470137,1.0179372
3712.813163428916,1.0064342
3712.8154782108168,1.014079
3712.8177929927197,1.0115229
3712.820107774619,1.0089079
3712.8224225565214,1.0204418
3712.824737338423,1.0028689
3712.8270521203235,1.0012552
3712.829366902226,1.005559
3712.8316816841266,1.006799
3712.833996466029,1.0060997
3712.8363112479287,1.0146322
3712.8386260297398,1.0033419
3712.8409408115126,1.0148047
3712.8432555932864,1.0122969
3712.8455703750583,1.0088946
3712.847885156832,1.0058072
3712.850199938604,1.0068812
3712.852514720377,1.005783
3712.8548295021487,1.0010278
3712.8571442839225,1.0172615
3712.8594590656944,1.006852
3712.8617738474672,1.0205263
3712.8640886292405,0.9974811
3712.866403411013,0.99950886
3712.8687181927858,1.0038847
3712.8710329745577,1.009124
3712.873347756331,1.0194707
3712.8756625381034,1.0132668
3712.877977319877,1.011279
3712.880292101558,1.0042186
3712.882606883203,1.0023102
3712.884921664845,1.0095111
3712.8872364464883,1.0209304
3712.889551228132,1.0007105
3712.891866009777,0.99202645
3712.89418079142,1.0143384
3712.896495573062,1.0193576
3712.898810354708,1.012533
3712.90112513635,1.0208038
3712.9034399179936,1.0018672
3712.9057546996373,1.0103686
3712.908069481282,1.0015463
3712.9103842629247,0.989957
3712.9126990445693,1.0183882
3712.9150138262125,1.0041034
3712.9173286078562,1.0152264
3712.9196433894986,1.0097822
3712.9219581710518,1.0026952
3712.924272952566,1.0097649
3712.926587734079,1.0085919
3712.928902515594,1.0116485
3712.9312172971077,1.0079205
3712.9335320786217,1.0140162
3712.935846860135,1.0142018
3712.93816164165,1.015747
3712.9404764231645,0.9968799
3712.9427912046785,1.0061612
3712.9451059861926,0.99885255
3712.947420767708,1.0041809
3712.9497355492203,1.0120131
3712.9520503307344,1.0131156
3712.9543651122485,1.0066689
3712.9566798937635,0.99246293
3712.9589946752767,1.0069202
3712.961309456791,1.0207819
3712.9636242382144,1.0139084
3712.9659390195966,1.0064528
3712.9682538009806,1.0078616
3712.9705685823646,1.000802
3712.97288336375,1.0133518
3712.975198145133,1.0064267
3712.977512926519,1.0079062
3712.979827707903,1.0068526
3712.982142489286,1.0038078
3712.9844572706693,1.0139312
3712.9867720520547,1.0003525
3712.9890868334387,1.0056951
3712.991401614823,1.0009285
3712.993716396207,0.99675125
3712.9960311775917,1.0189806
3712.998345958975,0.99314094
3713.000660740358,0.9954428
3713.0029755217433,0.9949867
3713.005290303035,1.0124902
3713.007605084289,1.0014917
3713.0099198655425,1.0105913
3713.0122346467974,1.0026423
3713.0145494280496,1.0044858
3713.016864209304,1.0032885
3713.019178990557,1.0028372
3713.021493771812,1.012808
3713.023808553065,1.0036882
3713.0261233343185,1.0152588
3713.0284381155734,0.9978242
3713.0307528968256,1.0047222
3713.03306767808,1.0073453
3713.035382459333,1.0139935
3713.037697240588,1.008799
3713.040012021841,1.0135986
3713.042326803096,1.0116252
3713.0446415843494,1.0090303
3713.0469563655097,1.0154245
3713.049271146632,0.9948827
3713.0515859277566,1.0105908
3713.0539007088787,1.0131512
3713.0562154900026,1.0160023
3713.0585302711247,1.0161258
3713.0608450522477,1.0207326
3713.06315983337,1.0179704
3713.065474614492,0.9976705
3713.067789395616,1.0040507
3713.070104176739,1.013702
3713.0724189578627,1.0048451
3713.0747337389844,0.99671006
3713.0770485201087,1.0114881
3713.07936330123,1.0155467
3713.081678082354,1.0148826
3713.0839928634755,1.0065708
3713.0863076446,1.0159804
3713.0886224256287,1.0124582
3713.0909372066226,1.008522
3713.0932519876133,0.99644554
3713.095566768603,1.0006925
3713.0978815495955,1.0004011
3713.100196330586,1.007715
3713.102511111579,1.0051904
3713.10482589257,1.0069448
3713.1071406735628,1.0011462
3713.109455454552,1.0163163
3713.111770235545,1.0021114
3713.1140850165366,1.0165409
3713.1163997975295,1.0108002
3713.11871457852,0.9995709
3713.1210293595127,1.0014836
3713.123344140504,0.99946976
3713.125658921493,1.0074674
3713.127973702486,1.0129129
3713.1302884833844,1.0110995
3713.1326032642455,1.0011013
3713.1349180451048,1.0033381
3713.1372328259654,1.0292358
3713.139547606824,1.0079567
3713.141862387685,1.0141468
3713.1441771685436,1.014042
3713.146491949404,1.011636
3713.148806730265,1.0156275
3713.1511215111245,1.0069243
3713.1534362919842,1.0126097
3713.1557510728458,1.0088042
3713.1580658537036,1.0145017
3713.1603806345624,0.99954593
3713.1626954154235,1.0109794
3713.1650101962823,1.0212319
3713.1673249771434,1.0137637
3713.1696397580035,1.0120848
3713.171954538771,1.005254
3713.174269319497,1.0122694
3713.1765841002243,1.0135543
3713.178898880952,1.0077604
3713.181213661681,1.0122144
3713.183528442408,1.0020964
3713.1858432231365,1.00688
3713.1881580038644,1.0101948
3713.1904727845904,1.0008968
3713.192787565318,1.005907
3713.1951023460456,1.0069064
3713.197417126775,1.0049262
3713.1997319075017,1.0177509
3713.20204668823,1.0096585
3713.2043614689574,0.9919439
3713.206676249685,1.0045003
3713.2089910304117,1.0119833
3713.2113058111404,1.0066336
3713.2136205917745,1.0046526
3713.2159353723696,0.9989235
3713.2182501529646,1.0118071
3713.2205649335606,1.0077422
3713.222879714154,0.99519485
3713.225194494749,1.0112265
3713.227509275344,1.0041046
3713.2298240559394,1.013549
3713.2321388365344,1.0143344
3713.2344536171295,1.0166937
3713.236768397726,1.009058
3713.239083178319,1.0162115
3713.241397958914,1.0197784
3713.243712739509,1.0042869
3713.2460275201056,0.9973294
3713.2483423006997,1.0086186
3713.2506570812957,1.0040305
3713.252971861891,1.0080719
3713.25528664239,1.0123377
3713.2576014228516,1.0095402
3713.2599162033134,1.0045359
3713.262230983777,1.0106753
3713.264545764238,1.0070581
3713.2668605447006,1.0017165
3713.269175325163,1.0239108
3713.271490105624,1.0057981
3713.273804886085,0.9981268
3713.276119666548,1.0000983
3713.27843444701,0.9917257
3713.280749227472,1.0094876
3713.2830640079337,1.0190543
3713.2853787883964,1.0148073
3713.2876935688573,1.011435
3713.290008349319,1.0035528
3713.292323129781,1.0210421
3713.294637910243,1.0062517
3713.2969526906104,1.015976
3713.299267470939,1.0171509
3713.3015822512684,0.9924407
3713.3038970315947,1.0108309
3713.306211811924,1.0180101
3713.3085265922514,1.0137484
3713.3108413725813,0.99959093
3713.3131561529085,1.008014
3713.3154709332375,1.0052266
3713.3177857135665,1.0048443
3713.320100493893,1.0024909
3713.3224152742223,1.0119715
3713.3247300545495,0.9997966
3713.3270448348794,1.004647
3713.3293596152066,1.0095066
3713.3316743955356,1.0063814
3713.3339891758646,1.0073942
3713.336303956192,1.0091063
3713.338618736424,1.0169523
3713.3409335166207,0.99849206
3713.343248296814,1.0032197
3713.345563077009,1.0215359
3713.3478778572025,1.0014644
3713.350192637397,1.0023785
3713.3525074175905,1.0116705
3713.3548221977835,0.99523664
3713.357136977979,1.0264077
3713.3594517581732,1.010696
3713.3617665383686,0.9948123
3713.364081318562,1.0133278
3713.3663960987574,1.0139786
3713.36871087895,1.026154
3713.371025659145,0.9998577
3713.3733404393383,1.008829
3713.3756552195337,1.0152442
3713.377969999727,1.0103484
3713.380284779826,1.0139246
3713.382599559887,0.9984805
3713.3849143399448,1.0087532
3713.387229120005,0.99804133
3713.389543900064,1.0084928
3713.391858680125,0.99492604
3713.3941734601835,1.0054247
3713.3964882402443,1.0109884
3713.3988030203045,1.0054314
3713.401117800364,1.0179722
3713.4034325804228,1.0148165
3713.4057473604835,1.0107427
3713.4080621405424,1.0096084
3713.4103769206013,0.9931467
3713.4126917006615,0.99658155
3713.415006480722,1.0039951
3713.4173212607816,1.0127441
3713.41963604084,1.009856
3713.4219508208053,0.9994181
3713.424265600729,1.0150002
3713.4265803806543,1.0258602
3713.428895160578,1.0314816
3713.4312099405042,1.0213552
3713.4335247204267,1.0086371
3713.4358395003524,1.0074221
3713.438154280277,1.001988
3713.440469060202,0.99882674
3713.4427838401266,0.9986722
3713.44509862005,1.0027765
3713.447413399976,1.0003057
3713.4497281798986,1.0054929
3713.452042959824,0.98952574
3713.454357739748,1.0079142
3713.4566725196746,1.0071523
3713.4589872995984,1.0011837
3713.461302079524,1.0054493
3713.463616859351,1.0167501
3713.46593163914,1.0061948
3713.468246418929,1.0045912
3713.470561198719,1.0041044
3713.4728759785075,1.006275
3713.4751907582963,1.0123328
3713.4775055380865,1.0071737
3713.479820317874,0.9980633
3713.4821350976636,1.0078474
3713.484449877452,1.0139139
3713.486764657242,1.0088431
3713.4890794370303,1.0059377
3713.49139421682,1.0126007
3713.4937089966097,1.0065345
3713.4960237763976,1.0041174
3713.498338556187,0.99067104
3713.5006533359756,1.0003473
3713.5029681157653,1.0092189
3713.5052828954567,1.0004915
3713.5075976751104,1.0019741
3713.5099124547623,1.0033969
3713.512227234416,1.0121334
3713.514542014069,1.0028316
3713.5168567937217,0.997651
3713.519171573375,1.0148232
3713.5214863530286,1.0192342
3713.523801132681,1.006096
3713.526115912335,1.0182153
3713.528430691986,0.99792904
3713.530745471639,1.0010179
3713.533060251292,1.0129958
3713.5353750309455,1.0063624
3713.537689810599,1.0065441
3713.540004590251,1.0045632
3713.5423193699053,1.0096251
3713.5446341495567,0.99931574
3713.5469489291136,1.0153824
3713.549263708629,0.9943514
3713.5515784881463,1.0162401
3713.5538932676627,0.99222255
3713.556208047179,1.002751
3713.558522826696,1.008751
3713.5608376062114,0.9985912
3713.5631523857273,0.9988233
3713.565467165243,1.0063288
3713.5677819447606,1.0047102
3713.570096724276,1.0038236
3713.5724115037933,1.0062225
3713.5747262833097,1.0106314
3713.577041062825,1.0114264
3713.5793558423416,1.0104039
3713.581670621858,1.0046488
3713.583985401375,1.0081022
3713.586300180891,0.99530494
3713.5886149603098,1.0018344
3713.5909297396906,1.0103477
3713.593244519068,1.010473
3713.595559298447,1.0088638
3713.597874077826,1.0153686
3713.600188857206,0.99547064
3713.602503636586,1.0043802
3713.604818415964,1.0024658
3713.607133195345,1.00638
3713.609447974722,1.0009439
3713.611762754102,1.0049868
3713.61407753348,1.0013107
3713.616392312861,1.0054823
3713.61870709224,1.0093236
3713.621021871619,1.0107222
3713.6233366509987,0.9935
3713.6256514303764,1.0010669
3713.6279662097563,0.99823594
3713.6302809890367,1.0146188
3713.6325957682798,0.9906919
3713.634910547521,1.0101625
3713.6372253267627,0.9994275
3713.6395401060045,1.0068362
3713.6418548852453,1.0035251
3713.6441696644865,1.0066372
3713.6464844437282,1.0047526
3713.64879922297,1.019181
3713.6511140022126,1.019084
3713.653428781453,1.0073528
3713.655743560695,1.0118862
3713.658058339936,1.0125738
3713.660373119177,1.0053408
3713.662687898419,1.0111837
3713.6650026776606,1.0063422
3713.667317456903,0.9969131
3713.6696322361436,0.9982895
3713.6719470152884,1.0042281
3713.67426179439,1.0047379
3713.676576573494,1.0004029
3713.6788913525966,1.0020665
3713.681206131701,1.0149821
3713.6835209108044,1.0056165
3713.6858356899065,1.0149579
3713.6881504690114,1.0013686
3713.690465248113,1.0060134
3713.692780027217,1.0112885
3713.6950948063195,1.0029476
3713.697409585424,1.0105064
3713.6997243645274,1.0109361
3713.7020391436304,1.0026793
3713.7043539227343,1.0036902
3713.7066687018378,0.99794817
3713.70898348094,1.0042931
3713.7112982600447,1.0112464
3713.7136130390486,1.0039794
3713.715927818013,1.0035609
3713.7182425969777,1.0030425
3713.7205573759425,0.9978145
3713.7228721549063,1.0063105
3713.7251869338706,1.0007411
3713.7275017128363,1.0121144
3713.7298164918,1.0132828
3713.7321312707654,0.9987402
3713.7344460497293,1.0157044
3713.736760828695,1.015076
3713.739075607658,1.0009477
3713.741390386623,0.9977154
3713.7437051655875,1.0107727
3713.746019944552,0.9942865
3713.748334723517,1.0106617
3713.750649502481,1.0136462
3713.7529642814466,0.9986415
3713.7552790603104,0.9991983
3713.7575938391365,1.0124148
3713.7599086179607,1.0067966
3713.7622233967872,1.0195622
3713.7645381756124,1.0041071
3713.766852954439,1.0121193
3713.769167733263,1.0022194
3713.7714825120884,1.007922
3713.7737972909126,1.0049285
3713.776112069737,0.9985847
3713.7784268485634,0.9946798
3713.7807416273886,1.0105032
3713.7830564062147,1.0058585
3713.7853711850394,1.0106883
3713.787685963865,1.0010799
3713.7900007426892,0.995074
3713.792315521516,1.0032761
3713.79463030034,1.0047693
3713.7969450790665,1.0071523
3713.799259857751,1.0075281
3713.8015746364385,1.0104979
3713.803889415122,1.0063918
3713.8062041938065,1.0116059
3713.8085189724925,1.011175
3713.8108337511776,1.0048292
3713.8131485298636,0.99322283
3713.815463308548,0.99784184
3713.817778087234,0.9958142
3713.820092865918,1.0100441
3713.822407644604,0.9990803
3713.8247224232896,1.0090133
3713.827037201976,1.0113385
3713.8293519806607,1.018847
3713.831666759347,1.0055212
3713.83398153803,1.0084491
3713.836296316715,1.0042193
3713.8386110953015,1.0117185
3713.840925873846,1.0085844
3713.8432406523925,1.0031359
3713.845555430936,1.0082723
3713.8478702094826,1.0025185
3713.850184988025,0.9942006
3713.8524997665713,0.99796444
3713.854814545115,1.0002087
3713.8571293236614,1.0031061
3713.859444102206,1.0050797
3713.8617588807497,1.0097737
3713.8640736592956,1.0043851
3713.8663884378384,1.006505
3713.868703216385,0.9965774
3713.8710179949285,1.0198848
3713.873332773475,1.0071301
3713.8756475520186,1.009004
3713.8779623305645,1.0085027
3713.880277109009,1.0171876
3713.882591887412,1.0133905
3713.884906665816,1.0145003
3713.88722144422,1.0124278
3713.8895362226235,1.0093356
3713.8918510010267,1.0196474
3713.894165779431,1.0040195
3713.896480557834,1.0019475
3713.898795336238,1.0074214
3713.901110114642,1.0080534
3713.9034248930457,1.0077394
3713.9057396714493,0.99844193
3713.9080544498543,1.0081444
3713.9103692282574,0.99819535
3713.9126840066624,1.0073197
3713.9149987850637,0.9995781
3713.9173135634687,1.0013182
3713.9196283418714,1.0207648
3713.921943120175,1.0009604
3713.924257898438,1.0073104
3713.9265726766994,1.0107248
3713.9288874549625,1.010641
3713.9312022332224,1.0076101
3713.933517011486,1.0052904
3713.935831789747,1.0001906
3713.9381465680103,0.98296535
3713.9404613462725,0.9989744
3713.9427761245347,1.0173959
3713.9450909027964,1.0110941
3713.947405681058,1.0074089
3713.9497204593204,0.9917659
3713.952035237581,1.0096091
3713.9543500158443,1.0091423
3713.9566647941065,1.0066427
3713.9589795723687,0.9979431
3713.961294350631,1.0112581
3713.9636091287916,1.0078336
3713.965923906911,1.021339
3713.968238685031,1.0022578
3713.9705534631507,1.0041014
3713.972868241272,1.0074962
3713.9751830193904,1.019198
3713.9774977975103,1.0073963
3713.9798125756292,1.0169954
3713.9821273537495,1.0097592
3713.984442131869,0.9989572
3713.986756909989,0.9977413
3713.98907168811,1.007375
3713.991386466229,1.0092314
3713.9937012443497,0.99852145
3713.9960160224673,1.0056729
3713.9983308005885,1.0062282
3714.0006455787075,0.99449986
3714.002960356828,0.99860674
3714.0052751348467,1.0035157
3714.007589912823,0.9984941
3714.0099046908003,1.0023944
3714.0122194687756,1.0217835
3714.0145342467536,0.9939912
3714.0168490247293,1.0011495
3714.0191638027077,1.0028946
3714.0214785806843,1.0039512
3714.0237933586614,0.99665827
3714.026108136638,1.0030866
3714.0284229146146,1.000909
3714.030737692591,1.0086646
3714.033052470569,0.9958705
3714.035367248545,1.0025682
3714.0376820265224,0.99844176
3714.039996804499,1.0155813
3714.042311582476,1.0132194
3714.0446263604517,1.0027313
3714.0469411383274,1.0058095
3714.0492559161607,1.0040139
3714.0515706939937,1.010669
3714.0538854718284,1.0144975
3714.056200249661,1.007961
3714.0585150274956,1.0092179
3714.0608298053266,1.0095596
3714.06314458316,1.0005891
3714.0654593609934,1.006002
3714.0677741388267,0.99225175
3714.0700889166615,0.99645835
3714.072403694494,1.0065644
3714.0747184723277,1.0031945
3714.0770332501593,1.0133502
3714.079348027994,0.9998341
3714.0816628058265,1.0116271
3714.083977583661,0.9962775
3714.086292361494,1.0080444
3714.088607139225,1.0060053
3714.0909219169143,1.0129799
3714.0932366946017,1.0039532
3714.095551472292,1.0078973
3714.09786624998,1.0091975
3714.1001810276703,0.99963236
3714.10249580536,0.9986525
3714.1048105830487,0.9949318
3714.107125360738,1.0037566
3714.1094401384275,1.0039493
3714.1117549161154,1.003793
3714.1140696938055,1.0067421
3714.116384471494,1.0114039
3714.1186992491835,1.0108025
3714.121014026872,1.0010186
3714.1233288045614,0.99210894
3714.1256435822497,1.0000889
3714.127958359939,1.0039518
3714.1302731375263,0.99931
3714.1325879150695,1.0040656
3714.1349026926155,0.99796534
3714.1372174701587,1.0084528
3714.139532247704,1.0040416
3714.141847025246,1.007078
3714.1441618027916,0.9944628
3714.146476580335,1.0062625
3714.1487913578794,0.99915165
3714.151106135425,1.0068682
3714.153420912968,1.0022774
3714.155735690513,1.0112128
3714.1580504680555,0.99024343
3714.160365245601,0.99810237
3714.1626800231447,0.9928662
3714.1649948006902,1.0023658
3714.1673095782344,1.0116193
3714.1696243557794,1.0095081
3714.1719391332185,1.0094517
3714.174253910619,0.9982198
3714.1765686880167,1.0107483
3714.1788834654144,1.0151042
3714.181198242814,0.9958446
3714.183513020213,1.010047
3714.1858277976125,0.9989421
3714.1881425750094,1.0015919
3714.19045735241,0.9982467
3714.1927721298075,0.9966618
3714.195086907207,0.9974662
3714.1974016846048,1.0030684
3714.1997164620047,1.0087248
3714.2020312394025,1.003821
3714.2043460167997,1.0038522
3714.2066607942006,1.0043054
3714.2089755715983,0.9972777
3714.211290348998,1.0041901
3714.213605126292,0.99567664
3714.215919903546,1.0046965
3714.218234680797,1.0034301
3714.22054945805,1.0028228
3714.2228642353016,1.008135
3714.225179012555,0.9962833
3714.227493789808,1.0064336
3714.229808567062,0.9907727
3714.232123344313,0.9989309
3714.234438121565,1.0089359
3714.2367528988175,1.0080371
3714.2390676760688,1.0044488
3714.241382453323,1.0028225
3714.2436972305754,1.0003616
3714.246012007829,1.0054648
3714.2483267850807,1.0016018
3714.2506415623343,0.9911863
3714.2529563395847,0.99934924
3714.2552711167345,1.0026807
3714.257585893839,1.0179088
3714.259900670944,1.0126752
3714.2622154480505,1.0041591
3714.2645302251562,1.000642
3714.266845002263,1.0009634
3714.2691597793664,1.0095583
3714.2714745564735,0.99474424
3714.2737893335784,0.9997913
3714.2761041106846,0.99242866
3714.2784188877895,0.99700534
3714.280733664896,1.0000632
3714.283048442002,1.0080999
3714.285363219106,1.0121849
3714.2876779962126,1.0162708
3714.2899927733174,1.0125972
3714.2923075504236,1.0071301
3714.2946223275285,0.9940264
3714.2969371045306,1.0071719
3714.2992518814876,1.0046417
3714.3015666584456,1.0115496
3714.303881435404,1.000462
3714.306196212363,0.99722624
3714.30851098932,1.0065544
3714.3108257662793,1.0038117
3714.3131405432364,0.9958635
3714.3154553201935,1.013112
3714.3177700971514,0.99463
3714.3200848741085,1.0054389
3714.3223996510687,1.0065235
3714.324714428026,1.0031176
3714.327029204985,1.0121034
3714.329343981942,1.0014335
3714.331658758901,1.0065428
3714.3339735358572,1.0072483
3714.3362883128166,0.9918011
3714.3386030896686,1.0056847
3714.3409178664783,0.9969111
3714.343232643289,1.0095026
3714.345547420098,1.0018855
3714.3478621969084,1.0017751
3714.3501769737163,1.0074204
3714.3524917505274,0.99729884
3714.354806527336,1.0041707
3714.3571213041464,1.0062772
3714.3594360809566,1.0011653
3714.361750857767,1.0034875
3714.364065634576,1.0031252
3714.366380411385,1.0126928
3714.3686951881946,1.0054036
3714.3710099650034,1.0057085
3714.373324741814,0.99815756
3714.375639518623,1.0038763
3714.377954295435,0.99525946
3714.3802690721377,0.9939897
3714.3825838487974,1.0165755
3714.3848986254584,0.99975663
3714.38721340212,0.9985428
3714.3895281787795,1.0087509
3714.3918429554415,0.9980427
3714.394157732101,1.004678
3714.396472508761,0.9977153
3714.3987872854213,0.9943009
3714.4011020620824,0.99318796
3714.403416838744,0.9946888
3714.4057316154035,0.98411053
3714.4080463920654,0.9985382
3714.410361168725,1.0001265
3714.4126759453866,0.9991942
3714.4149907220453,0.99537325
3714.4173054987073,1.0057249
3714.419620275368,1.0003281
3714.421935051921,1.0044501
3714.4242498284334,1.004069
3714.426564604943,1.0018656
3714.428879381455,1.0036501
3714.4311941579635,0.9929047
3714.433508934476,1.0082223
3714.4358237109864,1.0054343
3714.4381384874973,1.0037831
3714.4404532640083,0.99491984
3714.44276804052,1.0105845
3714.4450828170297,0.99727017
3714.44739759354,1.018654
3714.4497123700507,0.9960535
3714.452027146561,1.0056834
3714.454341923072,1.0074445
3714.4566566995836,0.99703825
3714.458971476095,1.0179904
3714.461286252605,1.0014637
3714.4636010290083,0.9960956
3714.4659158053687,1.0091051
3714.4682305817296,0.99646556
3714.470545358089,1.0074009
3714.4728601344505,1.0019125
3714.4751749108104,1.0032599
3714.47748968717,1.0069708
3714.479804463529,1.0058212
3714.4821192398895,1.0022231
3714.484434016251,0.99665326
3714.48674879261,1.0210985
3714.4890635689717,0.99835885
3714.4913783453308,1.003929
3714.4936931216916,0.99514633
3714.4960078980503,1.000772
3714.4983226744116,0.9954292
3714.500637450772,1.0016265
3714.502952227131,1.0060865
3714.505267003385,1.005644
3714.5075817795932,0.9994408
3714.5098965558027,1.0046583
3714.51221133201,1.0023047
3714.51452610822,1.0018148
3714.516840884429,0.9999204
3714.5191556606374,1.0018773
3714.521470436847,1.0019884
3714.5237852130563,0.9940333
3714.5260999892635,1.007747
3714.528414765471,0.9984175
3714.5307295416815,1.0116918
3714.53304431789,1.0111182
3714.535359094099,0.9947629
3714.5376738703076,1.0115858
3714.539988646518,1.0019265
3714.5423034227247,1.003767
3714.5446181989337,0.9975549
3714.546932975035,1.0092777
3714.5492477510925,1.0062747
3714.5515625271482,1.0103192
3714.5538773032063,1.0044154
3714.556192079263,1.0092566
3714.5585068553173,1.0115421
3714.560821631374,0.9993618
3714.5631364074306,0.9905654
3714.5654511834887,1.0059227
3714.5677659595444,1.0061989
3714.5700807356025,1.0081217
3714.572395511659,1.0051984
3714.574710287715,0.9945822
3714.5770250637706,1.0076681
3714.579339839828,1.0066062
3714.581654615885,0.99684906
3714.5839693919406,1.0025563
3714.5862841679987,1.0139211
3714.5885989439457,1.0108815
3714.5909137198496,1.006503
3714.593228495752,1.0155954
3714.5955432716573,1.004338
3714.5978580475607,1.0078706
3714.6001728234646,1.0099458
3714.6024875993685,0.9909318
3714.6048023752733,0.99823505
3714.607117151175,1.0003734
3714.609431927078,0.9973889
3714.6117467029826,1.0019486
3714.6140614788865,0.98696005
3714.61637625479,1.0111746
3714.6186910306938,1.0125493
3714.6210058065985,1.0070753
3714.6233205825006,1.0132895
3714.625635358404,1.010847
3714.6279501343083,1.0030113
3714.6302649101035,1.0036479
3714.6325796858523,1.0201699
3714.6348944616025,0.9975631
3714.6372092373535,1.001903
3714.6395240131014,1.0068902
3714.641838788851,0.9936304
3714.6441535646013,1.0208582
3714.6464683403524,0.9979376
3714.648783116101,0.9966287
3714.6510978918523,1.0048221
3714.6534126676024,1.000463
3714.655727443351,0.9967487
3714.6580422191,1.0086665
3714.6603569948497,1.0120631
3714.6626717706013,0.9922358
3714.66498654635,1.001721
3714.667301322101,1.0108354
3714.669616097851,1.0086675
3714.67193087349,0.9972499
3714.6742456490842,0.99828434
3714.676560424681,1.0067624
3714.6788752002763,1.0095621
3714.6811899758713,1.0079798
3714.6835047514664,1.0090902
3714.685819527063,1.0064124
3714.688134302656,1.0028875
3714.690449078251,1.0194203
3714.6927638538473,1.0149791
3714.6950786294424,0.99731344
3714.6973934050375,1.0042119
3714.6997081806326,1.0054752
3714.702022956229,1.0028722
3714.7043377318223,0.9997028
3714.7066525074188,1.0073522
3714.708967283013,1.0150504
3714.7112820586094,0.9990617
3714.713596834093,1.0059743
3714.715911609533,1.0051914
3714.718226384974,0.99953145
3714.720541160412,1.0000253
3714.7228559358514,1.007385
3714.725170711291,1.009999
3714.727485486732,1.0059202
3714.729800262171,0.99272203
3714.732115037612,1.003254
3714.7344298130515,1.0033814
3714.73674458849,1.0070866
3714.739059363929,0.9971349
3714.7413741393684,1.0014703
3714.74368891481,1.0034006
3714.7460036902485,1.0004684
3714.7483184656894,1.0047336
3714.750633241129,1.0065013
3714.7529480165676,1.0120189
3714.7552627918953,0.98972416
3714.7575775671803,1.0062559
3714.7598923424634,1.0103903
3714.7622071177466,0.9979397
3714.7645218930297,0.99948454
3714.7668366683133,1.0053589
3714.769151443596,1.0037484
3714.7714662188782,1.0000325
3714.7737809941627,1.0092387
3714.776095769446,0.9962126
3714.7784105447295,0.9947405
3714.7807253200126,1.0151448
3714.783040095297,1.0092492
3714.7853548705784,1.0090351
3714.7876696458625,0.9949249
3714.789984421145,0.99365085
3714.7922991964288,0.99158174
3714.794613971712,1.0099226
3714.7969287468836,0.9975864
3714.799243522011,0.99650365
3714.801558297135,0.99927765
3714.803873072262,1.0050617
3714.806187847387,0.99872774
3714.8085026225144,0.9986433
3714.8108173976393,1.0011592
3714.8131321727665,1.0013734
3714.8154469478927,1.0102663
3714.8177617230167,0.99323905
3714.8200764981425,1.0139407
3714.8223912732683,0.99747044
3714.824706048396,1.0050079
3714.827020823521,1.0038471
3714.8293355986475,1.0059706
3714.831650373774,0.99856603
3714.833965148899,1.0042797
3714.836279924024,1.0042689
3714.8385946990393,1.0067259
3714.840909474007,0.99143386
3714.843224248974,1.0023628
3714.8455390239424,1.0051167
3714.8478537989104,1.0117645
3714.8501685738775,1.0025079
3714.852483348844,1.0012856
3714.854798123813,1.0056679
3714.857112898781,0.98697466
3714.8594276737495,1.0004656
3714.8617424487165,1.0095936
3714.8640572236854,1.009252
3714.866371998651,0.9914601
3714.8686867736183,1.0008081
3714.8710015485867,1.0027066
3714.873316323555,1.0054336
3714.8756310985227,1.0009042
3714.8779458734903,0.99898225
3714.8802606483455,0.9911224
3714.8825754231534,1.0113661
3714.8848901979627,1.0148467
3714.8872049727706,1.0008634
3714.8895197475804,0.99157155
3714.891834522388,1.0053816
3714.8941492971967,0.988678
3714.896464072004,1.0034177
3714.898778846813,1.0049868
3714.9010936216227,1.0038341
3714.90340839643,1.0000995
3714.9057231712404,1.0048459
3714.908037946048,0.9896506
3714.910352720857,1.018568
3714.912667495664,1.0081663
3714.914982270474,0.9908674
3714.917297045283,0.9984522
3714.9196118200903,1.0042747
3714.921926594787,1.0074133
3714.924241369434,1.0048332
3714.9265561440834,1.0009944
3714.92887091873,0.99355614
3714.93118569338,0.9986627
3714.9335004680274,1.0114986
3714.9358152426767,0.9945308
3714.938130017326,1.0057771
3714.940444791975,1.0030687
3714.9427595666225,0.9975841
3714.945074341269,1.0000435
3714.947389115919,1.0114071
3714.9497038905665,1.0010493
3714.9520186652157,1.006362
3714.9543334398645,0.998311
3714.956648214514,0.9985885
3714.9589629891616,1.0004829
3714.9612777638104,1.003337
3714.9635925383436,1.0111139
3714.965907312832,1.0027037
3714.9682220873183,1.00131
3714.970536861806,1.0017923
3714.9728516362934,1.0032836
3714.9751664107807,0.9948474
3714.977481185269,0.99766505
3714.9797959597554,0.9900321
3714.9821107342436,1.0021628
3714.98442550873,0.9951505
3714.9867402832188,0.9961353
3714.989055057705,0.999961
3714.9913698321934,1.0021333
3714.993684606679,0.98551136
3714.9959993811667,1.011825
3714.998314155655,1.0098112
3715.0006289301414,1.0149604
3715.00294370463,1.0117902
3715.0052584790014,1.0078154
3715.007573253328,0.9899878
3715.009888027651,1.0172848
3715.0122028019778,1.0018286
3715.0145175763028,0.9953163
3715.0168323506296,1.0026842
3715.019147124954,1.0068283
3715.021461899279,1.0139904
3715.0237766736045,0.9974351
3715.0260914479277,1.0003616
3715.0284062222545,0.99069846
3715.0307209965795,1.0014907
3715.0330357709063,1.0058101
3715.035350545231,1.0097815
3715.0376653195567,1.0102247
3715.0399800938812,1.0066552
3715.0422948682044,1.0077057
3715.044609642531,0.9976265
3715.0469244167407,1.0054266
3715.049239190903,1.0123523
3715.0515539650655,0.9975417
3715.0538687392286,1.0079403
3715.05618351339,0.9958557
3715.058498287552,0.99240184
3715.0608130617134,0.9999967
3715.0631278358765,1.002724
3715.0654426100377,0.9957624
3715.0677573842004,0.9978968
3715.0700721583626,1.0150745
3715.0723869325248,0.9939466
3715.0747017066874,1.0109216
3715.0770164808487,1.0008512
3715.0793312550113,1.004757
3715.0816460291726,1.0019703
3715.083960803336,1.0091566
3715.0862755774983,1.0055525
3715.088590351544,1.0060228
3715.090905125541,1.0038375
3715.093219899539,1.0109696
3715.0955346735377,0.9959128
3715.097849447535,1.0046445
3715.1001642215338,1.006479
3715.102478995532,1.0086104
3715.10479376953,0.9931635
3715.107108543526,1.0091299
3715.1094233175263,0.9906656
3715.1117380915234,0.99596864
3715.114052865523,0.99931633
3715.11636763952,1.0219312
3715.118682413518,1.0042899
3715.120997187516,1.0172143
3715.1233119615117,0.9961246
3715.125626735511,1.0007329
3715.127941509509,1.0059061
3715.1302562833916,1.0026132
3715.1325710572232,1.0069958
3715.134885831057,0.9969725
3715.1372006048887,1.0008222
3715.139515378722,1.0193305
3715.1418301525537,1.004974
3715.1441449263866,0.99975777
3715.1464597002196,0.99006444
3715.1487744740525,1.0084826
3715.1510892478864,1.0070684
3715.153404021718,1.0055263
3715.1557187955514,0.9959991
3715.1580335693834,1.0074714
3715.160348343217,1.0105623
3715.162663117049,1.0004336
3715.1649778908827,1.0018573
3715.1672926647157,1.0033997
3715.1696074385472,1.0121907
3715.1719222122624,1.0095677
3715.1742369859285,1.0037963
3715.1765517595954,1.0029286
3715.178866533261,0.99340135
3715.181181306929,1.0008506
3715.1834960805954,1.0093541
3715.185810854262,0.99827516
3715.1881256279275,1.013548
3715.1904404015936,0.9967623
3715.192755175261,1.0088758
3715.195069948926,1.0098581
3715.197384722594,1.0119505
3715.1996994962606,1.0076324
3715.202014269927,0.99183863
3715.2043290435918,0.99327385
3715.2066438172606,0.9928527
3715.208958590926,1.009369
3715.211273364594,0.99909633
3715.2135881381405,0.9956426
3715.2159029116397,1.0093244
3715.218217685139,1.0073318
3715.220532458636,0.9952201
3715.2228472321362,1.0124402
3715.2251620056354,1.0031567
3715.2274767791355,1.0044756
3715.2297915526337,1.008852
3715.232106326134,0.9890068
3715.234421099631,1.0045055
3715.2367358731312,1.0059221
3715.2390506466295,1.017462
3715.2413654201287,1.0071243
3715.243680193628,0.9977295
3715.2459949671274,1.0024344
3715.248309740627,1.0119457
3715.2506245141244,1.0063998
3715.2529392876245,1.0088987
3715.2552540610036,0.99613684
3715.257568834335,1.0087267
3715.2598836076645,1.0137587
3715.2621983809963,1.0009398
3715.264513154327,1.005082
3715.2668279276554,1.000324
3715.269142700987,1.0051132
3715.271457474317,1.0000567
3715.273772247648,1.0051177
3715.2760870209777,1.0014684
3715.27840179431,0.990247
3715.2807165676404,0.9972143
3715.28303134097,1.0063149
3715.2853461143004,1.0090084
3715.28766088763,1.0035443
3715.2899756609618,1.0002841
3715.2922904342913,0.99531436
3715.294605207623,0.99880326
3715.2969199808335,0.9983339
3715.2992347539935,1.0086915
3715.301549527153,1.0002327
3715.303864300316,0.99956757
3715.306179073476,1.0001353
3715.3084938466377,1.0015886
3715.310808619798,0.9993705
3715.313123392959,1.0018787
3715.315438166119,1.0013163
3715.3177529392788,0.9928585
3715.320067712441,1.0010494
3715.322382485602,0.9976389
3715.324697258763,1.0054668
3715.3270120319235,1.0106428
3715.329326805085,1.007793
3715.331641578244,1.003541
3715.333956351406,1.0114307
3715.3362711245663,0.99457693
3715.3385858976058,1.0065498
3715.340900670597,1.0018437
3715.343215443586,1.0117708
3715.345530216577,0.9987283
3715.347844989565,1.0024668
3715.350159762556,1.0065558
3715.352474535545,1.0099026
3715.354789308536,1.0082009
3715.3571040815254,1.0055087
3715.3594188545153,0.9946605
3715.3617336275065,1.0059857
3715.3640484004945,1.0049415
3715.3663631734853,1.0039985
3715.3686779464742,1.0016872
3715.3709927194654,1.0056517
3715.3733074924544,0.9931127
3715.375622265446,0.9998652
3715.377937038436,1.0013146
3715.380251811303,0.99568695
3715.3825665841205,0.9920161
3715.3848813569375,1.0042785
3715.387196129757,1.00072
3715.3895109025734,0.9952762
3715.3918256753927,1.0159438
3715.3941404482107,0.99090296
3715.3964552210273,1.0044178
3715.3987699938452,0.9959744
3715.4010847666646,1.00213
3715.4033995394816,0.9955252
3715.4057143123,0.99155337
3715.408029085117,0.99805695
3715.4103438579355,0.99827695
3715.412658630752,1.011245
3715.414973403569,0.99813026
3715.4172881763884,1.001246
3715.4196029492064,1.000456
3715.421917721902,1.0013343
3715.424232494546,0.9941461
3715.4265472671914,1.0001931
3715.4288620398343,1.0118258
3715.4311768124776,0.9974244
3715.433491585123,0.99917847
3715.435806357768,1.0087186
3715.4381211304135,0.99574924
3715.4404359030573,0.9877474
3715.442750675703,0.99134725
3715.4450654483458,0.993047
3715.447380220991,0.9984443
3715.4496949936347,0.9922712
3715.4520097662803,0.99668026
3715.454324538924,1.0021794
3715.456639311569,0.9949697
3715.4589540842144,0.99956876
3715.4612688568573,0.9907866
3715.4635836293787,1.0013165
3715.465898401848,1.0023476
3715.468213174319,0.9956699
3715.470527946788,1.0004237
3715.4728427192595,0.99467343
3715.475157491729,1.0003825
3715.4774722641982,0.9973451
3715.4797870366683,0.9906482
3715.482101809137,0.99860924
3715.4844165816085,0.99826276
3715.4867313540776,1.0020834
3715.489046126548,0.99747026
3715.4913608990187,0.9970156
3715.493675671488,1.000336
3715.495990443958,1.0031499
3715.498305216429,1.016261
3715.500619988898,1.011295
3715.502934761367,1.0087684
3715.505249533713,1.0044374
3715.5075643060077,0.99921465
3715.509879078301,0.9991222
3715.512193850594,0.98606426
3715.5145086228904,0.9931043
3715.5168233951836,0.9828942
3715.5191381674786,0.987804
3715.5214529397717,1.0025799
3715.523767712067,0.99193114
3715.5260824843594,1.0080359
3715.5283972566526,1.0014639
3715.5307120289476,0.99570847
3715.533026801242,0.9958388
3715.535341573537,1.0006183
3715.5376563458303,0.9981946
3715.539971118126,0.9883514
3715.542285890418,1.001366
3715.544600662713,1.0003939
3715.5469154348802,0.98947746
3715.549230206998,0.9915094
3715.5515449791146,0.9962811
3715.5538597512314,1.0057472
3715.55617452335,0.9834431
3715.558489295465,0.9953986
3715.560804067583,0.9898462
3715.5631188396987,0.99680996
3715.565433611817,0.9940514
3715.567748383933,0.99104524
3715.5700631560508,0.9940343
3715.572377928168,0.99154156
3715.5746927002833,0.9936856
3715.577007472401,1.0114106
3715.5793222445172,1.0078801
3715.5816370166353,0.99086535
3715.583951788752,0.9978984
3715.5862665608693,0.9902577
3715.5885813328578,0.9937346
3715.5908961047976,0.9862868
3715.593210876736,0.98721987
3715.595525648673,0.9879228
3715.597840420613,0.9885462
3715.6001551925515,0.9893606
3715.60246996449,0.99500227
3715.6047847364266,0.99759144
3715.6070995083664,0.9808483
3715.609414280305,0.98242867
3715.6117290522443,1.0086578
3715.614043824182,0.9861092
3715.6163585961212,0.9867566
3715.618673368059,1.0000491
3715.6209881399955,0.9932624
3715.6233029119353,0.99587923
3715.6256176838738,0.98056257
3715.627932455812,0.9944248
3715.6302472276234,1.0036807
3715.6325619993827,1.0023689
3715.6348767711406,0.99831575
3715.6371915428995,0.9945012
3715.639506314657,0.9886682
3715.641821086416,1.0042537
3715.644135858174,0.9918181
3715.646450629933,1.0011396
3715.648765401693,0.99336195
3715.6510801734503,0.98702943
3715.653394945209,0.99177086
3715.655709716967,0.99828017
3715.6580244887264,0.996069
3715.660339260484,0.99135464
3715.662654032244,0.98886955
3715.6649688040025,0.9847016
3715.66728357576,1.0043607
3715.669598347519,0.99491405
3715.6719131191485,0.9928904
3715.6742278907263,0.9944755
3715.676542662303,1.0000654
3715.6788574338816,0.99507153
3715.681172205459,0.9815464
3715.6834869770364,1.0069897
3715.6858017486115,1.0070311
3715.6881165201894,1.0046184
3715.6904312917677,0.98739433
3715.692746063344,0.99088293
3715.695060834923,0.9890546
3715.6973756065,0.9950787
3715.6996903780773,1.0053436
3715.702005149653,0.9811004
3715.7043199212317,0.99825513
3715.7066346928086,0.99050266
3715.7089494643874,0.9978665
3715.711264235964,1.000324
3715.7135790074117,0.9901651
3715.7158937788063,1.0012828
3715.718208550199,0.9955487
3715.720523321595,0.9902752
3715.72283809299,0.9833699
3715.7251528643847,0.9811972
3715.7274676357797,0.99226755
3715.729782407175,0.9946932
3715.732097178569,0.9998772
3715.7344119499617,0.99921227
3715.7367267213576,1.0005584
3715.7390414927527,0.9915762
3715.7413562641473,0.99620974
3715.7436710355423,0.9796058
3715.745985806938,0.9931461
3715.7483005783315,0.9975285
3715.750615349726,0.9932414
3715.7529301211202,0.9919077
3715.7552448923852,0.98860085
3715.757559663595,0.9862984
3715.759874434806,0.989227
3715.7621892060174,0.99714714
3715.7645039772274,0.9945321
3715.766818748438,0.984692
3715.7691335196478,0.9800571
3715.771448290859,0.9985761
3715.773763062069,0.9856339
3715.776077833281,0.98392755
3715.7783926044913,0.98971784
3715.7807073757012,0.9962378
3715.7830221469108,0.99803376
3715.785336918121,0.9931995
3715.7876516893334,1.0056651
3715.789966460543,0.9993275
3715.7922812317547,0.9933488
3715.794596002965,0.99524087
3715.796910774044,0.9784093
3715.7992255450677,0.9938429
3715.8015403160925,0.98831886
3715.803855087119,1.0016229
3715.8061698581428,0.99327296
3715.8084846291695,0.9954255
3715.8107994001944,0.9899938
3715.8131141712192,1.0087138
3715.8154289422423,0.9847442
3715.817743713269,0.98924047
3715.820058484294,0.9983498
3715.8223732553197,1.0017066
3715.824688026344,0.99364156
3715.8270027973695,0.9951469
3715.8293175683943,0.9931824
3715.8316323394174,0.9886164
3715.8339471104437,0.98550344
3715.836261881469,0.9786483
3715.838576652361,0.9882188
3715.840891423199,0.99975425
3715.8432061940384,1.0052531
3715.8455209648755,0.9933982
3715.8478357357117,0.9944751
3715.850150506551,1.0033245
3715.852465277389,0.9973078
3715.854780048227,0.98644763
3715.857094819065,0.98239416
3715.859409589904,0.98888063
3715.861724360741,0.9970479
3715.864039131579,0.99310046
3715.866353902416,1.0045401
3715.8686686732553,0.982092
3715.8709834440924,0.9943972
3715.8732982149304,0.9992025
3715.8756129857697,0.99119204
3715.877927756607,1.0020406
3715.88024252731,0.98845774
3715.8825572979595,0.98461366
3715.88487206861,0.99521464
3715.8871868392584,0.9812172
3715.8895016099095,0.9837178
3715.891816380559,0.99588084
3715.894131151207,0.9887788
3715.8964459218555,0.97906023
3715.898760692505,0.9917481
3715.901075463156,0.9938066
3715.903390233804,0.9982727
3715.905705004455,0.9873176
3715.9080197751045,0.98218614
3715.910334545754,0.98913556
3715.9126493164013,0.996973
3715.9149640870505,0.9877165
3715.9172788577016,0.9989016
3715.91959362835,0.99506235
3715.9219083988655,1.003718
3715.924223169325,0.9980568
3715.9265379397843,0.99805266
3715.9288527102417,0.99636155
3715.931167480702,0.99454564
3715.933482251162,0.9984982
3715.935797021621,0.9968791
3715.9381117920802,0.9874288
3715.94042656254,0.99446774
3715.942741332998,0.99839973
3715.9450561034564,0.99016285
3715.947370873917,1.005233
3715.9496856443766,0.98409605
3715.9520004148358,0.9908305
3715.954315185295,0.9901408
3715.9566299557555,0.9961111
3715.958944726213,1.0055019
3715.9612594966725,0.99390614
3715.9635742669957,0.99610895
3715.965889037264,0.9873089
3715.968203807531,0.99098974
3715.970518577799,0.9968971
3715.972833348068,1.0006162
3715.9751481183334,0.9861679
3715.977462888602,0.9938561
3715.979777658869,0.9862974
3715.9820924291366,0.99740666
3715.9844071994044,0.9905127
3715.986721969672,0.99070954
3715.9890367399407,0.989379
3715.9913515102066,0.9901893
3715.9936662804744,1.0003734
3715.9959810507416,1.0071905
3715.9982958210107,0.9978586
3716.0006105912776,0.9877601
3716.0029253615457,0.99224734
3716.005240131677,0.9965563
3716.0075549017497,0.9917617
3716.0098696718237,0.990318
3716.012184441898,0.99379945
3716.014499211974,0.9937551
3716.016813982048,0.96891755
3716.0191287521225,0.9795993
3716.0214435221974,0.9923295
3716.0237582922705,1.0098025
3716.026073062344,1.0090762
3716.0283878324185,0.98256236
3716.030702602494,0.9844267
3716.0330173725674,1.008365
3716.035332142643,0.9905447
3716.0376469127173,0.988881
3716.039961682791,0.998946
3716.0422764528653,0.98716104
3716.0445912229393,0.99533427
3716.046905992876,0.9951701
3716.0492207627544,0.99287474
3716.0515355326347,0.99142176
3716.053850302513,0.99301016
3716.056165072393,0.99123204
3716.058479842273,0.997127
3716.060794612152,0.99197024
3716.063109382032,0.9847824
3716.0654241519114,0.9868178
3716.067738921791,0.9878089
3716.0700536916693,1.0028082
3716.072368461549,0.9906317
3716.0746832314285,0.9853821
3716.0769980013083,0.98419815
3716.079312771188,0.99399287
3716.0816275410675,0.98604023
3716.083942310947,0.9935462
3716.0862570808276,0.9948397
3716.088571850566,0.98363984
3716.090886620249,0.98050106
3716.093201389932,0.9965123
3716.0955161596153,0.9899046
3716.097830929299,0.98241526
3716.100145698981,0.9838501
3716.1024604686654,0.9886741
3716.1047752383465,0.97688997
3716.10709000803,0.99737257
3716.109404777712,0.9897736
3716.111719547396,0.9958343
3716.114034317079,0.99958843
3716.116349086761,0.98875976
3716.1186638564454,1.0010841
3716.1209786261265,1.0028826
3716.1232933958104,0.98671323
3716.1256081654924,0.98874724
3716.1279229351767,0.9986227
3716.130237704718,0.9775572
3716.1325524742037,1.0023955
3716.1348672436893,0.9778411
3716.137182013172,0.9946803
3716.1394967826577,0.98823005
3716.1418115521415,1.0006131
3716.1441263216275,0.982131
3716.1464410911112,0.9917479
3716.1487558605972,0.9940705
3716.1510706300824,0.9992086
3716.153385399566,0.99381894
3716.1557001690508,0.9836978
3716.1580149385345,0.9930299
3716.160329708021,1.0019377
3716.1626444775047,0.98558426
3716.1649592469903,1.0004665
3716.167274016474,0.99058145
3716.169588785959,0.9924035
3716.1719035553024,0.99115145
3716.1742183245874,0.9834717
3716.1765330938724,0.99360734
3716.1788478631565,0.9859
3716.1811626324425,0.9930068
3716.183477401726,0.98463964
3716.1857921710116,0.9839329
3716.1881069402957,0.99417305
3716.1904217095816,0.98353976
3716.192736478866,0.99849725
3716.1950512481526,0.9809436
3716.1973660174367,1.0080755
3716.1996807867226,0.9933711
3716.201995556006,1.0019672
3716.20431032529,0.99187106
3716.206625094576,0.99001426
3716.2089398638605,0.999317
3716.211254633147,0.9974861
3716.213569402288,0.9933595
3716.2158841713726,1.0028778
3716.218198940454,0.9829937
3716.2205137095384,0.9946742
3716.222828478621,0.9930805
3716.2251432477033,1.0016766
3716.227458016788,0.98253906
3716.2297727858713,0.9919206
3716.2320875549563,0.9840136
3716.234402324037,0.99270236
3716.236717093122,1.0060824
3716.2390318622042,0.98560023
3716.241346631289,1.0078865
3716.2436614003714,0.9876638
3716.245976169455,1.0011803
3716.2482909385394,1.00004
3716.2506057076207,0.9964857
3716.2529204767056,0.99187505
3716.2552352456437,1.0120348
3716.2575500145253,0.9805673
3716.2598647834047,0.98253644
3716.2621795522855,0.99356
3716.264494321165,1.0028774
3716.266809090043,0.9891551
3716.2691238589255,0.992119
3716.271438627805,0.9943561
3716.2737533966856,0.9878584
3716.2760681655654,0.98277384
3716.278382934446,0.9849804
3716.2806977033256,0.9806462
3716.2830124722063,0.9983919
3716.2853272410853,0.9892507
3716.2876420099656,1.0080396
3716.2899567788463,0.988765
3716.292271547726,0.994616
3716.2945863166074,0.9880627
3716.2969010853403,0.99676234
3716.2992158540164,0.9792794
3716.301530622691,0.98982495
3716.3038453913673,0.99137616
3716.306160160042,0.99811983
3716.3084749287164,1.0111936
3716.310789697393,0.9851272
3716.3131044660663,0.9965888
3716.3154192347424,1.0010085
3716.317734003417,0.9839033
3716.3200487720933,0.98775023
3716.3223635407676,0.9859932
3716.324678309445,0.9810479
3716.3269930781194,0.98576266
3716.3293078467937,0.9909829
3716.3316226154684,0.9942799
3716.3339373841427,0.9958461
3716.3362521528193,0.99452853
3716.338566921347,0.9948667
3716.340881689817,0.9978535
3716.3431964582855,0.9898897
3716.345511226753,0.9832814
3716.3478259952217,0.9813373
3716.3501407636913,0.9926838
3716.352455532159,1.0091773
3716.3547703006266,0.98731184
3716.3570850690962,0.98804826
3716.359399837565,0.9907489
3716.3617146060324,0.9986951
3716.364029374501,0.9808084
3716.366344142971,0.9875164
3716.3686589114386,0.9812127
3716.370973679908,0.981149
3716.3732884483757,0.99617785
3716.3756032168444,0.9942901
3716.377917985312,0.9895693
3716.380232753632,0.99025744
3716.382547521894,1.0044246
3716.3848622901533,0.9971463
3716.387177058414,0.9963174
3716.3894918266733,1.0009685
3716.391806594935,1.0008574
3716.3941213631933,0.9767669
3716.3964361314524,0.980194
3716.398750899714,0.98271406
3716.401065667974,0.97795624
3716.403380436235,0.9846101
3716.405695204494,0.9712288
3716.4080099727557,0.99248946
3716.410324741014,0.9925435
3716.412639509275,0.9850681
3716.414954277534,0.97824943
3716.4172690457945,0.99118227
3716.4195838140545,0.9868261
3716.421898582166,0.9875206
3716.424213350217,0.99009067
3716.426528118265,1.0070182
3716.428842886316,0.9758132
3716.431157654365,0.9966863
3716.4334724224163,0.9875023
3716.4357871904654,0.986555
3716.4381019585153,0.9891423
3716.4404167265666,0.99057204
3716.4427314946147,0.9985508
3716.4450462626655,0.98860836
3716.4473610307145,0.9890252
3716.4496757987663,0.99579364
3716.4519905668153,0.9856711
3716.454305334866,0.98208195
3716.4566201029165,0.98587584
3716.4589348709646,0.9766681
3716.4612496390155,0.98958427
3716.4635644069144,0.9950719
3716.465879174754,0.98770034
3716.468193942591,0.98366755
3716.47050871043,0.9847489
3716.4728234782683,0.98501354
3716.475138246106,0.99062806
3716.477453013943,0.9988351
3716.479767781781,0.9978666
3716.4820825496204,0.99926454
3716.4843973174584,0.97375023
3716.486712085297,0.9847198
3716.4890268531353,0.9895657
3716.4913416209724,0.99902874
3716.4936563888095,1.0051265
3716.4959711566485,1.0017195
3716.4982859244874,0.9838954
3716.5006006923254,0.9860856
3716.5029154601634,0.9906116
3716.5052302278505,0.9729636
3716.5075449954743,0.9799494
3716.5098597630986,0.97833985
3716.5121745307233,0.99641246
3716.514489298348,0.99303895
3716.516804065973,0.9964379
3716.519118833597,0.98066795
3716.5214336012223,0.9787161
3716.523748368846,0.9974826
3716.5260631364704,0.9852615
3716.528377904095,0.9831212
3716.53069267172,0.99777484
3716.5330074393446,1.0038453
3716.535322206969,0.9905014
3716.537636974595,0.98366535
3716.5399517422175,0.99771345
3716.542266509842,0.9851977
3716.5445812774665,0.98154926
3716.546896044939,0.9799688
3716.5492108123485,0.99799156
3716.5515255797577,0.9872442
3716.5538403471683,0.97593254
3716.5561551145756,0.9847296
3716.5584698819857,0.98878306
3716.560784649394,0.9839248
3716.563099416804,0.9869878
3716.565414184214,0.9836805
3716.5677289516225,0.98871857
3716.570043719033,0.9668194
3716.5723584864404,0.99200994
3716.5746732538496,0.9852393
3716.5769880212592,0.9726283
3716.57930278867,0.9689627
3716.581617556079,0.9851435
3716.5839323234873,0.9950843
3716.586247090898,0.9744784
3716.5885618581515,0.985569
3716.5908766253447,0.9902925
3716.593191392536,0.9896616
3716.59550615973,0.9884355
3716.5978209269224,1.0015202
3716.6001356941147,0.9689071
3716.6024504613074,0.990746
3716.604765228498,0.9873882
3716.607079995691,0.9940888
3716.6093947628824,0.9735494
3716.611709530076,0.98018503
3716.6140242972683,0.9798137
3716.6163390644606,0.9817969
3716.6186538316533,0.9823891
3716.620968598845,0.9933781
3716.6232833660374,0.9812875
3716.625598133229,0.98542356
3716.6279129004224,1.0016977
3716.6302276674587,0.9869835
3716.6325424344336,0.9933412
3716.6348572014076,0.98407525
3716.6371719683802,0.9740536
3716.6394867353542,0.99304295
3716.641801502328,0.97987247
3716.644116269302,0.99169546
3716.646431036275,0.9834902
3716.6487458032493,0.98478264
3716.6510605702215,0.9836245
3716.6533753371964,0.9938725
3716.65569010417,0.98699653
3716.658004871144,0.97734314
3716.660319638118,0.99379015
3716.662634405093,0.99097556
3716.6649491720655,0.98501945
3716.667263939037,0.98734874
3716.6695787060125,0.9989487
3716.671893472829,0.988251
3716.6742082395835,0.975132
3716.676523006337,0.98816246
3716.678837773092,0.9970924
3716.6811525398443,0.97658193
3716.6834673065973,0.9819793
3716.6857820733508,0.98926353
3716.6880968401038,0.98729634
3716.690411606858,0.99283797
3716.6927263736115,0.9907155
3716.6950411403664,0.99733984
3716.697355907119,0.99436283
3716.6996706738714,0.9750707
3716.7019854406253,0.98535544
3716.70430020738,0.97840923
3716.7066149741327,0.9765541
3716.708929740885,0.98405117
3716.711244507641,0.9956449
3716.7135592742366,1.001874
3716.715874040767,0.98954415
3716.7181888072987,0.98102385
3716.720503573832,0.99747723
3716.7228183403627,0.974682
3716.725133106896,0.9776979
3716.7274478734266,0.99091357
3716.7297626399586,0.9844171
3716.732077406489,0.9846908
3716.7343921730208,0.98631394
3716.736706939554,0.97612447
3716.7390217060847,0.98688376
3716.7413364726176,0.98261815
3716.7436512391487,0.97248596
3716.7459660056816,0.9880136
3716.7482807722113,0.98529917
3716.750595538743,0.97902703
3716.752910305276,0.99628395
3716.7552250716485,0.9868427
3716.757539837958,0.98196465
3716.759854604266,0.98432285
3716.762169370575,0.9824139
3716.764484136882,0.97786975
3716.766798903191,0.9753833
3716.7691136695003,0.99215305
3716.7714284358076,0.99130344
3716.7737432021167,0.9839496
3716.776057968425,0.9872484
3716.778372734734,0.9805038
3716.780687501041,0.9815128
3716.78300226735,0.9805502
3716.785317033658,0.9963271
3716.7876317999676,0.98692554
3716.789946566276,0.9851233
3716.7922613325836,0.9709221
3716.7945760988932,0.9852017
3716.7968908650405,0.9960718
3716.799205631125,0.98018926
3716.8015203972077,0.9825611
3716.803835163293,0.98315626
3716.806149929376,0.98048794
3716.8084646954594,0.98476875
3716.8107794615444,0.984379
3716.813094227626,0.984189
3716.8154089937107,0.9960877
3716.817723759794,0.99137175
3716.8200385258788,0.97491693
3716.8223532919615,0.9823869
3716.8246680580464,0.9952852
3716.82698282413,0.9846987
3716.8292975902123,0.9772187
3716.831612356297,0.98425996
3716.8339271223795,0.9825452
3716.8362418884644,0.99402213
3716.838556654387,0.9955764
3716.840871420246,0.9866744
3716.8431861861036,0.99417657
3716.8455009519603,0.9785543
3716.847815717818,0.99963886
3716.850130483674,0.98051447
3716.852445249533,0.9930137
3716.8547600153897,0.9828593
3716.8570747812482,0.9874433
3716.8593895471063,0.9785181
3716.861704312963,0.9822127
3716.8640190788196,0.9850457
3716.8663338446795,0.9742193
3716.868648610536,0.9834606
3716.870963376393,0.98228586
3716.8732781422514,0.9964082
3716.8755929081094,0.9878349
3716.877907673966,0.9921994
3716.8802224396613,0.98602724
3716.8825372052925,0.9766985
3716.884851970923,0.9924012
3716.8871667365543,0.9836065
3716.8894815021836,0.9829524
3716.8917962678142,0.9996164
3716.894111033443,0.98881483
3716.8964257990724,0.98630595
3716.8987405647035,0.978671
3716.901055330334,0.99677026
3716.9033700959653,0.99611306
3716.9056848615946,0.9640996
3716.907999627226,0.9803249
3716.9103143928546,0.990037
3716.912629158485,0.98258
3716.9149439241146,0.98182046
3716.9172586897453,0.9833346
3716.9195734553755,0.98234004
3716.921888220844,0.98538685
3716.9242029862467,0.9812039
3716.9265177516463,0.987143
3716.9288325170487,0.98231727
3716.9311472824497,0.9980794
3716.9334620478517,0.99044496
3716.935776813253,0.97523326
3716.9380915786546,0.98632395
3716.940406344058,0.9765775
3716.9427211094576,0.9850901
3716.94503587486,0.9756652
3716.9473506402605,0.96406555
3716.949665405663,0.97868246
3716.9519801710644,0.98163044
3716.954294936466,0.983449
3716.9566097018687,0.9844947
3716.9589244672684,0.98254365
3716.9612392326703,0.98094195
3716.963553997909,0.9944103
3716.965868763082,0.98337615
3716.968183528254,0.9748941
3716.9704982934254,0.99046654
3716.9728130585986,0.9774244
3716.9751278237686,0.98852426
3716.9774425889404,0.9712478
3716.9797573541127,0.9721184
3716.982072119286,0.983848
3716.9843868844578,0.99370617
3716.98670164963,0.9761529
3716.9890164148023,0.97668046
3716.9913311799723,0.98688704
3716.993645945145,0.9744445
3716.9959607103165,0.9722256
3716.9982754754897,0.9812805
3717.0005902406615,0.9873107
3717.0029050058333,0.97775024
3717.00521977084,0.9889815
3717.0075345357827,0.9743993
3717.0098493007245,0.974706
3717.012164065665,0.96694654
3717.0144788306075,0.9841169
3717.016793595548,0.9803255
3717.0191083604905,0.98350525
3717.02142312543,0.97319907
3717.0237378903726,0.9838857
3717.026052655314,0.96197647
3717.0283674202556,0.9783318
3717.0306821851973,0.98970985
3717.0329969501377,0.9743914
3717.03531171508,0.9942423
3717.0376264800198,0.9816467
3717.0399412449624,0.98780423
3717.0422560099037,0.9757586
3717.044570774845,0.9930343
3717.046885539623,0.9650972
3717.0492003043323,0.9712567
3717.051515069043,0.9844127
3717.0538298337515,0.9834522
3717.0561445984627,0.98219377
3717.058459363173,0.98728824
3717.0607741278827,0.9748574
3717.063088892593,0.9922498
3717.065403657304,0.979129
3717.0677184220135,0.9836798
3717.0700331867215,0.9789724
3717.072347951433,0.99268246
3717.074662716142,0.9929331
3717.076977480853,0.97886324
3717.0792922455635,0.9578605
3717.0816070102746,0.97383255
3717.083921774984,0.9737367
3717.086236539693,0.9921348
3717.0885513042385,0.9744301
3717.0908660687164,0.98759043
3717.093180833195,0.9834736
3717.0954955976727,0.97867507
3717.097810362153,0.9769644
3717.1001251266302,0.9836258
3717.102439891107,0.9646487
3717.1047546555856,0.98141444
3717.107069420065,0.9731783
3717.1093841845423,0.9758273
3717.1116989490192,0.99586725
3717.114013713499,0.98517585
3717.116328477977,0.9840854
3717.1186432424543,0.992677
3717.120958006932,0.9877491
3717.123272771412,0.9867792
3717.125587535889,0.98736554
3717.1279023003663,0.99172324
3717.130217064681,0.9819974
3717.132531828927,0.9947832
3717.134846593172,0.98628366
3717.1371613574174,0.97056985
3717.1394761216648,0.98794144
3717.1417908859094,0.97087324
3717.1441056501562,0.98464483
3717.1464204144017,0.9884404
3717.1487351786473,0.9924728
3717.1510499428923,0.9906524
3717.153364707137,0.9777724
3717.155679471385,0.98619425
3717.1579942356298,0.97857726
3717.1603089998766,0.9708678
3717.162623764122,0.9704317
3717.1649385283686,0.9940322
3717.1672532926127,0.97604406
3717.1695680568573,0.97839576
3717.17188282094,0.9717154
3717.174197584953,0.9837594
3717.176512348967,0.9910249
3717.1788271129794,0.98323053
3717.1811418769944,0.97892004
3717.1834566410057,0.98023546
3717.185771405018,0.98176223
3717.1880861690324,0.9720493
3717.190400933046,0.99240375
3717.192715697059,0.98670644
3717.1950304610723,0.9902676
3717.197345225087,0.9798784
3717.1996599890986,0.9959462
3717.2019747531126,0.9754427
3717.204289517125,0.9866121
3717.2066042811384,0.9805116
3717.2089190451516,0.9914733
3717.211233809165,0.9816939
3717.213548573015,0.98604524
3717.215863336794,0.97829175
3717.2181781005756,0.9693377
3717.2204928643555,0.98398334
3717.2228076281376,0.96990705
3717.2251223919175,0.97545785
3717.227437155698,0.9753444
3717.22975191948,0.98724896
3717.232066683259,0.9856461
3717.2343814470405,0.972706
3717.2366962108204,0.97708845
3717.2390109746025,0.98112476
3717.2413257383823,0.98639834
3717.2436405021645,0.9891586
3717.245955265945,0.9803751
3717.248270029724,0.9848265
3717.250584793505,0.982056
3717.2528995572857,0.9976439
3717.255214320903,0.99092036
3717.257529084451,0.9611287
3717.2598438480004,0.9759445
3717.2621586115497,0.9766966
3717.2644733750963,0.9745308
3717.2667881386446,0.9878372
3717.2691029021935,0.97437704
3717.2714176657432,0.9766107
3717.2737324292907,0.9675082
3717.2760471928405,0.977885
3717.2783619563893,0.9841143
3717.280676719937,0.9700064
3717.2829914834847,0.98912024
3717.285306247033,0.9936498
3717.2876210105833,0.9679042
3717.2899357741308,0.9749604
3717.29225053768,0.9690711
3717.2945653012293,0.98021996
3717.2968800646127,0.97685033
3717.2991948279287,0.9676577
3717.3015095912465,0.9846803
3717.303824354564,0.9869481
3717.30613911788,0.9820466
3717.3084538811977,0.98371863
3717.310768644515,0.9765014
3717.313083407831,0.97730905
3717.3153981711484,0.9868481
3717.3177129344654,0.98155934
3717.3200276977827,0.97414047
3717.3223424610987,0.98646885
3717.3246572244166,0.9723217
3717.3269719877326,0.96218294
3717.32928675105,0.9816016
3717.331601514367,0.9856689
3717.333916277684,0.99786085
3717.336231041001,0.9760825
3717.3385458041544,0.97305524
3717.3408605672407,0.9646623
3717.343175330326,0.9881126
3717.3454900934125,0.9618874
3717.347804856498,0.99389154
3717.3501196195853,0.987701
3717.3524343826716,0.9843936
3717.354749145758,0.98064256
3717.3570639088443,0.9840603
3717.3593786719293,0.9922422
3717.361693435016,0.985431
3717.3640081981016,0.9836629
3717.3663229611884,0.9991338
3717.3686377242752,0.9673801
3717.3709524873625,0.9668316
3717.3732672504475,0.9867852
3717.375582013533,0.99147254
3717.3778967766198,0.980736
3717.3802115395424,0.9749017
3717.3825263024,0.97774523
3717.384841065256,0.9848388
3717.387155828115,0.98303324
3717.3894705909706,0.99202013
3717.3917853538264,0.97041404
3717.394100116683,0.97813934
3717.3964148795408,0.9811619
3717.3987296423966,0.9703206
3717.4010444052524,0.9792948
3717.4033591681105,0.97425663
3717.405673930967,0.9880409
3717.407988693823,0.96918255
3717.4103034566797,0.9859714
3717.4126182195378,0.99002033
3717.4149329823936,0.9699792
3717.4172477452494,0.96395355
3717.4195625081074,0.975521
3717.4218772708027,0.9891319
3717.4241920334307,0.99005455
3717.426506796059,0.9630432
3717.4288215586894,0.9813682
3717.4311363213174,0.9737282
3717.4334510839476,0.98149425
3717.435765846575,0.9758362
3717.438080609204,0.9712657
3717.440395371832,0.9776267
3717.44271013446,0.97110116
3717.4450248970907,0.98097706
3717.4473396597186,0.97336704
3717.449654422349,0.9956863
3717.4519691849764,0.97956353
3717.454283947606,0.9776229
3717.4565987102333,0.9791215
3717.4589134728612,0.99272114
3717.461228235491,0.98822045
3717.46354299796,0.9781108
3717.4658577603636,0.9818806
3717.468172522766,0.9731847
3717.4704872851694,0.9943087
3717.4728020475704,0.98361695
3717.4751168099724,0.9766812
3717.4774315723766,0.9776155
3717.4797463347795,0.9829027
3717.4820610971824,0.9662771
3717.4843758595853,0.9755337
3717.486690621989,0.98300725
3717.48900538439,0.97901964
3717.491320146794,0.9840086
3717.4936349091963,0.9943473
3717.4959496715987,0.98795813
3717.4982644340016,0.96052617
3717.500579196405,0.9874791
3717.5028939588087,0.9756404
3717.505208721051,0.97043663
3717.507523483231,0.98059714
3717.5098382454103,0.9740473
3717.5121530075894,0.97901917
3717.5144677697685,0.9717648
3717.5167825319477,0.97110444
3717.519097294128,0.98900956
3717.5214120563055,0.9765768
3717.5237268184856,0.97405154
3717.526041580664,0.9864405
3717.5283563428443,0.9824091
3717.5306711050225,0.98233134
3717.532985867202,0.9848243
3717.5353006293826,0.993161
3717.53761539156,0.98103726
3717.539930153739,0.98633635
3717.542244915918,0.9861201
3717.5445596780987,0.98248035
3717.5468744401205,0.9903212
3717.5491892020805,0.9832127
3717.5515039640386,0.96969736
3717.5538187259954,0.99025893
3717.5561334879535,0.9753372
3717.558448249912,0.9726938
3717.5607630118716,0.9709793
3717.5630777738293,0.9754149
3717.5653925357888,0.975648
3717.5677072977473,0.9819299
3717.5700220597037,0.9870108
3717.5723368216622,0.9901405
3717.5746515836204,0.9836663
3717.5769663455803,0.987803
3717.579281107538,0.9792266
3717.581595869497,0.9690132
3717.583910631456,0.9819454
3717.5862253934133,0.98889834
3717.588540155217,0.974533
3717.5908549169576,0.98201716
3717.5931696786997,0.97860247
3717.5954844404396,0.9834411
3717.5977992021812,0.98695445
3717.6001139639225,0.9780561
3717.6024287256623,0.97966486
3717.604743487402,0.9854999
3717.6070582491434,1.0006652
3717.6093730108855,0.98059934
3717.6116877726254,0.9689989
3717.614002534367,0.992636
3717.6163172961074,0.9938189
3717.618632057848,0.98554814
3717.620946819588,0.99119115
3717.6232615813296,0.9710399
3717.625576343071,0.97067916
3717.627891104811,0.98506236
3717.630205866401,0.9887053
3717.632520627927,0.97621804
3717.6348353894546,0.9854995
3717.6371501509807,0.9918402
3717.6394649125086,0.9888205
3717.641779674036,0.97679365
3717.6440944355622,0.9995247
3717.64640919709,0.96381414
3717.648723958616,0.9770794
3717.6510387201433,1.0016532
3717.6533534816695,0.98240757
3717.6556682431974,0.98655486
3717.657983004725,0.9825111
3717.660297766252,0.9847963
3717.662612527779,0.9819529
3717.6649272893046,0.9958603
3717.667242050832,0.98836154
3717.669556812358,0.9758933
3717.6718715737375,1.0042034
3717.674186335054,0.9957077
3717.6765010963727,0.99086607
3717.67881585769,0.97506964
3717.6811306190066,0.99744415
3717.6834453803244,0.97688305
3717.685760141641,0.9931201
3717.6880749029588,0.9745661
3717.6903896642752,0.9882303
3717.692704425594,0.9691231
3717.6950191869105,0.98412436
3717.69733394823,0.97687155
3717.6996487095457,0.99211824
3717.701963470862,0.98563427
3717.70427823218,0.9802452
3717.7065929934965,0.99319047
3717.7089077548153,0.98036575
3717.711222516132,0.9917436
3717.713537277304,0.97040206
3717.7158520384155,0.99175894
3717.7181667995283,0.9835477
3717.7204815606415,0.9766293
3717.722796321753,0.9956744
3717.725111082867,0.97906494
3717.7274258439793,0.974003
3717.7297406050907,0.9947743
3717.732055366202,0.9885792
3717.734370127316,0.98732215
3717.7366848884285,0.95829695
3717.73899964954,0.97977406
3717.7413144106536,0.9911939
3717.743629171766,0.98919266
3717.7459439328777,0.9801305
3717.748258693989,0.98135346
3717.7505734551028,0.9775763
3717.752888216215,0.9709465
3717.755202977185,0.98657143
3717.757517738099,0.97742456
3717.7598324990117,0.9804995
3717.7621472599235,0.99523777
3717.7644620208353,0.97152823
3717.7667767817493,0.9777894
3717.7690915426624,0.98251605
3717.771406303575,0.9875849
3717.773721064488,0.98939204
3717.776035825401,0.9775332
3717.7783505863126,0.99212885
3717.7806653472244,0.9775932
3717.7829801081384,0.96893096
3717.785294869051,0.97244525
3717.7876096299638,0.97614866
3717.789924390877,0.97705823
3717.7922391517886,0.98386467
3717.7945539127013,0.9741206
3717.7968686734757,0.9854508
3717.7991834341956,0.9751147
3717.8014981949145,0.9908392
3717.803812955633,0.9818359
3717.8061277163524,0.98051834
3717.808442477072,0.9756489
3717.8107572377885,0.98479146
3717.8130719985065,0.988095
3717.8153867592264,0.9913459
3717.8177015199453,0.9779704
3717.820016280664,0.98041224
3717.822331041383,0.99823356
3717.8246458021026,0.98721033
3717.8269605628197,0.99935347
3717.8292753235373,0.97338474
3717.831590084257,0.99567825
3717.833904844976,0.96971065
3717.8362196056946,0.9738134
3717.8385343662803,0.9697439
3717.840849126813,0.98546374
3717.8431638873417,0.9996059
3717.845478647873,0.9702268
3717.8477934084044,0.95814437
3717.850108168934,0.9757997
3717.8524229294662,0.9765784
3717.854737689997,0.9700412
3717.8570524505294,0.9707005
3717.8593672110587,0.985747
3717.8616819715894,0.98518246
3717.8639967321205,0.9679508
3717.8663114926508,0.99273646
3717.868626253183,0.9782046
3717.870941013714,0.98624593
3717.873255774246,0.97730696
3717.8755705347753,0.9774081
3717.877885295306,0.9835172
3717.880200055709,0.9726287
3717.8825148160586,0.95959693
3717.884829576409,0.99188644
3717.8871443367584,0.9760163
3717.8894590971104,0.98045486
3717.8917738574587,0.9757663
3717.8940886178084,0.97024786
3717.8964033781585,0.98812336
3717.89871813851,0.9530999
3717.901032898859,0.9818482
3717.903347659208,0.9773693
3717.905662419559,0.97158605
3717.9079771799074,0.9726971
3717.910291940258,0.9834193
3717.912606700608,0.98451334
3717.9149214609597,0.98797315
3717.9172362213085,0.9861284
3717.9195509816577,0.97946924
3717.921865741886,0.9874147
3717.9241805020597,0.97326016
3717.926495262237,1.0022168
