time,flux
2962.8034050958004,1.0161917
2962.805719923535,1.0180194
2962.8080347512678,1.0065898
2962.8103495790015,1.0203393
2962.812664406735,1.0050243
2962.814979234468,1.0309362
2962.8172940622003,1.0316914
2962.819608889933,1.0272596
2962.821923717667,1.0156724
2962.8242385453996,1.002857
2962.8265533731333,1.0111071
2962.8288682008656,1.024763
2962.8311830285984,1.0307143
2962.833497856333,1.0052762
2962.8358126840662,1.0211923
2962.838127512052,1.0288125
2962.8404423403367,1.0357877
2962.8427571686225,1.0334618
2962.845071996907,1.0355567
2962.847386825192,0.9797029
2962.849701653478,1.0239407
2962.852016481763,1.0178537
2962.8543313100486,1.0240651
2962.856646138333,0.9964005
2962.8589609666205,1.017382
2962.861275794904,1.0359162
2962.86359062319,1.0103583
2962.8659054514756,1.0095423
2962.8682202797604,1.0169556
2962.8705351080466,1.013966
2962.872849936331,1.0063614
2962.875164764616,1.0156046
2962.8774795929016,1.0220978
2962.8797944214443,1.0543238
2962.882109250295,1.0393243
2962.884424079144,1.0067459
2962.8867389079933,1.0203506
2962.8890537368447,1.045348
2962.8913685656935,1.0115657
2962.893683394545,1.0009903
2962.895998223393,1.0242305
2962.8983130522447,1.0113289
2962.900627881094,1.0140496
2962.9029427099435,1.0221843
2962.9052575387936,1.0316643
2962.9075723676433,1.0315374
2962.9098871964925,1.0267595
2962.912202025343,1.0289485
2962.914516854194,1.0364279
2962.916831683043,1.0276412
2962.9191465118934,1.0280337
2962.9214613410018,1.0165722
2962.9237761704235,1.0398382
2962.9260909998416,1.0198082
2962.928405829263,1.0471002
2962.9307206586823,1.0113932
2962.9330354881026,0.99970216
2962.935350317522,1.0260656
2962.937665146941,1.0217811
2962.9399799763623,1.0428541
2962.942294805781,1.0267129
2962.944609635202,1.0168316
2962.9469244646207,1.0119623
2962.949239294042,1.0318459
2962.95155412346,1.0244215
2962.9538689528804,1.0145681
2962.9561837823,1.0148737
2962.95849861172,1.034596
2962.9608134411405,1.0324932
2962.963128270819,1.0035744
2962.9654431008084,1.0818379
2962.967757930795,1.0148264
2962.9700727607833,1.0521295
2962.9723875907707,0.9865946
2962.9747024207595,1.0152134
2962.9770172507456,1.0141093
2962.979332080735,0.99532336
2962.981646910722,1.0691268
2962.983961740711,1.001948
2962.9862765706976,1.0351751
2962.988591400687,1.0023507
2962.9909062306756,1.0481722
2962.9932210606617,1.0336386
2962.995535890651,1.0390594
2962.997850720638,1.0465753
2963.000165550627,1.0446447
2963.0024803806136,1.0667689
2963.0047952108584,1.0212606
2963.0071100414034,1.0321039
2963.009424871952,1.0584557
2963.0117397024983,1.0345973
2963.0140545330473,0.99689496
2963.016369363595,0.9944203
2963.0186841941418,1.0154544
2963.0209990246913,1.0066895
2963.0233138552358,1.0181817
2963.025628685785,1.0176475
2963.027943516331,1.0571183
2963.0302583468797,1.0289927
2963.0325731774255,1.0370508
2963.0348880079746,1.0340046
2963.0372028385204,1.061996
2963.0395176690695,1.0079306
2963.0418324996162,1.0496162
2963.0441473301635,1.0153584
2963.0464621609594,1.0233488
2963.048776992051,1.0263568
2963.051091823143,1.0437043
2963.0534066542355,1.0112936
2963.055721485329,1.0143806
2963.0580363164195,1.0251987
2963.060351147512,1.0352391
2963.0626659786026,1.0154446
2963.064980809696,1.0525317
2963.0672956407884,1.0421135
2963.06961047188,1.0126734
2963.0719253029715,0.9999852
2963.074240134064,1.0292987
2963.0765549651555,1.0131247
2963.078869796248,1.0087758
2963.0811846273396,1.0279915
2963.0834994584316,1.0102646
2963.085814289525,1.0048758
2963.0881291208543,1.0216157
2963.090443952472,1.0283395
2963.092758784088,1.0221025
2963.0950736157047,1.0327407
2963.0973884473206,1.0249346
2963.0997032789355,1.0269006
2963.1020181105523,1.0506352
2963.104332942168,1.0318446
2963.106647773785,1.0177755
2963.108962605401,1.0542026
2963.1112774370163,1.0118425
2963.113592268632,0.9924527
2963.1159071002494,0.9995607
2963.1182219318644,0.9888314
2963.120536763482,1.0245223
2963.122851595099,1.0292447
2963.1251664267147,1.0271348
2963.12748125833,1.0280443
2963.1297960901734,0.99998856
2963.1321109222895,1.0114794
2963.134425754404,1.0244766
2963.13674058652,1.0484041
2963.1390554186346,1.0344769
2963.1413702507493,0.99176556
2963.143685082865,1.0052634
2963.145999914981,1.0455635
2963.1483147470967,1.0342218
2963.1506295792115,1.0344967
2963.1529444113276,1.0147247
2963.155259243442,1.0216353
2963.1575740755566,0.9983981
2963.1598889076727,0.9858782
2963.1622037397874,1.0276098
2963.164518571903,0.9940534
2963.166833404018,1.026854
2963.1691482361325,1.0440408
2963.171463068463,1.0475566
2963.173777901049,1.0323652
2963.176092733634,1.014021
2963.17840756622,1.0243163
2963.180722398806,1.0163102
2963.1830372313907,0.99844277
2963.185352063976,1.0031844
2963.187666896562,1.0437139
2963.1899817291473,1.0154151
2963.192296561733,1.0067055
2963.194611394318,1.0253513
2963.196926226903,1.022878
2963.1992410594903,1.0054117
2963.2015558920743,0.9894882
2963.2038707246616,1.0390552
2963.206185557245,1.0263038
2963.2085003898324,1.0107915
2963.2108152224173,1.0526534
2963.213130055203,1.0032635
2963.2154448882275,1.0534834
2963.2177597212512,0.9934464
2963.2200745542746,1.0306388
2963.2223893872992,1.0579462
2963.224704220325,1.0346802
2963.227019053348,0.999494
2963.229333886373,1.011474
2963.2316487193953,1.0225483
2963.2339635524213,1.0324209
2963.2362783854437,1.0452843
2963.2385932184698,1.0407417
2963.2409080514935,1.0110093
2963.243222884518,1.0272545
2963.245537717542,1.0317338
2963.2478525505653,1.0619137
2963.25016738359,1.0291339
2963.252482216614,1.0177907
2963.2547970498244,1.0316135
2963.257111883253,1.0259613
2963.2594267166837,1.0477661
2963.2617415501118,1.0511324
2963.2640563835416,1.0491952
2963.2663712169706,1.0046583
2963.268686050401,0.99803615
2963.2710008838308,1.0479195
2963.2733157172597,1.0098323
2963.2756305506887,1.0044912
2963.2779453841185,1.0571932
2963.280260217549,1.034495
2963.282575050978,1.0311761
2963.2848898844077,1.0453975
2963.2872047178357,1.057863
2963.2895195512665,1.0233175
2963.2918343846945,1.0240535
2963.2941492181258,1.0348617
2963.296464051723,1.0173811
2963.298778885525,1.0145254
2963.3010937193226,1.0081574
2963.303408553124,1.0153382
2963.305723386926,1.0153742
2963.308038220725,1.0052356
2963.310353054527,1.0152353
2963.312667888326,1.0187465
2963.3149827221273,1.0345123
2963.317297555925,1.0160046
2963.319612389727,1.0316596
2963.321927223526,1.0136241
2963.3242420573274,1.0049156
2963.326556891126,1.03115
2963.328871724928,1.0049253
2963.331186558728,0.974318
2963.3335013925275,1.0194079
2963.3358162263294,0.99802095
2963.3381310602817,1.0208493
2963.3404458944196,1.0347975
2963.342760728554,1.0118501
2963.345075562692,1.0232773
2963.347390396827,1.0603126
2963.3497052309644,1.0284896
2963.3520200650996,1.0279241
2963.354334899236,1.0113571
2963.3566497333727,1.0326252
2963.358964567509,1.0404991
2963.3612794016444,1.0167152
2963.3635942357814,1.0150158
2963.3659090699193,0.97016585
2963.368223904054,1.062753
2963.3705387381906,1.032594
2963.3728535723258,1.0101819
2963.375168406463,1.0200578
2963.3774832405984,1.0216085
2963.3797980748736,1.0337731
2963.38211290931,1.0209802
2963.384427743749,1.0301967
2963.3867425781864,1.0258349
2963.389057412625,1.0080259
2963.391372247062,1.0398113
2963.3936870814996,1.0419253
2963.3960019159385,0.9978431
2963.3983167503748,0.99581254
2963.400631584814,1.0118617
2963.4029464192504,1.0380594
2963.40526125369,1.0035281
2963.4075760881246,1.0491391
2963.409890922564,1.031015
2963.4122057570025,1.0473052
2963.4145205914397,1.0086975
2963.416835425878,1.0245576
2963.4191502603157,1.0001483
2963.4214650948747,1.0390279
2963.4237799295797,1.0375024
2963.426094764287,1.0413762
2963.428409598991,1.025575
2963.430724433698,0.9841932
2963.4330392684024,1.0099878
2963.435354103109,1.0342299
2963.437668937814,1.0106541
2963.439983772519,1.0000545
2963.442298607225,1.0318037
2963.4446134419304,1.0337867
2963.4469282766363,1.0093341
2963.4492431113413,1.011307
2963.4515579460463,1.0033914
2963.453872780752,1.0103942
2963.4561876154576,1.0080361
2963.4585024501635,1.0167745
2963.46081728487,1.0142778
2963.4631321196807,1.0431651
2963.4654469546226,1.0308299
2963.467761789563,1.0200676
2963.470076624504,1.016052
2963.4723914594447,1.0205975
2963.4747062943857,1.0314678
2963.4770211293257,1.0022423
2963.479335964266,1.0148219
2963.4816507992073,1.0117027
2963.4839656341474,1.0207059
2963.486280469089,1.0455943
2963.4885953040284,1.0303899
2963.490910138971,1.0159054
2963.493224973911,1.0166057
2963.495539808851,1.0212368
2963.4978546437924,0.99371225
2963.5001694787325,1.0274044
2963.502484313674,0.99760413
2963.5047991487068,1.0144386
2963.507113983851,1.0115383
2963.509428818996,1.0321454
2963.5117436541404,0.99608064
2963.5140584892843,1.0117351
2963.5163733244294,1.0243571
2963.518688159576,1.0308768
2963.5210029947198,1.0013313
2963.5233178298636,0.9997981
2963.5256326650087,0.99788827
2963.527947500153,1.0088719
2963.530262335297,0.99590474
2963.532577170442,1.0365447
2963.5348920055862,1.0251716
2963.5372068407314,1.0124624
2963.5395216758757,1.0072985
2963.5418365110195,0.9986642
2963.544151346166,1.0391454
2963.5464661813885,1.0032547
2963.5487810167087,1.0244318
2963.5510958520276,0.9895621
2963.553410687347,1.0240766
2963.5557255226654,1.0265362
2963.558040357984,1.0305089
2963.560355193303,1.029662
2963.562670028622,0.99810636
2963.5649848639414,1.0210278
2963.56729969926,1.0144024
2963.5696145345782,1.0272751
2963.5719293698976,1.0246938
2963.574244205217,1.0245557
2963.576559040536,1.0149602
2963.578873875855,1.0126705
2963.5811887111727,1.0077121
2963.5835035464934,1.0152712
2963.5858183818114,1.0457232
2963.588133217198,1.0483602
2963.590448052663,0.9880135
2963.592762888129,1.0168477
2963.595077723594,1.0191673
2963.597392559059,1.002874
2963.5997073945255,1.0225334
2963.60202222999,1.0235189
2963.6043370654565,0.9995341
2963.606651900921,1.0324967
2963.6089667363876,1.0387138
2963.61128157185,1.0229285
2963.6135964073173,1.0394511
2963.615911242782,1.0348017
2963.6182260782484,1.0054126
2963.620540913714,1.0404311
2963.6228557491795,1.0175408
2963.625170584646,1.0077852
2963.627485420109,1.0139519
2963.629800255631,1.0224395
2963.6321150912154,1.003945
2963.634429926803,1.007061
2963.636744762387,1.025893
2963.639059597974,1.0226678
2963.6413744335587,1.022807
2963.643689269145,1.0307009
2963.6460041047317,1.0241205
2963.648318940317,1.0069872
2963.6506337759033,1.0175121
2963.6529486114882,1.0153259
2963.6552634470754,1.0417285
2963.6575782826603,1.0152707
2963.6598931182475,1.0231373
2963.662207953832,1.0239198
2963.6645227894182,0.9913901
2963.6668376250022,1.0024642
2963.66915246059,1.0022272
2963.671467296218,1.0066614
2963.6737821319016,0.99899864
2963.676096967583,1.0088544
2963.6784118032647,0.99689275
2963.6807266389474,1.0117838
2963.6830414746278,0.98996145
2963.6853563103114,1.0305912
2963.6876711459918,1.0042043
2963.689985981675,1.0137397
2963.6923008173553,1.0282987
2963.6946156530385,1.0277909
2963.6969304887193,1.0165356
2963.6992453244025,1.0125334
2963.7015601600815,1.0098648
2963.7038749957655,0.9909955
2963.7061898314487,1.002305
2963.708504667129,1.030069
2963.7108195028122,0.9980467
2963.7131343385263,1.0161163
2963.715449174283,1.0069644
2963.717764010036,1.0200715
2963.7200788457926,1.0091782
2963.7223936815467,0.9977382
2963.7247085173035,1.0133064
2963.7270233530576,1.002847
2963.7293381888144,0.9999319
2963.731653024568,1.0084543
2963.733967860324,1.0052942
2963.73628269608,1.0109937
2963.738597531835,1.0081172
2963.740912367591,1.0118535
2963.743227203345,1.0114816
2963.745542039102,1.0227346
2963.7478568748556,1.0070221
2963.7501717106115,1.0202292
2963.7524865463665,1.0012249
2963.7548013821465,1.0095944
2963.7571162179524,1.0010961
2963.759431053762,1.0012462
2963.7617458895693,1.0024328
2963.764060725378,1.0156484
2963.7663755611857,1.0197092
2963.768690396994,0.99515015
2963.7710052328025,1.0126281
2963.7733200686084,1.020187
2963.775634904418,1.0032508
2963.7779497402244,0.99986327
2963.780264576034,1.0206469
2963.7825794118403,0.99861366
2963.78489424765,0.9698251
2963.787209083455,1.0063776
2963.7895239192644,0.99068075
2963.7918387550726,0.9831154
2963.7941535908803,1.0003718
2963.796468426704,1.0038346
2963.7987832625445,1.0066227
2963.8010980983872,0.9914893
2963.803412934226,0.98319805
2963.8057277700686,0.9970181
2963.808042605908,1.0066954
2963.810357441751,0.9993768
2963.8126722775905,0.98351777
2963.8149871134333,1.0126758
2963.8173019492738,1.0061246
2963.8196167851156,0.9861779
2963.8219316209565,0.99205464
2963.824246456797,1.0029473
2963.8265612926384,1.0153044
2963.8288761284794,0.9955153
2963.831190964322,1.0083044
2963.8335058001617,1.0157973
2963.8358206360044,0.9835363
2963.838135471851,1.0073645
2963.840450307708,0.9965454
2963.8427651435654,0.98445004
2963.845079979422,0.9899346
2963.847394815279,0.9917269
2963.8497096511355,1.001011
2963.8520244869915,1.0164936
2963.854339322849,0.99828374
2963.856654158705,0.9999483
2963.8589689945625,0.9948998
2963.8612838304184,1.008261
2963.8635986662744,1.0107546
2963.865913502133,0.9891564
2963.868228337988,1.0009375
2963.8705431738463,0.97920823
2963.8728580097027,1.0184728
2963.87517284556,0.99848455
2963.8774876814164,1.0038077
2963.879802517272,0.9940794
2963.8821173531283,0.9910718
2963.8844321889837,1.0025085
2963.8867470248406,1.0026696
2963.889061860696,1.0001714
2963.891376696551,0.98327124
2963.8936915324066,0.9985189
2963.896006368264,0.98443073
2963.8983212041207,1.002189
2963.9006360399762,0.99303466
2963.9029508758326,1.0041088
2963.905265711688,1.0071684
2963.9075805475436,0.98945194
2963.909895383399,1.0060005
2963.9122102192555,0.9993436
2963.914525055112,0.9921628
2963.9168398909674,0.98647904
2963.919154726823,0.9896335
2963.921469562671,0.989674
2963.923784398512,0.98991174
2963.9260992343525,0.9986856
2963.9284140701934,0.9809368
2963.9307289060343,0.99516225
2963.933043741874,1.0004433
2963.9353585777135,0.9917758
2963.9376734135535,0.98375523
2963.939988249394,0.9954783
2963.942303085234,0.99076325
2963.944617921075,0.9955878
2963.946932756914,0.99605346
2963.949247592754,0.98968565
2963.951562428595,1.0052301
2963.9538772644355,0.98337126
2963.9561921002764,0.9786708
2963.9585069361165,1.0074956
2963.960821771957,0.98198414
2963.9631366077833,0.9812636
2963.9654514435933,0.9992841
2963.9677662794047,0.98929846
2963.970081115215,0.9910215
2963.9723959510266,0.99675924
2963.9747107868366,0.9923759
2963.977025622647,0.9892182
2963.9793404584584,1.00408
2963.981655294269,1.0027016
2963.983970130081,1.0013824
2963.9862849658916,0.98786557
2963.9885998017025,0.98530537
2963.990914637513,0.9940973
2963.9932294733235,0.9941993
2963.995544309135,0.97351557
2963.9978591449453,0.995151
2964.0001739807567,0.9745197
2964.0024888165667,0.9974682
2964.004803652358,1.0038804
2964.007118488127,0.9813351
2964.0094333238976,0.98307884
2964.011748159664,0.9726443
2964.0140629954344,0.98828065
2964.0163778312017,0.9954095
2964.018692666972,0.99117047
2964.0210075027403,0.98482203
2964.02332233851,0.9734572
2964.0256371742785,0.98411465
2964.027952010046,0.9950815
2964.0302668458157,0.99438727
2964.032581681584,0.98718613
2964.0348965173534,0.99645185
2964.037211353122,0.98889625
2964.039526188892,0.9881622
2964.0418410246593,0.99215513
2964.044155860429,0.97727954
2964.046470696173,0.9848838
2964.048785531889,0.9869899
2964.0511003676047,0.9811106
2964.0534152033197,0.98437685
2964.055730039034,0.98602194
2964.05804487475,0.98587894
2964.060359710465,0.9870706
2964.0626745461805,0.97768664
2964.0649893818963,0.98531586
2964.06730421761,1.0015063
2964.0696190533267,0.994467
2964.071933889041,0.9905709
2964.0742487247576,0.9737289
2964.0765635604716,0.9766345
2964.0788783961884,0.97297704
2964.081193231903,1.000583
2964.083508067618,0.97723955
2964.085822903334,0.9791148
2964.0881377390197,0.9904984
2964.090452574672,0.9870299
2964.0927674103227,0.99336374
2964.095082245976,0.99112684
2964.0973970816244,0.9786006
2964.0997119172775,0.9806788
2964.1020267529284,0.98369247
2964.1043415885806,0.9933142
2964.10665642423,0.9835159
2964.108971259883,0.96662384
2964.111286095534,1.0010465
2964.1136009311854,0.987003
2964.115915766837,0.9938445
2964.1182306024884,0.9803824
2964.120545438141,0.9848483
2964.122860273791,0.980624
2964.125175109444,0.9802517
2964.127489945094,0.9856008
2964.1298047807136,0.9876672
2964.1321196162903,0.9815466
2964.134434451868,0.97697264
2964.1367492874447,0.9829681
2964.139064123024,0.9852422
2964.141378958601,0.9909082
2964.1436937941803,0.98022485
2964.1460086297575,0.99909127
2964.1483234653356,0.9760664
2964.150638300914,0.99061877
2964.152953136491,0.9910945
2964.1552679720703,0.979807
2964.1575828076466,0.987235
2964.159897643226,0.98407304
2964.1622124788023,0.98155785
2964.1645273143818,0.98257565
2964.1668421499585,0.98442185
2964.1691569855375,0.98579746
2964.171471821077,0.9914453
2964.1737866565722,0.986958
2964.17610149207,0.9894563
2964.178416327564,0.9835477
2964.180731163061,0.99036485
2964.1830459985554,0.97674376
2964.185360834052,0.9950061
2964.187675669545,0.9864147
2964.1899905050423,0.9913912
2964.1923053405367,0.9769941
2964.194620176034,0.9856382
2964.196935011528,0.993684
2964.199249847025,0.990668
2964.201564682519,0.98374146
2964.203879518015,0.99349356
2964.2061943535123,0.9813503
2964.208509189007,0.98900837
2964.2108240245034,0.9796686
2964.213138859956,0.98215294
2964.2154536953635,0.9948673
2964.217768530767,0.9888111
2964.2200833661727,0.9806417
2964.2223982015776,0.98471963
2964.224713036984,0.99231166
2964.227027872387,0.9808275
2964.229342707794,0.98646694
2964.2316575431987,0.9841182
2964.2339723786044,0.9742128
2964.23628721401,0.9866164
2964.238602049415,0.9968362
2964.240916884822,0.9931662
2964.2432317202247,0.9884475
2964.2455465556313,0.9901638
2964.2478613910353,0.9939345
2964.250176226442,0.9770011
2964.252491061846,0.99192417
2964.2548058972084,0.987035
2964.257120732513,0.99797636
2964.2594355678225,0.98341924
2964.2617504031305,0.9830769
2964.2640652384375,0.98800886
2964.266380073747,0.9761452
2964.2686949090526,1.0052358
2964.2710097443623,0.99168795
2964.273324579668,0.9833724
2964.2756394149765,0.9745557
2964.2779542502835,0.98552865
2964.280269085592,0.9996505
2964.2825839208977,0.9966458
2964.284898756207,0.97533816
2964.287213591514,0.97616535
2964.289528426822,0.99265075
2964.2918432621295,0.99638975
2964.2941580974375,0.9918555
2964.296472932697,0.99592656
2964.2987877678997,0.99620646
2964.3011026031045,1.0034211
2964.3034174383065,0.97928107
2964.3057322735112,0.99402016
2964.308047108713,0.99562216
2964.310361943918,0.97919965
2964.3126767791196,0.99313444
2964.3149916143234,0.9956504
2964.317306449527,0.9980743
2964.31962128473,0.9927163
2964.3219361199326,0.99171525
2964.3242509551364,0.9903367
2964.3265657903394,0.99180037
2964.328880625543,1.0023508
2964.331195460747,0.99578065
2964.3335102959486,0.97874707
2964.335825131154,0.99240124
2964.3381399663053,0.98117316
2964.3404548013996,0.9977802
2964.342769636491,0.9980887
2964.3450844715853,0.98117155
2964.3473993066777,0.9951919
2964.3497141417697,0.97768074
2964.3520289768635,0.9830733
2964.354343811956,0.9900628
2964.3566586470492,0.9873328
2964.3589734821417,0.978618
2964.361288317236,0.9856693
2964.363603152327,0.9939136
2964.3659179874203,0.98624134
2964.368232822513,0.9764106
2964.3705476576065,0.9873623
2964.3728624927,1.0035809
2964.3751773277922,0.9898715
2964.377492162884,1.0023849
2964.379806997925,0.9879168
2964.3821218329012,0.99059004
2964.3844366678786,0.98777646
2964.386751502855,0.9846346
2964.389066337831,0.98903334
2964.3913811728094,0.99387836
2964.393696007785,0.9883759
2964.396010842763,1.0076122
2964.3983256777387,1.0017364
2964.400640512717,0.98141855
2964.4029553476935,0.99019533
2964.4052701826695,0.9916224
2964.407585017646,0.9927179
2964.4098998526233,0.98539305
2964.4122146876007,1.0048271
2964.414529522577,0.98567885
2964.416844357553,0.99553275
2964.4191591925296,0.98489815
2964.4214740274515,0.97581285
2964.423788862307,0.97963125
2964.426103697164,0.9950732
2964.4284185320203,0.98658466
2964.430733366875,0.9831662
2964.4330482017303,0.99888086
2964.435363036586,1.0052869
2964.437677871442,0.99664384
2964.4399927062973,0.9823056
2964.4423075411532,0.9858341
2964.4446223760083,0.98502916
2964.446937210864,0.9893976
2964.4492520457197,0.98554516
2964.4515668805752,0.9800837
2964.453881715431,0.98396397
2964.4561965502876,0.98568964
2964.458511385143,0.9993725
2964.4608262199986,1.0059875
2964.4631410547963,0.99404424
2964.4654558895268,1.0037171
2964.4677707242563,0.9861086
2964.4700855589867,0.9896268
2964.472400393716,0.99280596
2964.4747152284453,0.9786124
2964.477030063176,0.9990481
2964.4793448979053,1.0039246
2964.4816597326358,0.99464726
2964.483974567365,0.9919632
2964.486289402096,0.999838
2964.4886042368257,0.9941401
2964.490919071556,0.9929264
2964.4932339062857,0.9781385
2964.4955487410148,0.99395174
2964.4978635757448,0.9930459
2964.5001784104743,0.9864486
2964.502493245204,0.99991924
2964.504808079875,0.99135804
2964.5071229144746,0.99227065
2964.5094377490736,0.9914303
2964.5117525836736,0.98072183
2964.514067418274,0.992541
2964.5163822528743,0.99035186
2964.5186970874747,0.9897891
2964.521011922074,0.99296683
2964.523326756673,1.0050015
2964.5256415912727,0.98891234
2964.527956425873,0.9881243
2964.530271260472,0.99268955
2964.5325860950725,0.99898577
2964.534900929672,0.97493243
2964.537215764271,0.9948925
2964.5395305988714,0.99653155
2964.541845433471,1.0071657
2964.544160268072,0.99007577
2964.54647510261,0.9896852
2964.548789937077,0.99229294
2964.5511047715418,0.9886121
2964.553419606007,0.98081523
2964.5557344404733,0.9793803
2964.5580492749386,0.996336
2964.5603641094053,0.9840434
2964.5626789438707,0.9690834
2964.5649937783355,0.9971809
2964.5673086128018,0.9941231
2964.5696234472675,0.98155653
2964.5719382817338,0.9887148
2964.5742531162,0.97869474
2964.576567950664,0.9888872
2964.5788827851316,0.979949
2964.581197619597,0.98960865
2964.583512454063,0.98720735
2964.5858272885284,1.0035819
2964.5881421229324,0.9791854
2964.59045695726,0.9960338
2964.5927717915874,0.9778353
2964.5950866259154,0.9906031
2964.5974014602443,0.9805302
2964.5997162945723,0.99130076
2964.6020311289008,0.98757476
2964.6043459632306,0.9775128
2964.6066607975563,0.99178404
2964.608975631886,0.97983396
2964.6112904662145,0.9871978
2964.6136053005425,0.9904502
2964.61592013487,0.9869524
2964.618234969199,0.98832285
2964.6205498035265,1.0011947
2964.6228646378554,0.99528944
2964.6251794721834,0.98710465
2964.6274943065114,0.9908936
2964.6298091407766,0.99402094
2964.6321239749623,0.99529374
2964.634438809151,0.98618424
2964.636753643337,0.9779016
2964.639068477526,0.9898807
2964.641383311713,0.97838014
2964.6436981459,0.9797922
2964.646012980088,0.97935915
2964.648327814275,0.9929028
2964.650642648463,0.99123573
2964.65295748265,0.9768287
2964.6552723168365,0.9934746
2964.6575871510245,0.99600315
2964.6599019852124,0.9971414
2964.6622168193994,0.97648567
2964.6645316535873,0.9938328
2964.6668464877735,1.0001516
2964.6691613219623,0.9753758
2964.6714761560834,0.98712045
2964.6737909901276,0.9978651
2964.676105824171,0.98284745
2964.678420658215,0.9885768
2964.680735492258,0.98793495
2964.683050326301,0.9880079
2964.685365160344,1.0083971
2964.6876799943884,0.9939023
2964.6899948284336,1.0001726
2964.692309662476,1.001934
2964.6946244965206,0.9917643
2964.6969393305617,0.9970082
2964.699254164607,0.99285233
2964.7015689986492,0.9798433
2964.7038838326944,0.9853857
2964.706198666738,0.9856473
2964.7085135007815,0.9855501
2964.7108283348243,0.99225783
2964.713143168801,0.98651284
2964.715458002699,1.0003501
2964.717772836595,0.9848751
2964.7200876704937,0.99504787
2964.722402504389,0.9885996
2964.724717338288,0.98146677
2964.727032172183,0.98621863
2964.729347006081,1.001513
2964.7316618399773,0.99160194
2964.733976673875,1.001358
2964.7362915077724,0.99304616
2964.738606341669,0.99646896
2964.7409211755653,0.9867905
2964.743236009463,0.9871558
2964.7455508433604,1.006755
2964.7478656772573,0.9992533
2964.750180511155,0.99300927
2964.75249534505,0.9998746
2964.7548101788807,1.002467
2964.7571250126275,0.9867071
2964.759439846377,0.9876106
2964.761754680123,0.99293154
2964.764069513873,0.9869292
2964.7663843476203,0.9796956
2964.768699181368,0.98446655
2964.771014015116,0.99641526
2964.773328848864,0.9910784
2964.7756436826135,0.9892065
2964.77795851636,0.99214697
2964.7802733501094,0.9860377
2964.7825881838558,0.99052566
2964.7849030176044,0.9879825
2964.7872178513508,0.985308
2964.7895326851003,0.97844005
2964.7918475188467,1.0036254
2964.7941623525962,0.991106
2964.796477186275,0.99236584
2964.798792019872,0.97971565
2964.8011068534684,0.9845916
2964.8034216870637,0.9900494
2964.8057365206623,0.9809188
2964.8080513542573,1.0003955
2964.8103661878554,0.99435997
2964.8126810214508,1.000667
2964.814995855049,0.995692
2964.817310688644,0.9883413
2964.819625522241,0.9903391
2964.8219403558373,0.9858496
2964.8242551894346,0.98414147
2964.82657002303,0.98878574
2964.8288848566276,0.99104017
2964.8311996902235,0.9773217
2964.8335145238207,0.9812078
2964.835829357418,0.99625343
2964.838144190944,1.0084476
2964.840459024388,0.9760277
2964.8427738578293,1.0050906
2964.8450886912747,0.9812197
2964.847403524716,0.9822172
2964.8497183581603,0.9894696
2964.8520331916025,0.9818344
2964.854348025047,0.98731
2964.8566628584877,0.987264
2964.858977691932,0.995111
2964.861292525377,0.9987191
2964.8636073588186,0.98971707
2964.8659221922635,0.99076533
2964.868237025705,0.9945612
2964.8705518591496,0.9989275
2964.8728666925904,0.98279494
2964.875181526035,0.9922499
2964.877496359477,0.9833465
2964.8798111928504,0.98875755
2964.8821260261366,0.9942163
2964.8844408594264,0.9931627
2964.8867556927125,0.99734795
2964.8890705260005,0.9830355
2964.89138535929,1.001339
2964.8937001925765,0.991583
2964.896015025866,0.9868115
2964.898329859152,0.9837531
2964.900644692441,0.991679
2964.9029595257275,0.9854448
2964.905274359016,0.99896026
2964.9075891923035,0.9884154
2964.9099040255915,0.9907849
2964.9122188588776,1.0035987
2964.914533692167,0.9948172
2964.9168485254536,0.9883833
2964.9191633587425,0.98668957
2964.9214781919604,0.9871744
2964.9237930250897,0.98891646
2964.9261078582203,1.001035
2964.9284226913496,0.9850859
2964.9307375244816,0.9809929
2964.9330523576114,0.9828969
2964.9353671907434,1.0052704
2964.937682023872,0.9898644
2964.939996857004,0.9861268
2964.9423116901335,0.99589324
2964.944626523265,0.9847949
2964.946941356394,0.99794066
2964.9492561895263,0.99225557
2964.9515710226583,0.9908717
2964.953885855787,0.9918077
2964.956200688919,0.9902321
2964.958515522049,0.9961182
2964.960830355181,0.98837876
2964.9631451882365,0.9962114
2964.9654600212098,0.98785794
2964.9677748541803,1.0010302
2964.9700896871536,0.9879684
2964.972404520124,0.9758214
2964.9747193530975,0.98480445
2964.9770341860676,0.99205756
2964.97934901904,0.99244636
2964.981663852013,0.9827408
2964.9839786849843,0.9860289
2964.9862935179576,0.99548125
2964.988608350928,0.99665654
2964.9909231839015,0.9909878
2964.9932380168716,0.9922723
2964.995552849844,0.98691237
2964.9978676828155,0.9998973
2965.0001825157888,0.9910353
2965.002497348758,0.99595344
2965.004812181659,1.0035299
2965.0071270144686,0.98918843
2965.009441847282,0.99287957
2965.011756680093,0.98943
2965.0140715129055,0.9882476
2965.0163863457183,0.9940893
2965.0187011785274,0.986538
2965.0210160113406,0.9863696
2965.023330844151,0.99034566
2965.025645676964,0.9917721
2965.0279605097744,0.99470776
2965.0302753425876,1.0010633
2965.0325901753963,0.9924178
2965.0349050082095,0.99568564
2965.037219841021,0.9831204
2965.0395346738333,0.9926828
2965.041849506645,0.9815309
2965.0441643394565,1.0012366
2965.046479172196,0.9944136
2965.0487940048433,0.9919539
2965.051108837495,0.9971954
2965.0534236701446,0.9951918
2965.055738502795,0.9933774
2965.0580533354437,0.9849347
2965.060368168095,1.0001719
2965.0626830007436,0.995626
2965.0649978333954,0.99353087
2965.067312666044,0.99401534
2965.069627498696,1.0099646
2965.071942331345,1.004115
2965.0742571639944,0.9824415
2965.076571996646,0.9784093
2965.078886829295,0.99212205
2965.0812016619466,0.9872992
2965.083516494595,0.9889298
2965.0858313272465,0.9894949
2965.08814615982,0.9943009
2965.0904609923086,0.99976015
2965.0927758247944,0.98426634
2965.0950906572834,0.9939335
2965.097405489769,0.9873268
2965.0997203222573,0.9817889
2965.1020351547445,0.9877027
2965.104349987232,0.9905979
2965.106664819719,0.99564356
2965.108979652206,0.99428767
2965.1112944846946,0.9910636
2965.11360931718,0.982785
2965.115924149669,0.9994572
2965.1182389821547,0.99030346
2965.1205538146432,0.9976475
2965.122868647129,0.9826948
2965.1251834796167,0.9920828
2965.1274983121025,0.9960228
2965.1298131445164,0.98914665
2965.1321279768404,1.0021765
2965.1344428091634,0.98109114
2965.136757641486,0.98938644
2965.1390724738094,1.0022942
2965.1413873061333,0.9946402
2965.1437021384563,0.99406713
2965.1460169707802,0.996652
2965.148331803102,0.99344754
2965.1506466354267,0.98528147
2965.1529614677484,0.98822135
2965.155276300073,0.9933938
2965.1575911323953,0.99422
2965.1599059647197,1.002975
2965.1622207970427,0.9795572
2965.164535629365,0.98928154
2965.166850461688,0.98010945
2965.1691652940117,0.9986796
2965.1714801262615,0.98264295
2965.1737949584185,0.98689646
2965.1761097905783,0.9966663
2965.178424622734,0.9937953
2965.1807394548937,1.0002313
2965.1830542870507,0.9891655
2965.1853691192105,0.9881931
2965.1876839513684,0.9713174
2965.189998783527,0.9947789
2965.1923136156843,0.99544156
2965.194628447842,0.9840079
2965.196943280001,0.9954187
2965.199258112159,0.98529625
2965.2015729443187,0.98978496
2965.2038877764753,0.9954156
2965.2062026086355,0.98928595
2965.208517440792,0.9992759
2965.210832272951,0.9864993
2965.2131471050334,0.9982418
2965.2154619370262,0.99684674
2965.217776769019,0.9873921
2965.2200916010106,0.9840234
2965.2224064330026,0.9948599
2965.2247212649954,0.9736236
2965.2270360969874,0.9884281
2965.2293509289802,0.99560565
2965.231665760973,0.9989153
2965.2339805929637,0.9859543
2965.2362954249575,0.9856194
2965.2386102569485,0.99544376
2965.2409250889423,1.0029857
2965.243239920933,0.9947408
2965.245554752927,0.992687
2965.2478695849186,0.9932066
2965.2501844169105,0.98461664
2965.2524992489034,0.9962151
2965.2548140808194,1.0013766
2965.2571289126445,0.9842332
2965.2594437444704,1.0015489
2965.2617585762955,0.9891684
2965.2640734081215,0.9909348
2965.2663882399474,0.98756844
2965.268703071772,0.9942606
2965.271017903599,0.9848836
2965.2733327354226,0.99861705
2965.2756475672495,0.99680644
2965.277962399074,0.9890418
2965.280277230901,0.9858329
2965.282592062726,0.9918575
2965.2849068945507,0.97781694
2965.2872217263766,0.99874145
2965.289536558202,0.9973922
2965.291851390028,0.990286
2965.294166221853,0.9951567
2965.2964810536037,0.9922465
2965.29879588526,1.0040324
2965.3011107169186,0.97873336
2965.303425548576,0.9923897
2965.3057403802345,0.9917391
2965.3080552118913,1.002881
2965.3103700435504,0.9866226
2965.3126848752077,0.9966335
2965.3149997068663,0.99007577
2965.3173145385235,0.99966574
2965.319629370182,0.9966914
2965.32194420184,1.0085967
2965.3242590334967,1.0047418
2965.3265738651567,0.9892281
2965.328888696813,1.0084635
2965.331203528472,0.98447603
2965.333518360129,1.0083368
2965.3358331917884,0.9927174
2965.338148023367,0.99088854
2965.340462854858,0.992296
2965.3427776863473,0.99270725
2965.345092517837,0.9998723
2965.3474073493276,1.0031906
2965.3497221808166,0.99231124
2965.3520370123056,0.98682916
2965.3543518437946,1.0002447
2965.356666675286,0.99547964
2965.358981506774,0.99639827
2965.361296338265,0.9937095
2965.363611169753,0.9684015
2965.3659260012446,0.9906659
2965.368240832732,0.9794379
2965.3705556642226,0.993727
2965.3728704957125,0.9966062
2965.375185327202,0.99220043
2965.377500158692,1.0050159
2965.3798149901036,0.99388456
2965.382129821424,0.9974413
2965.384444652745,0.998015
2965.3867594840654,0.9870262
2965.3890743153866,0.9844879
2965.3913891467078,1.0043699
2965.3937039780267,0.98097134
2965.396018809349,0.99447685
2965.398333640668,1.0017464
2965.4006484719903,0.9973398
2965.40296330331,0.990323
2965.4052781346313,0.98741114
2965.407592965951,0.9994354
2965.4099077972714,0.9968127
2965.4122226285926,0.9967459
2965.414537459913,0.9982558
2965.416852291234,0.99780065
2965.419167122554,0.9929086
2965.421481953799,0.9977953
2965.4237967849485,1.0072544
2965.4261116161,1.002103
2965.4284264472494,1.0007648
2965.4307412784024,0.9984822
2965.433056109554,0.9895857
2965.435370940704,1.0035248
2965.437685771855,1.0018257
2965.4400006030064,0.9893067
2965.4423154341566,0.99688685
2965.444630265307,1.0135099
2965.4469450964584,0.9949127
2965.449259927609,0.99284065
2965.4515747587616,1.0044715
2965.4538895899113,0.9944587
2965.456204421064,1.0001231
2965.458519252213,0.99698424
2965.4608340833647,0.99270725
2965.463148914439,0.99548405
2965.4654637454196,0.9842922
2965.4677785764006,1.000067
2965.4700934073812,0.984008
2965.4724082383614,0.99135673
2965.474723069343,0.99482936
2965.4770379003235,0.9889883
2965.479352731305,0.9906977
2965.481667562287,0.9914591
2965.4839823932653,0.99935675
2965.486297224248,0.98659986
2965.4886120552273,0.99548644
2965.4909268862098,0.99768984
2965.4932417171904,1.0008935
2965.4955565481714,0.98744786
2965.497871379152,0.9975621
2965.500186210132,0.9905243
2965.5025010411136,1.0030961
2965.5048158720165,0.98274237
2965.507130702827,0.98949605
2965.509445533637,0.99370027
2965.511760364449,0.99323803
2965.5140751952563,0.9835803
2965.516390026068,0.98119515
2965.518704856878,1.0018088
2965.5210196876887,1.0045755
2965.5233345184997,0.98851234
2965.5256493493093,0.9982214
2965.527964180119,1.0003453
2965.5302790109286,1.0021785
2965.5325938417395,1.0023624
2965.5349086725505,1.004022
2965.53722350336,0.99390393
2965.5395383341697,0.99318385
2965.5418531649793,1.0009556
2965.5441679957903,1.0009639
2965.546482826524,0.9966038
2965.5487976571617,0.99262714
2965.5511124878026,0.99905044
2965.5534273184408,0.98751277
2965.55574214908,0.9942276
2965.5580569797185,0.99198794
2965.560371810358,0.9867133
2965.562686640997,1.0013814
2965.5650014716366,0.9906441
2965.567316302275,0.9983497
2965.569631132914,0.9925976
2965.5719459635534,1.0003799
2965.574260794192,0.99781275
2965.576575624833,1.006657
2965.57889045547,0.99926203
2965.581205286111,1.0027635
2965.583520116749,1.0051502
2965.5858349473892,1.0025809
2965.58814977795,0.9953755
2965.5904646084173,0.996928
2965.592779438885,0.99701524
2965.595094269352,0.9909818
2965.5974090998197,1.0053238
2965.599723930288,0.9975892
2965.602038760755,0.9993572
2965.604353591223,0.98645055
2965.6066684216908,0.9899453
2965.6089832521575,0.99573344
2965.6112980826265,0.9870722
2965.6136129130928,1.0003031
2965.6159277435618,1.0032753
2965.618242574029,0.9979887
2965.620557404497,0.9906268
2965.6228722349642,0.9964406
2965.6251870654314,0.9947348
2965.6275018958995,1.0048466
2965.6298167262885,0.9784559
2965.6321315565833,1.0069083
2965.63444638688,0.9991379
2965.636761217177,0.9992566
2965.6390760474715,0.99517375
2965.6413908777686,0.9978111
2965.643705708062,0.99211514
2965.646020538359,0.99844074
2965.6483353686544,1.0056648
2965.6506501989506,0.9917139
2965.6529650292464,0.9913667
2965.6552798595426,1.0058479
2965.657594689838,1.0038778
2965.6599095201327,0.9946936
2965.6622243504294,0.9910762
2965.6645391807247,1.0068178
2965.666854011021,0.98919785
2965.669168841316,0.994248
2965.671483671535,0.982914
2965.6737985016566,1.0042325
2965.676113331781,0.98569447
2965.678428161905,1.0148298
2965.680742992028,0.9876007
2965.6830578221525,0.99495757
2965.685372652275,0.99775815
2965.6876874823984,0.99484557
2965.690002312522,0.9860928
2965.6923171426456,0.99893975
2965.6946319727695,0.9946874
2965.696946802893,0.9949932
2965.6992616330153,0.99829286
2965.7015764631406,0.9981968
2965.7038912932626,0.9933727
2965.706206123388,0.9924374
2965.7085209535107,1.0019407
2965.710835783635,1.0008676
2965.713150613679,0.9987577
2965.7154654436295,0.9966102
2965.7177802735814,1.0034684
2965.720095103532,0.99973345
2965.7224099334826,0.99256533
2965.7247247634336,1.0001947
2965.7270395933842,1.000579
2965.729354423335,0.9969002
2965.7316692532872,0.99449295
2965.733984083237,0.9963591
2965.73629891319,0.9918757
2965.738613743139,0.9992421
2965.7409285730914,0.99482244
2965.743243403042,1.002197
2965.7455582329935,0.99754214
2965.747873062944,1.0097226
2965.7501878928947,0.9913744
2965.7525027228457,0.99136555
2965.7548175527177,1.0003666
2965.7571323824955,0.99919313
2965.7594472122746,1.0076168
2965.761762042054,0.99452615
2965.7640768718306,1.0022032
2965.7663917016093,1.0032159
2965.768706531386,0.9991925
2965.771021361166,0.99317306
2965.7733361909445,0.9888825
2965.7756510207223,1.0185068
2965.7779658504996,0.9867427
2965.780280680279,0.99569136
2965.7825955100566,1.0032657
2965.7849103398353,0.99879384
2965.787225169613,1.0001223
2965.789539999391,1.0126256
2965.7918548291705,0.9864194
2965.794169658947,0.9912747
2965.796484488648,0.9892156
2965.7987993182514,0.99985147
2965.8011141478582,0.99132025
2965.803428977463,1.00603
2965.8057438070673,0.9937099
2965.8080586366723,0.9926538
2965.8103734662777,1.0060384
2965.8126882958836,1.0047628
2965.815003125488,0.9993294
2965.8173179550927,0.9968637
2965.819632784697,0.9914447
2965.821947614303,0.9945451
2965.8242624439076,0.99931574
2965.8265772735144,0.9921291
2965.8288921031185,0.99307674
2965.831206932725,1.0134879
2965.8335217623285,0.9937946
2965.835836591934,0.99124074
2965.8381514214607,0.99445784
2965.8404662508924,0.991433
2965.8427810803246,0.9900672
2965.845095909756,0.9918006
2965.847410739187,0.990585
2965.8497255686198,0.9940807
2965.852040398051,0.99419
2965.8543552274837,0.99677527
2965.856670056916,0.99521303
2965.858984886346,0.99830115
2965.8612997157793,0.9874042
2965.86361454521,0.99475217
2965.865929374643,0.99514776
2965.868244204075,0.99235487
2965.870559033507,0.99645466
2965.8728738629384,1.0051475
2965.8751886923696,0.9937241
2965.8775035218023,1.0001993
2965.8798183511544,1.0002948
2965.8821331804133,0.9915875
2965.884448009671,0.9913431
2965.886762838931,0.9889017
2965.889077668187,0.99552387
2965.8913924974468,0.9901674
2965.893707326704,0.9912946
2965.8960221559637,1.0084207
2965.8983369852226,0.99401766
2965.90065181448,0.99598414
2965.902966643738,0.99239093
2965.905281472997,0.98990464
2965.907596302255,0.9867082
2965.9099111315127,0.9921279
2965.9122259607716,0.99983233
2965.9145407900296,0.99752086
2965.9168556192894,0.99013585
2965.9191704485465,0.9955915
2965.9214852777272,0.9913771
2965.92380010681,0.9966604
2965.9261149358954,0.9973591
2965.928429764979,0.99849105
2965.930744594065,0.9819147
2965.93305942315,1.0059727
2965.935374252235,1.0020542
2965.9376890813187,0.9865538
2965.940003910404,0.9838698
2965.942318739488,0.9910217
2965.9446335685734,0.9930952
2965.9469483976577,0.9962145
2965.9492632267416,0.99040186
2965.951578055828,1.0088849
2965.953892884911,0.98823303
2965.956207713997,0.9905513
2965.9585225430806,0.98237884
2965.960837372167,1.0006348
2965.963152201172,0.9904231
2965.965467030082,0.9852203
2965.9677818589935,0.9916143
2965.970096687904,0.993004
2965.9724115168156,1.0016614
2965.974726345726,1.0040163
2965.977041174636,1.000348
2965.9793560035464,0.99908423
2965.981670832459,1.0047156
2965.9839856613694,1.0034666
2965.986300490281,0.9913975
2965.98861531919,0.9991208
2965.9909301481025,0.99452186
2965.9932449770126,0.9816604
2965.995559805923,0.99367833
2965.9978746348347,1.0019583
2966.0001894637453,0.98748416
2966.002504292657,0.9907426
2966.0048191214873,0.9964407
2966.0071339502238,1.0006664
2966.0094487789615,1.0031326
2966.011763607699,1.0018125
2966.0140784364353,1.0033344
2966.0163932651726,0.9834852
2966.018708093908,0.99514556
2966.0210229226464,1.0058599
2966.023337751382,0.98724186
2966.0256525801205,0.98842365
2966.027967408857,0.98135394
2966.0302822375943,0.9898871
2966.0325970663303,0.9954642
2966.034911895067,1.0130048
2966.0372267238045,0.9942391
2966.039541552541,0.98837614
2966.041856381279,0.9992858
2966.0441712100146,0.9975134
2966.0464860386737,1.004817
2966.048800867235,0.9980145
2966.051115695798,1.0047008
2966.053430524361,0.9893145
2966.055745352924,0.9771422
2966.0580601814877,1.0089967
2966.0603750100495,0.9916855
2966.0626898386117,0.99279284
2966.0650046671753,0.996232
2966.0673194957376,0.9903638
2966.0696343243,0.99815917
2966.0719491528644,0.9977236
2966.0742639814252,0.9995172
2966.0765788099898,0.9994762
2966.078893638551,0.98642856
2966.0812084671156,0.99245113
2966.0835232956765,0.9923975
2966.08583812424,0.99482125
2966.088152952723,0.991269
2966.0904677811122,0.9934997
2966.0927826095012,0.99433863
2966.0950974378893,0.9942801
2966.0974122662774,0.9785653
2966.0997270946664,0.991587
2966.1020419230545,0.9935615
2966.104356751444,0.9884114
2966.106671579833,0.97411966
2966.1089864082196,1.00733
2966.1113012366104,0.9962658
2966.113616064997,0.99743146
2966.115930893387,0.9948733
2966.118245721774,1.003515
2966.1205605501646,0.99649346
2966.1228753785526,1.0000199
2966.1251902069403,0.988377
2966.1275050353297,1.0024449
2966.129819863638,0.99583447
2966.132134691853,0.9946016
2966.134449520067,0.9893288
2966.1367643482827,0.9888681
2966.1390791764943,0.99533826
2966.14139400471,0.9861905
2966.143708832924,1.0048598
2966.1460236611388,0.9949317
2966.1483384893513,0.9880875
2966.1506533175675,0.9956298
2966.15296814578,0.994002
2966.155282973995,0.998749
2966.1575978022097,0.98211795
2966.1599126304245,0.9873511
2966.1622274586384,0.9920436
2966.164542286852,0.98666614
2966.1668571150676,0.99112946
2966.1691719432806,0.9926057
2966.1714867714163,0.99986535
2966.1738015994556,0.98822373
2966.176116427497,1.0022537
2966.178431255534,0.9878793
2966.1807460835757,0.9965672
2966.183060911614,0.9949655
2966.1853757396557,0.9931289
2966.187690567695,0.9853865
2966.1900053957356,0.99180245
2966.1923202237745,0.9959648
2966.194635051814,0.9933583
2966.1969498798553,0.9819786
2966.199264707894,0.9797565
2966.2015795359353,0.99117637
2966.2038943639736,0.98350614
2966.2062091920147,0.98736316
2966.2085240200536,0.9916257
2966.2108388480938,0.9967331
2966.213153676054,0.9962436
2966.21546850392,0.9974681
2966.2177833317837,0.9968358
2966.22009815965,0.99995273
2966.2224129875153,0.99522763
2966.2247278153814,1.0005119
2966.2270426432465,0.98615074
2966.2293574711125,0.99822533
2966.2316722989785,1.0010896
2966.233987126842,1.0062875
2966.236301954709,0.9972806
2966.238616782573,1.012335
2966.24093161044,0.9889656
2966.2432464383037,1.0037073
2966.245561266171,0.99410623
2966.2478760940344,0.9930403
2966.2501909219004,0.9908955
2966.2525057497664,0.99230164
2966.254820577552,0.9986691
2966.257135405242,0.9902811
2966.2594502329334,0.98961985
2966.2617650606257,0.98928326
2966.2640798883153,0.98600084
2966.2663947160077,0.9895829
2966.268709543696,0.9948337
2966.2710243713886,0.9985978
2966.273339199078,0.9917161
2966.27565402677,0.99350524
2966.2779688544597,0.99329436
2966.280283682152,0.99444234
2966.282598509841,1.0142715
2966.2849133375325,0.9936827
2966.287228165224,0.9949474
2966.289542992915,0.9886698
2966.291857820607,0.9979145
2966.294172648297,0.99906695
2966.2964874759095,0.9997075
2966.298802303424,1.0043049
2966.301117130941,0.98950326
2966.3034319584567,0.9896213
2966.3057467859735,0.98625714
2966.308061613488,0.99449617
2966.310376441006,0.99642736
2966.3126912685207,0.98754275
2966.315006096039,1.0062475
2966.3173209235547,0.989264
2966.3196357510715,0.999158
2966.3219505785883,1.0009693
2966.3242654061028,0.98853815
2966.3265802336205,1.0014427
2966.3288950611354,1.0077544
2966.331209888653,0.99806666
2966.333524716168,0.9887417
2966.335839543686,0.99066395
2966.3381543711203,0.99632543
2966.3404691984633,1.0047498
2966.3427840258037,0.98080415
2966.3450988531467,1.0011077
2966.3474136804866,0.99253404
2966.34972850783,1.0068222
2966.352043335171,0.9964726
2966.354358162512,0.9959093
2966.3566729898553,0.9976156
2966.3589878171956,1.0032117
2966.3613026445387,0.9943783
2966.3636174718786,0.99204654
2966.365932299222,0.99745005
2966.3682471265624,0.9913521
2966.3705619539046,1.0028418
2966.372876781246,0.99211305
2966.375191608588,0.99645954
2966.377506435928,0.99290097
2966.3798212631914,1.0006313
2966.382136090357,0.9934574
2966.3844509175256,1.0002458
2966.386765744694,0.98535883
2966.3890805718597,1.0023402
2966.391395399027,0.9896029
2966.3937102261925,1.003172
2966.396025053361,0.99479556
2966.3983398805267,0.9824164
2966.400654707695,1.0094773
2966.4029695348604,0.9964708
2966.405284362029,1.0027621
2966.4075991891946,0.995738
2966.409914016362,0.99548733
2966.4122288435274,0.99059033
2966.4145436706963,0.9954065
2966.4168584978647,0.98830324
2966.41917332503,0.99424064
2966.4214881521184,0.9848572
2966.4238029791095,0.9910415
2966.4261178061033,0.9966227
2966.428432633093,1.0012872
2966.430747460087,0.99243796
2966.4330622870775,0.9915435
2966.4353771140713,0.9958031
2966.4376919410624,0.9969958
2966.4400067680563,0.9953588
2966.442321595047,0.9980009
2966.44463642204,0.9895278
2966.4469512490323,1.0011457
2966.4492660760243,1.0159631
2966.451580903018,0.99961746
2966.453895730009,0.99334544
2966.456210557003,0.9950089
2966.458525383993,1.0118575
2966.460840210986,0.9988727
2966.4631550378986,0.9870345
2966.4654698647164,0.9840692
2966.4677846915324,0.99355906
2966.470099518352,0.9993747
2966.4724143451676,0.9886256
2966.474729171987,0.98763704
2966.4770439988038,0.99144566
2966.479358825622,0.9940736
2966.481673652439,0.9857977
2966.483988479256,1.0045981
2966.486303306075,0.9988848
2966.488618132891,0.9865673
2966.4909329597103,0.9936244
2966.4932477865264,0.9980276
2966.4955626133456,0.9996448
2966.49787744016,0.9882024
2966.5001922669794,0.9928492
2966.502507093796,0.992875
2966.504821920535,0.9921568
2966.507136747176,0.9942286
2966.509451573821,0.98339796
2966.511766400463,0.998628
2966.514081227105,0.9958513
2966.5163960537498,0.9994042
2966.518710880391,0.9948567
2966.5210257070353,0.998516
2966.5233405336767,1.0041898
2966.525655360321,0.98822296
2966.527970186962,0.9982408
2966.5302850136063,0.99289906
2966.532599840248,0.9903056
2966.5349146668914,0.9904335
2966.5372294935323,1.0042112
2966.539544320177,1.0000776
2966.541859146819,0.9861075
2966.5441739734624,0.9927593
2966.546488800025,0.9870721
2966.5488036264937,0.99429053
2966.551118452962,1.0117064
2966.553433279429,0.9943311
2966.5557481058986,0.9936622
2966.5580629323654,0.9916605
2966.560377758835,1.0094374
2966.562692585301,0.9894786
2966.5650074117707,0.9954653
2966.5673222382375,0.97911537
2966.569637064707,0.9952177
2966.5719518911746,0.9982019
2966.5742667176423,1.001765
2966.5765815441105,0.97926855
2966.578896370578,0.9854097
2966.581211197046,0.9857993
2966.5835260235144,0.9890443
2966.585840849984,1.0008792
2966.5881556763698,0.99502915
2966.590470502664,1.0045543
2966.5927853289563,0.99552166
2966.595100155251,0.99824685
2966.597414981543,0.98485214
2966.599729807838,0.99057454
2966.602044634131,0.9821841
2966.604359460423,1.0013831
2966.606674286717,0.99415064
2966.608989113011,0.9966569
2966.611303939304,0.9911208
2966.6136187655966,0.99049765
2966.615933591889,0.9901578
2966.618248418183,1.010597
2966.6205632444767,0.99517196
2966.6228780707697,0.9807853
2966.6251928970646,0.9938014
2966.627507723355,0.99984336
2966.6298225495702,0.9909514
2966.6321373756873,0.98712844
2966.6344522018076,0.9947385
2966.6367670279255,0.98418623
2966.639081854045,1.0029973
2966.641396680163,0.9967604
2966.6437115062804,0.9873973
2966.6460263323997,0.985505
2966.6483411585177,0.9953884
2966.6506559846366,0.9983455
2966.652970810755,0.99189895
2966.655285636875,0.9900584
2966.6576004629906,0.9984807
2966.659915289111,0.99981093
2966.662230115229,0.98706573
2966.664544941348,1.0073807
2966.666859767467,1.007944
2966.6691745935846,0.9908781
2966.6714894196234,1.0051428
2966.6738042455668,0.99701595
2966.676119071511,0.9895571
2966.6784338974553,0.9928925
2966.6807487233987,0.9869134
2966.6830635493416,1.0085682
2966.6853783752867,0.9895724
2966.687693201229,1.0079981
2966.6900080271744,0.9931502
2966.692322853117,0.9996666
2966.694637679062,0.98182374
2966.696952505005,1.0036792
2966.6992673309483,0.99853516
2966.7015821568925,0.99844646
2966.703896982836,1.0018426
2966.7062118087792,0.99723816
2966.708526634723,1.0042863
2966.7108414606664,0.9988173
2966.71315628653,1.00055
2966.7154711123,1.0011572
2966.7177859380686,0.98036337
2966.720100763839,1.0052787
2966.722415589606,1.0074481
2966.7247304153766,0.99637437
2966.7270452411453,1.0000787
2966.729360066915,0.9966983
2966.7316748926833,0.99281675
2966.733989718452,1.0005287
2966.736304544221,0.9877625
2966.7386193699895,1.0093384
2966.740934195759,1.0121378
2966.743249021528,1.006523
2966.7455638472966,0.9897945
2966.7478786730653,0.9921665
2966.750193498834,0.99701613
2966.752508324603,0.98445314
2966.7548231502933,0.99167126
2966.7571379758883,1.0007522
2966.759452801482,0.99155515
2966.7617676270756,1.0057423
2966.76408245267,0.98328495
2966.7663972782643,1.0122466
2966.768712103859,0.99462503
2966.7710269294525,1.0094578
2966.7733417550467,0.9895774
2966.77565658064,1.0081557
2966.777971406235,0.9953543
2966.7802862318285,1.0019709
2966.7826010574236,0.979054
2966.784915883017,0.9892645
2966.7872307086104,0.9935717
2966.7895455342064,0.9955846
2966.7918603598,0.98745555
2966.794175185395,0.9805453
2966.79649001091,0.99974895
2966.798804836329,1.0014399
2966.8011196617476,0.9918729
2966.8034344871667,1.0036197
2966.805749312587,0.97240365
2966.808064138006,1.0097991
2966.810378963426,0.9910227
2966.812693788845,0.98572975
2966.8150086142637,1.0063487
2966.8173234396836,0.9864985
2966.8196382651026,1.0018433
2966.8219530905235,1.0091425
2966.824267915943,0.9963951
2966.826582741363,1.0083951
2966.8288975667815,0.9946397
2966.8312123922005,0.9992775
2966.8335272176205,1.0096914
2966.8358420430395,0.9992275
2966.83815686838,0.98978716
2966.840471693624,1.0063221
2966.8427865188683,0.9999948
2966.8451013441127,1.0011382
2966.847416169358,0.99788505
2966.8497309946033,0.99702233
2966.8520458198486,0.99462354
2966.854360645091,0.99672157
2966.8566754703374,0.99521214
2966.858990295582,0.9987263
2966.861305120827,0.9938328
2966.8636199460716,0.9879217
2966.865934771317,1.0052607
2966.868249596561,0.9952605
2966.870564421805,0.9964159
2966.87287924705,0.9923956
2966.8751940722946,0.992616
2966.877508897539,0.9806813
2966.8798237227043,1.0128994
2966.882138547776,1.006756
2966.8844533728434,0.99939877
2966.886768197915,0.9959804
2966.8890830229834,1.0027853
2966.891397848055,0.99601257
2966.893712673124,0.9875729
2966.8960274981946,1.0000714
2966.8983423232644,0.991892
2966.9006571483346,0.99268806
2966.9029719734044,0.996202
2966.905286798474,1.005643
2966.907601623544,0.9918127
2966.909916448614,0.99570304
2966.912231273683,0.99547225
2966.914546098754,1.0022427
2966.9168609238254,0.9965871
2966.9191757488934,0.99130195
2966.9214905738845,0.98850626
2966.9238053987783,0.9992842
2966.9261202236753,0.9953325
2966.928435048571,1.0004673
2966.9307498734656,0.99565905
2966.9330646983603,1.0015213
2966.935379523256,1.0004324
2966.937694348151,1.0015454
2966.9400091730467,0.9909636
2966.9423239979415,0.9971108
2966.9446388228366,0.9981536
2966.946953647733,0.9932642
2966.949268472627,0.99711335
2966.9515832975235,1.0152407
2966.9538981224173,0.99699265
2966.9562129473143,0.9991395
2966.9585277722067,0.99979764
2966.9608425971037,0.99656945
2966.963157421919,0.9960697
2966.96547224664,0.99633205
2966.96778707136,1.004024
2966.9701018960814,0.99385405
2966.972416720801,1.0094562
2966.974731545521,0.9987563
2966.977046370243,0.9859105
2966.979361194962,1.0086136
2966.9816760196845,0.997567
2966.9839908444037,0.99557984
2966.9863056691256,1.0055468
2966.9886204938443,1.0051938
2966.9909353185653,0.9950966
2966.993250143286,0.99560064
2966.995564968007,0.99883914
2966.997879792728,0.9993581
2967.0001946174475,0.98818076
2967.002509442168,1.0004829
2967.0048242668095,1.0075467
2967.007139091356,0.9965709
2967.0094539159013,1.0004457
2967.0117687404477,0.99973017
2967.014083564992,0.99086314
2967.016398389539,0.9971762
2967.0187132140836,0.98698545
2967.021028038631,0.98712766
2967.0233428631755,1.0011144
2967.0256576877227,0.998319
2967.027972512266,0.9973295
2967.030287336813,1.0016108
2967.0326021613596,0.9940505
2967.034916985905,1.0052288
2967.0372318104523,0.9958344
2967.039546634997,0.9952936
2967.0418614595446,0.99512124
2967.044176284088,0.99782443
2967.0464911085555,1.000943
2967.0488059329255,0.98977077
2967.051120757298,1.0043
2967.053435581667,1.0022533
2967.05575040604,0.98715615
2967.0580652304097,1.0071915
2967.0603800547824,1.0015287
2967.0626948791523,0.98803645
2967.0650097035236,0.9955788
2967.0673245278954,1.0149993
2967.069639352266,0.9830794
2967.071954176639,0.9949352
2967.074269001009,0.9878154
2967.0765838253815,1.0064908
2967.078898649751,1.0035118
2967.0812134741227,0.9923741
2967.083528298492,0.99992466
2967.085843122865,0.9945648
2967.088157947155,1.0039095
2967.0904727713532,1.0012851
2967.092787595548,0.9947391
2967.095102419746,1.0049582
2967.0974172439414,0.9907347
2967.0997320681395,0.98766434
2967.102046892336,0.99800587
2967.104361716531,0.9902072
2967.1066765407295,0.99916285
2967.1089913649243,1.0024296
2967.1113061891224,1.0004975
2967.1136210133177,0.99011403
2967.1159358375153,0.99948347
2967.118250661709,0.99788755
2967.1205654859073,0.98432773
2967.1228803101026,0.9946926
2967.1251951343006,1.0017084
2967.127509958496,0.9951472
2967.129824782614,0.9830754
2967.132139606635,1.006724
2967.1344544306567,0.9865529
2967.13676925468,0.98361105
2967.1390840787003,0.99522233
2967.1413989027237,1.0027778
2967.143713726744,0.99841106
2967.146028550768,0.9874708
2967.148343374788,0.99656904
2967.15065819881,0.9920817
2967.1529730228317,0.99590665
2967.155287846854,0.98871857
2967.1576026708744,0.9942759
2967.1599174948974,0.9890105
2967.162232318919,0.9921418
2967.1645471429415,0.9919578
2967.166861966963,0.99645746
2967.1691767909856,1.0035654
2967.171491614928,1.0026665
2967.1738064387737,0.99142575
2967.1761212626225,0.97475636
2967.1784360864685,0.9871215
2967.180750910317,1.0027547
2967.1830657341625,0.99520653
2967.1853805580117,0.9939311
2967.1876953818564,0.99899757
2967.1900102057048,0.9836661
2967.192325029551,0.9894889
2967.1946398533996,0.99157554
2967.1969546772475,0.9939794
2967.1992695010936,0.9979489
2967.2015843249405,0.9824797
2967.2038991487884,1.0048269
2967.2062139726354,0.99419564
2967.208528796482,0.98575234
2967.2108436203307,0.9983146
2967.2131584440967,1.0042297
2967.215473267771,0.994328
2967.217788091442,0.99837583
2967.220102915116,1.001471
2967.2224177387875,0.9934095
2967.2247325624603,0.9924734
2967.227047386133,0.984658
2967.2293622098055,0.99083513
2967.2316770334787,0.9798658
2967.233991857151,0.9966765
2967.2363066808225,0.99170977
2967.2386215044958,0.99180144
2967.240936328168,0.98844326
2967.243251151841,0.9975189
2967.245565975514,0.98769015
2967.2478807991856,0.9986602
2967.25019562286,1.0003355
2967.2525104465303,0.9847914
2967.254825270125,0.9901166
2967.2571400936226,1.0010681
2967.2594549171213,1.0012199
2967.261769740619,0.98412293
2967.264084564116,0.98809177
2967.2663993876145,0.99952507
2967.268714211112,0.99673176
2967.271029034611,0.9898889
2967.2733438581085,0.9987198
2967.2756586816054,0.9819534
2967.277973505103,1.001916
2967.2802883286026,0.9916991
2967.2826031521004,0.9875863
2967.2849179755985,0.99991876
2967.287232799097,0.9899866
2967.289547622595,0.99334687
2967.291862446092,0.99748206
2967.2941772695895,0.9860043
2967.2964920930085,0.9955438
2967.2988069163325,0.9844139
2967.3011217396556,0.9881042
2967.3034365629783,0.9952103
2967.3057513863014,0.9864617
2967.3080662096254,1.001221
2967.310381032948,0.9938003
2967.312695856272,0.99123615
2967.315010679596,0.99855745
2967.31732550292,0.9988403
2967.3196403262427,0.994982
2967.321955149566,0.98465014
2967.3242699728894,0.98932755
2967.3265847962125,0.99912375
2967.3288996195365,0.991372
2967.331214442859,0.99074036
2967.3335292661823,0.999539
2967.3358440895063,0.9985775
2967.33815891275,1.0077919
2967.3404737358987,0.9869032
2967.3427885590468,0.98618555
2967.3451033821952,0.99467576
2967.3474182053437,1.01367
2967.349733028493,0.9806061
2967.3520478516434,0.9907346
2967.354362674792,0.98419255
2967.3566774979413,0.9924651
2967.3589923210893,0.9748099
2967.361307144238,1.008729
2967.363621967387,0.98980147
2967.3659367905357,0.9985754
2967.3682516136846,0.99319065
2967.3705664368326,1.0004549
2967.372881259981,0.98742986
2967.3751960831305,0.99415356
2967.377510906279,0.98786545
2967.379825729348,0.99845445
2967.3821405523236,0.9981905
2967.384455375296,1.0095209
2967.3867701982717,0.99856454
2967.3890850212456,1.0027723
2967.3913998442204,1.0001245
2967.393714667194,0.9979157
2967.3960294901676,0.9986664
2967.3983443131424,0.9919251
2967.4006591361162,0.9926754
2967.402973959091,0.9911243
2967.405288782065,1.0019057
2967.4076036050387,0.9830605
2967.4099184280135,1.0024062
2967.4122332509883,1.0097381
2967.414548073962,0.99614835
2967.416862896937,0.9844022
2967.41917771991,0.98578405
2967.421492542806,1.0018791
2967.4238073656047,0.9945183
2967.426122188405,0.9929913
2967.428437011204,0.9962149
2967.4307518340042,1.0004793
2967.433066656804,0.98576665
2967.4353814796027,1.0025475
2967.437696302403,1.0041858
2967.440011125202,0.9975098
2967.442325948003,0.9991299
2967.4446407708015,1.0039809
2967.4469555936025,0.990773
2967.4492704164,1.0093782
2967.451585239201,1.0019147
2967.4539000619993,1.0012759
2967.4562148848004,0.99544305
2967.4585297075987,0.9901772
2967.4608445303998,0.9946663
2967.4631593531194,0.9856191
2967.465474175744,0.9992444
2967.4677889983695,0.9906417
2967.4701038209946,0.990496
2967.47241864362,0.9989265
2967.4747334662443,0.9986866
2967.4770482888716,0.9887838
2967.479363111495,0.9984969
2967.4816779341204,0.9927345
2967.483992756745,0.996767
2967.486307579371,0.99039704
2967.4886224019942,1.0009258
2967.4909372246207,0.9916492
2967.493252047245,1.0030153
2967.4955668698713,1.004959
2967.497881692496,0.98465437
2967.5001965151214,1.0011262
2967.502511337746,0.98125255
2967.504826160291,0.9855137
2967.5071409827433,0.97996473
2967.5094558051924,0.988039
2967.5117706276446,0.9881731
2967.5140854500933,0.9867704
2967.5164002725455,1.0044606
2967.5187150949937,0.99765337
2967.5210299174455,0.9934975
2967.523344739895,0.98213965
2967.525659562347,0.9964533
2967.527974384796,0.99009013
2967.5302892072477,0.9926326
2967.5326040296973,0.99068856
2967.534918852149,0.99225384
2967.5372336746004,0.9922693
2967.539548497049,0.99337167
2967.5418633195013,0.9982016
2967.5441781419504,0.9986145
2967.546492964323,0.9982667
2967.5488077865975,0.98947155
2967.551122608875,0.9969587
2967.553437431149,0.984965
2967.555752253426,1.0124772
2967.558067075701,0.99459535
2967.560381897978,0.9952812
2967.562696720253,0.997868
2967.56501154253,0.993467
2967.5673263648055,0.9942858
2967.569641187082,0.983373
2967.5719560093585,0.9990864
2967.5742708316343,0.9881444
2967.576585653911,0.98530227
2967.5789004761855,1.0012908
2967.581215298463,1.007157
2967.583530120737,0.98732835
2967.5858449430148,1.0037593
2967.58815976521,0.9915322
2967.590474587313,0.990363
2967.5927894094116,0.99232763
2967.5951042315146,1.0007879
2967.5974190536167,1.0018455
2967.599733875718,1.0011704
2967.60204869782,1.0037826
2967.6043635199208,0.9938525
2967.6066783420215,0.9977386
2967.6089931641227,0.9988178
2967.6113079862257,0.99941385
2967.613622808327,0.9946484
2967.6159376304286,0.9964029
2967.618252452529,1.0016629
2967.620567274632,1.0006614
2967.6228820967317,0.99925375
2967.625196918834,0.98932254
2967.6275117409346,1.0087153
2967.629826562958,1.0000954
2967.6321413848846,0.984105
2967.6344562068107,0.9923397
2967.6367710287373,0.99419016
2967.6390858506647,0.9976085
2967.6414006725913,1.0055807
2967.643715494519,0.9869042
2967.646030316447,0.9962507
2967.6483451383715,0.9899828
2967.6506599603,1.0052989
2967.6529747822256,0.9925656
2967.655289604154,0.9920652
2967.6576044260796,1.0068537
2967.659919248008,1.0052409
2967.662234069934,1.0022576
2967.6645488918607,1.0004207
2967.666863713788,0.998404
2967.6691785357148,1.0000049
2967.6714933575627,0.9912709
2967.673808179314,1.0135615
2967.676123001066,0.99802876
2967.678437822819,1.0051157
2967.680752644571,0.98518384
2967.683067466324,1.0086612
2967.685382288077,0.9971022
2967.6876971098277,1.0005372
2967.6900119315815,0.9898403
2967.6923267533334,1.0007756
2967.6946415750863,0.9887762
2967.6969563968382,0.9901654
2967.699271218591,0.98635983
2967.701586040343,1.0071166
2967.703900862095,0.99933475
2967.706215683848,0.9892901
2967.7085305056,0.9828138
2967.7108453273518,0.9976418
2967.7131601490246,0.9971777
2967.7154749706024,1.0011568
2967.7177897921806,1.0006677
2967.720104613759,0.9997432
2967.7224194353375,1.0071503
2967.724734256915,0.9931264
2967.7270490784917,0.98854214
2967.72936390007,1.0086688
2967.7316787216478,1.0070642
2967.733993543226,1.0005704
2967.7363083648033,0.99366266
2967.7386231863807,0.9946825
2967.740938007959,0.9926062
2967.7432528295362,1.0019352
2967.7455676511145,0.99593574
2967.7478824726923,0.9871637
2967.7501972942696,0.99327266
2967.7525121158474,0.99131674
2967.7548269373456,1.000766
2967.75714175875,1.0116746
2967.7594565801533,0.9888931
2967.761771401557,1.008229
2967.76408622296,0.99472857
2967.7664010443623,0.9791013
2967.768715865766,1.0021378
2967.771030687169,1.0074921
2967.7733455085727,1.0042018
2967.775660329976,1.0013494
2967.777975151378,1.0013242
2967.7802899727812,1.0015275
2967.782604794185,1.0034314
2967.784919615589,1.0187348
2967.7872344369925,1.007352
2967.7895492583943,0.9960144
2967.7918640797993,0.99542344
2967.7941789012007,1.0001025
2967.796493722525,1.001292
2967.7988085437546,1.0146251
2967.8011233649836,0.9984231
2967.803438186212,1.001524
2967.8057530074398,1.0021563
2967.8080678286683,0.99890023
2967.8103826498973,1.0055326
2967.812697471126,1.0024067
2967.8150122923553,0.9980506
2967.8173271135843,1.0031797
2967.8196419348114,0.9949693
2967.8219567560413,0.9941363
2967.824271577269,1.0026857
2967.826586398499,0.9975147
2967.8289012197265,0.9954568
2967.831216040957,0.9977637
2967.8335308621827,1.0076334
2967.835845683413,0.99743325
2967.8381605045624,0.9884343
2967.8404753256164,1.0096906
2967.842790146671,1.0052379
2967.845104967724,0.98189425
2967.8474197887804,0.98267734
2967.849734609833,0.99444723
2967.8520494308877,1.0036477
2967.854364251941,1.000822
2967.856679072996,1.0035559
2967.8589938940486,1.0056137
2967.861308715104,0.9995304
2967.863623536157,1.0002706
2967.8659383572126,1.0039804
2967.868253178265,1.0081956
2967.870567999321,1.0051922
2967.8728828203743,0.9851019
2967.875197641428,0.99979043
2967.8775124624826,0.9992609
2967.879827283457,1.0000912
2967.882142104338,0.9906147
2967.8844569252155,0.98935163
2967.8867717460957,1.0120697
2967.889086566974,0.9987937
2967.8914013878552,1.0028051
2967.893716208733,0.99140024
2967.8960310296143,1.0130857
2967.898345850492,0.9907979
2967.9006606713733,0.9948587
2967.9029754922512,1.0027171
2967.9052903131324,1.0159369
2967.9076051340107,1.0016975
2967.9099199548905,0.994503
2967.9122347757716,1.0002065
2967.9145495966495,0.9957159
2967.9168644175306,1.0011721
2967.919179238409,1.0019158
2967.9214940592105,0.99404013
2967.9238088799134,0.9909454
2967.926123700619,0.9932665
2967.9284385213227,0.99146587
2967.930753342029,0.9882849
2967.933068162733,1.0129216
2967.935382983439,1.0061827
2967.9376978041423,1.0091456
2967.940012624849,1.0001235
2967.9423274455535,1.0012797
2967.944642266259,1.0106066
2967.9469570869633,0.9976679
2967.9492719076675,1.0149823
2967.9515867283744,1.0130192
2967.9539015490777,0.99301225
2967.9562163697833,1.0013233
2967.9585311904875,1.001904
2967.960846011194,1.0067612
2967.963160831817,1.0036952
2967.9654756523487,0.99779993
2967.967790472878,1.010472
2967.9701052934092,1.0058986
2967.9724201139393,0.9972196
2967.9747349344702,1.0160141
2967.977049755,0.99956596
2967.97936457553,1.0024798
2967.9816793960604,0.99418443
2967.9839942165904,1.0029441
2967.9863090371214,0.9916447
2967.988623857651,0.9948697
2967.9909386781833,1.011657
2967.9932534987115,0.9962711
2967.9955683192425,1.0066471
2967.9978831397725,1.0077329
2968.0001979603035,1.0026954
2968.0025127808344,1.0018634
2968.0048276012844,1.016753
2968.0071424216394,1.00264
2968.0094572419957,0.9986377
2968.011772062351,1.0019878
2968.0140868827075,0.99941546
2968.016401703062,0.9981358
2968.0187165234174,1.000033
2968.021031343773,1.0155356
2968.023346164129,0.9991428
2968.025660984484,1.0031809
2968.02797580484,1.0034602
2968.0302906251977,1.0078366
2968.032605445551,0.9981843
2968.0349202659077,0.99842006
2968.037235086264,1.0084649
2968.0395499066194,0.9952839
2968.0418647269744,1.0157729
2968.0441795473303,0.99219245
2968.046494367606,0.9969286
2968.048809187788,0.99884224
2968.0511240079686,0.99505967
2968.053438828149,1.0021513
2968.05575364833,0.9969281
2968.058068468511,0.9931723
2968.0603832886914,1.0045445
2968.062698108873,1.0215688
2968.065012929054,1.0175027
2968.067327749236,0.99303275
2968.0696425694164,0.98540163
2968.0719573895976,0.99856365
2968.0742722097784,1.0049057
2968.07658702996,1.0078546
2968.0789018501405,1.0023013
2968.081216670321,1.000364
2968.0835314905025,1.0097549
2968.085846310683,0.9959146
2968.088161130785,1.0080671
2968.090475950791,0.99676615
2968.092790770797,1.0007329
2968.0951055908026,1.0067749
2968.09742041081,1.007479
2968.0997352308154,0.98809314
2968.102050050823,1.0195034
2968.1043648708282,0.98787165
2968.106679690836,1.006017
2968.1089945108415,0.98787224
2968.1113093308472,1.0024883
2968.1136241508543,1.0005609
2968.115938970861,0.9999555
2968.118253790867,1.004113
2968.1205686108724,1.0026944
2968.1228834308786,1.0064027
2968.125198250885,1.0015144
2968.1275130708923,0.996809
2968.1298278908184,0.9939392
2968.1321427106514,1.0019038
2968.1344575304806,1.0033292
2968.1367723503135,1.0049287
2968.1390871701437,0.99700373
2968.141401989977,0.9921217
2968.1437168098073,0.99646956
2968.14603162964,0.99758285
2968.148346449471,1.0035028
2968.1506612693024,1.0082598
2968.1529760891344,1.0057032
2968.1552909089655,1.0073142
2968.157605728798,1.0099429
2968.1599205486286,1.001076
2968.162235368462,0.9902202
2968.164550188291,1.0018044
2968.166865008124,0.99929297
2968.1691798279553,1.0107089
2968.1714946477077,1.01092
2968.173809467363,1.0064971
2968.176124287021,1.0128828
2968.1784391066767,1.0057939
2968.180753926335,1.0115577
2968.1830687459906,0.9976047
2968.185383565649,1.0055403
2968.187698385305,0.99735916
2968.1900132049614,0.99614966
2968.1923280246197,1.0136966
2968.194642844275,1.0082514
2968.1969576639335,1.0060682
2968.199272483589,0.9935496
2968.2015873032474,0.9884369
2968.2039021229016,1.0005703
2968.20621694256,1.003228
2968.2085317622154,0.9957442
2968.2108465818737,1.0146208
2968.2131614014493,0.9996271
2968.215476220933,1.0064409
2968.2177910404134,0.9978965
2968.220105859897,1.0038173
2968.2224206793785,0.9955494
2968.2247354988604,0.9980448
2968.227050318344,0.99638736
2968.229365137824,0.98046523
2968.2316799573077,1.0034564
2968.233994776788,0.9782168
2968.236309596272,1.0048252
2968.238624415753,1.0010024
2968.2409392352347,1.0044167
2968.2432540547156,0.9868414
2968.245568874199,0.99626094
2968.24788369368,0.99607503
2968.2501985131635,0.99069124
2968.2525133326444,1.0081662
2968.2548281520476,0.99775225
2968.2571429713544,0.99188155
2968.259457790662,0.98488826
2968.261772609969,0.9972562
2968.2640874292756,0.99064845
2968.2664022485847,1.0182357
2968.26871706789,1.0055608
2968.2710318871987,1.0105522
2968.2733467065045,1.0011042
2968.275661525813,0.9968715
2968.2779763451176,0.99266773
2968.280291164426,1.0008018
2968.2826059837334,1.0053366
2968.284920803041,0.9978659
2968.287235622349,1.0025373
2968.2895504416556,0.99458444
2968.2918652609624,1.0068582
2968.2941800802687,0.9961343
2968.296494899497,1.0017213
2968.298809718629,0.992849
2968.301124537762,0.99219584
2968.3034393568937,0.99252677
2968.3057541760277,1.0032606
2968.308068995158,0.98717797
2968.310383814291,1.0026027
2968.312698633423,0.9966642
2968.315013452556,0.99016243
2968.317328271689,1.0054014
2968.31964309082,1.0116857
2968.3219579099523,1.0129354
2968.3242727290854,0.99124277
2968.326587548217,0.9973799
2968.32890236735,0.9924423
2968.331217186482,0.9988794
2968.3335320056135,1.0052075
2968.3358468247457,1.0029831
2968.3381616437987,1.0070351
2968.3404764627567,0.9971537
2968.3427912817137,0.9975667
2968.3451061006726,0.99403477
2968.3474209196293,0.9981211
2968.3497357385863,1.0067273
2968.3520505575443,1.009766
2968.3543653765014,0.99412346
2968.3566801954594,0.9939401
2968.3589950144155,0.9866156
2968.3613098333726,1.0089637
2968.3636246523297,1.0061593
2968.3659394712877,0.9955334
2968.3682542902447,0.9913307
2968.3705691092027,0.9929332
2968.3728839281594,1.0008444
2968.3751987471164,1.003066
2968.3775135660753,0.9900515
2968.379828384952,1.0167644
2968.3821432037357,0.9989952
2968.3844580225173,1.0026813
2968.3867728413,0.9908648
2968.3890876600826,1.0055712
2968.3914024788655,0.99040776
2968.3937172976475,0.998536
2968.3960321164295,1.0030398
2968.398346935212,1.0020249
2968.400661753994,1.0054431
2968.4029765727764,0.9993471
2968.4052913915593,0.9972874
2968.407606210343,1.0016596
2968.4099210291242,1.0080701
2968.4122358479067,0.9942363
2968.4145506666882,1.0159584
2968.416865485472,0.9992723
2968.419180304253,1.0059077
2968.4214951229574,1.0068804
2968.423809941563,0.9993852
2968.4261247601717,0.99599946
2968.428439578779,1.0037655
2968.430754397387,1.0034975
2968.433069215994,1.0147871
2968.435384034601,0.9925879
2968.4376988532076,1.0011146
2968.4400136718154,1.0062875
2968.4423284904246,1.0029539
2968.4446433090307,1.0063475
2968.4469581276394,0.99775326
2968.4492729462445,0.9819455
2968.4515877648532,0.9895015
2968.4539025834592,0.9958548
2968.456217402068,0.98810375
2968.4585322206744,0.9851469
2968.460847039283,1.0142244
2968.463161857809,0.99263805
2968.465476676242,0.9935428
2968.467791494675,0.9973366
2968.470106313107,0.99948806
2968.4724211315406,1.0034496
2968.474735949972,0.99969935
2968.4770507684057,1.0021605
2968.479365586836,1.0038786
2968.4816804052693,0.9827252
2968.483995223701,0.99562865
2968.486310042134,0.9966232
2968.488624860565,0.99736136
2968.4909396789985,1.0003045
2968.4932544974295,0.9975515
2968.495569315863,0.9969848
2968.4978841342945,1.0026594
2968.500198952728,0.9998614
2968.50251377116,0.9953257
2968.504828589512,1.0018657
2968.507143407771,0.99670184
2968.5094582260267,1.0077667
2968.5117730442853,0.99544185
2968.514087862541,1.007746
2968.5164026807997,1.0024931
2968.518717499054,1.0039475
2968.5210323173133,0.9980492
2968.523347135569,1.0080155
2968.5256619538277,0.98532283
2968.527976772083,0.994843
2968.5302915903417,0.9974378
2968.532606408599,1.0020313
2968.5349212268557,1.0061946
2968.5372360451133,0.99119186
2968.53955086337,0.99645823
2968.5418656816278,0.9901851
2968.544180499884,0.9869933
2968.5464953180613,0.9958992
2968.548810136144,1.0057036
2968.5511249542274,0.9947567
2968.553439772308,0.9794993
2968.5557545903907,0.9931086
2968.558069408471,1.0008926
2968.5603842265546,1.0053805
2968.562699044637,0.9916961
2968.565013862719,0.9970023
2968.5673286808005,1.0051955
2968.569643498882,0.97921425
2968.571958316964,1.000571
2968.5742731350456,0.99621093
2968.576587953128,0.98386127
2968.57890277121,1.0037506
2968.581217589291,0.99029106
2968.5835324073737,1.0041062
2968.5858472254554,0.99333304
2968.588162043458,1.0000607
2968.5904768613664,0.9931731
2968.5927916792702,0.9946473
2968.595106497179,1.0036663
2968.597421315085,1.009484
2968.5997361329923,0.99910885
2968.6020509508985,0.9997699
2968.604365768806,1.000699
2968.606680586712,1.0035272
2968.6089954046183,1.0083925
2968.6113102225254,1.0099497
2968.613625040432,1.0032889
2968.615939858339,0.9881964
2968.6182546762457,1.0024272
2968.6205694941514,0.9899315
2968.622884312059,0.9893235
2968.6251991299655,1.0099595
2968.6275139478735,0.9959074
2968.629828765699,1.005696
2968.632143583432,1.0019001
2968.634458401163,1.000613
2968.6367732188937,1.0007845
2968.6390880366257,0.9916725
2968.641402854357,0.99531764
2968.6437176720888,0.9945715
2968.64603248982,0.9972586
2968.6483473075505,0.99863243
2968.6506621252815,0.99714035
2968.652976943013,0.99770576
2968.655291760745,0.99362725
2968.657606578477,0.9878579
2968.6599213962068,0.99603736
2968.6622362139397,0.9965078
2968.66455103167,1.0037973
2968.666865849402,0.9829677
2968.669180667133,1.0063068
2968.6714954847857,0.9972575
2968.6738103023417,1.005358
2968.676125119897,0.9988143
2968.6784399374524,1.0017427
2968.680754755009,0.9978907
2968.683069572565,0.99954003
2968.6853843901213,0.9927131
2968.6876992076786,0.9984208
2968.690014025232,0.99394405
2968.6923288427893,1.0026237
2968.6946436603444,0.9917464
2968.6969584779017,1.0000154
2968.699273295456,1.0028831
2968.7015881130133,1.0039324
2968.7039029305683,1.0051029
2968.706217748125,1.0044492
2968.7085325656803,1.0013316
2968.710847383237,1.0106874
2968.7131622007114,0.9931828
2968.715477018093,0.9930737
2968.7177918354732,1.007102
2968.7201066528546,0.9882942
2968.7224214702364,0.995487
2968.7247362876155,0.9979912
2968.727051104997,0.9919951
2968.7293659223756,0.98748004
2968.7316807397574,0.99655133
2968.733995557137,0.9937798
2968.736310374519,0.9945876
2968.7386251918974,0.9964631
2968.7409400092797,0.99294084
2968.743254826659,0.99031293
2968.7455696440397,0.9926143
2968.747884461419,0.98600686
2968.750199278801,1.0106589
2968.7525140961807,1.0066216
2968.754828913482,1.0019873
2968.7571437306865,0.99511325
2968.759458547892,0.986904
2968.7617733650986,0.99973416
2968.764088182301,1.0023423
2968.7664029995076,1.000513
2968.7687178167107,1.0118684
2968.7710326339175,0.99617666
2968.773347451121,1.006496
2968.7756622683273,0.9977066
2968.7779770855304,1.009195
2968.7802919027363,0.9975188
2968.7826067199417,1.0006421
2968.784921537146,1.0018401
2968.787236354352,0.9923841
2968.7895511715565,0.99564743
2968.7918659887605,1.0067109
2968.794180805966,0.9958541
2968.796495623091,0.9970119
2968.7988104401206,0.9962867
2968.8011252571505,1.0122399
2968.803440074178,0.9982891
2968.8057548912093,0.9991165
2968.808069708237,1.0022534
2968.8103845252676,0.9940912
2968.8126993422966,0.9936511
2968.8150141593264,0.9952103
2968.8173289763554,0.9920672
2968.819643793384,0.9926713
2968.821958610413,0.9991668
2968.8242734274427,0.9958339
2968.8265882444725,1.0035754
2968.8289030615015,0.999207
2968.83121787853,0.99045044
2968.833532695559,1.00438
2968.8358475125888,1.0015682
2968.8381623295377,0.99510056
2968.8404771463915,1.0061979
2968.842791963247,1.0088713
2968.8451067800997,0.99388856
2968.8474215969527,0.98537964
2968.849736413806,1.0025926
2968.85205123066,0.98673123
2968.8543660475134,1.0019009
2968.8566808643673,0.99299926
2968.85899568122,1.001474
2968.861310498073,0.9949491
2968.8636253149275,0.9895405
2968.8659401317805,0.9908262
2968.868254948635,0.99165803
2968.8705697654873,0.9973975
2968.8728845823407,0.997
2968.875199399195,0.99425584
2968.877514216049,1.0073173
2968.8798290328223,0.99296564
2968.8821438495006,0.9963147
2968.884458666176,0.98803204
2968.8867734828555,1.0098251
2968.889088299533,1.0075301
2968.891403116211,0.9907139
2968.8937179328886,1.0148193
2968.896032749567,0.9993097
2968.898347566244,1.0037978
2968.9006623829214,1.0062184
2968.9029771995997,1.0002141
2968.9052920162767,0.99515826
2968.907606832956,0.9913903
2968.909921649632,0.99733573
2968.9122364663117,1.0025485
2968.9145512829878,0.9927405
2968.916866099666,0.998298
2968.919180916342,0.9985289
2968.921495732942,0.9932664
2968.923810549442,1.000396
2968.926125365945,0.9872374
2968.9284401824457,0.9924804
2968.930754998949,1.0047159
2968.9330698154504,1.0077211
2968.9353846319514,1.0012332
2968.937699448455,0.999745
2968.940014264955,1.0039338
2968.9423290814584,1.0040057
2968.944643897959,0.9905459
2968.946958714462,0.9973295
2968.9492735309623,0.99737424
2968.9515883474646,1.0035161
2968.953903163966,0.99666655
2968.9562179804684,0.991505
2968.958532796969,0.9953541
2968.960847613472,0.99959874
2968.9631624298922,1.004451
2968.9654772462195,0.99894845
2968.967792062545,0.9924484
2968.9701068788713,0.9880762
2968.9724216951968,0.99514276
2968.9747365115218,0.9931388
2968.9770513278495,0.9887286
2968.9793661441736,0.99249274
2968.9816809605004,0.9951094
2968.983995776825,0.9979911
2968.986310593152,0.9970079
2968.9886254094754,1.0076044
2968.9909402258027,1.0004419
2968.993255042127,0.9975563
2968.9955698584545,1.0114166
2968.997884674779,1.0012474
2969.0001994911063,0.99772567
2969.0025143074313,0.9915096
2969.0048291236767,0.9808192
2969.0071439398266,0.98778105
2969.009458755976,1.0012372
2969.011773572126,0.99615514
2969.014088388275,0.9964765
2969.0164032044245,1.0044069
2969.0187180205744,0.982414
2969.0210328367248,0.9886308
2969.0233476528742,0.9905201
2969.025662469024,0.99903077
2969.0279772851723,1.002994
2969.030292101323,0.9896142
2969.0326069174725,0.9951656
2969.034921733623,1.0035431
2969.037236549772,0.9857064
2969.0395513659223,0.99396825
2969.0418661820713,1.0016804
2969.0441809982203,1.0054457
2969.04649581429,1.0023738
2969.0488106302632,1.0006269
2969.0511254462376,0.98855275
2969.05344026221,0.9936124
2969.055755078183,1.0050616
2969.058069894157,0.9982267
2969.06038471013,1.0065812
2969.062699526105,0.98816603
2969.065014342078,0.99977034
2969.0673291580506,0.9975314
2969.0696439740245,0.9907289
2969.0719587899976,0.9925316
2969.0742736059715,1.0057498
2969.0765884219445,1.0034829
2969.078903237917,0.9870342
2969.081218053891,1.0002751
2969.083532869864,1.0011078
2969.0858476858384,0.9883705
2969.088162501731,0.9900699
2969.0904773175275,0.9915797
2969.0927921333264,1.0170233
2969.0951069491216,0.99285394
2969.09742176492,0.9821403
2969.0997365807157,0.9859214
2969.1020513965145,0.98931473
2969.1043662123097,1.0000012
2969.1066810281072,1.0034406
2969.108995843905,1.0064178
2969.1113106597018,0.9938761
2969.1136254754992,0.98986584
2969.115940291296,0.9874419
2969.1182551070924,0.99642205
2969.12056992289,1.0019444
2969.1228847386874,0.9900484
2969.125199554484,1.0016563
2969.127514370282,0.9889976
2969.129829185997,0.9853934
2969.1321440016195,0.9999224
2969.1344588172383,0.98936915
2969.1367736328593,1.0005594
2969.1390884484795,0.99429154
2969.1414032641014,0.9964534
2969.1437180797197,1.0043617
2969.1460328953417,0.99009895
2969.148347710961,0.99580014
2969.150662526583,1.0060285
2969.152977342203,0.99063826
2969.1552921578245,1.0001425
2969.1576069734465,0.99259055
2969.1599217890644,0.9997588
2969.1622366046863,1.0027353
2969.1645514203055,0.9925778
2969.166866235928,1.0022756
2969.169181051547,1.0097764
2969.1714958670887,0.98374003
2969.173810682531,0.9985118
2969.1761254979756,0.99758637
2969.1784403134193,0.9969771
2969.180755128864,1.0043148
2969.183069944306,0.99595964
2969.1853847597517,0.98924124
2969.1876995751954,0.9866747
2969.1900143906396,0.99681693
2969.1923292060833,1.0020388
2969.194644021528,0.9919598
2969.1969588369725,1.0090241
2969.199273652415,0.9974059
2969.2015884678603,1.0041623
2969.203903283303,0.99841696
2969.2062180987486,0.9940077
2969.208532914191,0.99930954
2969.2108477296365,0.9867915
2969.2131625449974,0.9797563
2969.2154773602665,0.9987683
2969.217792175534,0.989349
2969.220106990801,0.98649466
2969.2224218060683,0.9996905
2969.2247366213355,1.0042095
2969.2270514366023,0.987161
2969.22936625187,0.9976061
2969.2316810671373,0.9920742
2969.233995882404,1.0062848
2969.2363106976713,0.9991945
2969.2386255129386,0.99910086
2969.240940328207,0.9960952
2969.243255143473,0.995989
2969.2455699587417,0.9955307
2969.247884774009,1.0036472
2969.2501995892753,0.98462605
2969.252514404543,0.99234086
2969.25482921973,1.0010152
2969.2571440348206,1.0023992
2969.2594588499105,1.004724
2969.261773665001,0.99248964
2969.2640884800912,1.0076643
2969.2664032951816,1.0011227
2969.2687181102715,0.9903777
2969.2710329253623,0.99339503
2969.2733477404527,1.0008287
2969.275662555542,0.9912741
2969.2779773706334,1.0077465
2969.2802921857233,0.99093837
2969.282607000815,1.0038254
2969.2849218159045,1.0006335
2969.287236630996,1.0123452
2969.289551446086,0.9893829
2969.291866261176,0.9956305
2969.294181076267,0.9892992
2969.2964958912776,1.0007287
2969.2988107061906,0.98714507
2969.3011255211036,1.0049897
2969.303440336016,0.9940737
2969.3057551509305,0.9943171
2969.3080699658435,0.99460804
2969.3103847807574,0.99325466
2969.3126995956723,0.9968036
2969.315014410583,1.0052172
2969.3173292254983,0.99306935
2969.3196440404104,1.0059156
2969.321958855325,0.99847716
2969.3242736702373,0.9939287
2969.3265884851526,1.0089262
2969.3289033000633,1.000376
2969.331218114978,1.0061759
2969.333532929892,0.99646306
2969.335847744805,0.99579847
2969.5534402951153,1.0068805
2969.5557551089646,1.0148059
2969.5580699228126,0.99344355
2969.5603847366615,0.99501985
2969.562699550511,1.0062388
2969.5650143643584,1.0097162
2969.5673291782086,0.9996635
2969.5696439920557,1.0022167
2969.5719588059046,0.9998615
2969.574273619753,0.99926263
2969.576588433602,1.0040952
2969.578903247449,1.0040263
2969.581218061299,0.9993754
2969.583532875146,1.0009376
2969.585847688996,1.0160507
2969.588162502762,1.0018861
2969.5904773164343,1.0039477
2969.592792130104,1.0180775
2969.595106943774,1.0062848
2969.5974217574453,1.013284
2969.5997365711155,0.9999629
2969.602051384785,1.0020305
2969.604366198456,0.9948858
2969.606681012126,1.0008757
2969.608995825797,1.0089058
2969.6113106394673,1.0053949
2969.613625453137,1.0091352
2969.6159402668095,0.9945647
2969.6182550804783,1.0085523
2969.6205698941503,1.0108304
2969.6228847078205,1.0022929
2969.625199521491,1.0087335
2969.6275143351613,0.98991597
2969.62982914875,1.0060959
2969.632143962243,1.0111464
2969.634458775735,1.0017481
2969.6367735892277,1.0112536
2969.6390884027196,1.0078305
2969.641403216211,1.0034275
2969.643718029704,0.996589
2969.646032843196,0.9934921
2969.6483476566887,0.99826264
2969.6506624701806,1.0176243
2969.6529772836743,1.0090798
2969.655292097164,1.0016006
2969.6576069106577,1.0063738
2969.6599217241505,0.9948684
2969.6622365376425,0.9925623
2969.6645513511353,1.0140371
2969.666866164627,1.0029836
2969.6691809781187,1.0068457
2969.671495791529,0.99722964
2969.6738106048438,1.0179646
2969.6761254181574,1.0007037
2969.678440231472,0.9992657
2969.6807550447847,0.9942255
2969.6830698580984,1.002015
2969.685384671413,0.9890331
2969.687699484727,0.99729496
2969.6900142980408,1.007039
2969.6923291113553,1.0110637
2969.6946439246676,1.0128334
2969.6969587379826,0.9956009
2969.6992735512954,1.0029774
2969.701588364611,1.0055071
2969.703903177923,1.0087931
2969.7062179912386,1.0053786
2969.708532804552,0.99954426
2969.7108476178655,1.0159303
2969.7131624310987,1.0083609
2969.7154772442336,1.0081239
2969.7177920573704,0.998662
2969.720106870504,1.0088222
2969.722421683641,1.0011834
2969.7247364967748,1.0284674
2969.7270513099106,1.000511
2969.7293661230447,1.0004601
2969.7316809361814,0.9945483
2969.733995749315,1.0013015
2969.7363105624518,1.0028148
2969.738625375586,1.0009149
2969.7409401887226,1.0125346
2969.7432550018566,0.9985361
2969.745569814992,0.9951691
2969.747884628128,0.9976237
2969.750199441263,1.0051457
2969.7525142543986,1.0059513
2969.7548290674526,1.0117123
2969.7571438804102,1.0061224
2969.759458693365,0.9956494
2969.7617735063222,1.0134269
2969.7640883192785,1.0056486
2969.7664031322356,1.0097864
2969.768717945191,1.0074099
2969.771032758149,1.0058618
2969.773347571104,1.007541
2969.775662384062,1.0094476
2969.777977197018,1.0154248
2969.7802920099753,0.99786377
2969.7826068229315,1.0092409
2969.7849216358873,1.0105479
2969.7872364488444,1.0076565
2969.7895512618006,1.0096169
2969.7918660747578,1.0095196
2969.794180887714,1.0042758
2969.796495700589,1.0050321
2969.7988105133654,1.0133138
2969.801125326144,1.0101094
2969.803440138921,1.0127233
2969.8057549517,1.0035447
2969.808069764478,0.999147
2969.8103845772553,0.9956056
2969.8126993900323,1.011982
2969.8150142028094,1.0074886
2969.817329015588,1.001071
2969.8196438283658,1.0034556
2969.8219586411433,1.0050092
2969.82427345392,1.010428
2969.826588266697,1.0146712
2969.8289030794754,1.0039048
2969.8312178922524,1.0041962
2969.833532705031,1.0172026
2969.835847517808,1.0102473
2969.838162330503,0.99960434
2969.8404771431024,0.9944532
2969.842791955701,1.0105343
2969.8451067682995,0.9975683
2969.8474215808983,1.004596
2969.8497363934953,1.0063988
2969.852051206095,1.0026753
2969.8543660186924,1.0061811
2969.856680831292,1.016922
2969.8589956438905,0.99187267
2969.8613104564893,1.0133811
2969.863625269087,1.0097156
2969.8659400816855,1.0088265
2969.8682548942834,1.0163567
2969.8705697068826,1.0033556
2969.8728845194823,0.99867636
2969.87519933208,1.0055926
2969.8775141446795,1.0068536
2969.8798289571937,1.013605
2969.8821437696142,0.9824822
2969.884458582032,1.0121235
2969.886773394453,1.0113586
2969.8890882068704,1.0059543
2969.891403019291,1.0137801
2969.8937178317087,1.0067765
2969.8960326441293,1.0070149
2969.898347456547,1.0043815
2969.9006622689667,1.0091584
2969.902977081386,1.0007125
2969.905291893805,1.0017006
2969.9076067062256,1.0043805
2969.9099215186434,1.0069836
2969.912236331064,1.011284
2969.9145511434817,0.9897391
2969.916865955901,1.0164531
2969.9191807683187,1.0102537
2969.921495580658,0.99742925
2969.923810392896,0.9974937
2969.926125205137,1.002156
2969.928440017375,1.0096848
2969.930754829616,1.004819
2969.933069641855,1.0154215
2969.9353844540947,1.0041927
2969.9376992663347,1.0076637
2969.9400140785738,0.99768764
2969.9423288908138,1.0052886
2969.944643703053,1.022823
2969.946958515292,1.0064824
2969.949273327532,1.0028535
2969.9515881397715,0.99127537
2969.95390295201,1.0064712
2969.956217764251,1.0030352
2969.9585325764897,1.0055877
2969.9608473887306,1.0019456
2969.963162200887,0.9973139
2969.965477012948,1.0225989
2969.9677918250077,1.0044452
2969.9701066370667,1.0222166
2969.972421449127,1.0077426
2969.9747362611865,0.99464506
2969.977051073247,1.0120225
2969.9793658853064,0.99778175
2969.9816806973654,1.0117114
2969.9839955094258,1.011051
2969.9863103214852,1.0151083
2969.9886251335456,0.9998862
2969.990939945605,1.0078351
2969.993254757664,1.0206219
2969.9955695697245,0.99971545
2969.997884381785,1.0043755
2970.0001991938443,0.9991464
2970.0025140059047,1.0135242
2970.004828817881,1.0140777
2970.007143629763,0.99982756
2970.009458441642,1.0090978
2970.0117732535223,0.9961869
2970.0140880654017,1.0098337
2970.016402877282,1.0008693
2970.018717689162,1.0142823
2970.0210325010407,1.0002551
2970.02334731292,1.0165068
2970.0256621248004,0.98840857
2970.027976936682,1.0207626
2970.0302917485606,1.0021588
2970.0326065604418,1.0000087
2970.034921372319,1.0146112
2970.0372361842,1.013258
2970.039550996079,1.0126338
2970.04186580796,1.0119687
2970.0441806198382,1.0050523
2970.046495431638,1.002804
2970.048810243336,1.0114661
2970.051125055036,1.0149462
2970.0534398667355,1.0206988
2970.0557546784357,1.0079957
2970.058069490137,1.0099393
2970.060384301835,1.0115601
2970.062699113536,1.0019864
2970.0650139252343,1.0018022
2970.0673287369345,1.0050539
2970.069643548634,1.0026151
2970.071958360334,1.0060223
2970.074273172032,1.000372
2970.076587983733,1.0016004
2970.0789027954315,0.9987448
2970.081217607132,1.0135542
2970.08353241883,1.003728
2970.0858472305317,1.0050913
2970.0881620421487,0.9965349
2970.0904768536675,1.0007294
2970.092791665187,1.0042452
2970.095106476706,1.0073915
2970.097421288226,1.0047358
2970.0997360997444,1.0095183
2970.102050911263,0.9956725
2970.104365722783,1.0214198
2970.1066805343016,1.0006725
2970.1089953458204,1.0031542
2970.1113101573414,1.0121778
2970.113624968859,1.0121347
2970.1159397803794,1.0154938
2970.1182545918973,0.9913809
2970.1205694034184,1.0152006
2970.122884214937,1.0051785
2970.1251990264554,0.9974694
2970.127513837975,1.0084679
2970.129828649412,1.0060089
2970.132143460751,1.0033233
2970.134458272089,1.0020411
2970.1367730834268,1.0081439
2970.139087894766,1.011135
2970.141402706104,1.0022105
2970.1437175174433,1.0023926
2970.1460323287815,1.0015298
2970.1483471401193,0.99472994
2970.1506619514585,1.0125648
2970.1529767627976,1.0035512
2970.155291574136,1.0034759
2970.157606385475,0.9977401
2970.159921196814,1.00675
2970.162236008152,0.98443365
2970.1645508194897,1.0036632
2970.166865630829,0.99763185
2970.169180442167,1.0081964
2970.171495253424,0.9987062
2970.173810064581,1.0044017
2970.176124875738,0.99556494
2970.1784396868957,0.9957434
2970.180754498054,0.99011564
2970.183069309213,0.99238473
2970.1853841203692,1.0147184
2970.1876989315283,1.0171307
2970.1900137426833,0.99879444
2970.1923285538423,1.0115955
2970.1946433649987,1.0020244
2970.1969581761578,0.9932211
2970.1992729873145,1.0113822
2970.2015877984736,1.007982
2970.2039026096295,0.9944455
2970.2062174207877,1.0042305
2970.208532231945,0.9986488
2970.210847043103,1.0163789
2970.21316185418,1.0008246
2970.2154766651547,1.0076854
2970.2177914761332,1.0057347
2970.2201062871077,1.005575
2970.222421098085,1.0016433
2970.224735909061,1.0108362
2970.2270507200383,0.9926074
2970.2293655310127,1.0016856
2970.231680341991,1.013003
2970.233995152966,1.0025657
2970.236309963944,0.99974287
2970.238624774919,0.9977339
2970.240939585897,1.0050371
2970.243254396871,0.9943417
2970.2455692078493,1.0100185
2970.2478840188264,1.0051026
2970.2501988298022,1.007619
2970.2525136407794,0.99963164
2970.2548284516724,0.99761975
2970.2571432624673,1.007535
2970.259458073263,0.9957089
2970.261772884058,1.0118301
2970.2640876948526,1.0174909
2970.2664025056492,1.0032011
2970.2687173164427,1.0031307
2970.271032127239,1.0015109
2970.273346938033,0.9950749
2970.2756617488294,1.0025128
2970.277976559624,0.9959211
2970.2802913704186,1.0065676
2970.2826061812143,1.0045204
2970.284920992009,1.0008787
2970.287235802805,1.0047657
2970.289550613599,1.0033437
2970.291865424394,1.0214229
2970.2941802351893,1.0181516
2970.2964950459013,0.9974268
2970.2988098565156,1.0045496
2970.3011246671285,1.0065769
2970.303439477742,1.0025545
2970.3057542883553,1.0
2970.308069098969,1.002949
2970.3103839095816,1.0074823
2970.3126987201963,0.99154395
2970.3150135308088,1.0105672
2970.3173283414235,1.0016056
2970.3196431520364,0.9924928
2970.3219579626502,1.007373
2970.324272773263,1.0051408
2970.3265875838774,0.9985829
2970.3289023944903,0.9980576
2970.3312172051037,1.0072231
2970.333532015716,1.0087836
2970.33584682633,0.9958523
2970.3381616368624,1.0116806
2970.3404764472925,1.0033902
2970.342791257726,1.0034935
2970.3451060681546,1.0142713
2970.3474208785874,0.9862386
2970.349735689018,1.0116302
2970.352050499451,0.9964786
2970.3543653098814,1.0114342
2970.356680120314,1.0057559
2970.358994930744,1.0054283
2970.3613097411762,0.99337435
2970.3636245516072,1.0024647
2970.365939362039,1.0017412
2970.3682541724716,1.0087205
2970.3705689829026,0.99166274
2970.372883793336,1.000983
2970.3751986037655,1.0093248
2970.3775134141974,1.0144125
2970.379828224546,1.005226
2970.3821430347957,0.98889136
2970.3844578450435,1.0037302
2970.3867726552944,1.0011308
2970.3890874655426,1.0078114
2970.391402275793,1.0135949
2970.3937170860413,1.0132891
2970.3960318962922,1.0065589
2970.398346706539,1.0040131
2970.4006615167896,1.0043908
2970.4029763270387,1.0056537
2970.4052911372887,1.0150155
2970.407605947538,0.99847203
2970.4099207577874,1.0037525
2970.412235568036,1.0023673
2970.414550378285,1.0108556
2970.416865188535,1.008531
2970.419179998784,1.0056871
2970.421494808951,0.9969161
2970.423809619017,1.0156856
2970.4261244290856,1.0101708
2970.428439239151,1.00199
2970.4307540492186,0.99593616
2970.433068859286,1.0020849
2970.4353836693526,1.0005051
2970.4376984794194,0.99904484
2970.440013289486,1.0041729
2970.4423280995525,1.00602
2970.44464290962,1.0070913
2970.4469577196865,1.0094253
2970.449272529754,0.9983249
2970.45158733982,1.0142488
2970.4539021498867,0.99054974
2970.456216959954,1.0010171
2970.4585317700207,1.0024151
2970.460846580088,1.0086043
2970.4631613900724,0.9975288
2970.465476199955,1.0105478
2970.4677910098408,1.009394
2970.4701058197234,1.001243
2970.472420629609,1.0032187
2970.4747354394917,1.0093988
2970.477050249376,0.99899673
2970.47936505926,1.0046418
2970.481679869145,1.0041835
2970.4839946790294,0.9960976
2970.4863094889133,0.9918974
2970.488624298797,1.013615
2970.4909391086812,0.99885166
2970.493253918566,0.99480826
2970.49556872845,0.99462664
2970.4978835383354,1.0038964
2970.500198348217,0.99170005
2970.5025131581033,0.9961681
2970.504827967902,0.9998755
2970.507142777605,1.0003949
2970.509457587305,1.0040349
2970.5117723970075,0.998436
2970.514087206707,1.004106
2970.5164020164084,1.0097601
2970.518716826109,0.99840033
2970.521031635811,1.0120217
2970.5233464455105,1.0051713
2970.5256612552134,0.9973044
2970.5279760649137,0.99849653
2970.5302908746153,1.0064481
2970.5326056843164,1.014902
2970.534920494018,0.9960875
2970.5372353037196,1.0082606
2970.539550113419,1.010422
2970.541864923122,1.0046246
2970.5441797328217,0.9963079
2970.5464945424396,0.9989151
2970.5488093519575,1.0022
2970.5511241614768,1.0057347
2970.553438970992,1.002393
2970.555753780511,0.99874794
2970.5580685900286,1.0094591
2970.560383399547,0.99216264
2970.5626982090644,0.99929714
2970.5650130185827,0.9987661
2970.5673278280997,1.0045906
2970.569642637617,1.0039275
2970.5719574471354,0.9949133
2970.574272256653,1.0127919
2970.576587066171,1.01076
2970.578901875688,1.0048178
2970.5812166852056,1.0164795
2970.5835314947244,1.0116062
2970.585846304242,0.9982991
2970.5881611136774,1.0026097
2970.5904759230098,1.0196819
2970.592790732346,0.99882066
2970.5951055416795,1.0041676
2970.597420351013,0.99130666
2970.599735160348,1.0028449
2970.602049969682,0.99960107
2970.6043647790166,1.0106884
2970.60667958835,0.9893835
2970.608994397684,0.9946707
2970.6113092070186,1.007235
2970.6136240163523,1.001911
2970.6159388256856,1.0078413
2970.618253635022,1.0158755
2970.6205684443544,1.0183235
2970.62288325369,1.0054077
2970.625198063023,0.9991623
2970.6275128723587,1.0034575
2970.6298276816074,1.0199505
2970.6321424907583,1.0072553
2970.6344572999074,1.0044665
2970.636772109059,1.0057911
2970.6390869182082,1.0095471
2970.6414017273596,1.0088941
2970.6437165365082,0.99607104
2970.64603134566,0.9993823
2970.648346154811,1.001185
2970.650660963961,1.0142274
2970.6529757731114,1.001997
2970.65529058226,1.0090315
2970.6576053914123,0.9969733
2970.659920200561,1.0019925
2970.6622350097127,1.0047857
2970.664549818862,1.0107781
2970.666864628013,1.0049175
2970.669179437161,1.0023437
2970.671494246229,0.99215627
2970.6738090551935,1.0082988
2970.676123864161,1.0056213
2970.678438673126,0.99709624
2970.6807534820937,1.0169456
2970.6830682910586,1.0055914
2970.6853831000244,1.0003264
2970.687697908991,0.995124
2970.6900127179574,1.0133543
2970.6923275269232,1.0018636
2970.694642335889,0.9970046
2970.696957144854,1.0032605
2970.6992719538207,1.0042524
2970.7015867627865,1.0042228
2970.703901571753,1.0188752
2970.7062163807204,0.993671
2970.708531189684,0.99767536
2970.710845998651,1.0132977
2970.713160807533,1.0153153
2970.715475616315,1.0049077
2970.717790425096,0.99975216
2970.7201052338783,0.99516636
2970.722420042659,1.0097581
2970.72473485144,1.0163311
2970.727049660222,1.0063626
2970.729364469003,1.0000172
2970.731679277785,1.0188212
2970.7339940865663,0.99828863
2970.736308895347,0.99521065
2970.7386237041283,0.9979352
2970.74093851291,1.0006022
2970.743253321693,1.0079774
2970.745568130473,1.0032248
2970.747882939256,1.0002364
2970.750197748035,0.99319303
2970.7525125568177,1.004663
2970.754827365514,1.0117795
2970.7571421741122,0.9948063
2970.759456982707,0.9984111
2970.761771791305,1.018387
2970.764086599901,1.0181289
2970.7664014084976,1.0035697
2970.7687162170946,1.0084655
2970.7710310256907,1.0096917
2970.7733458342886,1.0006104
2970.775660642884,1.003594
2970.777975451482,1.0002018
2970.780290260077,1.0004796
2970.782605068675,1.0079589
2970.7849198772706,1.0015509
2970.7872346858676,0.9999113
2970.7895494944623,1.0168865
2970.7918643030607,1.0052164
2970.794179111656,1.0016865
2970.7964939201697,0.9964963
2970.7988087285794,1.0028884
2970.8011235369922,1.0115609
2970.8034383454024,1.0158808
2970.8057531538143,1.0107809
2970.8080679622262,1.0015241
2970.8103827706373,1.0030411
2970.8126975790487,1.005495
2970.8150123874593,1.0051343
2970.8173271958703,1.0074182
2970.8196420042823,1.005895
2970.821956812695,1.0093962
2970.824271621104,1.0038782
2970.826586429517,1.0022808
2970.828901237927,1.0079689
2970.8312160463397,1.0074582
2970.83353085475,1.0105252
2970.8358456631627,1.0001763
2970.838160471489,1.0086255
2970.840475279714,1.0066758
2970.8427900879406,0.9944762
2970.845104896166,1.0054064
2970.8474197043925,1.0044273
2970.849734512618,1.01388
2970.852049320843,1.0064623
2970.8543641290694,1.007193
2970.856678937295,1.0106719
2970.8589937455213,1.0028491
2970.8613085537463,1.0076207
2970.8636233619713,1.0082296
2970.8659381701978,1.0048525
2970.868252978424,1.0072714
2970.8705677866496,1.0147936
2970.872882594876,1.0101041
2970.8751974031,1.0012169
2970.877512211328,1.0125616
2970.8798270194684,1.01954
2970.882141827509,1.0176181
2970.8844566355483,1.0130403
2970.8867714435887,1.0104326
2970.889086251628,1.0068029
2970.8914010596673,1.0117983
2970.8937158677068,1.0081893
2970.896030675747,1.0023302
2970.8983454837885,0.99575794
2970.9006602918275,1.025828
2970.902975099869,1.0032116
2970.905289907906,1.0003008
2970.9076047159474,1.009387
2970.909919523986,1.0083501
2970.9122343320273,1.0053751
2970.9145491400654,1.0150654
2970.916863948107,1.0004852
2970.9191787561454,0.9998425
2970.921493564101,0.9979394
2970.9238083719547,1.001627
2970.9261231798087,0.9968588
2970.928437987661,1.0146188
2970.9307527955157,1.0002911
2970.933067603369,1.0119182
2970.935382411223,1.0173272
2970.9376972190767,1.0131428
2970.9400120269306,1.0035446
2970.942326834785,1.0093256
2970.9446416426367,1.0099654
2970.946956450492,1.0036923
2970.949271258344,1.0079148
2970.9515860661995,1.0094795
2970.953900874051,1.01281
2970.956215681907,1.0029185
2970.958530489758,1.00586
2970.9608452976127,1.0142088
2970.963160105382,1.0008743
2970.9654749130486,1.0185103
2970.9677897207166,1.0113004
2970.9701045283828,1.0091566
2970.9724193360494,1.0125637
2970.974734143717,0.9962322
2970.9770489513835,1.0048659
2970.9793637590496,1.0045129
2970.981678566717,1.0133529
2970.9839933743838,1.0103227
2970.9863081820513,0.99754536
2970.988622989718,1.003774
2970.990937797385,1.0179805
2970.9932526050534,1.0110997
2970.9955674127186,1.0010647
2970.997882220387,1.0194955
2971.0001970280537,0.9932837
2971.002511835721,0.99896616
2971.0048266433027,1.0100869
2971.007141450782,1.0062762
2971.0094562582626,1.0125821
2971.0117710657423,1.0089699
2971.014085873223,1.0171818
2971.0164006807026,1.0120674
2971.018715488182,1.0002636
2971.0210302956625,1.0089755
2971.0233451031427,1.0051626
2971.0256599106224,1.0140339
2971.027974718103,1.013562
2971.030289525582,1.0199724
2971.0326043330633,0.9974444
2971.0349191405417,1.0051693
2971.037233948023,1.0000945
2971.039548755502,1.0268415
2971.0418635629835,1.0099149
2971.044178370461,1.0068161
2971.046493177857,0.99773484
2971.0488079851484,1.0118434
2971.0511227924426,0.98821807
2971.053437599736,0.99368685
2971.055752407028,1.0100044
2971.0580672143196,1.0094073
2971.060382021612,0.99766374
2971.062696828906,1.0031761
2971.0650116361976,1.0084887
2971.0673264434918,1.0015585
2971.069641250783,0.99571824
2971.0719560580774,1.0075347
2971.074270865368,1.0136905
2971.076585672661,0.99902445
2971.0789004799535,1.0069578
2971.081215287247,1.0119969
2971.0835300945378,1.0038356
2971.085844901832,1.0062977
2971.088159709039,1.0032628
2971.0904745161442,1.0146581
2971.092789323249,1.000264
2971.0951041303542,1.0031272
2971.0974189374588,1.0120465
2971.099733744563,1.0156455
2971.1020485516674,0.9876297
2971.104363358773,0.9993362
2971.1066781658783,1.0102274
2971.108992972983,1.0105586
2971.111307780087,1.0142068
2971.1136225871915,1.0056304
2971.115937394297,0.9945301
2971.1182522014033,1.0158954
2971.120567008507,0.9868081
2971.1228818156133,1.0019826
2971.1251966227173,1.0028085
2971.127511429822,1.0073928
2971.129826236841,1.0095854
2971.132141043758,1.00156
2971.1344558506744,0.99816364
2971.1367706575916,1.0142983
2971.139085464508,1.0114859
2971.141400271424,0.9995398
2971.1437150783413,1.0095332
2971.1460298852576,1.0050749
2971.148344692176,1.0006926
2971.150659499091,1.0065066
2971.152974306009,0.9895812
2971.155289112925,0.9977309
2971.157603919843,1.0205235
2971.1599187267584,1.0030923
2971.1622335336756,1.0174176
2971.164548340591,0.99454
2971.166863147509,1.0166277
2971.1691779544244,0.98812073
2971.171492761257,1.0149336
2971.173807567983,1.014054
2971.1761223747135,0.9976625
2971.178437181441,1.0013981
2971.1807519881686,1.0169941
2971.1830667948975,1.012083
2971.1853816016255,0.9998657
2971.187696408355,0.9995308
2971.1900112150815,0.99749863
2971.1923260218114,1.0068374
2971.194640828538,1.0010589
2971.196955635268,1.0045639
2971.199270441993,1.0093979
2971.2015852487234,1.0092981
2971.20390005545,1.0097295
2971.2062148621794,1.0187626
2971.2085296689065,1.0177802
2971.2108444756363,1.008594
2971.213159282278,1.0130571
2971.2154740888163,0.9930592
2971.2177888953565,0.9973987
2971.2201037018954,0.99710196
2971.222418508435,1.0072384
2971.224733314974,1.012095
2971.2270481215123,1.010387
2971.229362928052,1.0027046
2971.231677734591,1.0099009
2971.233992541131,0.99555886
2971.23630734767,1.013556
2971.2386221542083,1.004904
2971.240936960747,1.0028911
2971.243251767288,1.015221
2971.2455665738266,1.0067784
2971.2478813803664,1.0045866
2971.250196186906,1.0045197
2971.2525109934454,1.0049039
2971.2548257998974,1.0063171
2971.257140606247,1.0097218
2971.2594554125976,0.9946144
2971.261770218947,1.0107619
2971.2640850252974,0.9992741
2971.2663998316466,1.0113003
2971.2687146379963,1.0099483
2971.2710294443464,1.0068471
2971.273344250697,1.0050422
2971.2756590570466,1.0043001
2971.2779738633967,0.9904438
2971.280288669745,0.9983954
2971.2826034760965,1.0061523
2971.2849182824452,1.0066328
2971.2872330887963,1.0099356
2971.2895478951446,1.0037658
2971.2918627014965,1.0071113
2971.2941775078434,1.0092149
2971.2964923141085,0.99520016
2971.2988071202685,1.0185324
2971.301121926429,1.0056897
2971.3034367325895,1.0045401
2971.305751538749,0.9990485
2971.3080663449086,1.0115147
2971.310381151069,0.9965809
2971.31269595723,1.0025429
2971.3150107633896,1.0055966
2971.31732556955,1.016292
2971.319640375709,1.0040867
2971.32195518187,1.008555
2971.3242699880293,1.016499
2971.3265847941907,1.0109473
2971.328899600349,1.0044749
2971.33121440651,1.0054262
2971.3335292126703,1.0032893
2971.33584401883,1.0030243
2971.338158824904,0.99919873
2971.340473630874,1.0042977
2971.342788436843,1.0023583
2971.3451032428134,1.0002736
2971.347418048783,1.0111088
2971.3497328547533,1.0060799
2971.3520476607227,1.0032123
2971.3543624666922,1.0043726
2971.356677272662,1.0188996
2971.3589920786317,1.001899
2971.361306884601,1.0070723
2971.3636216905716,1.0022186
2971.365936496541,1.0006526
2971.3682513025124,1.009688
2971.3705661084805,1.0066227
2971.372880914452,0.9974929
2971.3751957204204,1.0105736
2971.3775105263917,1.0133475
2971.379825332275,0.9989023
2971.3821401380533,1.000438
2971.3844549438327,1.0005788
2971.3867697496116,1.0005859
2971.3890845553915,1.0136096
2971.3913993611704,1.0151467
2971.3937141669494,0.9985696
2971.3960289727274,1.006294
2971.398343778508,1.0030009
2971.4006585842862,1.0089316
2971.402973390067,1.0078486
2971.4052881958446,1.0038097
2971.4076030016254,1.0157413
2971.409917807403,1.0038564
2971.412232613183,1.0173383
2971.414547418962,1.002517
2971.416862224741,1.0048355
2971.4191770305188,1.0060216
2971.4214918362127,1.0021068
2971.4238066417993,1.0046178
2971.426121447389,1.0004579
2971.4284362529766,1.0083073
2971.4307510585654,1.015897
2971.4330658641534,1.0073099
2971.4353806697404,1.0013217
2971.4376954753293,1.0159737
2971.440010280917,1.0087936
2971.4423250865057,0.9928514
2971.444639892093,1.0083584
2971.446954697683,1.005057
2971.449269503268,1.0083113
2971.451584308858,1.0085808
2971.4538991144445,1.0060185
2971.4562139200343,1.0072082
2971.4585287256227,1.0050973
2971.4608435312102,1.00383
2971.463158336711,1.0032204
2971.465473142107,1.0007416
2971.4677879475043,1.0051996
2971.4701027529004,1.0079745
2971.4724175582974,1.0005603
2971.474732363693,0.99909455
2971.4770471690895,1.0009077
2971.4793619744864,1.0113295
2971.4816767798825,0.99750406
2971.48399158528,1.0048335
2971.4863063906755,1.0061829
2971.4886211960716,0.99084574
2971.4909360014685,1.007693
2971.493250806866,1.0102113
2971.495565612262,1.0006863
2971.497880417659,1.0100901
2971.500195223054,1.0099338
2971.502510028452,1.012154
2971.50482483376,1.0037413
2971.507139638966,1.0094559
2971.5094544441686,0.996801
2971.511769249375,0.9963167
2971.5140840545787,0.9979057
2971.516398859783,1.008805
2971.518713664988,1.0131179
2971.521028470192,1.0040607
2971.523343275398,0.99887335
2971.525658080601,1.0087562
2971.527972885807,1.0026168
2971.53028769101,1.0083737
2971.532602496215,1.0078979
2971.534917301418,0.99253744
2971.5372321066243,1.0078324
2971.539546911827,1.010918
2971.541861717033,1.0038477
2971.5441765222363,0.99961287
2971.546491327355,1.0191034
2971.5488061323654,0.99930966
2971.5511209373776,0.9920726
2971.5534357423903,1.0008631
2971.555750547402,1.0097517
2971.5580653524144,1.0131158
2971.560380157426,1.0029595
2971.5626949624375,1.00811
2971.56500976745,1.0018154
2971.5673245724615,1.0182846
2971.5696393774742,0.9933016
2971.571954182486,1.0033715
2971.574268987497,0.98831874
2971.5765837925087,0.9939874
2971.5788985975214,1.0108936
2971.5812134025346,1.0182011
2971.5835282075464,1.0184251
2971.585843012559,1.0062602
2971.588157817483,1.0147607
2971.590472622301,1.0022563
2971.5927874271197,1.0036131
2971.5951022319396,1.0093383
2971.597417036759,1.0046469
2971.5997318415775,1.009336
2971.602046646396,0.9968486
2971.6043614512146,0.99213785
2971.606676256034,1.0095171
2971.608991060853,1.0104246
2971.6113058656724,1.0071547
2971.6136206704928,1.0219588
2971.6159354753095,0.9997335
2971.61825028013,1.0046221
2971.6205650849474,1.0056133
2971.6228798897682,1.0002583
2971.625194694586,1.0051767
2971.627509499406,0.9966211
2971.6298243041356,0.9972304
2971.6321391087617,1.0083747
2971.634453913387,1.0015925
2971.636768718013,1.0139086
2971.639083522637,1.0049937
2971.641398327264,0.999512
2971.6437131318885,1.0014907
2971.6460279365156,0.99937916
2971.6483427411404,1.0028151
2971.6506575457665,0.99683887
2971.6529723503927,1.0068
2971.6552871550166,0.9976231
2971.6576019596437,0.99257636
2971.659916764268,0.9995697
2971.662231568895,1.0076917
2971.6645463735194,1.009405
2971.6668611781465,1.0066963
2971.6691759827695,1.0140848
2971.6714907873084,1.0033523
2971.6738055917385,1.0042659
2971.6761203961714,1.0124391
2971.678435200603,1.0076295
2971.6807500050345,0.99444276
2971.6830648094656,1.0081028
2971.685379613898,1.0020802
2971.687694418329,0.99631417
2971.69000922276,1.0108881
2971.692324027192,1.0102237
2971.6946388316233,1.0014969
2971.6969536360543,0.998791
2971.699268440487,1.0007854
2971.701583244918,0.9928093
2971.7038980493503,0.9939956
2971.706212853781,1.0058104
2971.708527658214,1.0145775
2971.7108424626445,1.0008702
2971.713157266989,1.0118622
2971.7154720712233,0.9995495
2971.7177868754625,1.0160424
2971.7201016797,1.01079
2971.7224164839363,1.0036612
2971.724731288173,0.9965151
2971.727046092411,1.0033288
2971.729360896648,0.99527365
2971.731675700884,1.0008459
2971.7339905051217,0.99961746
2971.7363053093586,1.0010476
2971.738620113597,1.0132557
2971.740934917833,1.0102371
2971.7432497220716,1.0193963
2971.745564526307,1.0007468
2971.7478793305445,0.9919981
2971.7501941347814,1.0067124
2971.75250893902,1.0099684
2971.7548237431656,1.0031316
2971.7571385472097,1.0229475
2971.75945335125,1.0007708
2971.761768155294,1.0048592
2971.7640829593347,1.0045116
2971.7663977633783,1.0127795
2971.768712567418,1.0026519
2971.7710273714615,0.9898446
2971.7733421755042,1.0047617
2971.775656979546,1.0062387
2971.777971783589,0.99726254
2971.7802865876306,1.0003718
2971.782601391672,0.98735625
2971.7849161957133,1.0043895
2971.787230999756,1.0032547
2971.789545803799,1.0067436
2971.7918606078415,0.9954511
2971.794175411882,0.99390244
2971.7964902158374,1.0096624
2971.7988050196823,1.0182059
2971.8011198235295,1.0061171
2971.8034346273766,1.0111171
2971.805749431224,1.0038395
2971.80806423507,1.0031623
2971.810379038916,1.014176
2971.812693842762,1.0209131
2971.8150086466094,0.9996372
2971.8173234504557,0.99724865
2971.819638254303,0.99908406
2971.8219530581487,1.0053973
2971.824267861995,1.0142078
2971.826582665842,1.0040644
2971.8288974696884,1.0055357
2971.8312122735356,1.0022895
2971.8335270773828,0.99197704
2971.8358418812277,0.9934464
2971.8381566849866,0.996211
2971.840471488636,1.0156875
2971.8427862922877,0.99934626
2971.8451010959366,1.0096655
2971.847415899589,1.0019261
2971.849730703237,1.0044112
2971.852045506889,1.0099206
2971.8543603105386,1.0090252
2971.8566751141907,1.0062225
2971.8589899178396,1.0041951
2971.8613047214917,1.016609
2971.863619525142,1.014479
2971.8659343287927,1.016161
2971.868249132444,1.0062193
2971.870563936093,0.9994459
2971.8728787397454,1.0057253
2971.8751935433943,1.0024875
2971.8775083470464,1.0057648
2971.879823150606,1.0055531
2971.882137954062,1.0110564
2971.884452757514,1.0000432
2971.8867675609686,1.0058168
2971.8890823644215,1.0007521
2971.8913971678767,0.9982859
2971.8937119713314,1.0119
2971.896026774785,1.0027487
2971.898341578238,1.0101538
2971.900656381693,1.0160156
2971.9029711851463,1.0088859
2971.905285988601,1.0039465
2971.907600792055,1.009231
2971.9099155955078,0.99752796
2971.9122303989625,1.0030385
2971.914545202416,0.9970374
2971.9168600058706,1.0050539
2971.9191748093244,1.0022686
2971.921489612688,0.9873489
2971.9238044159442,1.0143073
2971.9261192192016,1.0033398
2971.92843402246,1.0098038
2971.930748825716,1.0035576
2971.933063628974,0.99664164
2971.9353784322284,1.0112716
2971.9376932354867,1.0045438
2971.940008038743,1.0084453
2971.9423228420005,1.0030472
2971.944637645258,1.0084146
2971.9469524485144,0.9983876
2971.949267251771,0.99793327
2971.951582055027,0.99496984
2971.9538968582847,0.9993788
2971.956211661541,1.0065794
2971.9585264647994,0.995261
2971.960841268055,1.0050694
2971.9631560712232,1.0209905
2971.965470874281,1.0177852
2971.9677856773405,0.9977931
2971.9701004803997,1.0043352
2971.972415283459,1.0117878
2971.9747300865165,1.0124028
2971.9770448895774,1.0003284
2971.979359692635,1.0174638
2971.9816744956956,1.010902
2971.983989298754,1.0140667
2971.9863041018143,1.0161473
2971.9886189048734,1.0128834
2971.9909337079316,1.0082015
2971.9932485109903,1.0004737
2971.9955633140503,1.009911
2971.99787811711,1.0077442
2972.0001929201685,1.002478
2972.002507723227,1.0054235
2972.0048225261958,0.994824
2972.007137329057,0.99389654
2972.009452131918,0.997536
2972.011766934779,1.0143777
2972.0140817376396,1.0038788
2972.016396540502,1.0035787
2972.0187113433626,1.005272
2972.021026146223,1.0151445
2972.0233409490843,1.0079663
2972.025655751945,1.0103321
2972.0279705548064,1.0105124
2972.030285357667,0.99782777
2972.032600160527,1.0059079
2972.0349149633885,0.9979209
2972.0372297662493,1.0011021
2972.0395445691106,0.9963423
2972.041859371971,1.0146269
2972.0441741748314,1.0027949
2972.0464889776026,1.0045183
2972.0488037802643,0.9983556
2972.051118582927,1.0000868
2972.0534333855894,0.9989244
2972.0557481882497,0.99822545
2972.0580629909136,1.0006694
2972.0603777935744,1.0055438
2972.062692596238,1.000521
2972.065007398898,1.0034082
2972.067322201562,1.0139248
2972.0696370042224,1.0059367
2972.0719518068854,1.012664
2972.074266609546,1.0084491
2972.0765814122096,1.0049006
2972.07889621487,0.9976153
2972.0812110175334,0.9999616
2972.0835258201955,1.0111722
2972.085840622858,1.0042562
2972.0881554254292,0.99709445
2972.090470227891,1.0092428
2972.0927850303556,1.0119479
2972.0950998328167,1.0053866
2972.0974146352805,1.0071229
2972.099729437742,0.9986896
2972.1020442402064,1.0021276
2972.104359042667,1.0083687
2972.1066738451304,1.0102845
2972.108988647593,1.009547
2972.111303450056,0.9943467
2972.1136182525192,0.9896491
2972.1159330549817,0.99476784
2972.1182478574433,0.9986225
2972.1205626599067,1.0006875
2972.122877462369,1.0031006
2972.125192264832,1.0145383
2972.1275070672946,1.0037327
2972.1298218696656,1.0136265
2972.1321366719276,1.0054867
2972.134451474191,1.0091709
2972.136766276454,1.0078777
2972.1390810787166,1.0022717
2972.1413958809785,1.001301
2972.143710683243,0.99627846
2972.1460254855037,1.0068663
2972.148340287767,1.0088899
2972.1506550900294,0.9985217
2972.1529698922936,0.99732643
2972.1552846945538,0.9992469
2972.157599496818,1.0046501
2972.1599142990794,1.017767
2972.162229101343,1.0040127
2972.1645439036047,1.0085776
2972.166858705869,1.0141128
2972.169173508129,0.99297875
2972.171488310302,1.0174164
2972.1738031123655,1.002323
2972.1761179144264,1.0150353
2972.1784327164896,0.9914532
2972.18074751855,1.0179635
2972.183062320614,1.0043713
2972.185377122674,1.0073006
2972.187691924737,1.020717
2972.190006726799,1.0177307
2972.1923215288616,1.0054969
2972.1946363309216,1.0026901
2972.1969511329853,0.9962472
2972.1992659350462,1.0070199
2972.20158073711,1.01192
2972.2038955391704,1.0064523
2972.206210341234,0.9980239
2972.2085251432954,1.0017779
2972.210839945357,1.0016263
2972.2131547473273,1.0133203
2972.2154695491886,0.996215
2972.217784351049,1.0006983
2972.2200991529103,1.0092847
2972.2224139547707,0.9934365
2972.224728756631,1.010141
2972.2270435584924,0.9993212
2972.229358360353,0.99645495
2972.2316731622145,1.0077788
2972.2339879640745,0.995594
2972.236302765935,1.0012641
2972.2386175677975,1.0092119
2972.240932369657,0.99987024
2972.243247171519,0.9929661
2972.2455619733782,1.0176389
2972.247876775241,1.002356
2972.2501915771004,1.0087297
2972.2525063789617,0.9996448
2972.2548211807316,1.0070388
2972.25713598239,1.003198
2972.25945078405,1.0069287
2972.261765585708,0.9994307
2972.2640803873664,1.0159215
2972.2663951890263,1.0030874
2972.2687099906866,0.9963752
2972.2710247923433,0.99454886
2972.2733395940036,0.9976606
2972.2756543956616,0.99365777
2972.277969197322,1.0158863
2972.2802839989795,0.9999371
2972.2825988006402,1.0035578
2972.2849136022974,0.99836683
2972.287228403957,1.0005374
2972.2895432056157,0.998626
2972.291858007275,1.0014274
2972.2941728089327,1.0029291
2972.2964876105016,1.0071129
2972.2988024119572,0.9933486
2972.3011172134143,1.0037024
2972.303432014871,0.9980646
2972.305746816328,1.0039697
2972.308061617784,1.0088876
2972.3103764192397,1.0119216
2972.312691220697,0.9989626
2972.3150060221533,1.0116642
2972.3173208236103,1.0070107
2972.3196356250664,1.0028328
2972.3219504265226,0.9951541
2972.3242652279787,1.000805
2972.3265800294357,0.99129486
2972.3288948308928,1.0020041
2972.3312096323493,1.0029037
2972.3335244338073,1.0053102
2972.3358392352634,1.0070794
2972.3381540366267,0.999221
2972.34046883788,1.004605
2972.3427836391343,1.0020627
2972.345098440387,1.0103549
2972.3474132416413,0.9988369
2972.349728042894,1.0064547
2972.352042844147,1.0046455
2972.3543576454013,1.0035186
2972.3566724466546,0.99624074
2972.3589872479083,0.99315405
2972.361302049161,1.0103438
2972.3636168504167,0.99620515
2972.3659316516682,1.0038167
2972.3682464529224,0.99994636
2972.3705612541758,1.0047095
2972.3728760554295,1.0039997
2972.3751908566815,0.99136263
2972.3775056579366,1.0123086
2972.379820459096,0.9985887
2972.382135260147,0.9985701
2972.384450061196,1.0043675
2972.386764862247,0.99185807
2972.389079663294,1.0076646
2972.3913944643455,1.0220613
2972.393709265396,0.9935519
2972.396024066445,0.9986012
2972.3983388674956,1.0098034
2972.4006536685447,0.99508697
2972.4029684695943,1.0022454
2972.4052832706443,1.0137295
2972.407598071694,0.9929506
2972.4099128727435,0.99657667
2972.412227673793,0.984864
2972.4145424748426,1.0014485
2972.416857275892,1.0138265
2972.4191720769422,0.99183273
2972.421486877901,0.99704826
2972.423801678746,1.0057627
2972.4261164795903,1.0015053
2972.4284312804366,1.0048004
2972.4307460812815,0.99855894
2972.4330608821274,0.9983621
2972.435375682973,1.0077233
2972.4376904838177,1.0073092
2972.440005284663,1.0044514
2972.4423200855085,0.99720925
2972.4446348863544,1.0192075
2972.4469496871993,1.0034254
2972.4492644880447,0.9891123
2972.45157928889,0.9952202
2972.453894089736,1.0028956
2972.4562088905805,1.0053914
2972.458523691427,1.0107142
2972.4608384922713,1.012219
2972.4631532930252,0.9958292
2972.4654680936637,0.99806273
2972.467782894306,0.9944337
2972.470097694945,0.9934254
2972.472412495587,0.996176
2972.4747272962245,1.0045738
2972.477042096867,1.0032037
2972.4793568975056,0.9978134
2972.4816716981477,1.0037124
2972.4839864987866,0.99748814
2972.4863012994288,0.99870723
2972.4886161000686,1.009845
2972.4909309007085,0.99407667
2972.493245701349,1.0107458
2972.4955605019895,1.0032529
2972.4978753026303,0.99872255
2972.5001901032706,1.0057744
2972.50250490391,0.9904424
2972.5048197044575,1.0061905
2972.5071345048927,0.99753886
2972.5094493053275,1.0137854
2972.5117641057627,1.0077187
2972.5140789061957,0.99376035
2972.5163937066322,1.0025883
2972.5187085070665,1.0058811
2972.5210233075018,1.0017278
2972.523338107936,0.98310876
2972.5256529083713,1.0146685
2972.527967708806,1.0020536
2972.53028250924,1.0057199
2972.532597309674,1.0012679
2972.5349121101094,1.0061088
2972.537226910544,0.9949529
2972.5395417109794,1.0058552
2972.5418565114132,1.0000443
2972.5441713118475,1.0014449
2972.5464861121895,0.99911773
2972.5488009124183,1.0069451
2972.5511157126466,0.9948833
2972.5534305128754,0.9983869
2972.5557453131023,0.9986344
2972.558060113332,0.9999922
2972.5603749135594,1.008334
2972.5626897137895,0.99639136
2972.565004514016,1.0027357
2972.5673193142466,0.9952259
2972.569634114472,1.0054531
2972.5719489147023,1.0110745
2972.57426371493,0.9860131
2972.5765785151593,0.9897003
2972.578893315388,0.99536633
2972.581208115616,1.0039835
2972.5835229158442,0.99308926
2972.585837716073,1.0018363
2972.588152516207,1.0000637
2972.590467316229,1.0223342
2972.59278211625,0.9934156
2972.595096916271,0.98965734
2972.597411716294,0.9971875
2972.599726516314,1.0112066
2972.602041316337,0.99783957
2972.604356116357,1.0054779
2972.606670916379,0.9972476
2972.6089857163993,1.0014428
2972.611300516422,1.0006863
2972.613615316444,1.0106134
2972.6159301164653,1.0005829
2972.6182449164858,0.9974046
2972.620559716508,0.9955246
2972.622874516529,1.0038031
2972.6251893165513,0.99405944
2972.6275041165723,1.0022551
2972.6298189164986,1.0101517
2972.632133716313,0.9912693
2972.634448516126,1.0000675
2972.6367633159407,0.99992734
2972.6390781157543,1.013843
2972.641392915568,1.0091007
2972.6437077153832,1.0085722
2972.646022515195,1.0201229
2972.6483373150104,0.9937581
2972.650652114823,1.000618
2972.6529669146385,1.0062326
2972.6552817144498,1.0021774
2972.6575965142647,1.009566
2972.6599113140774,1.0170262
2972.6622261138928,1.0026006
2972.6645409137054,1.0183358
2972.666855713521,1.0047654
2972.6691705133326,1.0036377
2972.6714853130525,0.99939424
2972.6738001126587,1.0019752
2972.676114912264,1.0026901
2972.6784297118697,1.002203
2972.680744511475,1.0068713
2972.68305931108,1.000537
2972.6853741106856,1.011164
2972.687688910292,0.9971902
2972.690003709897,1.0066371
2972.6923185095034,1.0082586
2972.694633309107,0.996746
2972.696948108714,1.0098403
2972.6992629083184,0.9971866
2972.701577707925,1.0069442
2972.7038925075303,1.0155165
2972.7062073071365,0.99169177
2972.708522106742,1.0005226
2972.7108369063462,0.9984392
2972.7131517058574,0.9970625
2972.7154665052535,0.99173033
2972.7177813046505,1.0066403
2972.720096104047,1.0252744
2972.722410903443,0.9983953
2972.724725702839,1.0066439
2972.727040502236,0.9993512
2972.729355301632,1.0026525
2972.731670101029,0.99979424
2972.733984900425,0.99476856
2972.7362996998213,0.9990453
2972.7386144992192,1.0043778
2972.7409292986144,1.006516
2972.7432440980124,0.9983947
2972.745558897407,0.99402523
2972.747873696806,0.9990708
2972.7501884962007,0.99957526
2972.7525032955978,1.000792
2972.754818094899,1.0025041
2972.757132894086,1.0103517
2972.7594476932713,1.0046111
2972.7617624924596,1.0007868
2972.764077291645,1.0120407
2972.7663920908335,1.003016
2972.76870689002,1.0066619
2972.7710216892074,0.9987379
2972.773336488394,1.0020661
2972.7756512875803,0.997397
2972.7779660867677,1.0199242
2972.780280885954,1.0006858
2972.7825956851425,1.0069927
2972.7849104843276,1.0073342
2972.7872252835164,1.0152034
2972.789540082702,1.022014
2972.7918548818893,1.0155628
2972.794169681075,0.9941131
2972.7964844801677,1.0005163
2972.798799279143,0.9971165
2972.8011140781205,1.0234786
2972.803428877097,1.008879
2972.8057436760737,1.0079768
2972.80805847505,1.0043304
2972.810373274026,1.0155456
2972.812688073003,1.0028478
2972.8150028719792,1.0087218
2972.817317670956,1.0014398
2972.8196324699325,0.99991375
2972.8219472689084,1.0028703
2972.8242620678852,1.0008773
2972.8265768668616,1.0024242
2972.82889166584,1.014041
2972.831206464815,1.0065168
2972.833521263793,1.0087662
2972.8358360627676,0.99667126
2972.838150861649,0.9983545
2972.8404656604134,0.9921193
2972.8427804591806,0.99621415
2972.8450952579446,0.989459
2972.847410056712,1.0050801
2972.8497248554754,0.99654406
2972.8520396542417,1.0028521
2972.854354453007,0.99248177
2972.856669251774,0.99806374
2972.858984050539,0.9994249
2972.861298849304,0.9972366
2972.863613648069,1.0063359
2972.8659284468354,0.99716324
2972.8682432456008,1.0030084
2972.8705580443666,0.9997512
2972.872872843132,0.9910352
2972.875187641897,0.99037105
2972.8775024406627,0.98782635
2972.879817239332,0.9962345
2972.8821320378875,1.0093906
2972.88444683644,0.9940502
2972.8867616349953,0.993921
2972.8890764335474,1.0089843
2972.8913912321023,1.0052315
2972.8937060306566,1.0074011
2972.89602082921,1.0031219
2972.8983356277645,0.9955579
2972.900650426318,1.0123703
2972.9029652248714,1.0097557
2972.905280023426,1.0045161
2972.9075948219793,1.0055089
2972.9099096205337,1.006119
2972.9122244190876,1.0042863
2972.9145392176406,1.0055604
2972.916854016194,1.0089843
2972.9191688147484,1.0032731
2972.9214836132055,0.99667186
2972.923798411549,1.000817
2972.9261132098886,1.0058516
2972.928428008232,1.0110002
2972.930742806572,1.0043408
2972.933057604914,1.0086818
2972.9353724032558,0.99805266
2972.937687201598,1.0142335
2972.9400019999375,0.9996906
2972.942316798281,1.0120528
2972.944631596621,0.99166715
2972.946946394964,0.9942945
2972.949261193304,1.0071876
2972.9515759916476,1.0011369
2972.9538907899882,1.0162772
2972.95620558833,1.0064045
2972.958520386672,1.0092648
2972.960835185013,1.0126567
2972.9631499832585,1.0067635
2972.9654647813863,1.0167193
2972.9677795795146,1.0016156
2972.970094377644,0.9954944
2972.972409175772,1.0039097
2972.9747239739,0.9998242
2972.977038772029,0.99607813
2972.9793535701574,1.008267
2972.9816683682875,1.0055497
2972.983983166416,1.0132225
2972.986297964545,0.9986101
2972.9886127626733,1.0139588
2972.990927560801,0.99605715
2972.9932423589303,1.0007905
2972.9955571570586,1.010539
2972.997871955188,0.9979608
2973.0001867533165,1.0029476
2973.0025015514443,0.9942579
2973.004816349476,0.9979127
2973.007131147391,0.9959186
2973.0094459453067,1.0078281
2973.011760743221,0.99832284
2973.0140755411353,1.0035161
2973.016390339051,1.0064094
2973.0187051369667,0.9946366
2973.021019934881,1.0056809
2973.023334732797,0.986224
2973.0256495307103,1.0086218
2973.027964328627,1.0034137
2973.030279126541,0.98871064
2973.032593924457,1.0024586
2973.034908722371,1.0011102
2973.0372235202876,0.9945185
2973.0395383182,0.99356604
2973.0418531161163,1.0007069
2973.0441679140304,0.9981558
2973.0464827118494,1.0034016
2973.0487975095507,1.0022945
2973.051112307251,0.9967342
2973.053427104951,0.99875426
2973.055741902652,0.9979416
2973.058056700353,0.9984244
2973.0603714980534,0.9962743
2973.0626862957547,1.0015659
2973.0650010934555,1.0019892
2973.0673158911554,0.9918748
2973.0696306888567,0.99446636
2973.071945486557,1.0111861
2973.0742602842583,0.9966873
2973.076575081959,0.9894489
2973.0788898796613,0.99950683
2973.0812046773603,1.0099502
2973.0835194750616,1.0116416
2973.085834272763,0.99958897
2973.088149070366,0.9941434
2973.0904638678526,1.0019848
2973.0927786653374,1.0006862
2973.095093462823,1.0014201
2973.097408260309,0.9981383
2973.0997230577955,1.0012844
2973.1020378552817,0.99885726
2973.1043526527674,1.0009775
2973.1066674502526,0.9984716
2973.10898224774,1.0068576
2973.1112970452245,1.0034009
2973.113611842712,0.99081016
2973.115926640197,1.0181319
2973.1182414376844,1.0198584
2973.1205562351674,1.0021808
2973.122871032655,0.991877
2973.12518583014,0.9898664
2973.1275006276273,1.0005485
2973.1298154250135,0.99975944
2973.1321302222855,0.9966619
2973.1344450195547,0.9915526
2973.136759816826,1.0050837
2973.139074614097,1.0121558
2973.141389411367,1.0011642
2973.143704208638,0.9964653
2973.146019005908,0.98559827
2973.148333803178,0.99826276
2973.150648600449,0.99294317
2973.1529633977193,0.9980713
2973.1552781949904,1.0005505
2973.15759299226,0.9962244
2973.1599077895303,0.9990921
2973.1622225868014,1.0058508
2973.1645373840715,1.0088174
2973.1668521813413,0.99593717
2973.1691669786123,0.99510103
2973.1714817757843,1.0022748
2973.1737965728403,1.011148
2973.1761113698935,1.000216
2973.1784261669495,0.9967455
2973.1807409640023,0.98974204
2973.1830557610574,1.0040491
2973.185370558111,1.0012968
2973.187685355166,1.001268
2973.1900001522195,0.99875665
2973.1923149492754,0.9959468
2973.1946297463282,0.9937777
2973.1969445433842,1.009464
2973.1992593404384,0.99601865
2973.2015741374935,0.99345845
2973.2038889345495,0.9897112
2973.2062037316014,1.0039681
2973.208518528658,1.00638
2973.2108333257106,0.9930715
2973.213148122668,1.0013682
2973.2154629195047,0.99006414
2973.2177777163442,1.0062386
2973.220092513179,0.999438
2973.2224073100188,1.0015533
2973.2247221068565,1.0069629
2973.2270369036946,1.0046088
2973.2293517005314,1.0004534
2973.231666497371,0.99447215
2973.2339812942078,1.0030608
2973.2362960910455,1.0092591
2973.238610887884,1.0005597
2973.2409256847222,0.994273
2973.24324048156,1.0097979
2973.245555278397,1.0098537
2973.2478700752345,1.0068806
2973.250184872073,0.99330133
2973.252499668911,1.0039369
2973.2548144656503,0.9937398
2973.2571292622706,1.0129336
2973.259444058891,1.0064951
2973.261758855512,1.0010649
2973.2640736521334,1.0037857
2973.2663884487542,1.0023127
2973.2687032453755,0.9982388
2973.2710180419945,1.0089804
2973.2733328386166,1.004601
2973.2756476352365,0.99325216
2973.2779624318587,1.0234908
2973.280277228478,1.0038049
2973.2825920251003,1.0131559
2973.284906821719,0.9944394
2973.287221618341,1.00769
2973.2895364149604,1.0024003
2973.2918512115825,0.99509895
2973.294166008202,1.004356
2973.2964808047254,0.9984054
2973.298795601128,1.000679
2973.301110397531,1.0008572
2973.303425193935,0.99400806
2973.3057399903378,0.9956839
2973.308054786741,0.99742895
2973.3103695831437,1.0082384
2973.3126843795485,1.0018579
2973.3149991759506,0.99965554
2973.317313972355,1.000468
2973.319628768757,0.9962717
2973.321943565161,1.0126833
2973.3242583615624,0.99366903
2973.326573157967,0.98597205
2973.3288879543697,1.0154498
2973.3312027507736,1.0024339
2973.3335175471766,0.9951282
2973.33583234358,1.0033201
2973.3381471398834,1.001673
2973.3404619360686,1.0028734
2973.342776732254,0.9900701
2973.345091528439,1.0034174
2973.3474063246244,1.0031409
2973.349721120809,1.0071923
2973.352035916994,1.0093892
2973.3543507131794,1.0144124
2973.356665509364,1.0051454
2973.358980305551,1.0048025
2973.3612951017344,1.0082711
2973.363609897921,1.0057758
2973.3659246941047,1.0015724
2973.3682394902908,1.0071421
2973.370554286474,1.0027634
2973.372869082661,1.0142102
2973.375183878845,1.0053883
2973.3774986750313,1.0071696
2973.379813471116,1.02042
2973.382128267084,0.99964374
2973.3844430630493,1.019442
2973.386757859016,1.0004803
2973.3890726549835,1.0122057
2973.39138745095,0.99635243
2973.393702246917,1.003606
2973.3960170428836,1.0087123
2973.3983318388496,1.0082251
2973.400646634817,1.0102998
2973.4029614307833,1.0059229
2973.40527622675,1.0104805
2973.4075910227166,0.9987198
2973.4099058186825,1.0164567
2973.412220614649,1.008646
2973.4145354106163,1.0087504
2973.4168502065836,1.0042206
2973.419165002551,0.99981886
2973.421479798417,1.0147756
2973.4237945941663,0.99673736
2973.426109389912,1.0052669
2973.428424185661,0.99146444
2973.4307389814085,1.0042245
2973.4330537771575,1.0010974
2973.435368572905,0.9988677
2973.4376833686524,1.0046787
2973.4399981643996,1.011796
2973.4423129601482,1.0058612
2973.444627755896,1.0199162
2973.446942551644,1.0090609
2973.4492573473913,0.99450827
2973.451572143139,1.0071027
2973.453886938888,1.0038681
2973.4562017346348,0.999029
2973.4585165303843,1.0206832
2973.460831326131,1.0162817
2973.4631461217805,1.0173566
2973.4654609173067,1.0105475
2973.467775712837,0.99899065
2973.4700905083655,1.0145924
2973.472405303895,1.003564
2973.474720099422,1.0107135
2973.477034894952,1.0118456
2973.4793496904795,0.99400204
2973.48166448601,1.0068816
2973.4839792815383,1.0023448
2973.4862940770677,1.0041445
2973.4886088725957,1.0218732
2973.4909236681237,0.99789906
2973.4932384636522,1.0081415
2973.4955532591816,0.997688
2973.49786805471,1.0057888
2973.5001828502395,1.0116817
2973.5024976457676,1.0174898
2973.504812441196,1.0091296
2973.507127236506,1.0078422
2973.509442031815,1.0190091
2973.5117568271253,1.000103
2973.514071622435,1.0025123
2973.516386417743,1.0063078
2973.5187012130536,1.0141097
2973.5210160083616,1.0058422
2973.5233308036727,0.9995474
2973.52564559898,1.0078919
2973.5279603942913,0.9999705
2973.5302751895993,1.0048105
2973.5325899849095,1.0164195
2973.534904780217,1.0049002
2973.5372195755285,0.9971354
2973.539534370836,1.0011894
2973.541849166147,1.0072396
2973.544163961456,0.9948195
2973.546478756666,0.99966496
2973.548793551756,1.0125254
2973.551108346845,1.0113746
2973.5534231419356,1.0132953
2973.555737937025,1.0148509
2973.5580527321154,1.0038482
2973.560367527205,1.0135592
2973.562682322296,1.0069702
2973.5649971173843,1.007328
2973.567311912475,1.0076605
2973.5696267075646,1.0090058
2973.5719415026547,1.0046215
2973.574256297743,0.9955513
2973.576571092835,1.0082414
2973.578885887924,0.9981462
2973.5812006830142,1.001664
2973.583515478104,1.0161386
2973.5858302731945,0.9949507
2973.588145068184,1.0023626
2973.5904598630536,0.99080473
2973.5927746579246,1.0038531
2973.5950894527946,1.0065702
2973.597404247665,0.9881122
2973.599719042535,1.0156472
2973.6020338374046,1.0138901
2973.6043486322747,1.0049379
2973.6066634271456,0.9969897
2973.6089782220174,1.0090915
2973.611293016886,0.9998336
2973.613607811758,0.99582446
2973.6159226066256,1.001133
2973.6182374014975,0.99237967
2973.6205521963666,1.0011969
2973.622866991238,1.0099022
2973.625181786107,1.0011883
2973.627496580979,1.0109106
2973.629811375748,1.0027187
2973.6321261703993,0.9972938
2973.634440965049,1.0134238
2973.6367557597005,0.998066
2973.6390705543517,1.0107605
2973.6413853490017,1.0025381
2973.643700143652,0.9968105
2973.6460149383033,0.98789734
2973.6483297329537,1.0045809
2973.650644527605,1.001154
2973.652959322255,0.9999707
2973.6552741169053,1.0004995
2973.6575889115556,1.0027925
2973.659903706207,1.0070642
2973.662218500858,0.99955463
2973.6645332955086,1.0007942
2973.6668480901585,1.0044688
2973.6691628848107,1.0017173
2973.67147767936,1.0110917
2973.673792473793,1.0077735
2973.676107268223,1.0105067
2973.6784220626555,0.9898336
2973.6807368570844,1.0029397
2973.683051651517,1.0082895
2973.685366445947,0.9984922
2973.68768124038,1.007113
2973.689996034809,1.0092435
2973.692310829242,0.9919168
2973.694625623672,0.99751747
2973.6969404181036,1.007939
2973.699255212536,1.0046037
2973.7015700069664,1.000656
2973.703884801399,0.99328876
2973.7061995958284,0.9945303
2973.7085143902614,0.9946882
2973.710829184691,1.0097983
2973.713143979024,0.9942512
2973.715458773235,0.99927926
2973.7177735674477,1.0010599
2973.720088361658,1.0016122
2973.7224031558712,1.0030237
2973.724717950082,0.99709094
2973.7270327442957,1.0059613
2973.729347538506,0.99371594
2973.7316623327197,1.0032572
2973.7339771269308,0.99698114
2973.7362919211428,1.0021046
2973.738606715355,0.99327415
2973.7409215095668,1.009387
2973.743236303778,0.9948236
2973.7455510979903,0.9933779
2973.7478658922023,1.0001639
2973.7501806864148,1.0091136
2973.7524954806263,1.0061114
2973.7548102747382,0.99561375
2973.757125068732,1.0047194
2973.759439862725,1.0056071
2973.7617546567185,0.98609847
2973.764069450712,0.9917521
2973.7663842447037,0.9988859
2973.7686990386987,1.0069287
2973.77101383269,1.0019777
2973.773328626685,1.0052217
2973.7756434206767,0.9882104
2973.7779582146713,1.0038455
2973.7802730086614,1.0064925
2973.782587802656,1.0085312
2973.784902596648,0.9942181
2973.7872173906426,0.9901471
2973.7895321846345,0.9902541
2973.791846978629,0.998015
2973.7941617726215,0.99831176
2973.796476566515,1.0020653
2973.7987913602906,1.0068581
2973.801106154066,1.004834
2973.8034209478406,0.99785787
2973.8057357416146,0.99508864
2973.8080505353887,1.0165154
2973.810365329164,1.0062082
2973.8126801229387,1.0059276
2973.814994916714,0.9993778
2973.8173097104886,1.0007557
2973.8196245042627,0.9856054
2973.821939298038,0.99580836
2973.824254091813,1.0007458
2973.8265688855877,0.99885315
2973.828883679363,1.0036426
2973.8311984731363,1.0059165
2973.8335132669126,1.0173361
2973.8358280606863,0.9943807
2973.8381428543635,1.0129173
2973.8404576479193,1.0025415
2973.8427724414782,1.00295
2973.8450872350345,1.0063325
2973.847402028591,1.0117406
2973.849716822148,1.0038165
2973.852031615706,1.0145379
2973.8543464092636,0.993513
2973.8566612028203,1.0129802
2973.858975996379,0.9999713
2973.8612907899337,1.0166986
2973.8636055834922,1.0032349
2973.865920377048,1.0031826
2973.8682351706066,1.0140287
2973.8705499641624,1.0089991
2973.872864757721,0.9966421
2973.8751795512767,0.99653953
2973.8774943448357,1.0013194
2973.879809138293,0.99591744
2973.882123931634,1.000168
2973.884438724973,1.01222
2973.8867535183144,0.99818456
2973.8890683116547,0.9947863
2973.8913831049954,0.9962021
2973.8936978983356,0.9892922
2973.896012691677,0.9903858
2973.898327485016,0.9994735
2973.9006422783564,0.9995017
2973.902957071697,1.0018411
2973.9052718650373,0.98759604
2973.9075866583785,0.99424124
2973.909901451718,0.999822
2973.912216245058,1.0046238
2973.9145310383988,1.0063664
2973.916845831739,1.0153731
2973.919160625081,1.0030252
2973.9214754183217,0.99151254
2973.923790211448,0.9956263
2973.9261050045716,0.99319065
2973.9284197976967,0.9987509
2973.9307345908196,1.0052155
2973.9330493839466,0.9947594
2973.9353641770695,1.0048733
2973.937678970196,0.99677944
2973.9399937633193,1.0082465
2973.9423085564454,0.9928525
2973.9446233495687,1.0107665
2973.946938142694,0.9968742
2973.949252935819,1.0040531
2973.9515677289437,1.0105782
2973.953882522069,1.0024765
2973.9561973151935,1.0098087
2973.9585121083173,1.0038555
2973.9608269014425,0.99040806
2973.96314169447,1.0036013
2973.965456487381,0.99471223
2973.967771280291,1.000475
2973.9700860732005,0.99809456
2973.9724008661105,1.0107589
2973.9747156590215,0.99471146
2973.9770304519325,1.0061244
2973.9793452448425,1.0026283
2973.9816600377526,1.0105702
2973.9839748306645,1.0030042
2973.986289623573,0.9938882
2973.988604416484,0.99968773
2973.990919209394,0.9938628
2973.9932340023065,1.0035523
2973.9955487952143,0.9951262
2973.997863588126,0.9903865
2974.0001783810353,0.99873686
2974.002493173947,1.0035359
2974.0048079667604,0.99665534
2974.007122759459,0.996894
2974.009437552156,1.0056828
2974.011752344853,0.9856263
2974.0140671375525,1.0002353
2974.016381930249,0.996017
2974.018696722948,0.98556083
2974.021011515644,1.0069681
2974.0233263083437,1.0030301
2974.0256411010387,1.0031166
2974.0279558937377,1.0033356
2974.0302706864354,1.0020714
2974.0325854791336,0.9991137
2974.0349002718294,0.9895743
2974.0372150645285,1.0079846
2974.0395298572253,1.0080233
2974.0418446499234,0.9957609
2974.0441594426215,1.0033238
2974.046474235224,0.9924349
2974.048789027711,1.0019381
2974.0511038201967,1.0203996
2974.0534186126833,1.0080901
2974.055733405171,0.99948215
2974.058048197657,0.9934293
2974.0603629901448,1.00245
2974.062677782631,0.99244153
2974.0649925751172,0.9970251
2974.067307367605,1.0031421
2974.0696221600915,1.0027027
2974.0719369525787,0.9997351
2974.0742517450662,1.0057065
2974.0765665375516,1.0087851
2974.0788813300396,1.0061841
2974.0811961225254,0.9987136
2974.083510915014,1.0027218
2974.0858257074988,0.99426657
2974.088140499893,0.97989005
2974.0904552921697,1.0056877
2974.0927700844486,1.0002377
2974.095084876725,0.99890345
2974.097399669005,1.0013852
2974.0997144612816,0.9951648
2974.1020292535613,0.99035776
2974.1043440458393,1.0095075
2974.106658838118,0.99627274
2974.108973630396,1.005257
2974.1112884226736,0.99420357
2974.1136032149525,1.0011878
2974.1159180072304,1.0225364
2974.1182327995093,0.9955094
2974.1205475917873,0.9963976
2974.122862384065,0.9966176
2974.1251771763436,0.9993789
2974.1274919686216,1.0036123
2974.129806760807,1.0040872
2974.1321215528787,1.0021813
2974.1344363449507,1.0068133
2974.136751137023,0.9988903
2974.139065929096,0.9991178
2974.141380721167,1.0147463
2974.143695513241,0.99936736
2974.146010305312,0.9902597
2974.1483250973856,0.98585093
2974.150639889456,0.9997296
2974.1529546815295,1.0118061
2974.1552694736006,0.9900392
2974.1575842656744,0.9934045
2974.159899057744,0.9941538
2974.162213849818,0.9969525
2974.164528641889,1.0036862
2974.1668434339626,1.0062348
2974.1691582260355,1.0066205
2974.171473018015,1.0021414
2974.1737878098843,0.9971973
2974.1761026017525,0.9943962
2974.1784173936226,1.0050268
2974.1807321854917,0.99819064
2974.183046977362,1.0092778
2974.1853617692304,0.99320877
2974.187676561101,0.991387
2974.1899913529687,0.98367614
2974.1923061448383,0.9987806
2974.1946209367075,1.0098006
2974.1969357285775,1.0029266
2974.199250520447,1.0077798
2974.201565312316,1.0051025
2974.2038801041845,1.0062486
2974.2061948960545,1.0117927
2974.208509687923,0.9938108
2974.2108244797932,0.99986726
2974.2131392715714,1.0011562
2974.2154540632405,1.0008547
2974.21776885491,1.0044204
2974.2200836465804,1.0068343
2974.2223984382504,0.9903443
2974.22471322992,1.001718
2974.227028021589,1.0076915
2974.2293428132602,0.9999576
2974.231657604929,1.0038525
2974.2339723965993,0.9912663
2974.2362871882683,0.9991257
2974.2386019799396,0.9916277
2974.240916771607,1.0053244
2974.243231563278,0.9881922
2974.245546354947,1.0085331
2974.2478611466177,1.0045877
2974.250175938286,0.9947894
2974.2524907299576,1.0053148
2974.254805521537,0.98983717
2974.2571203130115,0.99985707
2974.2594351044854,1.0079509
2974.2617498959603,0.9979011
2974.264064687435,0.99390036
2974.2663794789087,0.9996575
2974.268694270382,0.9980153
2974.271009061857,0.9805187
2974.273323853331,1.0088637
2974.275638644806,1.0035446
2974.2779534362794,0.9995706
2974.280268227753,1.0050306
2974.282583019228,0.98907423
2974.2848978107018,0.991747
2974.2872126021753,1.0026733
2974.28952739365,0.9851626
2974.2918421851236,1.0147563
2974.2941569765994,0.9953536
2974.2964717679856,0.98385257
2974.2987865592704,1.0013751
2974.301101350552,0.9903879
2974.303416141836,0.9972783
2974.3057309331175,1.0059367
2974.3080457244023,0.99628276
2974.3103605156844,0.99859434
2974.312675306969,1.003278
2974.3149900982507,1.0001506
2974.317304889535,0.99730283
2974.319619680817,1.002682
2974.321934472102,1.0043647
2974.324249263385,0.9833385
2974.3265640546674,1.0096916
2974.328878845951,0.9997432
2974.331193637234,1.0024912
2974.3335084285177,0.9864181
2974.3358232198007,0.99315786
2974.338138010999,1.0051978
2974.3404528020956,0.9995218
2974.3427675931935,1.0061612
2974.345082384291,1.0069745
2974.347397175389,1.0064112
2974.3497119664858,1.0050955
2974.3520267575823,1.0036855
2974.354341548681,0.9875627
2974.356656339777,1.0039802
2974.3589711308764,1.0016454
2974.3612859219725,1.0092494
2974.3636007130713,0.98661137
2974.365915504167,0.99590194
2974.3682302952648,1.0049337
2974.3705450863617,1.0017934
2974.37285987746,0.98968935
2974.3751746685557,1.0027257
2974.377489459655,0.98968166
2974.3798042506687,1.0008903
2974.382119041588,0.9956394
2974.3844338325057,0.9972647
2974.386748623423,1.0010699
2974.389063414341,0.996647
2974.391378205257,0.99560475
2974.3936929961756,0.995958
2974.3960077870915,0.9977977
2974.3983225780107,0.99576175
2974.4006373689267,0.9890791
2974.402952159846,0.9987052
2974.4052669507605,0.9929713
2974.4075817416797,0.9991794
2974.4098965325957,1.0026064
2974.412211323515,0.99863183
2974.4145261144304,0.9904392
2974.4168409053495,0.99121404
2974.4191556962664,1.0071042
2974.4214704871047,1.0040566
2974.4237852778497,0.99248236
2974.4261000685933,1.0033536
2974.428414859338,1.0115417
2974.4307296500815,0.996619
2974.433044440825,0.9937702
2974.4353592315697,0.9822281
2974.437674022314,0.99250174
2974.4399888130583,0.9934701
2974.4423036038015,0.9951508
2974.4446183945456,1.0119271
2974.44693318529,0.99986154
2974.4492479760347,1.0030233
2974.451562766779,1.0046382
2974.4538775575234,0.9982305
2974.4561923482656,1.012804
2974.4585071390115,0.99757624
2974.4608219297543,1.0099428
2974.4631367204247,0.9955755
2974.465451511001,0.9891566
2974.4677663015814,1.0017649
2974.470081092157,0.9949772
2974.4723958827367,0.9864257
2974.474710673314,1.0083095
2974.477025463894,0.99560827
2974.479340254471,0.99444985
2974.48165504505,1.0118161
2974.483969835628,0.9980014
2974.4862846262067,0.9934148
2974.488599416785,1.0003786
2974.490914207363,1.0081825
2974.493228997941,1.0032598
2974.495543788519,1.0045687
2974.4978585790973,0.9970898
2974.500173369676,0.99640006
2974.502488160254,1.0103664
2974.504802950761,0.9961478
2974.5071177411814,1.0018573
2974.509432531604,0.99513525
2974.5117473220234,1.004463
2974.514062112446,0.99565965
2974.516376902864,1.0003619
2974.5186916932867,1.0000961
2974.5210064837065,1.0023758
2974.5233212741286,1.0000925
2974.5256360645485,1.0067055
2974.5279508549706,1.004498
2974.53026564539,1.010518
2974.5325804358113,1.0073575
2974.534895226232,1.0194421
2974.5372100166533,1.0027581
2974.5395248070727,1.000909
2974.5418395974957,0.99587107
2974.5441543879156,1.0013007
2974.54646917827,0.99554324
2974.5487839685425,1.004824
2974.551098758816,1.0015914
2974.553413549089,0.9924926
2974.555728339361,1.0041684
2974.5580431296344,0.99939525
2974.560357919907,1.0036132
2974.5626727101803,1.0045712
2974.5649875004533,1.0051563
2974.5673022907254,0.9944033
2974.569617080998,1.0146841
2974.5719318712713,1.0049592
2974.5742466615457,0.99536145
2974.5765614518177,1.007608
2974.578876242092,1.005789
2974.5811910323623,1.0168095
2974.5835058226367,1.0072626
2974.5858206129083,1.0068642
2974.5881354031203,1.0102489
2974.5904501932546,1.010627
2974.592764983392,0.9874823
2974.595079773526,1.0004799
2974.597394563662,1.007797
2974.599709353797,1.005382
2974.6020241439332,1.0094026
2974.6043389340693,0.99204683
2974.606653724204,1.0050621
2974.6089685143393,0.9965744
2974.6112833044754,1.0057307
2974.613598094611,1.0082473
2974.615912884747,0.99931085
2974.618227674882,1.0029378
2974.620542465017,1.0138551
2974.622857255152,1.0081624
2974.6251720452883,0.9889668
2974.6274868354244,1.0041361
2974.6298016255028,1.014589
2974.6321164155142,1.0027199
2974.6344312055235,0.9996619
2974.636745995533,0.9994032
2974.6390607855437,0.9893638
2974.6413755755534,1.0084696
2974.6436903655635,1.0038309
2974.6460051555728,0.98822504
2974.6483199455824,0.9988367
2974.650634735593,0.99511516
2974.6529495256027,1.0000936
2974.6552643156124,1.0059259
2974.6575791056225,1.0042003
2974.659893895632,0.9963204
2974.662208685642,1.0064404
2974.6645234756534,1.0059825
2974.666838265662,1.0042492
2974.6691530556736,1.0028399
2974.6714678456306,1.0011672
2974.6737826355297,1.012775
2974.676097425426,0.9965234
2974.678412215325,1.0071608
2974.6807270052213,1.0130812
2974.683041795119,0.98936284
2974.685356585015,1.0105777
2974.6876713749143,1.0023823
2974.6899861648103,0.9823398
2974.6923009547095,1.0257173
2974.694615744605,0.9956084
2974.696930534504,1.0095696
2974.6992453244015,1.024027
2974.7015601142984,1.0009321
2974.7038749041967,1.000671
2974.7061896940936,0.98832
2974.7085044839905,1.001925
2974.710819273889,0.9953305
2974.7131340637416,0.9953043
2974.7154488535416,0.9974338
2974.7177636433407,1.0097101
2974.7200784331394,0.9938695
2974.72239322294,0.9914737
2974.724708012739,1.0025117
2974.727022802539,1.011315
2974.72933759234,1.0141445
2974.7316523821373,1.0079132
2974.7339671719387,0.9884102
2974.7362819617365,1.017817
2974.738596751538,0.9913077
2974.740911541336,1.0002059
2974.743226331137,0.9987896
2974.745541120934,0.9996276
2974.7478559107353,1.0034055
2974.7501707005345,0.9818384
2974.7524854903345,1.0084478
2974.754800280096,1.0052186
2974.757115069815,0.9881426
2974.759429859532,0.9858708
2974.7617446492495,1.0156345
2974.7640594389677,1.0130273
2974.766374228686,0.9893455
2974.7686890184036,1.0112288
2974.7710038081204,1.0023866
2974.7733185978377,0.99889183
2974.7756333875564,1.0059333
2974.7779481772736,0.98877317
2974.780262966992,0.99373496
2974.782577756709,0.99213415
2974.7848925464264,1.0029843
2974.7872073361445,1.0064466
2974.789522125863,1.0007279
2974.7918369155805,0.9961652
2974.7941517052986,1.0111893
2974.7964664949855,1.0061263
2974.798781284641,0.9964235
2974.801096074293,0.996055
2974.803410863948,1.0102491
2974.805725653601,0.9982725
2974.808040443256,1.0121312
2974.8103552329067,0.99515617
2974.8126700225616,1.0084479
2974.8149848122143,0.98972946
2974.8172996018693,0.9878624
2974.819614391521,0.9906466
2974.8219291811765,1.0076466
2974.8242439708297,1.0037593
2974.826558760483,0.99214303
2974.828873550137,0.98795795
2974.8311883397905,1.0049433
2974.8335031294446,1.0044922
2974.8358179190973,0.99287313
2974.8381327087304,1.0051221
2974.84044749834,1.0030978
2974.8427622879485,1.0082113
2974.845077077558,1.0030346
2974.847391867166,0.99571246
2974.8497066567747,1.0016651
2974.8520214463842,1.0162554
2974.8543362359937,1.0085573
2974.8566510256023,0.9939205
2974.858965815212,0.9994358
2974.861280604819,0.98999393
2974.8635953944295,0.99422854
2974.865910184037,0.9900348
2974.8682249736476,0.99664277
2974.870539763255,0.9872624
2974.8728545528656,0.9954449
2974.875169342473,0.9971577
2974.8774841320824,0.9972424
2974.8797989216796,1.0043042
2974.8821137112664,0.9964739
2974.884428500851,0.9934539
2974.886743290437,1.0126615
2974.889058080022,1.0018557
2974.8913728696084,1.0024911
2974.8936876591933,1.0087062
2974.896002448778,1.0069956
2974.898317238364,0.9889876
2974.900632027949,1.0004978
2974.902946817535,0.9999374
2974.9052616071203,0.9962145
2974.9075763967053,1.003666
2974.909891186291,1.0011635
2974.912205975876,0.986518
2974.914520765463,0.9986707
2974.9168355550473,0.9897483
2974.919150344634,0.9947223
2974.9214651342168,0.9943363
2974.9237799238035,0.99469703
2974.926094713387,1.0063001
2974.928409502974,1.0064753
2974.9307242925574,0.9833374
2974.933039082144,0.9982059
2974.9353538717273,0.9886641
2974.937668661313,0.9767282
2974.9399834508977,0.99530435
2974.9422982404844,1.0021819
2974.944613030069,1.0031097
2974.946927819654,1.0013486
2974.949242609238,0.99628526
2974.9515573988238,0.9908209
2974.9538721884082,1.0102223
2974.956186977994,1.0041091
2974.9585017675786,0.9995541
2974.960816557163,0.9927398
2974.96313134676,1.0028177
2974.965446136369,1.001445
2974.96776092598,0.99253434
2974.9700757155883,0.9938973
2974.972390505199,1.0094733
2974.9747052948064,0.99993134
2974.9770200844173,0.9977387
2974.9793348740277,0.9869693
2974.9816496636367,1.0007545
2974.983964453247,1.0003641
2974.986279242856,1.0074369
2974.9885940324652,0.98742926
2974.9909088220743,1.0003492
2974.9932236116847,0.99972415
2974.9955384012947,1.0016135
2974.9978531909037,0.999276
2975.0001679805127,0.9963665
2975.002482770122,0.9962553
2975.0047975597554,1.0046531
2975.007112349416,0.9882033
2975.0094271390785,0.9943715
2975.0117419287376,0.99611104
2975.0140567184,1.0024394
2975.01637150806,0.9932159
2975.018686297721,1.0032222
2975.0210010873816,1.0090327
2975.0233158770434,0.99497056
2975.0256306667025,0.9945126
2975.0279454563647,1.0104766
2975.0302602460247,1.0071546
2975.032575035687,0.99770087
2975.034889825346,0.9922231
2975.037204615009,0.9954434
2975.039519404669,1.0091254
2975.04183419433,1.0060073
2975.0441489839914,0.98452795
2975.046463773688,0.99846405
2975.0487785634296,0.9899366
2975.0510933531696,0.9816654
2975.05340814291,0.98973125
2975.0557229326514,0.98887026
2975.058037722392,0.9843246
2975.0603525121323,1.0126504
2975.0626673018737,0.9914019
2975.064982091614,1.0033101
2975.0672968813556,1.0131459
2975.069611671097,1.0131735
2975.0719264608365,0.9961467
2975.074241250579,0.992668
2975.076556040318,1.000427
2975.07887083006,0.9949887
2975.0811856197997,0.99141383
2975.083500409542,1.0027065
2975.0858151992816,1.0024267
2975.088129989073,0.99220645
2975.0904447789226,1.0004766
2975.092759568775,1.0006553
2975.095074358625,1.0124784
2975.0973891484773,1.0065552
2975.099703938327,0.99081576
2975.1020187281792,0.9945133
2975.1043335180298,0.99870116
2975.1066483078816,0.9883631
2975.108963097732,0.9986959
2975.111277887583,0.98403215
2975.113592677433,0.9892114
2975.1159074672846,0.9978362
2975.1182222571356,0.99702674
2975.120537046987,0.9904412
2975.122851836838,1.003258
2975.125166626688,1.0089474
2975.1274814165395,0.9920307
2975.1297962064546,1.0026182
2975.1321109964483,1.0016825
2975.1344257864425,0.9980893
2975.136740576433,1.007485
2975.139055366428,1.0073081
2975.1413701564193,1.0044926
2975.143684946414,0.99567246
2975.1459997364054,0.99660254
2975.1483145264,0.99455446
2975.15062931639,1.0021374
2975.152944106385,0.98134065
2975.1552588963773,1.0040723
2975.157573686371,1.0186727
2975.159888476362,1.0044671
2975.162203266357,1.0061755
2975.1645180563496,1.0167168
2975.166832846342,0.998819
2975.1691476363358,1.0002503
2975.1714624264087,0.98636866
2975.173777216576,0.9995878
2975.176092006743,1.0161695
2975.1784067969106,0.9912051
2975.1807215870795,1.0053906
2975.183036377247,1.004335
2975.1853511674153,1.0041418
2975.1876659575823,1.0084684
2975.1899807477503,0.9844583
2975.1922955379187,0.9945438
2975.194610328087,1.0057467
2975.1969251182545,0.9960245
2975.1992399084234,0.99882835
2975.419145042288,1.0107512
2975.421459834011,1.0221915
2975.423774625937,1.0137448
2975.4260894178637,1.0019505
2975.428404209789,1.0181185
2975.430719001715,1.0310415
2975.4330337936417,1.0294663
2975.4353485855677,1.0247056
2975.4376633774946,1.0166011
2975.43997816942,0.9939782
2975.442292961346,0.99541795
2975.444607753274,1.0062457
2975.446922545199,1.0053396
2975.4492373371268,0.999584
2975.4515521290514,1.0053324
2975.4538669209796,1.0215254
2975.4561817129043,1.0114625
2975.458496504831,0.9918021
2975.460811296756,1.0103524
2975.4631260888664,1.0050414
2975.465440881193,1.0166155
2975.467755673523,0.9913252
2975.47007046585,0.99962497
2975.4723852581797,1.0139967
2975.4747000505076,1.0022866
2975.477014842835,1.01282
2975.479329635164,1.0064697
2975.481644427492,1.0131239
2975.483959219821,1.0282749
2975.486274012149,1.0172646
2975.488588804477,1.0094607
2975.4909035968053,1.0203049
2975.4932183891333,1.0075511
2975.4955331814626,0.99751145
2975.4978479737906,1.0046016
2975.5001627661186,1.012625
2975.502477558446,1.0143375
2975.5047923509696,1.0162953
2975.5071071437233,1.0095024
2975.5094219364796,1.022845
2975.5117367292337,1.0180131
2975.51405152199,1.0145257
2975.5163663147437,1.0096738
2975.518681107499,0.99850106
2975.5209959002536,1.0107124
2975.5233106930104,1.0083497
2975.5256254857627,1.0151752
2975.5279402785195,1.0029461
2975.530255071273,1.01829
2975.5325698640295,1.0009359
2975.5348846567836,1.0130495
2975.53719944954,1.0159469
2975.5395142422944,1.026478
2975.541829035049,1.0219575
2975.5441438278044,1.017308
2975.546458620762,1.0154911
2975.5487734139656,1.0199254
2975.5510882071676,1.0528613
2975.5534030003696,1.0196168
2975.5557177935716,1.0212821
2975.558032586775,1.0148666
2975.560347379978,1.0224869
2975.5626621731803,1.0232198
2975.564976966382,1.029305
2975.5672917595844,1.0129967
2975.569606552788,1.0137998
2975.5719213459897,1.015736
2975.5742361391935,1.0179353
2975.5765509323946,1.0441694
2975.578865725599,1.0054443
2975.5811805188,1.0159899
2975.583495312003,1.0004709
2975.5858101052054,1.0373847
2975.588124898619,0.9996283
2975.590439692284,1.0034102
2975.592754485952,1.0200034
2975.5950692796173,1.0020019
2975.5973840732854,1.0161818
2975.5996988669517,1.0271894
2975.602013660619,0.9988057
2975.6043284542848,1.0030612
2975.606643247951,1.0091157
2975.608958041618,1.0193206
2975.611272835284,1.0133135
2975.6135876289513,1.0179458
2975.615902422617,1.0123305
2975.6182172162835,1.0300727
2975.62053200995,1.021072
2975.622846803617,1.0229018
2975.6251615972833,1.0134723
2975.6274763909505,1.0431571
2975.629791184834,0.993564
2975.632105978974,1.0275286
2975.634420773118,1.0343779
2975.636735567259,1.0334547
2975.639050361403,1.0122415
2975.6413651555436,1.025141
2975.6436799496873,1.0164552
2975.645994743829,1.0127836
2975.6483095379726,0.992511
2975.6506243321137,0.9993764
2975.6529391262566,1.0131263
2975.655253920397,1.0128264
2975.6575687145414,1.0007156
2975.6598835086825,1.0242515
2975.6621983028263,1.0126766
2975.664513096968,1.0267408
2975.666827891111,1.0229638
2975.6691426852526,0.9872486
2975.6714574796138,1.0175294
2975.6737722742396,1.0195493
2975.6760870688645,1.0111445
2975.6784018634885,0.9950459
2975.6807166581143,1.0134751
2975.6830314527388,1.0301359
2975.6853462473646,1.0071574
2975.687661041989,1.0396278
2975.6899758366135,1.0132571
2975.6922906312393,1.0052617
2975.6946054258647,1.0025259
2975.6969202204896,1.0074865
2975.699235015115,1.0100371
2975.7015498097385,1.0500817
2975.7038646043657,1.0082515
2975.7061793989888,1.0068837
2975.7084941936155,1.0364732
2975.710808988239,1.0184141
2975.713123783086,1.0125297
2975.715438578193,0.9794651
2975.717753373304,1.017654
2975.720068168413,1.0158799
2975.722382963523,1.0316341
2975.7246977586333,1.0434769
2975.7270125537425,1.0434428
2975.7293273488517,1.0042598
2975.731642143961,1.0296913
2975.733956939071,1.0126195
2975.736271734181,1.0153166
2975.7385865292904,1.0151457
2975.740901324399,1.0122229
2975.743216119509,1.0209997
2975.745530914619,1.0014777
2975.747845709728,1.0060203
2975.7501605048383,1.0056976
2975.7524752999475,1.0268775
2975.7547900952773,1.0096053
2975.7571048908667,1.0092702
2975.7594196864584,1.0379803
2975.761734482049,1.0330672
2975.764049277641,1.0072571
2975.7663640732308,1.0429631
2975.7686788688234,1.0204417
2975.7709936644133,1.0403731
2975.773308460006,1.0364125
2975.7756232555957,1.0146958
2975.7779380511884,1.021836
2975.780252846777,1.0036806
2975.78256764237,1.0224737
2975.78488243796,1.0318953
2975.7871972335524,1.0066013
2975.789512029144,1.0254122
2975.791826824735,1.0440401
2975.7941416203253,1.0141557
2975.796456416131,1.0307395
2975.798771212197,1.0291404
2975.801086008262,1.0099553
2975.803400804328,1.018576
2975.805715600392,1.0203285
2975.8080303964566,1.0218269
2975.8103451925226,1.0179242
2975.8126599885873,1.0105387
2975.814974784653,0.9994126
2975.8172895807174,1.0265783
2975.819604376784,1.01439
2975.821919172848,1.0020634
2975.8242339689136,1.025596
2975.8265487649783,0.98435324
2975.8288635610443,1.0197656
2975.8311783571075,1.026803
2975.833493153174,1.0163105
2975.835807949238,1.0079149
2975.8381227455143,1.0096363
2975.84043754204,1.0055221
2975.842752338569,1.0006509
2975.845067135094,1.0245807
2975.8473819316223,0.9940703
2975.84969672815,1.0036533
2975.852011524677,1.0243047
2975.854326321203,1.0406466
2975.856641117731,1.0075853
2975.858955914258,1.0097935
2975.861270710786,1.0232615
2975.8635855073126,1.0201633
2975.865900303839,0.9724942
2975.868215100367,1.0215136
2975.870529896894,1.0152261
2975.8728446934215,1.03002
2975.8751594899486,1.0178949
2975.8774742864753,1.0036824
2975.8797890832066,1.0126694
2975.8821038801784,1.0150462
2975.8844186771535,1.0066762
2975.886733474126,1.0154781
2975.889048271101,1.0413303
2975.8913630680718,1.0720662
2975.893677865047,0.9893202
2975.895992662019,0.99380255
2975.8983074589946,1.0223289
2975.900622255967,0.99205893
2975.902937052942,1.0240792
2975.905251849914,1.0209546
2975.907566646888,1.003542
2975.909881443862,0.99614584
2975.9121962408362,1.0319264
2975.9145110378095,0.9976942
2975.9168258347827,1.0088488
2975.9191406317555,1.0080532
2975.9214554289238,0.9950685
2975.9237702263245,1.013925
2975.926085023726,1.0113881
2975.9283998211267,1.0172799
2975.930714618527,0.9991465
2975.9330294159286,1.0403174
2975.9353442133292,0.99554497
2975.937659010731,0.97687286
2975.939973808132,1.0431634
2975.942288605532,1.0478696
2975.9446034029347,1.019037
2975.9469182003345,0.9969038
2975.949232997737,1.0354578
2975.951547795137,1.0174831
2975.9538625925393,1.0223585
2975.9561773899377,1.0132251
2975.95849218734,1.0226185
2975.96080698474,1.0117422
2975.9631217823267,1.0452152
2975.965436580132,1.0238155
2975.9677513779407,1.0186032
2975.970066175746,1.0181653
2975.9723809735538,1.026108
2975.974695771361,0.9847653
2975.9770105691678,0.9984677
2975.979325366975,1.0064441
2975.9816401647813,1.0069577
2975.9839549625876,0.9951691
2975.9862697603953,1.0272682
2975.9885845582016,1.0070527
2975.9908993560093,0.98145765
2975.9932141538156,1.0027658
2975.995528951622,1.0184664
2975.9978437494296,0.9975354
2976.000158547236,1.0011187
2976.0024733450437,1.0170902
2976.0047881430246,0.9837108
2976.007102941212,1.0228094
2976.0094177394026,0.97598374
2976.0117325375904,1.0078095
2976.0140473357806,0.99746126
2976.0163621339684,1.0249894
2976.018676932159,1.058533
2976.0209917303455,1.0165025
2976.023306528536,1.033425
2976.025621326724,0.96878636
2976.0279361249145,1.0177675
2976.030250923102,1.0069295
2976.0325657212925,0.9952583
2976.0348805194812,1.0188081
2976.037195317671,1.026088
2976.0395101158597,1.0321003
2976.0418249140484,1.0204848
2976.044139712237,1.0197856
2976.046454510588,1.0205952
2976.0487693091336,1.0043997
2976.0510841076803,1.0154663
2976.053398906226,1.0343331
2976.0557137047726,1.0194689
2976.0580285033175,0.9995128
2976.060343301863,1.0044479
2976.06265810041,0.98793995
2976.0649728989556,1.0220747
2976.067287697501,1.0104891
2976.0696024960484,1.0284928
2976.071917294593,1.0242265
2976.0742320931404,0.97887474
2976.076546891685,1.0144669
2976.0788616902328,1.0266355
2976.0811764887767,1.0183641
2976.0834912873233,1.0060595
2976.085806085869,0.97563434
2976.088120884566,1.0033187
2976.090435683441,1.0031004
2976.0927504823194,1.0196546
2976.095065281194,1.029186
2976.097380080072,1.0324892
2976.0996948789484,0.99148476
2976.1020096778257,1.0222777
2976.104324476702,1.0009573
2976.106639275578,1.0166172
2976.108954074455,1.0160167
2976.1112688733315,1.0265394
2976.1135836722087,0.99832875
2976.115898471085,1.0091598
2976.118213269961,0.98616177
2976.1205280688373,1.0121402
2976.1228428677146,0.9992652
2976.125157666592,1.0348037
2976.127472465468,0.99752754
2976.129787264484,1.0150678
2976.132102063662,1.0208875
2976.134416862844,1.0098596
2976.1367316620235,1.002249
2976.1390464612055,1.0219315
2976.1413612603847,0.975
2976.1436760595666,1.0341145
2976.1459908587453,0.99882525
2976.148305657927,1.0189235
2976.150620457107,0.9860455
2976.152935256288,0.9899192
2976.1552500554667,1.0077685
2976.157564854649,0.992711
2976.159879653829,0.99192184
2976.1621944530093,1.0204557
2976.1645092521903,1.0158341
2976.166824051369,1.0159189
2976.1691388505515,0.9983503
2976.171453649856,0.98290896
2976.1737684493155,1.0190793
2976.1760832487716,1.0270562
2976.1783980482305,1.0457358
2976.1807128476858,1.0079832
2976.1830276471446,1.0131589
2976.1853424466008,1.0095605
2976.18765724606,1.0064198
2976.189972045517,1.0427455
2976.192286844975,1.0254651
2976.194601644432,1.0260727
2976.196916443889,1.0170352
2976.199231243347,0.9992549
2976.2015460428047,1.0191187
2976.2038608422627,0.9922446
2976.2061756417197,0.9896192
2976.2084904411768,1.0204817
2976.2108052406347,1.0166215
2976.2131200402055,1.0181948
2976.215434839914,0.9953115
2976.217749639621,0.98059183
2976.220064439329,1.0108675
2976.2223792390373,1.00059
2976.224694038746,1.0293171
2976.227008838452,1.013637
2976.2293236381615,1.0311706
2976.231638437868,1.0039392
2976.233953237577,1.0208474
2976.236268037284,1.0038084
2976.2385828369934,1.0235996
2976.2408976367,1.0106801
2976.2432124364077,1.0086491
2976.2455272361144,1.0162003
2976.247842035824,0.9779937
2976.2501568355306,0.9932858
2976.25247163524,1.0074937
2976.254786435049,1.0100791
2976.2571012349813,0.99882865
2976.259416034913,1.0168215
2976.261730834846,0.99471754
2976.2640456347776,0.99760896
2976.2663604347094,0.9999774
2976.2686752346417,1.01477
2976.270990034573,1.0152849
2976.273304834505,0.97752786
2976.2756196344376,0.9904026
2976.2779344343694,1.024269
2976.280249234302,0.99991804
2976.2825640342335,1.0010877
2976.284878834167,0.99908566
2976.287193634098,0.9951643
2976.289508434031,1.0056332
2976.2918232339607,1.0110586
2976.294138033895,1.0046582
2976.2964528339153,0.98958004
2976.2987676340476,1.0093075
2976.3010824341773,1.0056154
2976.30339723431,0.9802538
2976.3057120344392,1.012011
2976.3080268345707,1.020264
2976.310341634701,1.01766
2976.3126564348327,1.0065855
2976.314971234964,1.0142838
2976.3172860350946,0.995078
2976.3196008352247,1.0295885
2976.321915635356,1.0125843
2976.3242304354867,0.9813526
2976.326545235618,0.9784511
2976.3288600357487,1.0138644
2976.3311748358788,1.0269597
2976.33348963601,0.9950213
2976.3358044361407,0.9983476
2976.3381192363513,1.0181292
2976.3404340366565,1.0166115
2976.3427488369607,1.0041014
2976.345063637266,0.9903789
2976.3473784375715,1.0363249
2976.3496932378785,0.99486965
2976.3520080381822,1.0155507
2976.3543228384888,1.0227454
2976.3566376387917,1.0330633
2976.358952439098,1.0035541
2976.3612672394024,0.98958206
2976.363582039709,1.0386182
2976.365896840013,1.0113945
2976.3682116403197,0.9820031
2976.3705264406235,1.0103734
2976.372841240929,0.9908714
2976.375156041234,1.0212858
2976.37747084154,1.0046347
2976.379785641914,1.0038159
2976.3821004423694,0.97993535
2976.3844152428255,1.0169735
2976.386730043282,1.0204589
2976.389044843738,1.0006038
2976.391359644195,1.0092905
2976.3936744446505,0.9874039
2976.3959892451057,1.0104607
2976.398304045562,0.9863472
2976.4006188460185,1.0151212
2976.402933646474,1.0001557
2976.405248446931,0.9965203
2976.4075632473864,0.9935227
2976.409878047844,1.0156705
2976.412192848299,1.010928
2976.4145076487566,1.0218452
2976.4168224492114,1.0038095
2976.4191372496684,0.992998
2976.421452050181,0.99171305
2976.4237668507676,1.020507
2976.426081651351,1.0054427
2976.4283964519373,1.0084401
2976.4307112525203,0.9893488
2976.4330260531074,0.9849095
2976.4353408536904,0.9879315
2976.4376556542757,0.9962376
2976.4399704548614,1.0069633
2976.4422852554458,0.9955518
2976.444600056031,0.98162884
2976.446914856615,1.0193185
2976.4492296572,0.99850833
2976.451544457785,1.0111521
2976.4538592583694,0.9917006
2976.4561740589547,1.0304148
2976.458488859539,1.0074568
2976.4608036601235,1.0165665
2976.4631184607574,0.9855407
2976.4654332614496,0.9891795
2976.4677480621413,0.9935511
2976.4700628628357,1.0055416
2976.4723776635265,1.0126668
2976.47469246422,1.0250111
2976.477007264911,0.987822
2976.479322065605,1.0521255
2976.481636866296,1.0090709
2976.483951666989,1.0074278
2976.486266467681,0.9657391
2976.4885812683738,1.0273757
2976.490896069065,0.99743193
2976.4932108697576,1.0169051
2976.4955256704498,1.002097
2976.497840471142,0.99541384
2976.5001552718345,0.99794275
2976.5024700725266,0.98993725
2976.50478487326,1.0101703
2976.5070996740387,0.98175246
2976.5094144748205,0.99712807
2976.511729275599,1.0094244
2976.5140440763807,0.98849857
2976.5163588771584,1.001715
2976.51867367794,1.0106814
2976.5209884787187,1.0080274
2976.5233032795,1.0000956
2976.525618080279,1.0078046
2976.5279328810607,1.0101826
2976.530247681839,1.0123138
2976.5325624826196,1.0119338
2976.5348772834004,0.98201734
2976.53719208418,0.99467415
2976.5395068849607,1.0275522
2976.54182168574,1.0023924
2976.5441364865196,1.00453
2976.546451287332,0.9655295
2976.5487660881804,0.9949888
2976.55108088903,0.9996245
2976.553395689879,1.0221717
2976.555710490727,1.0001973
2976.5580252915756,1.0083774
2976.5603400924256,0.99136066
2976.562654893275,0.9803002
2976.564969694125,0.98560643
2976.5672844949722,1.0034971
2976.569599295823,1.0097706
2976.5719140966708,0.97704715
2976.5742288975202,0.9875523
2976.576543698369,0.99421334
2976.5788584992188,0.99891895
2976.581173300066,1.0106516
2976.583488100917,0.9993876
2976.5858029017645,1.0097231
2976.5881177026386,1.0175529
2976.5904325035376,1.0077056
2976.59274730444,1.0210261
2976.59506210534,0.9891284
2976.59737690624,0.9931132
2976.599691707141,1.001357
2976.6020065080415,0.99941367
2976.6043213089424,1.0207924
2976.6066361098424,0.99368984
2976.608950910743,1.0075344
2976.611265711643,0.98962784
2976.613580512544,1.0128947
2976.6158953134454,1.0090898
2976.6182101143454,1.0036653
2976.6205249152454,0.99832374
2976.622839716146,1.0008065
2976.6251545170467,1.0079656
2976.627469317947,0.98782784
2976.6297841188652,0.9869398
2976.6320989197993,0.99676293
2976.6344137207366,0.98176455
2976.636728521671,0.9811641
2976.6390433226084,0.9947533
2976.641358123543,0.9959859
2976.6436729244792,1.0032496
2976.6459877254133,1.0025753
2976.6483025263506,0.9903671
2976.650617327285,0.99566627
2976.6529321282223,0.9742768
2976.6552469291564,1.0041696
2976.657561730094,0.98847073
2976.659876531029,0.9983042
2976.6621913319646,0.99913716
2976.664506132901,0.98691785
2976.6668209338363,0.98009545
2976.6691357347727,1.0045388
2976.6714505357168,0.9826833
2976.673765336672,1.006441
2976.6760801376286,0.98119754
2976.678394938584,0.9988466
2976.680709739539,0.9803398
2976.6830245404954,0.99176335
2976.685339341451,1.0096061
2976.687654142407,1.0015824
2976.6899689433635,0.98997146
2976.6922837443176,0.99152637
2976.6945985452753,1.010961
2976.6969133462294,1.006343
2976.699228147186,0.99456435
2976.7015429481407,0.99645525
2976.703857749098,0.97785
2976.706172550052,0.98150885
2976.7084873510084,0.9922335
2976.710802151964,0.99872744
2976.713116952923,1.0054039
2976.715431753883,0.98190314
2976.717746554846,0.99312395
2976.720061355807,1.0046375
2976.722376156769,0.9887598
2976.72469095773,0.98608875
2976.7270057586925,1.0040964
2976.7293205596534,1.0030397
2976.7316353606134,0.9846953
2976.7339501615756,1.0003489
2976.7362649625366,1.0088453
2976.7385797634997,0.984611
2976.740894564459,0.9922961
2976.743209365422,0.98920166
2976.745524166382,1.0021969
2976.747838967345,0.9847698
2976.750153768306,0.9914586
2976.7524685692683,0.9780968
2976.754783370226,0.9947144
2976.7570981711797,0.99361366
2976.759412972134,0.9821171
2976.7617277730883,0.9875739
2976.764042574043,1.0116587
2976.766357374997,0.9884269
2976.76867217595,0.9965337
2976.770986976904,0.97486836
2976.7733017778587,0.98050505
2976.7756165788132,0.98873407
2976.7779313797673,0.99164027
2976.7802461807205,0.968637
2976.7825609816746,1.0099292
2976.78487578263,0.99945205
2976.787190583583,0.96324146
2976.7895053845386,1.001076
2976.7918201854914,0.98248446
2976.7941349864473,0.99869066
2976.796449787391,0.99655336
2976.7987645883263,0.9946859
2976.8010793892604,0.9908812
2976.8033941901954,0.9849526
2976.8057089911285,0.9870988
2976.8080237920644,0.97803193
2976.810338592998,1.00687
2976.812653393934,0.9761564
2976.8149681948685,0.9901365
2976.8172829958035,0.9888254
2976.819597796737,0.98879963
2976.8219125976716,0.99105346
2976.8242273986066,0.9916441
2976.826542199541,0.9924524
2976.828857000476,0.99564254
2976.83117180141,0.97395575
2976.8334866023442,0.99280614
2976.8358014032783,1.004568
2976.8381162041997,0.9766445
2976.8404310051033,0.99449503
2976.8427458060073,0.9829362
2976.8450606069127,0.9786636
2976.8473754078136,0.98977524
2976.849690208719,0.98612976
2976.8520050096213,0.99660695
2976.8543198105267,0.9817664
2976.8566346114285,0.97648126
2976.858949412334,0.9849699
2976.861264213236,0.98202264
2976.8635790141416,0.98540473
2976.865893815044,0.984366
2976.8682086159483,0.9974876
2976.87052341685,0.9995616
2976.8728382177555,0.9928248
2976.8751530186587,0.9850019
2976.877467819563,0.981209
2976.8797826204477,0.96899194
2976.882097421311,0.99889725
2976.884412222172,1.0010957
2976.8867270230344,0.98681575
2976.889041823897,0.9579302
2976.8913566247593,0.9966993
2976.893671425621,0.98354405
2976.8959862264837,0.9926564
2976.898301027346,1.0067337
2976.9006158282086,0.9742827
2976.902930629071,0.98003995
2976.905245429932,0.99485856
2976.9075602307953,0.99936956
2976.909875031658,0.98361945
2976.91218983252,0.9828957
2976.9145046333833,0.98887753
2976.9168194342437,0.9781527
2976.9191342351082,0.985573
2976.9214490359454,0.99390554
2976.9237638367586,0.9843109
2976.9260786375685,0.98514736
2976.9283934383793,0.9646256
2976.93070823919,0.9868446
2976.933023040002,0.98062384
2976.9353378408136,0.9775361
2976.9376526416245,0.9801809
2976.9399674424376,0.9869919
2976.942282243246,0.98192483
2976.944597044059,0.9835249
2976.946911844869,0.99202985
2976.949226645682,0.9724087
2976.951541446492,0.98920876
2976.953856247305,0.9700344
2976.9561710481144,0.9693095
2976.958485848926,0.9766344
2976.960800649737,0.98846513
2976.963115450522,0.9783776
2976.9654302512713,0.9763401
2976.967745052025,0.97110593
2976.970059852775,0.97747546
2976.972374653527,0.97817266
2976.974689454278,0.9727203
2976.97700425503,0.9908743
2976.9793190557807,0.96658194
2976.981633856531,0.97174436
2976.9839486572823,0.9880359
2976.986263458034,0.98513293
2976.9885782587858,0.99251455
2976.990893059537,0.9919489
2976.9932078602874,0.9708765
2976.995522661038,0.97594464
2976.9978374617904,0.97895855
2977.000152262542,0.9727049
2977.002467063293,0.9737095
2977.004781864015,1.0037502
2977.0070966646954,0.97980344
2977.00941146538,0.98817605
2977.0117262660615,0.97428113
2977.014041066746,0.9703722
2977.016355867427,0.983061
2977.018670668112,0.98296154
2977.0209854687923,0.98488545
2977.0233002694767,0.9915214
2977.0256150701593,0.98081857
2977.0279298708433,0.97688955
2977.0302446715245,0.97235197
2977.032559472209,0.9787514
2977.0348742728916,0.9896751
2977.037189073575,0.98281336
2977.0395038742577,0.99299645
2977.041818674941,0.98329365
2977.0441334756233,0.97918785
2977.046448276272,0.98097974
2977.0487630768794,0.986398
2977.051077877486,0.9749863
2977.0533926780927,0.99656594
2977.0557074787,0.9860323
2977.0580222793064,0.9865108
2977.060337079913,0.98862803
2977.0626518805207,0.9821184
2977.064966681129,0.96810186
2977.067281481735,0.9757935
2977.069596282342,0.9816939
2977.0719110829477,0.980313
2977.074225883556,0.9749113
2977.076540684162,0.96859664
2977.0788554847704,0.98542166
2977.0811702853757,0.9779175
2977.083485085984,0.98019254
2977.08579988659,0.9877482
2977.088114687161,0.98536235
2977.0904294876823,0.9692798
2977.0927442882085,0.97518045
2977.0950590887323,0.9833063
2977.097373889256,0.9830797
2977.0996886897797,0.9687313
2977.1020034903017,0.98150724
2977.104318290828,0.9803958
2977.10663309135,0.9894744
2977.1089478918752,0.9709575
2977.111262692398,0.9812755
2977.1135774929235,0.9858303
2977.115892293446,0.98131734
2977.1182070939703,0.97516567
2977.1205218944942,0.98250973
2977.1228366950186,0.9828681
2977.125151495543,0.9874102
2977.127466296067,0.99001455
2977.1297810965493,0.96759224
2977.132095896984,0.9861607
2977.1344106974184,0.9679215
2977.136725497853,0.9760274
2977.139040298287,0.96765965
2977.141355098721,0.9751338
2977.1436698991547,0.98033196
2977.14598469959,0.9835702
2977.1482995000247,0.978112
2977.1506143004585,0.98322845
2977.152929100893,0.9719633
2977.1552439013285,0.9803989
2977.1575587017614,0.9799922
2977.159873502196,0.99096084
2977.16218830263,0.9865929
2977.164503103066,0.9721425
2977.1668179034978,0.986968
2977.169132703934,0.96770585
2977.1714475043236,0.9884267
2977.173762304664,0.9723861
2977.1760771050012,0.9917467
2977.1783919053414,0.98165506
2977.1807067056775,0.9893657
2977.1830215060177,0.9647197
2977.185336306356,0.9674314
2977.1876511066953,0.9740373
2977.1899659070345,0.9824231
2977.192280707373,0.9754127
2977.1945955077113,0.9736043
2977.1969103080496,0.9655264
2977.199225108389,0.99058074
2977.201539908728,0.9935321
2977.2038547090665,0.97760296
2977.2061695094044,0.9885916
2977.2084843097427,0.98617285
2977.210799110082,0.9690498
2977.2131139103744,0.9811862
2977.2154287106127,0.97936666
2977.2177435108492,0.96299183
2977.2200583110885,0.986617
2977.2223731113245,0.991059
2977.224687911563,0.9858294
2977.2270027117997,0.9962681
2977.229317512038,0.99106103
2977.2316323122736,0.98010415
2977.233947112513,0.9742542
2977.236261912749,0.98567605
2977.238576712988,0.97944874
2977.2408915132237,0.9836671
2977.2432063134634,0.9801527
2977.245521113698,0.982958
2977.2478359139373,0.9868092
2977.250150714175,0.97342205
2977.2524655144125,0.97775686
2977.254780314602,0.9824207
2977.257095114731,0.98697007
2977.259409914863,0.97323716
2977.2617247149933,0.9786404
2977.2640395151257,0.972214
2977.2663543152553,0.97171396
2977.2686691153876,0.9885542
2977.2709839155177,0.97630703
2977.27329871565,0.96561044
2977.27561351578,0.9667146
2977.277928315912,0.9747293
2977.280243116043,0.9932831
2977.282557916174,0.9857019
2977.2848727163046,0.96848255
2977.2871875164365,0.97843707
2977.289502316567,0.9909758
2977.291817116699,0.97538716
2977.294131916829,0.9850808
2977.2964467169095,0.9729594
2977.29876151693,0.9768136
2977.3010763169495,0.9821079
2977.3033911169687,0.98237795
2977.3057059169896,0.9798012
2977.308020717009,0.9837447
2977.3103355170297,0.97970587
2977.3126503170492,0.9786329
2977.3149651170706,0.98564345
2977.317279917089,0.9922012
2977.3195947171093,0.9673152
2977.321909517129,0.9889117
2977.32422431715,0.988525
2977.326539117168,0.9738301
2977.32885391719,0.98919964
2977.331168717208,0.9806214
2977.3334835172295,0.98586404
2977.335798317248,0.98359174
2977.3381131172173,0.9767337
2977.34042791712,0.98167515
2977.342742717025,0.9813936
2977.34505751693,0.9852084
2977.347372316834,0.9857185
2977.349687116739,0.9734814
2977.352001916643,0.9857358
2977.3543167165467,0.9915617
2977.3566315164508,0.98578703
2977.3589463163557,0.9671333
2977.3612611162607,0.97839266
2977.363575916165,0.979453
2977.3658907160684,0.9761337
2977.3682055159725,0.97544146
2977.3705203158775,0.9702394
2977.3728351157815,0.9787234
2977.3751499156874,0.98340064
2977.3774647155906,0.98134375
2977.379779515442,0.9898331
2977.382094315225,0.99728906
2977.3844091150104,0.9804651
2977.386723914795,0.97899973
2977.3890387145802,0.9685382
2977.3913535143633,0.98176503
2977.3936683141496,0.98253644
2977.395983113933,0.9903584
2977.3982979137186,0.9829433
2977.400612713503,0.97701114
2977.4029275132866,0.97753805
2977.405242313073,0.98743
2977.4075571128565,0.97980684
2977.4098719126428,0.9878585
2977.4121867124263,0.96764344
2977.4145015122126,0.99028766
2977.416816311995,0.98280513
2977.419131111781,0.9832808
2977.4214459115087,0.99123544
2977.4237607111713,0.98923707
2977.426075510831,0.984482
2977.4283903104943,0.97750586
2977.430705110154,0.98405683
2977.433019909816,0.98486656
2977.435334709478,0.97710276
2977.4376495091387,0.9835778
2977.439964308801,0.97788996
2977.442279108461,0.98910546
2977.4445939081224,0.98183656
2977.446908707784,0.976114
2977.4492235074454,0.9768814
2977.451538307107,0.9853615
2977.453853106768,1.0026845
2977.4561679064286,0.9916651
2977.4584827060908,0.9841265
2977.460797505752,0.9758804
2977.4631123053555,0.9729554
2977.46542710489,0.9763098
2977.4677419044237,0.9832693
2977.47005670396,0.9701981
2977.472371503493,0.97592145
2977.474686303029,0.98330367
2977.4770011025616,0.98363185
2977.479315902097,0.98873323
2977.48163070163,0.98832095
2977.483945501166,0.98356795
2977.486260300699,0.9857376
2977.4885751002353,0.987696
2977.490889899768,0.9733126
2977.493204699304,0.9724728
2977.495519498837,0.9876161
2977.497834298373,0.99237937
2977.500149097907,0.98791087
2977.5024638974414,0.984891
2977.504778696917,0.975436
2977.507093496321,0.9893888
2977.509408295725,0.98171425
2977.51172309513,0.97206813
2977.514037894534,0.9820634
2977.5163526939386,0.9763546
2977.5186674933425,0.97286725
2977.5209822927463,0.9930944
2977.5232970921516,0.99462503
2977.5256118915554,0.9841287
2977.527926690959,0.99125344
2977.530241490364,0.9756613
2977.532556289768,0.96617866
2977.5348710891726,0.9836881
2977.537185888577,0.9717942
2977.5395006879803,0.98671967
2977.541815487385,0.9868668
2977.5441302867894,0.9811506
2977.5464450861336,0.97545093
2977.5487598854047,0.9911034
2977.5510746846753,0.9828071
2977.5533894839473,0.98299235
2977.555704283218,0.98963195
2977.55801908249,0.98770356
2977.560333881762,1.0036209
2977.5626486810315,0.99386436
2977.5649634803044,0.97547984
2977.567278279574,0.98284113
2977.5695930788465,0.9905801
2977.5719078781167,0.97754663
2977.5742226773896,0.9844673
2977.576537476658,0.9920583
2977.578852275931,0.9786191
2977.581167075201,0.98430467
2977.583481874474,0.98248947
2977.5857966737435,0.98145056
2977.5881114729546,0.99033904
2977.5904262720883,0.9913877
2977.5927410712243,0.9907347
2977.5950558703603,0.9954788
2977.5973706694954,0.9871145
2977.5996854686314,0.97589505
2977.6020002677665,0.98710495
2977.604315066901,0.9863719
2977.606629866037,0.9773713
2977.608944665172,0.9817071
2977.611259464308,0.98553514
2977.6135742634433,0.98454154
2977.615889062578,0.988173
2977.618203861713,0.9819633
2977.620518660849,0.9699939
2977.622833459984,0.9920427
2977.625148259121,0.9833454
2977.6274630582548,0.99765503
2977.629777857329,0.977129
2977.6320926563244,0.98301923
2977.634407455322,0.9768587
2977.6367222543186,0.9808175
2977.6390370533163,0.9700357
2977.641351852312,0.98740286
2977.64366665131,0.9829038
2977.645981450306,0.9893747
2977.6482962493033,0.97929484
2977.6506110482997,0.9888414
2977.6529258472965,0.97911453
2977.6552406462947,0.97853315
2977.6575554452907,0.98675585
2977.659870244289,0.9951325
2977.6621850432844,0.9805538
2977.6644998422835,0.9910139
2977.6668146412776,0.97253186
2977.6691294402763,0.9858884
2977.671444239208,0.9868405
2977.673759038066,0.98783964
2977.6760738369203,0.9894986
2977.678388635778,0.9825423
2977.680703434633,0.98725605
2977.6830182334907,0.9889613
2977.6853330323465,0.98941433
2977.6876478312024,0.97746706
2977.6899626300587,0.9825909
2977.6922774289146,0.97869194
2977.694592227771,0.98682916
2977.6969070266277,0.9657531
2977.6992218254836,0.9802636
2977.7015366243404,0.9814237
2977.703851423196,0.9846756
2977.7061662220517,0.9842748
2977.7084810209085,0.97201705
2977.7107958197644,0.97810227
2977.713110618556,0.9851536
2977.7154254172697,0.97139144
2977.717740215982,0.991317
2977.7200550146963,0.98102176
2977.7223698134085,0.9866091
2977.7246846121234,0.99677014
2977.726999410835,1.0057884
2977.7293142095496,0.98514414
2977.7316290082617,0.9825015
2977.7339438069757,0.9951966
2977.736258605687,0.9892545
2977.7385734044024,0.97506875
2977.740888203114,0.9763792
2977.7432030018285,1.000956
2977.7455178005407,0.9913643
2977.7478325992556,0.9694455
2977.7501473979687,0.9790001
2977.752462196681,0.9904984
2977.754776995329,0.9815779
2977.757091793897,0.9710953
2977.759406592466,0.9875042
2977.761721391034,0.9849788
2977.7640361896015,0.98506945
2977.7663509881686,0.9953052
2977.7686657867384,0.9845692
2977.7709805853056,0.98362696
2977.773295383875,0.97945255
2977.7756101824416,0.9833781
2977.7779249810105,0.9998766
2977.7802397795795,0.9718241
2977.7825545781484,0.9815748
2977.7848693767164,0.989554
2977.7871841752844,0.9822974
2977.789498973852,0.9885477
2977.791813772421,0.9831169
2977.7941285709885,0.9846341
2977.796443369491,0.990087
2977.798758167912,0.99874127
2977.801072966333,0.9810552
2977.803387764755,0.97743106
2977.805702563176,0.98896116
2977.808017361598,0.97720593
2977.81033216002,0.9879481
2977.81264695844,0.97582453
2977.814961756863,0.9999632
2977.8172765552827,0.97369474
2977.8195913537056,0.99237216
2977.821906152126,0.9815316
2977.824220950549,0.9846763
2977.8265357489677,0.96587867
2977.8288505473906,0.9961285
2977.831165345811,0.982097
2977.833480144234,0.9729855
2977.8357949426536,0.9783382
2977.8381097410097,0.9935747
2977.8404245392817,0.98269725
2977.842739337554,0.9887168
2977.845054135828,0.9840816
2977.8473689341004,0.98264164
2977.8496837323737,0.9867066
2977.8519985306457,0.98319346
2977.854313328918,0.9969137
2977.856628127192,0.9943079
2977.8589429254644,0.9794128
2977.8612577237377,0.9839654
2977.8635725220097,0.9906816
2977.865887320282,0.97636265
2977.868202118556,0.98180145
2977.8705169168284,0.9842108
2977.8728317151017,0.97903955
2977.8751465133737,0.9882749
2977.877461311646,1.0024673
2977.879776109851,0.97845894
2977.882090907974,0.9835614
2977.8844057060965,0.9836397
2977.8867205042193,0.99164855
2977.8890353023417,0.99039036
2977.8913501004636,0.98132867
2977.893664898587,0.9976054
2977.895979696709,0.9837016
2977.8982944948325,0.99867165
2977.9006092929544,0.9962742
2977.902924091077,0.9920961
2977.905238889201,0.9853271
2977.9075536873224,0.9710036
2977.9098684854466,0.9876033
2977.9121832835676,0.9759793
2977.914498081692,0.9890726
2977.916812879813,0.9898381
2977.919127677936,1.0144455
2977.9214424759884,0.99058336
2977.923757273961,0.98659205
2977.926072071931,0.9911855
2977.928386869903,0.9894478
2977.9307016678727,0.982914
2977.9330164658454,0.9857766
2977.935331263816,0.9917034
2977.9376460617864,0.99149907
2977.939960859758,0.99955195
2977.9422756577283,0.991702
2977.9445904557,0.9834529
2977.9469052536706,0.9880788
2977.9492200516406,0.9962432
2977.9515348496125,0.98789656
2977.953849647583,0.9932507
2977.9561644455544,0.98726153
2977.9584792435253,0.98861694
2977.9607940414953,0.9816398
2977.9631088393976,0.99652994
2977.9654236372157,0.99557257
2977.9677384350334,0.9925154
2977.970053232852,0.9852564
2977.972368030669,0.9837663
2977.974682828488,1.0047066
2977.976997626304,0.993331
2977.979312424123,0.98793787
2977.9816272219405,0.99891317
2977.9839420197577,0.97792125
2977.986256817575,1.0009686
2977.9885716153935,0.9881089
2977.9908864132112,0.98454463
2977.9932012110294,0.9989958
2977.995516008849,0.9825612
2977.9978308066643,0.9863226
2978.000145604484,0.9803039
2978.0024604023,0.9862332
2978.0047752000496,0.9767648
2978.0070899977122,0.9843752
2978.009404795377,0.9885503
2978.011719593038,0.99629426
2978.0140343907033,0.9850826
2978.0163491883663,1.0021461
2978.0186639860303,0.98362017
2978.0209787836925,0.99410665
2978.023293581358,0.9872255
2978.0256083790196,0.9818018
2978.027923176684,0.9978724
2978.030237974348,0.9814858
2978.032552772012,1.0028882
2978.0348675696755,0.9891771
2978.037182367338,0.98096836
2978.039497165001,0.9855258
2978.0418119626656,0.9758198
2978.0441267603287,0.99530286
2978.046441557922,0.9754531
2978.0487563554298,0.99642694
2978.0510711529373,0.9919893
2978.0533859504458,0.9972799
2978.0557007479533,0.99515384
2978.0580155454622,0.9850857
2978.0603303429707,0.9842065
2978.062645140477,0.9864904
2978.0649599379867,0.9871234
2978.0672747354934,0.9938154
2978.0695895330027,0.9913587
2978.0719043305094,0.99335927
2978.074219128019,0.97954094
2978.0765339255245,0.9821712
2978.0788487230334,0.98602057
2978.081163520541,0.99856234
2978.0834783180494,0.993434
2978.0857931155565,0.98478574
2978.0881079129936,0.9858351
2978.090422710346,0.98197335
2978.0927375076963,0.984937
2978.095052305049,0.98079693
2978.097367102399,0.9874924
2978.099681899752,0.98988724
2978.101996697102,0.98883915
2978.104311494454,0.9804049
2978.1066262918052,0.98969334
2978.108941089157,0.99004894
2978.1112558865066,1.0012361
2978.1135706838595,1.0013738
2978.1158854812097,1.0025476
2978.1182002785627,0.98958087
2978.1205150759138,0.9922372
2978.122829873266,0.9925027
2978.1251446706165,0.99494296
2978.127459467967,0.972622
2978.1297742652478,0.9860575
2978.132089062441,0.9870347
2978.134403859634,0.98682135
2978.1367186568286,0.9912518
2978.139033454022,0.9900127
2978.141348251216,0.9890363
2978.1436630484095,0.9709621
2978.1459778456024,0.9788338
2978.148292642797,0.9968417
2978.1506074399904,0.9964407
2978.1529222371846,0.99703145
2978.155237034379,0.9967949
2978.157551831571,0.9842306
2978.159866628767,0.9909532
2978.162181425959,0.9902232
2978.164496223154,0.99752164
2978.1668110203464,0.9885871
2978.1691258175415,0.99875367
2978.1714406146607,1.0003464
2978.1737554116967,0.9948297
2978.1760702087313,0.99013126
2978.1783850057673,1.0024546
2978.180699802802,0.9802408
2978.1830145998365,0.98432314
2978.185329396873,0.9833796
2978.1876441939066,0.9870272
2978.1899589909435,0.98423564
2978.1922737879772,0.9879791
2978.194588585014,0.98559946
2978.1969033820474,0.9786523
2978.1992181790833,0.98023957
2978.201532976118,0.9857698
2978.203847773154,1.0000142
2978.206162570187,0.98602426
2978.208477367224,0.9876102
2978.210792164258,0.97992694
2978.213106961222,0.9900112
2978.2154217580974,0.9852656
2978.2177365549737,0.96029234
2978.220051351849,0.9990415
2978.2223661487237,0.99021447
2978.224680945599,0.98620373
2978.2269957424755,0.97857964
2978.229310539352,0.9822826
2978.231625336227,0.9981379
2978.233940133102,0.9862397
2978.2362549299773,0.96897376
2978.2385697268537,0.9881977
2978.2408845237287,0.9768828
2978.243199320605,0.9843517
2978.2455141174823,0.99480385
2978.2478289143555,0.9951054
2978.2501437112323,0.9950445
2978.252458508107,0.9833299
2978.2547733049114,0.998459
2978.2570881016254,0.9969727
2978.2594028983426,0.9895535
2978.261717695056,0.986114
2978.264032491771,0.9901367
2978.2663472884874,0.9875131
2978.2686620852023,0.9914883
2978.270976881917,0.99059594
2978.273291678632,0.99261224
2978.275606475349,0.98429
2978.277921272063,0.9837101
2978.28023606878,0.9909985
2978.2825508654937,0.992047
2978.2848656622104,0.98678106
2978.287180458925,0.98403084
2978.2894952556408,0.9980963
2978.2918100523557,0.99961734
2978.2941248490715,0.9968994
2978.2964396457123,0.998853
2978.298754442268,0.9930391
2978.3010692388216,0.99911654
2978.3033840353773,0.98073953
2978.30569883193,1.0019857
2978.308013628486,0.99081784
2978.3103284250396,0.9901929
2978.312643221594,0.9952405
2978.314958018149,1.0027032
2978.317272814703,0.9920986
2978.3195876112577,0.9936384
2978.321902407811,0.9862824
2978.3242172043656,0.98654044
2978.3265320009205,1.0032576
2978.3288467974744,1.001084
2978.331161594028,0.9793935
2978.3334763905827,0.9944126
2978.335791187137,0.99240434
2978.3381059836183,0.9872626
2978.3404207800118,0.9914278
2978.342735576403,0.9914394
2978.3450503727972,0.976599
2978.3473651691884,1.000027
2978.3496799655823,0.9921431
2978.351994761974,0.9792168
2978.354309558366,0.9955594
2978.356624354759,0.99677825
2978.3589391511514,0.99432987
2978.3612539475434,0.9884281
2978.363568743937,0.99737597
2978.365883540329,0.98863
2978.3681983367223,0.99465543
2978.370513133115,0.97684574
2978.3728279295065,0.9924614
2978.3751427259003,0.98845756
2978.377457522292,0.99189395
2978.3797723186126,0.9890274
2978.382087114841,1.0002265
2978.384401911073,0.9946807
2978.3867167073017,0.9897591
2978.3890315035337,1.0017599
2978.391346299761,1.0065353
2978.3936610959936,0.97687685
2978.395975892222,0.99582386
2978.398290688454,0.9959197
2978.4006054846836,0.99462056
2978.4029202809147,0.99409807
2978.4052350771444,0.98875743
2978.407549873374,1.00195
2978.4098646696048,0.984835
2978.412179465835,0.99087924
2978.4144942620655,0.9925022
2978.4168090582957,0.9984578
2978.419123854525,0.9854763
2978.421438650682,0.9944728
2978.423753446749,0.9892035
2978.426068242817,0.98013055
2978.428383038884,1.0059391
2978.4306978349505,0.995193
2978.4330126310174,0.9848697
2978.435327427086,1.0060111
2978.437642223152,0.99357677
2978.43995701922,0.9873418
2978.4422718152864,1.0017726
2978.4445866113538,0.9886735
2978.4469014074216,1.0005083
2978.4492162034885,0.9995069
2978.4515309995563,0.9963474
2978.4538457956232,0.9964724
2978.4561605916897,0.98408604
2978.4584753877575,0.9952495
2978.4607901838244,1.0042105
2978.4631049798186,0.9964117
2978.4654197757227,0.99174845
2978.467734571625,1.0027069
2978.47004936753,0.9925478
2978.4723641634328,0.98912835
2978.474678959338,0.9831257
2978.4769937552405,1.0042534
2978.4793085511456,0.984253
2978.481623347047,1.000777
2978.4839381429524,0.9990836
2978.4862529388547,0.9929726
2978.48856773476,0.98676914
2978.490882530662,0.9866037
2978.493197326568,1.0012232
2978.4955121224707,0.9967628
2978.4978269183744,0.98929477
2978.5001417142785,0.98537993
2978.502456510182,1.0117227
2978.504771306012,0.99368536
2978.507086101751,0.99902874
2978.5094008974907,0.9904322
2978.511715693231,0.990374
2978.51403048897,0.9879657
2978.5163452847105,0.9889673
2978.5186600804495,0.99575734
2978.520974876189,0.99610424
2978.5232896719294,1.0020579
2978.525604467669,0.9941097
2978.527919263409,0.9962696
2978.530234059148,0.99763435
2978.5325488548874,0.99377674
2978.534863650628,0.9959206
2978.5371784463673,0.98778266
2978.539493242107,0.9996062
2978.5418080378463,0.99552727
2978.544122833586,0.9996265
2978.5464376292507,0.9959919
2978.5487524248265,0.9938465
2978.5510672204014,0.9967229
2978.553382015977,0.98805934
2978.555696811553,0.9863534
2978.558011607127,0.98792005
2978.5603264027036,1.0027245
2978.5626411982776,0.9989504
2978.5649559938543,0.99744284
2978.5672707894278,0.9932495
2978.5695855850045,0.9897533
2978.5719003805784,0.9881161
2978.574215176155,0.9953621
2978.5765299717277,0.9887641
2978.578844767305,1.00054
2978.5811595628784,0.9917005
2978.5834743584555,1.0080317
2978.5857891540295,0.99573445
2978.588103949531,1.0013918
2978.5904187449414,1.0037224
2978.5927335403508,0.98883104
2978.5950483357615,0.99416685
2978.5973631311717,0.99275184
2978.5996779265824,0.9841275
2978.6019927219927,0.99625736
2978.604307517402,0.99728876
2978.606622312811,0.9936625
2978.608937108223,1.0043842
2978.611251903632,0.99337566
2978.6135666990435,0.9897153
2978.6158814944524,0.9943478
2978.618196289864,0.98888534
2978.6205110852743,0.99229896
2978.622825880685,0.9875562
2978.625140676095,0.9886492
2978.6274554715046,0.99015373
2978.6297702668394,0.99006456
2978.632085062085,1.0053445
2978.6343998573307,0.9887297
2978.636714652575,1.0031686
2978.6390294478197,1.0018785
2978.641344243064,0.99137425
2978.6436590383096,0.9995401
2978.6459738335543,0.98600674
2978.6482886287995,0.9955254
2978.650603424046,0.99410266
2978.6529182192885,0.9997622
2978.655233014535,0.99303496
2978.6575478097784,0.990174
2978.659862605025,1.011544
2978.662177400269,0.9954506
2978.6644921955153,0.9991653
2978.6668069907573,1.0017673
2978.669121786004,0.99856603
2978.6714365811736,1.003243
2978.673751376253,0.99817497
2978.6760661713306,0.9968434
2978.678380966412,0.9948098
2978.6806957614904,0.9944833
2978.683010556568,0.9980571
2978.685325351649,0.9936424
2978.6876401467266,0.98470163
2978.6899549418076,1.0052043
2978.6922697368855,1.0003588
2978.694584531965,0.98296773
2978.696899327044,1.0024387
2978.699214122124,1.0016755
2978.7015289172014,1.0019912
2978.703843712282,0.9969775
2978.70615850736,0.99682117
2978.708473302441,1.000896
2978.7107880975186,0.98526347
2978.713102892524,1.0093299
2978.7154176874365,0.99232835
2978.717732482349,1.0060546
2978.7200472772633,1.006959
2978.722362072176,0.9880019
2978.72467686709,0.99459976
2978.726991662002,0.9939271
2978.729306456915,1.0080043
2978.7316212518276,1.0064337
2978.7339360467413,0.98688394
2978.736250841654,1.000091
2978.738565636568,1.0069618
2978.7408804314805,1.000868
2978.7431952263933,1.0025295
2978.745510021308,0.99596375
2978.7478248162197,0.9928341
2978.7501396111343,0.99775016
2978.7524544060457,0.99637645
2978.754769200885,1.0082917
2978.7570839956306,1.009535
2978.759398790377,1.0041425
2978.761713585124,0.99731845
2978.7640283798705,1.0062271
2978.766343174617,0.97979414
2978.768657969364,0.98554045
2978.7709727641104,1.0077456
2978.7732875588563,1.000711
2978.7756023536053,0.9938526
2978.7779171483503,1.0009776
2978.7802319430984,0.9987257
2978.782546737844,1.0018595
2978.7848615325925,1.0013839
2978.7871763273374,0.9915791
2978.7894911220847,0.989636
2978.791805916831,0.9940898
2978.794120711578,0.9841206
2978.7964355062486,1.0056285
2978.79875030083,1.0157233
2978.8010650954084,0.9920648
2978.80337988999,0.99465394
2978.8056946845695,0.997343
2978.8080094791503,1.0022818
2978.81032427373,1.0090293
2978.812639068309,0.99567455
2978.81495386289,1.001915
2978.81726865747,1.0066165
2978.81958345205,1.0049942
2978.82189824663,1.0039756
2978.82421304121,0.985616
2978.826527835789,1.0017169
2978.8288426303698,1.0007824
2978.8311574249497,0.98603195
2978.83347221953,1.0043744
2978.8357870141085,0.9928538
2978.8381018086134,0.9915788
2978.8404166030273,1.005245
2978.84273139744,0.9909487
2978.8450461918537,0.99943894
2978.8473609862663,0.9937001
2978.849675780679,0.9866777
2978.8519905750923,0.9999685
2978.8543053695053,1.0062932
2978.8566201639187,0.9958932
2978.8589349583317,1.002555
2978.861249752744,1.0125048
2978.863564547157,0.9858823
2978.8658793415702,1.0065855
2978.868194135984,0.99430686
2978.8705089303976,0.99754953
2978.872823724809,0.98820114
2978.875138519224,0.99754804
2978.8774533136357,1.0106366
2978.8797681079736,0.9918174
2978.8820829022193,1.0166157
2978.8843976964663,0.987659
2978.8867124907097,1.0015739
2978.889027284957,1.0047506
2978.891342079202,1.0005336
2978.893656873449,0.99346775
2978.8959716676936,0.99408215
2978.898286461941,1.0043105
2978.9006012561863,1.0027516
2978.902916050432,0.99467087
2978.905230844678,0.9956649
2978.907545638923,1.0026685
2978.9098604331703,1.0024991
2978.9121752274136,1.0144877
2978.914490021661,0.9939768
2978.9168048159054,0.99434114
2978.919119610153,0.99364
2978.921434404321,1.0161936
2978.9237491984013,0.9994474
2978.9260639924782,0.9954101
2978.9283787865575,1.0055536
2978.930693580636,1.0111003
2978.9330083747145,1.0028918
2978.9353231687933,0.9958702
2978.937637962871,1.0033164
2978.9399527569494,1.0161301
2978.942267551028,0.9904487
2978.9445823451065,1.0063193
2978.9468971391852,0.9961521
2978.949211933263,1.0011162
2978.951526727341,1.0004604
2978.95384152142,1.0060486
2978.9561563154984,0.99699384
2978.958471109577,0.999457
2978.9607859036564,0.9964509
2978.963100697657,1.0038316
2978.9654154915693,1.0026994
2978.967730285479,0.998743
2978.970045079391,1.0139511
2978.9723598733003,1.0080174
2978.9746746672126,0.99406374
2978.976989461122,0.9995909
2978.9793042550323,1.0106087
2978.981619048943,1.0094817
2978.9839338428537,0.99189335
2978.9862486367642,1.0039797
2978.9885634306747,0.992479
2978.9908782245857,1.009944
2978.993193018496,1.010708
2978.9955078124085,1.0072054
2978.9978226063176,1.0097392
2979.00013740023,0.9974387
2979.0024521941396,1.0050596
2979.0047669879755,1.0014826
2979.0070817817173,1.0052975
2979.009396575461,1.0079658
2979.011711369202,0.9895052
2979.0140261629463,0.99502003
2979.016340956688,0.9970577
2979.0186557504326,0.99987483
2979.0209705441735,1.0018468
2979.023285337917,1.0022194
2979.0256001316607,1.0066159
2979.0279149254034,0.997619
2979.0302297191465,0.99079317
2979.032544512889,0.9964224
2979.0348593066315,1.0070318
2979.0371741003746,0.994169
2979.0394888941173,1.0038083
2979.041803687861,0.9954322
2979.0441184816036,1.0052397
2979.0464332752695,1.0085589
2979.048748068845,1.0044217
2979.0510628624183,1.006194
2979.0533776559946,0.9957267
2979.0556924495695,1.0104542
2979.0580072431435,0.99958545
2979.060322036719,1.0021594
2979.0626368302933,0.9953641
2979.0649516238686,0.97850883
2979.067266417443,1.0096654
2979.0695812110175,0.98206663
2979.071896004592,1.0116142
2979.0742107981673,0.9988868
2979.0765255917418,0.9971267
2979.078840385317,1.006334
2979.0811551788915,0.9965209
2979.083469972466,0.99069834
2979.0857847660423,0.9740545
2979.0880995595394,0.9915065
2979.090414352948,1.0052907
2979.092729146353,0.99263465
2979.095043939761,1.0002146
2979.097358733166,0.99657065
2979.0996735265735,1.0074246
2979.1019883199797,0.98765635
2979.104303113387,1.004026
2979.1066179067916,0.99811983
2979.1089327002,0.9931463
2979.1112474936053,1.004234
2979.1135622870133,0.996672
2979.1158770804186,1.0125104
2979.118191873825,1.0026951
2979.1205066672333,1.0111196
2979.122821460638,1.0009701
2979.125136254045,0.9941998
2979.127451047452,0.98978776
2979.1297658407825,0.9971976
2979.132080634019,0.9883486
2979.134395427259,0.98699063
2979.136710220496,1.0115647
2979.1390250137356,0.99675864
2979.1413398069726,0.99613243
2979.1436546002124,0.98127645
2979.145969393448,1.0025023
2979.1482841866878,1.0017911
2979.1505989799266,1.0014158
2979.1529137731645,1.0061085
2979.1552285664034,0.99465907
2979.157543359641,1.0002626
2979.1598581528788,1.0107225
2979.1621729461176,0.9999184
2979.1644877393555,1.0024356
2979.1668025325944,1.0033937
2979.169117325832,1.0015817
2979.1714321189934,1.0040346
2979.173746912063,1.0133946
2979.176061705133,1.0023977
2979.1783764982024,1.0107304
2979.180691291274,1.0027108
2979.1830060843417,1.0067757
2979.1853208774114,1.006991
2979.1876356704815,1.0051222
2979.189950463551,1.0013303
2979.1922652566213,1.0026698
2979.19458004969,0.98933643
2979.19689484276,0.9936127
2979.19920963583,1.0067916
2979.2015244288996,0.9984596
2979.2038392219697,0.98275083
2979.2061540150385,1.0062201
2979.208468808108,1.0097985
2979.210783601179,1.0090959
2979.2130983941715,1.0103599
2979.215413187074,0.99117917
2979.2177279799735,1.0065432
2979.2200427728762,1.0008508
2979.222357565776,1.0023682
2979.2246723586773,0.9880764
2979.2269871515773,0.9992295
2979.22930194448,1.0039942
2979.231616737379,1.0075381
2979.233931530282,1.0116405
2979.2362463231816,1.0094666
2979.2385611160844,1.0021204
2979.240875908985,1.0017143
2979.2431907018854,1.0014571
2979.245505494787,1.0030574
2979.247820287688,1.0041397
2979.2501350805896,0.9969516
2979.252449873488,1.0118243
2979.2547646663143,1.000819
2979.257079459045,0.9977394
2979.2593942517788,1.0180728
2979.26170904451,1.0002841
2979.2640238372437,0.9976595
2979.2663386299746,0.99308455
2979.2686534227073,1.0084151
2979.270968215439,0.9919283
2979.2732830081723,0.9983705
2979.275597800905,1.0085509
2979.277912593637,1.0124632
2979.2802273863686,0.99635774
2979.2825421791017,1.0077803
2979.2848569718335,0.9974522
2979.287171764566,1.0175084
2979.2894865572985,0.9921833
2979.29180135003,1.0017364
2979.294116142763,1.0060241
2979.2964309354184,0.98471856
2979.2987457279824,0.98889464
2979.3010605205454,1.0131576
2979.303375313108,1.0111398
2979.3056901056734,0.99527925
2979.308004898235,1.0082066
2979.3103196908,1.0005845
2979.312634483362,1.0069149
2979.314949275925,1.0028989
2979.317264068488,1.0095023
2979.319578861052,1.0044657
2979.321893653615,1.0088753
2979.324208446179,1.0194943
2979.326523238742,0.9997446
2979.3288380313047,1.0010412
2979.3311528238687,0.98704225
2979.333467616432,1.0062132
2979.3357824089967,1.0031399
2979.3380972014825,1.0104376
2979.3404119938787,1.0010775
2979.3427267862703,1.0088062
2979.345041578666,1.0144342
2979.3473563710604,1.0005286
2979.3496711634552,1.0097587
2979.3519859558482,1.001816
2979.354300748244,0.9869119
2979.3566155406374,1.006324
2979.3589303330323,1.008313
2979.361245125426,0.99801254
2979.3635599178224,0.9971197
2979.3658747102163,1.0121126
2979.36818950261,0.996907
2979.370504295004,1.0084854
2979.3728190873994,1.0073572
2979.3751338797933,1.0057217
2979.377448672188,1.0005783
2979.3797634645052,1.0021667
2979.3820782567295,1.0058134
2979.3843930489566,0.99057966
2979.38670784118,1.0150776
2979.3890226334074,1.010273
2979.39133742563,1.0105355
2979.393652217857,1.0004964
2979.395967010081,1.0024
2979.398281802308,1.0012221
2979.400596594534,1.0004326
2979.4029113867587,0.9995112
2979.4052261789834,1.0040469
2979.4075409712095,0.9963625
2979.4098557634343,0.9936467
2979.4121705556595,1.0090228
2979.414485347885,1.0002259
2979.41680014011,1.0121428
2979.419114932335,0.998701
2979.4214297244844,0.97885835
2979.4237445165404,0.9953172
2979.4260593085965,1.0120977
2979.4283741006525,1.0168476
2979.43068889271,0.9978096
2979.433003684765,1.0030836
2979.435318476823,0.99259543
2979.4376332688776,0.99401546
2979.439948060934,1.004869
2979.4422628529887,0.9982683
2979.4445776450457,0.99740994
2979.4468924371017,1.0016607
2979.449207229157,0.99417543
2979.451522021214,0.9816098
2979.4538368132694,1.0064011
2979.4561516053263,1.011037
2979.4584663973824,1.0069312
2979.46078118944,0.9994616
2979.4630959814176,1.005292
2979.4654107733054,0.9931512
2979.467725565192,1.0055478
2979.470040357079,0.99481153
2979.4723551489647,0.9992856
2979.4746699408533,1.0006984
2979.476984732739,1.0060099
2979.479299524627,0.99412185
2979.481614316513,1.0149326
2979.4839291084013,0.9969392
2979.4862439002854,1.0001518
2979.488558692174,1.0042537
2979.4908734840615,1.0011718
2979.4931882759483,0.9900515
2979.4955030678357,1.0057473
2979.497817859722,1.0073764
2979.5001326516085,1.00709
2979.502447443494,1.0051682
2979.504762235306,0.9973613
2979.507077027022,0.99871475
2979.5093918187413,0.98646903
2979.511706610457,0.99936825
2979.5140214021753,0.99666274
2979.5163361938926,1.0171142
2979.5186509856107,1.0022501
2979.520965777329,1.0046507
2979.5232805690466,0.9933584
2979.5255953607634,0.99699396
2979.5279101524816,1.0039532
2979.530224944199,1.0035636
2979.532539735917,0.98638755
2979.5348545276343,1.01156
2979.537169319351,0.99847907
2979.539484111069,1.0096487
2979.5417989027865,0.9931296
2979.5441136945046,0.9945956
2979.546428486145,0.9848225
2979.5487432776927,0.99654466
2979.5510580692408,1.0011249
2979.5533728607893,0.9962171
2979.5556876523383,1.0077541
2979.558002443886,1.0037107
2979.560317235436,1.000524
2979.562632026981,0.99040484
2979.56494681853,1.0056686
2979.567261610078,1.0023811
2979.569576401627,1.0125972
2979.5718911931745,1.0070872
2979.574205984722,1.0014187
2979.576520776271,0.98960537
2979.5788355678187,0.9982501
2979.5811503593677,0.99297035
2979.5834651509153,1.0214142
2979.5857799424653,0.99827415
2979.588094733934,0.9997366
2979.5904095253145,0.99493164
2979.592724316692,0.9896605
2979.595039108072,0.99174935
2979.597353899449,0.999607
2979.5996686908293,0.9925043
2979.601983482207,0.9996707
2979.604298273587,1.0131428
2979.6066130649647,0.9822242
2979.608927856344,0.99580973
2979.611242647721,1.0068265
2979.6135574391014,1.002315
2979.61587223048,0.98353195
2979.6181870218593,1.0122231
2979.6205018132378,0.99689806
2979.622816604615,0.99621814
2979.6251313959947,0.9883363
2979.6274461873722,0.9934846
2979.6297609786757,1.0035017
2979.6320757698836,0.9941153
2979.6343905610947,1.0021856
2979.6367053523013,0.9989684
2979.639020143512,1.0054075
2979.64133493472,0.99426156
2979.6436497259306,0.9990613
2979.6459645171403,1.006803
2979.648279308349,1.009928
2979.650594099558,1.0059582
2979.652908890768,0.99871504
2979.6552236819766,1.0023757
2979.657538473185,0.9959831
2979.6598532643948,1.0052767
2979.662168055604,1.0037342
2979.664482846814,1.0082445
2979.6667976380227,1.001155
2979.6691124292315,1.0078601
2979.671427220364,0.9917061
2979.673742011403,0.9975267
2979.676056802443,1.0035299
2979.678371593483,0.99225265
2979.6806863845222,0.99674654
2979.683001175563,0.9986734
2979.6853159666016,1.0105051
2979.687630757641,0.99737763
2979.689945548681,1.0063517
2979.6922603397206,0.9999763
2979.6945751307594,1.0064425
2979.6968899217995,1.0101391
2979.6992047128388,0.99980104
2979.7015195038794,0.98981744
2979.7038342949186,0.9987336
2979.7061490859573,1.0033343
2979.7084638769975,1.0044671
2979.710778668038,0.992831
2979.7130934590004,1.0068655
2979.715408249871,1.008855
2979.717723040739,1.002143
2979.7200378316115,1.0047702
2979.72235262248,0.9932447
2979.724667413351,0.98667157
2979.72698220422,0.9963743
2979.7292969950918,0.9918557
2979.731611785959,0.99342656
2979.7339265768305,0.9902453
2979.7362413676997,0.99878126
2979.73855615857,0.9981835
2979.7408709494416,0.98963714
2979.743185740309,0.99521065
2979.745500531181,0.989008
2979.7478153220495,1.0028019
2979.750130112921,0.9833101
2979.7524449037896,0.9949338
2979.7547596945847,1.0022982
2979.7570744852833,0.9919207
2979.759389275984,0.9980992
2979.761704066684,0.9962864
2979.764018857385,0.9912609
2979.7663336480837,0.97605604
2979.768648438786,0.9940516
2979.770963229486,1.0040364
2979.773278020187,1.002115
2979.775592810887,0.9896084
2979.7779076015877,1.0036985
2979.7802223922877,0.99611205
2979.782537182987,0.99441063
2979.7848519736876,1.0089256
2979.7871667643885,0.9958743
2979.7894815550894,1.0018164
2979.7917963457894,0.994472
2979.794111136489,1.0029954
2979.796425927111,0.99415123
2979.7987407176433,1.0003374
2979.8010555081737,0.9973526
2979.803370298705,0.9841092
2979.805685089235,1.0027455
2979.8079998797652,1.0144781
2979.8103146702965,1.012172
2979.812629460827,0.98820263
2979.814944251358,1.0013721
2979.817259041888,0.9984594
2979.8195738324184,0.9873989
2979.821888622949,0.9980463
2979.82420341348,1.0071251
2979.8265182040113,0.9828956
2979.8288329945412,1.0073029
2979.831147785071,0.9917316
2979.8334625756015,1.0020586
2979.8357773661337,0.99799395
2979.8380921565863,1.0086432
2979.840406946949,0.9977523
2979.842721737308,0.99667513
2979.8450365276703,0.9902094
2979.84735131803,0.99018705
2979.8496661083923,0.99153024
2979.851980898752,0.9892986
2979.8542956891124,0.99042493
2979.8566104794727,0.99733996
2979.8589252698343,0.9898072
2979.861240060195,0.9962474
2979.8635548505563,1.0016779
2979.865869640918,0.9900333
2979.8681844312773,0.9927882
2979.8704992216394,1.0058249
2979.8728140119993,0.9950221
2979.875128802362,1.0030315
2979.8774435927207,0.9941584
2979.879758383007,0.9933435
2979.882073173196,1.0024903
2979.884387963388,1.001022
2979.886702753578,1.0061505
2979.8890175437705,1.0010713
2979.89133233396,0.990777
2979.8936471241523,0.991307
2979.8959619143434,0.99239135
2979.898276704535,0.9834701
2979.9005914947256,1.0035989
2979.9029062849163,0.9842144
2979.905221075108,0.9998594
2979.9075358652976,0.99401253
2979.90985065549,1.0105385
2979.912165445679,0.9920085
2979.914480235872,0.9965122
2979.916795026061,1.0016581
2979.9191098162537,0.99425125
2979.921424606367,0.99207175
2979.9237393963895,0.99519074
2979.9260541864105,0.9962346
2979.928368976431,0.9957978
2979.930683766453,0.98570013
2979.932998556474,0.99237466
2979.9353133464956,0.9944887
2979.9376281365167,1.004216
2979.9399429265372,0.98763806
2979.942257716559,1.0037707
2979.9445725065802,0.9963248
2979.9468872966017,1.0027026
2979.949202086623,0.98684466
2979.9515168766434,0.989326
2979.9538316666653,0.97763336
2979.9561464566864,0.9988247
2979.9584612467083,0.9990859
2979.960776036729,1.0082004
2979.9630908266727,1.0038571
2979.9654056165236,0.9962514
2979.967720406376,1.010341
2979.970035196228,1.0031486
2979.972349986079,1.0046577
2979.9746647759293,1.0063704
2979.9769795657808,1.0008096
2979.9792943556326,0.99665046
2979.9816091454836,0.9959819
2979.9839239353355,0.98894095
2979.986238725187,0.9885948
2979.9885535150374,0.988678
2979.9908683048902,0.98949546
2979.9931830947407,0.9987807
2979.9954978845935,1.0007612
2979.9978126744436,0.9904751
2980.0001274642964,0.9959043
2980.0024422541455,1.0043453
2980.0047570439215,0.9879352
2980.0070718336024,0.9960049
2980.0093866232846,1.0057178
2980.0117014129646,1.0051378
2980.0140162026473,1.0051019
2980.0163309923278,1.0072464
2980.018645782009,1.0132525
2980.020960571692,0.9939509
2980.023275361372,0.9970538
2980.0255901510554,1.0001694
2980.027904940735,0.9910214
2980.0302197304172,0.99811435
2980.0325345200986,1.0067726
2980.0348493097804,1.0038038
2980.0371640994604,1.0031937
2980.0394788891435,1.0086585
2980.0417936788235,0.9899213
2980.0441084685067,0.9896511
2980.04642325811,1.0022006
2980.048738047623,0.99380547
2980.0510528371337,1.0051352
2980.053367626645,0.9982744
2980.055682416157,0.9843639
2980.0579972056685,1.001576
2980.0603119951807,0.98402995
2980.0626267846915,1.0086344
2980.0649415742027,1.0029765
2980.067256363715,0.98750854
2980.069571153226,1.0010548
2980.071885942736,0.9972658
2980.074200732249,0.9904428
2980.0765155217596,1.002952
2980.0788303112718,1.0129915
2980.081145100783,0.9945278
2980.083459890295,1.0229172
2980.0857746798074,0.99446946
2980.088089469241,1.0002217
2980.0904042585826,1.0018948
2980.0927190479247,0.9943211
2980.095033837266,0.9991821
2980.097348626608,0.9906675
2980.099663415949,0.99570316
2980.1019782052904,1.0031111
2980.1042929946325,1.0002866
2980.1066077839737,0.9959558
2980.1089225733144,0.9987419
2980.111237362657,0.99569196
2980.113552151998,0.99536014
2980.115866941341,1.0101209
2980.1181817306815,0.98840594
2980.1204965200222,1.0016158
2980.122811309365,0.9883508
2980.125126098706,1.0086076
2980.127440888048,0.987562
2980.1297556773125,0.9888009
2980.1320704664836,1.009174
2980.1343852556556,0.9996711
2980.1367000448267,0.989829
2980.1390148339983,0.98549855
2980.1413296231703,0.9807039
2980.1436444123415,1.0090907
2980.145959201515,1.0009469
2980.1482739906846,0.99254674
2980.150588779858,0.98777175
2980.1529035690282,0.98447233
2980.155218358201,0.9966419
2980.1575331473705,0.9910496
2980.1598479365434,0.9818359
2980.162162725714,0.99759984
2980.164477514887,1.0037444
2980.1667923040573,0.9938684
2980.1691070932307,0.9993538
2980.1714218823236,1.0007137
2980.1737366713246,0.9906156
2980.176051460328,0.98733455
2980.178366249328,0.9947371
2980.1806810383314,1.0163617
2980.182995827331,0.99053204
2980.1853106163335,0.9909684
2980.1876254053345,0.9805812
2980.189940194337,0.9900996
2980.192254983337,0.99056596
2980.1945697723404,0.99982655
2980.19688456134,1.0010109
2980.1991993503434,1.012738
2980.2015141393435,0.994849
2980.203828928347,0.9925728
2980.206143717348,1.0081806
2980.208458506349,1.0038583
2980.21077329535,0.9978497
2980.213088084275,0.9985915
2980.2154028731065,1.00423
2980.217717661939,1.0063832
2980.2200324507694,1.0137588
2980.222347239601,0.99420106
2980.2246620284327,0.9981091
2980.226976817263,0.9939777
2980.229291606096,0.99757713
2980.231606394925,0.9991563
2980.233921183758,1.0015416
2980.2362359725894,1.0025014
2980.2385507614213,0.99661446
2980.2408655502536,1.0031275
2980.243180339085,0.9921517
2980.2454951279155,0.9923461
2980.247809916747,1.0021423
2980.250124705579,0.99211425
2980.252439494411,0.99383086
2980.2547542831653,0.9953
2980.2570690718258,1.0007831
2980.259383860487,1.0075783
2980.261698649149,1.0001904
2980.2640134378103,0.9904468
2980.266328226472,1.0065123
2980.268643015133,0.9988976
2980.2709578037966,1.0141909
2980.273272592456,0.98485065
2980.2755873811175,1.004083
2980.2779021697793,0.98931277
2980.28021695844,1.004469
2980.282531747101,1.0018675
2980.2848465357633,0.9867994
2980.2871613244242,1.0002054
2980.2894761130865,1.0115879
2980.291790901747,0.9943392
2980.2941056904083,0.9990538
2980.2964204789923,1.017356
2980.298735267484,1.0001961
2980.301050055977,1.0049891
2980.303364844467,1.010183
2980.30567963296,1.002657
2980.3079944214487,1.0067126
2980.3103092099414,1.009198
2980.3126239984317,1.0075787
2980.3149387869244,1.0024005
2980.3172535754143,1.0030475
2980.319568363907,1.004718
2980.3218831523973,1.0022931
2980.324197940888,0.9868426
2980.32651272938,0.999014
2980.3288275178706,0.99928004
2980.3311423063633,0.99390614
2980.3334570948537,1.0024108
2980.3357718833454,1.0062013
2980.338086671758,1.0007033
2980.340401460081,0.9946868
2980.342716248401,0.99921554
2980.3450310367234,1.0045797
2980.3473458250432,1.009639
2980.349660613366,1.0071174
2980.3519754016856,1.0001937
2980.3542901900073,1.00238
2980.356604978327,0.9922695
2980.35891976665,1.0036515
2980.36123455497,1.0024147
2980.3635493432926,1.0057845
2980.365864131613,1.0004929
2980.368178919935,1.0014094
2980.3704937082557,0.99415094
2980.3728084965755,0.99768543
2980.375123284898,0.99854654
2980.377438073218,0.99392265
2980.3797528614637,0.9959387
2980.3820676496134,0.9970689
2980.384382437766,1.0003555
2980.3866972259143,1.0126283
2980.3890120140672,1.0096877
2980.3913268022166,0.99280256
2980.393641590369,1.0201628
2980.3959563785197,1.0162594
2980.3982711666713,1.0131139
2980.400585954822,1.0086018
2980.402900742972,1.0034947
2980.4052155311238,0.9968658
2980.4075303192744,0.99926585
2980.409845107426,0.99770427
2980.4121598955767,1.001606
2980.414474683727,0.99669254
2980.4167894718785,0.9952095
2980.419104260029,1.0081763
2980.421419048104,1.0095385
2980.4237338360845,0.987361
2980.426048624064,1.0049223
2980.4283634120447,0.99887544
2980.4306782000263,0.9965444
2980.4329929880078,0.9886746
2980.435307775988,0.99685
2980.437622563968,0.99814
2980.4399373519486,1.0106529
2980.44225213993,0.9988009
2980.4445669279103,1.0074482
2980.446881715892,1.003857
2980.4491965038724,0.9964363
2980.4515112918525,1.0005878
2980.4538260798336,0.9985236
2980.456140867815,0.9921851
2980.4584556557957,1.014021
2980.460770443777,1.0040822
2980.463085231679,0.99662787
2980.465400019491,1.0074856
2980.4677148073006,0.99813265
2980.4700295951116,1.0074078
2980.4723443829216,1.0067031
2980.4746591707317,1.0000254
2980.4769739585417,1.0012215
2980.479288746353,1.0069374
2980.4816035341632,0.98935956
2980.483918321974,1.0075781
2980.4862331097866,1.0002363
2980.4885478975943,1.0019535
2980.4908626854062,1.0043765
2980.493177473216,1.0016587
2980.4954922610277,1.0112842
2980.497807048837,0.99279207
2980.500121836649,1.0057364
2980.502436624458,0.9980497
2980.504751412192,0.99014723
2980.507066199832,1.0039147
2980.509380987473,0.99893814
2980.5116957751115,0.9946229
2980.5140105627534,0.991608
2980.5163253503924,1.0081928
2980.5186401380324,1.0092286
2980.5209549256742,0.998975
2980.523269713313,1.010203
2980.5255845009547,1.0042617
2980.5278992885937,1.0021983
2980.5302140762356,1.0069025
2980.5325288638746,1.0082326
2980.534843651515,0.99839306
2980.5371584391537,1.0025847
2980.5394732267955,1.0137808
2980.5417880144346,1.0046989
2980.5441028020764,1.0003208
2980.546417589638,1.0054169
2980.54873237711,1.0056564
2980.551047164579,0.99611866
2980.553361952049,1.0184264
2980.555676739519,0.9922693
2980.557991526989,0.9947379
2980.5603063144595,0.9961182
2980.562621101929,1.0201693
2980.5649358893984,1.0109832
2980.567250676867,1.0040431
2980.5695654643387,0.9948307
2980.5718802518068,0.99815285
2980.5741950392785,0.9932692
2980.576509826747,1.0086447
2980.5788246142183,1.001414
2980.5811394016882,1.0005043
2980.5834541891572,1.0104619
2980.585768976628,0.99959356
2980.5880837640207,0.9988486
2980.5903985513205,1.0053521
2980.59271333862,1.0174735
2980.5950281259193,0.99010766
2980.597342913219,1.0095482
2980.5996577005185,1.0055608
2980.601972487819,0.9986445
2980.6042872751177,1.0034205
2980.606602062417,0.9892936
2980.608916849717,1.0124958
2980.611231637017,1.0009873
2980.6135464243157,0.9976589
2980.615861211616,1.0090744
2980.618175998915,1.0025374
2980.620490786214,1.0102997
2980.622805573514,1.0160108
2980.6251203608135,1.0003091
2980.627435148114,1.0008382
2980.629749935336,1.0037538
2980.6320647224643,1.0115068
2980.634379509594,1.0109571
2980.636694296723,0.99739003
2980.6390090838527,0.9935893
2980.641323870982,0.9953748
2980.6436386581104,0.99681485
2980.6459534452415,0.9987896
2980.648268232369,0.9944507
2980.6505830194997,1.0151405
2980.6528978066276,1.0042269
2980.6552125937583,1.0130267
2980.6575273808853,0.99669313
2980.659842168015,0.9911867
2980.662156955145,0.99085134
2980.6644717422737,0.9851731
2980.6667865294025,0.99872625
2980.669101316531,0.98939806
2980.671416103584,1.003754
2980.673730890542,0.9949641
2980.6760456775028,1.0093983
2980.67836046446,1.000948
2980.6806752514203,1.0014794
2980.6829900383777,1.0015619
2980.685304825337,0.99726784
2980.6876196122953,1.004825
2980.689934399255,1.0015165
2980.692249186212,1.011149
2980.6945639731725,1.0001303
2980.69687876013,0.98555136
2980.69919354709,0.99206114
2980.701508334048,0.99589735
2980.703823121008,0.9849217
2980.706137907967,1.0067849
2980.708452694924,0.9917806
2980.710767481883,1.0048865
2980.7130822687645,1.0140342
2980.7153970555546,1.0094986
2980.71771184234,0.9939812
2980.72002662913,1.003916
2980.722341415917,1.0012944
2980.724656202707,1.0018742
2980.726970989494,1.0013475
2980.729285776284,0.9967405
2980.7316005630696,0.98509955
2980.7339153498597,1.0004047
2980.7362301366484,0.99698544
2980.7385449234366,1.0039458
2980.7408597102253,1.0015103
2980.743174497013,1.0143436
2980.745489283801,1.0096178
2980.74780407059,1.0003442
2980.7501188573783,1.0040613
2980.7524336441647,0.9995316
2980.7547484308775,1.0123911
2980.757063217494,0.99369866
2980.7593780041125,1.0126058
2980.76169279073,0.9927151
2980.7640075773484,0.99802434
2980.766322363967,1.0138922
2980.768637150584,0.99292
2980.7709519372015,0.9910604
2980.77326672382,1.0034499
2980.7755815104374,0.9953852
2980.777896297056,0.989101
2980.780211083673,1.0018516
2980.7825258702906,0.99879265
2980.7848406569087,0.9970253
2980.7871554435264,1.0007572
2980.789470230145,1.016727
2980.791785016762,1.0005307
2980.7940998033796,0.9937099
2980.796414589919,1.0051994
2980.7987293763676,1.014905
2980.8010441628144,0.9997659
2980.803358949262,1.0038347
2980.805673735709,1.0013604
2980.807988522157,1.00151
2980.810303308604,0.99767464
2980.8126180950508,0.9959206
2980.8149328814984,1.0028789
2980.8172476679456,1.009602
2980.8195624543923,0.99939066
2980.8218772408404,0.9936933
2980.824192027287,1.0134308
2980.8265068137353,0.98795617
2980.8288216001815,0.9973908
2980.8311363866305,1.002239
2980.8334511730764,0.99433064
2980.8357659595254,0.9985197
2980.838080745893,0.99462634
2980.84039553217,1.0041394
2980.8427103184463,0.9882676
2980.845025104724,0.98937094
2980.847339891,1.0156938
2980.8496546772762,0.99398404
2980.8519694635534,0.99514467
2980.8542842498296,0.99553895
2980.856599036107,1.0120217
2980.8589138223833,0.99934685
2980.861228608662,0.99453133
2980.8635433949366,1.0129497
2980.8658581812138,0.99182874
2980.8681729674904,0.99558175
2980.8704877537675,1.0028484
2980.8728025400433,1.0037158
2980.8751173263213,1.0033201
2980.877432112596,1.0018748
2980.8797468987973,0.99704766
2980.882061684902,1.0011101
2980.8843764710077,1.0067283
2980.886691257113,1.0145259
2980.88900604322,0.9928021
2980.8913208293266,0.99146605
2980.8936356154322,1.0120022
2980.8959504015397,0.9959169
2980.898265187643,1.0048907
2980.9005799737506,0.99816453
2980.902894759856,1.0070262
2980.9052095459633,0.9979868
2980.907524332068,1.00083
2980.9098391181756,0.99904656
2980.912153904279,0.9892441
2980.9144686903865,0.9960365
2980.916783476492,1.001722
2980.919098262599,0.99441504
2980.921413048626,1.0012279
2980.9237278345636,1.002782
2980.926042620498,0.99146855
2980.928357406432,0.9944311
2980.930672192369,0.9920081
2980.932986978303,0.9984916
2980.93530176424,1.0063161
2980.9376165501735,0.99827933
2980.9399313361096,1.0035131
2980.9422461220447,1.001249
2980.9445609079808,0.995733
2980.9468756939145,0.99418926
2980.949190479851,0.9908739
2980.9515052657853,0.9877577
2980.9538200517222,0.98436284
2980.9561348376574,0.9991674
2980.9584496235934,0.99039596
2980.9607644095277,1.0085603
2980.9630791953855,1.000497
2980.965393981151,1.0042112
2980.967708766915,0.9978007
2980.9700235526802,0.9850404
2980.9723383384426,0.98056
2980.9746531242085,0.9987094
2980.976967909972,1.0086714
2980.979282695738,0.9983647
2980.981597481501,1.0072905
2980.9839122672674,0.99892914
2980.9862270530316,1.0052545
2980.9885418387958,1.0173512
2980.990856624561,0.9999136
2980.9931714103254,0.99406314
2980.9954861960905,0.9989616
2980.997800981854,1.0052316
2981.0001157676184,1.0067248
2981.002430553384,1.0051326
2981.0047453390707,1.0065734
2981.0070601246653,0.99162763
2981.0093749102584,0.9963517
2981.0116896958516,1.0037547
2981.014004481446,1.0118997
2981.0163192670398,1.0109591
2981.0186340526325,0.9880147
2981.020948838227,0.9965868
2981.0232636238206,1.0052377
2981.025578409415,1.0121603
2981.0278931950083,1.0085977
2981.030207980602,0.9968978
2981.032522766196,1.0051125
2981.0348375517897,0.99900746
2981.037152337383,0.99046934
2981.0394671229774,0.9916164
2981.041781908571,1.0147927
2981.0440966941655,1.0015528
2981.046411479682,1.0117521
2981.0487262651036,0.98425555
2981.051041050528,0.9919679
2981.05335583595,0.9936594
2981.0556706213742,1.0024518
2981.0579854067955,1.0055047
2981.060300192218,0.99919367
2981.0626149776417,0.9968445
2981.0649297630644,0.99964285
2981.0672445484865,0.99704725
2981.06955933391,1.0049617
2981.0718741193327,0.99596965
2981.0741889047563,0.99007094
2981.076503690179,0.99657035
2981.078818475601,0.9872628
2981.081133261026,0.9994416
2981.0834480464473,1.0197234
2981.0857628318718,1.0008761
2981.088077617216,0.9999326
2981.0903924024697,1.0128273
2981.0927071877204,1.0064946
2981.095021972973,1.0127127
2981.0973367582237,1.003771
2981.099651543477,1.0075586
2981.101966328728,0.99168706
2981.1042811139796,0.9869477
2981.106595899232,0.9966344
2981.108910684484,0.9795816
2981.1112254697373,1.0095388
2981.113540254988,0.98526114
2981.1158550402415,1.0089273
2981.1181698254923,1.0085745
2981.120484610745,0.99471694
2981.1227993959965,0.99279696
2981.125114181249,1.006706
2981.1274289664993,0.99657756
2981.129743751676,1.0004708
2981.1320585367553,1.0111529
2981.1343733218378,0.98721284
2981.136688106918,0.9937161
2981.1390028920005,0.99795663
2981.141317677081,0.99368745
2981.1436324621604,0.99777484
2981.145947247243,1.0045187
2981.148262032323,1.0044045
2981.1505768174056,1.0152713
2981.152891602484,0.9989347
2981.1552063875665,1.0022094
2981.1575211726463,0.9863488
2981.159835957729,0.9927102
2981.162150742809,0.99324447
2981.1644655278915,1.006845
2981.166780312971,1.0034034
2981.1690950980524,0.9938375
2981.1714098830566,0.9912005
2981.1737246679663,0.99877197
2981.176039452877,0.99163705
2981.178354237786,1.003468
2981.180669022696,1.0058919
2981.1829838076064,0.9958764
2981.185298592516,1.0048299
2981.1876133774244,1.0036141
2981.189928162337,0.99936914
2981.192242947245,1.007309
2981.1945577321558,0.99013776
2981.1968725170655,0.99873495
2981.199187301977,0.9995135
2981.2015020868844,1.0075815
2981.203816871796,0.9942389
2981.2061316567056,0.9894956
2981.208446441616,0.99870765
2981.210761226526,0.99382687
2981.213076011359,0.98765504
2981.2153907960974,0.98656654
2981.2177055808356,0.98495823
2981.2200203655752,0.9915661
2981.222335150314,0.9978991
2981.2246499350535,0.9981327
2981.2269647197895,0.99694055
2981.22927950453,1.0004226
2981.231594289268,0.9844166
2981.2339090740084,0.9826731
2981.236223858748,1.0140702
2981.2385386434858,0.994005
2981.2408534282245,0.9943626
2981.243168212964,1.0099633
2981.2454829977028,1.0052763
2981.247797782441,0.9969942
2981.25011256718,0.9863709
2981.252427351919,0.9961467
2981.25474213658,0.98153967
2981.2570569211484,0.9865975
2981.2593717057157,1.0001163
2981.261686490284,0.98841876
2981.264001274851,0.9973355
2981.26631605942,0.9940127
2981.2686308439866,0.98737717
2981.2709456285543,1.0044003
2981.2732604131224,1.0024348
2981.2755751976892,0.97841597
2981.277889982257,0.98772395
2981.280204766825,0.9837184
2981.2825195513924,0.9921948
2981.2848343359597,0.98690474
2981.287149120528,1.0030732
2981.2894639050955,0.99766695
2981.2917786896637,0.9933041
2981.294093474231,0.99038726
2981.2964082587227,0.99093896
2981.2987230431177,0.9986334
2981.301037827515,0.9960127
2981.3033526119107,1.0078713
2981.305667396308,0.99099755
2981.307982180703,0.99441874
2981.3102969651,0.9976329
2981.3126117494958,0.9902806
2981.314926533892,0.9943951
2981.3172413182892,0.9834976
2981.3195561026855,0.99479735
2981.321870887081,0.9833929
2981.324185671478,0.98912835
2981.326500455876,0.98555505
2981.3288152402715,0.9979154
2981.331130024669,0.998586
2981.333444809063,0.97798336
2981.3357595934613,0.98871934
2981.338074377779,0.96955496
2981.3403891620055,0.99146605
2981.3427039462294,0.99599135
2981.345018730456,0.9844997
2981.3473335146796,0.9851901
2981.3496482989044,0.9891405
2981.35196308313,0.9936283
2981.354277867355,0.9964191
2981.3565926515794,1.0068418
2981.358907435805,0.99411494
2981.361222220031,0.9878249
2981.3635370042557,0.9981973
2981.3658517884815,0.9913455
2981.3681665727054,0.9911014
2981.370481356932,0.99115247
2981.3727961411555,0.9819543
2981.3751109253813,0.98060864
2981.377425709606,0.98153
2981.379740493755,0.9714456
2981.382055277806,0.9961224
2981.3843700618613,0.986907
2981.386684845914,0.9953116
2981.3889996299686,0.98784494
2981.391314414023,0.98108375
2981.393629198075,0.9998708
2981.39594398213,0.9940767
2981.3982587661826,0.9961839
2981.400573550238,1.0003192
2981.4028883342903,1.0065464
2981.4052031183455,0.98613644
2981.4075179023966,0.9849505
2981.409832686452,0.9815029
2981.4121474705044,1.003083
2981.4144622545596,0.9906675
2981.4167770386116,1.0060356
2981.4190918226673,0.9833533
2981.421406606643,0.99279916
2981.4260361744077,0.99129987
2981.428350958288,1.0005754
2981.430665742172,1.0102209
2981.4329805260527,0.9861851
2981.4352953099356,0.9931822
2981.4376100938175,1.0021619
2981.4399248777004,0.9797452
2981.442239661581,0.9930873
2981.4445544454647,0.9953851
2981.446869229346,0.98273367
2981.4491840132296,0.9856118
2981.4514987971115,1.0030469
2981.4538135809944,0.986344
2981.456128364876,0.9790589
2981.458443148758,1.00264
2981.46075793264,0.99660087
2981.463072716445,0.99461555
2981.465387500155,0.9993476
2981.467702283864,0.9847533
2981.4700170675765,0.9941142
2981.4723318512856,0.9853465
2981.474646634998,0.9830244
2981.4792762024194,0.988268
2981.4815909861286,1.0012001
2981.4839057698396,0.9946653
2981.486220553551,0.9954532
2981.4885353372615,0.9986933
2981.4908501209725,0.9864448
2981.4931649046825,1.000443
2981.495479688393,0.9946107
2981.497794472104,0.98468816
2981.5001092558146,0.9822467
2981.502424039526,0.9817329
2981.504738823158,0.9822612
2981.507053606696,0.9903631
2981.5093683902364,0.98115647
2981.511683173774,0.98883426
2981.513997957313,0.993188
2981.5163127408528,0.9804814
2981.5186275243914,0.98984474
2981.520942307931,0.99032044
2981.5232570914695,1.001637
2981.5255718750086,0.9974259
2981.532516225625,0.99869555
2981.5348310091645,0.9998428
2981.537145792703,0.9950325
2981.5394605762426,0.98906875
2981.5417753597812,0.99214596
2981.5464049267816,0.98985684
2981.5487197101484,0.990923
2981.551034493515,0.9859156
2981.5533492768827,0.9874184
2981.55566406025,0.99066865
2981.5579788436175,0.99558276
2981.5602936269843,0.97656816
2981.562608410351,0.99818593
2981.5649231937186,0.99004906
2981.5695527604535,0.97367615
2981.5718675438206,0.9811251
2981.574182327187,0.9869862
2981.576497110556,0.97551227
2981.5811266772903,0.9999412
2981.5834414606566,0.98911756
2981.5857562440233,0.9959228
2981.5880710273123,0.9744875
2981.590385810508,0.9717349
2981.595015376899,0.9904783
2981.5973301600943,0.9951483
2981.5996449432887,1.0004077
2981.6042745096797,0.9988059
2981.606589292877,0.9909942
2981.6089040760708,0.98495513
2981.611218859268,0.9861405
2981.6135336424613,0.9852047
2981.6158484256575,0.9976027
2981.6181632088524,0.98570466
2981.6204779920486,0.99360734
2981.622792775242,0.9880521
2981.6251075584373,0.9959978
2981.627422341633,1.0019301
2981.6297371247515,0.98332316
2981.6320519077744,0.98870796
2981.6343666907974,0.97381
2981.638996256844,0.9902237
2981.6413110398685,0.9787068
2981.6436258228914,0.9858812
2981.6459406059166,0.99099517
2981.6482553889373,1.0007164
2981.6528849549845,0.9922177
2981.6551997380093,0.9995197
2981.6575145210313,1.0070181
2981.6598293040565,0.9922279
2981.662144087077,1.0006481
2981.6644588701015,1.0041637
2981.6667736531253,0.99361223
2981.6690884361483,0.99590844
2981.6714032190957,0.97709453
2981.6737180019445,0.97590953
2981.6760327847974,0.9959284
2981.6806623505004,0.9897344
2981.68297713335,0.9784666
2981.6852919162034,0.9907826
2981.692236264756,0.97996145
2981.694551047608,0.99154425
2981.6968658304577,0.98194695
2981.6991806133096,0.99948937
2981.7014953961616,0.99830484
2981.7038101790126,0.98696303
2981.7061249618646,0.99362046
2981.7084397447143,1.0004593
2981.710754527567,0.994523
2981.7130693103395,0.99602866
2981.71538409302,0.9871802
2981.720013658379,0.99551696
2981.7223284410557,0.9886674
2981.724643223736,0.9921832
2981.726958006414,0.9905232
2981.729272789095,0.98126256
2981.733902354453,0.9911995
2981.736217137132,0.9833121
2981.73853191981,0.984487
2981.7408467024907,0.99044645
2981.7431614851685,0.9841262
2981.745476267849,0.9860091
2981.7477910505268,0.98794407
2981.750105833207,0.98705447
2981.752420615884,0.990276
2981.7547353984874,0.99586254
2981.759364963501,0.991264
2981.761679746007,0.98225725
2981.7639945285155,1.002141
2981.766309311022,0.9887959
2981.768624093528,0.9954023
2981.770938876036,0.99605095
2981.773253658542,0.97007614
2981.77556844105,0.99390364
2981.7801980060626,0.974629
2981.7848275710767,1.0006267
2981.791771918596,0.99424183
2981.794086701105,0.9878614
2981.7964014835334,0.97702
2981.7987162658683,0.9898379
2981.8010310482027,0.9981298
2981.8033458305367,0.9919013
2981.8056606128716,0.9897719
2981.8079753952056,0.99542516
2981.81029017754,1.0027273
2981.8126049598727,0.9922941
2981.8149197422094,0.9981157
2981.817234524542,1.0047338
2981.8195493068783,0.9950133
2981.8218640892114,0.97908556
2981.8241788715477,0.99200517
2981.8264936538817,0.99631435
2981.8311232185506,0.9964557
2981.838067565476,1.0043516
2981.840382347638,1.0006533
2981.845011911962,0.99545115
2981.8496414762863,0.9923628
2981.8519562584465,0.9862716
2981.8542710406095,1.0136611
2981.856585822772,0.99545014
2981.8589006049338,0.97886324
2981.8612153870963,1.0047618
2981.863530169258,0.99694467
2981.8658449514196,0.9991968
2981.8727892979064,0.99635875
2981.875104080068,1.0010889
2981.879733644314,0.988546
2981.88667799028,0.999562
2981.8889927722707,1.0060816
2981.89130755426,1.0071458
2981.89593711824,0.98868746
2981.898251900229,0.9940952
2981.9005666822177,1.0046818
2981.902881464207,0.98590297
2981.9051962461967,1.003237
2981.909825810176,1.000187
2981.9121405921646,0.99866605
2981.9144553741535,0.9811726
2981.919084938133,1.0010346
2981.9213997200445,0.9968622
2981.9237145018606,0.9981588
2981.9306588473105,0.9983539
2981.932973629128,0.99591655
2981.93760319276,0.9993579
2981.9399179745765,0.99164176
2981.9422327563934,0.99978346
2981.94454753821,0.9929819
2981.953806665477,1.0126423
2981.9607510109263,0.99640435
2981.9630657926646,0.9886269
2981.9653805743087,0.99103147
2981.9700101375965,1.004201
2981.974639700883,0.9998754
2981.9815840458164,0.98643583
2981.986213609104,0.99620646
2981.993157954033,0.99677455
2981.9954727356776,0.9982125
2981.9977875173204,0.9946212
2982.000102298964,0.9930347
2982.002417080608,1.0055315
2982.0047318621737,0.9906855
2982.007046643645,1.0039382
2982.009361425115,1.0081928
2982.0116762065873,1.0000421
2982.013990988057,1.0023179
2982.016305769529,1.0036546
2982.018620550997,0.9828851
2982.02093533247,1.0059341
2982.023250113939,0.99849844
2982.025564895411,1.0004448
2982.0278796768807,1.0176595
2982.0301944583507,0.99388903
2982.0325092398225,1.0188308
2982.034824021293,0.9968627
2982.0371388027643,0.9994475
2982.0394535842347,0.999614
2982.041768365705,0.9974135
2982.044083147176,1.0136592
2982.046397928569,0.9964966
2982.0487127098654,0.999925
2982.0510274911644,0.9999984
2982.0533422724607,0.9956458
2982.05565705376,0.99764353
2982.057971835056,1.0046988
2982.060286616355,1.0014169
2982.0626013976516,1.0053152
2982.064916178949,1.00006
2982.0672309602455,1.0003089
2982.0695457415436,0.9968089
2982.0718605228412,0.99761057
2982.0741753041393,1.0035423
2982.0764900854383,1.0070705
2982.0788048667337,0.9999114
2982.081119648033,1.0160348
2982.083434429329,1.0023324
2982.0857492106284,1.0018109
2982.088063991846,0.9990125
2982.090378772972,0.9960336
2982.092693554094,1.0010318
2982.0950083352195,1.0009508
2982.0973231163434,0.9947246
2982.0996378974683,0.9947349
2982.1019526785917,0.9875418
2982.104267459715,0.99928224
2982.106582240841,1.012159
2982.108897021964,1.000108
2982.11121180309,0.98791057
2982.113526584213,1.0111321
2982.115841365339,0.9951798
2982.1181561464614,0.99870247
2982.120470927586,1.0085447
2982.1227857087106,0.99451804
2982.1251004898354,1.0037774
2982.127415270958,0.99738395
2982.1297300520055,0.9994093
2982.1320448329548,0.99641937
2982.1343596139072,1.0075665
2982.136674394858,0.9922551
2982.138989175807,1.0060925
2982.14130395676,1.0141336
2982.1436187377094,1.0212898
2982.1459335186614,0.991668
2982.148248299611,1.0061941
2982.1505630805636,0.9935415
2982.152877861512,0.9981127
2982.1551926424645,0.9966711
2982.157507423414,1.0099574
2982.1598222043663,1.0005147
2982.1621369853156,0.9949394
2982.1644517662685,1.0100963
2982.166766547218,0.98445636
2982.1690813281693,1.002445
2982.1713961090422,1.0042942
2982.1737108898183,0.99960226
2982.176025670597,0.9918938
2982.1783404513717,1.0072538
2982.1806552321505,1.0024174
2982.1829700129274,0.9952554
2982.1852847937053,0.9925551
2982.187599574481,1.008861
2982.1899143552596,1.0017874
2982.1922291360356,0.99223626
2982.4121332659915,1.0155052
2982.4144480459,1.010968
2982.416762825806,1.0165293
2982.4190776057126,1.0093696
2982.421392385541,1.0099926
2982.4237071652733,1.0165497
2982.426021945006,1.0065179
2982.4283367247376,1.0132676
2982.4306515044696,1.0047411
2982.4329662842024,1.0047995
2982.435281063935,1.0136632
2982.4375958436676,1.0137471
2982.439910623399,1.0184878
2982.442225403131,1.0043498
2982.444540182863,1.0006498
2982.4468549625954,1.0100396
2982.449169742328,1.0099212
2982.451484522061,1.0150489
2982.4537993017925,1.0165994
2982.4561140815244,1.0047909
2982.4584288612577,1.017576
2982.4607436409897,1.0026332
2982.4630584206434,1.0053407
2982.4653732002002,1.0072964
2982.4676879797576,1.0069458
2982.470002759316,1.0036881
2982.472317538873,1.0174425
2982.4746323184313,0.999933
2982.476947097986,1.0138696
2982.479261877545,1.0011526
2982.4815766571032,1.0150548
2982.4838914366605,1.0164951
2982.4862062162174,1.0043049
2982.4885209957756,1.0056148
2982.490835775333,1.0090035
2982.493150554891,0.9966792
2982.495465334448,1.0088766
2982.4977801140053,1.0114834
2982.500094893563,1.0098183
2982.5024096731204,1.0059965
2982.5047244525986,1.0164882
2982.5070392319817,1.0071309
2982.509354011364,1.0211452
2982.511668790747,1.0054065
2982.513983570129,1.0026524
2982.5162983495115,1.0078465
2982.5186131288947,0.99909073
2982.520927908277,1.0133932
2982.52324268766,1.0059065
2982.525557467042,0.99702173
2982.527872246424,1.0064417
2982.530187025807,1.0151551
2982.53250180519,1.0129108
2982.5348165845717,1.0101293
2982.537131363955,1.0014458
2982.539446143337,1.013038
2982.541760922721,1.0182786
2982.5440757021024,1.0104946
2982.546390481405,1.0081892
2982.548705260613,1.0195194
2982.5510200398203,1.0096622
2982.5533348190284,1.0218672
2982.5556495982355,1.0097383
2982.5579643774427,1.0135863
2982.5602791566503,1.0095935
2982.5625939358574,1.0100577
2982.5649087150655,0.9991294
2982.5672234942726,1.009759
2982.56953827348,1.0094235
2982.5718530526888,1.0063488
2982.5741678318946,0.9959289
2982.5764826111017,1.0147549
2982.57879739031,0.9962846
2982.581112169517,1.0160306
2982.5834269487236,1.0122718
2982.5857417279317,1.008328
2982.5880565070593,1.0142392
2982.590371286092,1.0089017
2982.592686065124,1.0169257
2982.595000844155,1.0042442
2982.597315623188,1.0149128
2982.5996304022196,1.0027553
2982.601945181252,0.9996199
2982.6042599602843,1.013486
2982.6065747393177,0.99948066
2982.608889518347,1.003943
2982.61120429738,1.0225037
2982.6135190764126,0.9960559
2982.6158338554446,1.0064234
2982.618148634476,1.0196093
2982.6204634135074,1.0027866
2982.6227781925404,1.0044641
2982.625092971572,1.0093794
2982.6274077506046,1.0177212
2982.629722529557,1.0096495
2982.6320373084127,1.0150722
2982.63435208727,1.0029672
2982.636666866127,1.0073754
2982.6389816449832,1.0130198
2982.64129642384,0.99102676
2982.6436112026954,0.99365395
2982.6459259815515,1.0070888
2982.648240760409,1.0077841
2982.650555539266,1.0127642
2982.652870318122,1.0095325
2982.655185096978,1.0027914
2982.657499875834,1.0134462
2982.659814654691,1.0062438
2982.6621294335478,1.0032132
2982.6644442124048,1.0086486
2982.6667589912627,1.0217428
2982.669073770117,1.0006741
2982.6713885488953,1.0152627
2982.673703327575,1.0107452
2982.6760181062564,1.0072656
2982.6783328849365,0.98998016
2982.6806476636166,1.0184987
2982.682962442297,1.0143822
2982.6852772209786,1.0037357
2982.68759199966,1.018663
2982.6899067783406,0.99266255
2982.6922215570203,0.99755305
2982.694536335701,1.008838
2982.696851114383,1.0126667
2982.699165893063,1.0240916
2982.7014806717452,1.0001737
2982.703795450424,1.0084299
2982.7061102291045,1.0062387
2982.708425007786,1.0057747
2982.7107397864665,1.0062765
2982.7130545650684,1.01157
2982.7153693435725,1.0106392
2982.7176841220767,0.99594635
2982.719998900582,1.0145909
2982.7223136790867,1.0062014
2982.724628457592,1.0002917
2982.7269432360963,1.0130551
2982.729258014601,1.006935
2982.731572793107,1.0089527
2982.7338875716105,1.0051154
2982.736202350115,0.9912761
2982.73851712862,1.0266196
2982.7408319071246,1.0160275
2982.74314668563,1.0044188
2982.745461464134,1.0177735
2982.747776242639,1.018457
2982.750091021144,1.0009451
2982.7524057996484,1.0107483
2982.7547205780734,1.0160409
2982.7570353564024,1.0148356
2982.7593501347305,1.0114851
2982.761664913061,1.0144331
2982.7639796913877,1.0063431
2982.7662944697176,1.0051215
2982.7686092480453,1.0128237
2982.7709240263735,1.0058644
2982.7732388047016,1.005792
2982.7755535830306,1.0118618
2982.7778683613587,1.0052085
2982.7801831396882,1.0023758
2982.7824979180164,1.0081174
2982.784812696344,1.006167
2982.7871274746735,1.0182883
2982.7894422530017,1.0124704
2982.791757031332,1.0027744
2982.7940718096593,1.0049508
2982.7963865879096,1.010397
2982.79870136606,0.9900495
2982.801016144212,0.99952686
2982.8033309223647,0.99431145
2982.805645700517,1.0061467
2982.8079604786685,1.0176365
2982.8102752568207,1.0055119
2982.812590034973,0.99795026
2982.8149048131245,1.0091503
2982.8172195912775,1.0090578
2982.819534369429,1.0075723
2982.821849147583,1.002123
2982.8241639257335,1.0065637
2982.826478703886,0.9998785
2982.8287934820382,1.0037296
2982.83110826019,1.0008972
2982.8334230383416,1.0116229
2982.835737816494,1.018502
2982.8380525945663,1.0049632
2982.8403673725425,1.0028495
2982.8426821505177,1.0101564
2982.8449969284925,1.002909
2982.8473117064686,1.0059732
2982.849626484444,1.0064044
2982.851941262421,1.0102218
2982.8542560403953,1.0126191
2982.8565708183723,1.0003725
2982.8588855963453,1.0167578
2982.8612003743224,1.0051625
2982.8635151522967,1.0088223
2982.865829930273,1.0049253
2982.8681447082477,1.0047469
2982.8704594862224,1.0123664
2982.8727742641986,1.002726
2982.875089042174,0.99781084
2982.87740382015,1.0054358
2982.879718598045,1.0089831
2982.882033375843,1.0051427
2982.8843481536423,0.99946886
2982.8866629314416,1.0029391
2982.88897770924,1.0117985
2982.891292487039,0.9917465
2982.893607264836,1.001594
2982.8959220426345,1.0019994
2982.898236820434,1.0143099
2982.900551598233,0.99371606
2982.9028663760314,1.0179032
2982.9051811538293,1.0064225
2982.9074959316276,0.9975913
2982.909810709427,1.000861
2982.9121254872252,0.99746495
2982.9144402650245,1.0117725
2982.9167550428247,1.002284
2982.9190698206207,1.0007752
2982.921384598341,0.994945
2982.9236993759614,1.0020137
2982.9260141535833,1.0130545
2982.928328931204,1.0076994
2982.9306437088253,1.0118167
2982.9329584864463,1.0099376
2982.9352732640687,1.0212218
2982.9375880416906,1.0059941
2982.939902819312,1.0065993
2982.9422175969326,0.9987274
2982.944532374554,1.0080297
2982.946847152177,1.0061827
2982.9491619297974,1.0078719
2982.95147670742,1.0075636
2982.9537914850403,1.0110048
2982.9561062626613,1.0071739
2982.9584210402836,1.000592
2982.9607358179046,1.0005252
2982.9630505954465,1.0062579
2982.96536537289,0.9938004
2982.9676801503338,1.0069828
2982.9699949277788,0.99923617
2982.9723097052224,0.9995722
2982.974624482667,1.0045906
2982.976939260112,0.9979793
2982.9792540375543,1.0109246
2982.981568815,1.0103791
2982.983883592443,1.0012155
2982.986198369887,1.0039616
2982.988513147331,1.0116059
2982.9908279247747,1.0019754
2982.993142702219,0.99500406
2982.9954574796634,1.011848
2982.9977722571075,0.99613297
2983.000087034552,1.0097594
2983.0024018119957,1.0075573
2983.004716589359,1.0147165
2983.007031366626,1.0096446
2983.0093461438923,1.0008411
2983.0116609211605,1.0119686
2983.0139756984254,0.9934807
2983.016290475693,1.0071293
2983.0186052529584,0.99666905
2983.0209200302247,0.99425983
2983.0232348074906,0.9970992
2983.0255495847578,1.0075439
2983.0278643620236,0.99869853
2983.030179139291,1.0096214
2983.032493916557,1.0021157
2983.034808693823,1.0126821
2983.03712347109,1.0061976
2983.0394382483564,1.0083297
2983.041753025624,0.99491036
2983.0440678028895,1.0057292
2983.046382580077,1.0119709
2983.048697357164,0.9971393
2983.0510121342522,1.0039777
2983.0533269113407,1.0048012
2983.05564168843,1.0028998
2983.057956465518,1.0072501
2983.060271242606,1.0022241
2983.062586019695,1.0095235
2983.0649007967836,0.9923778
2983.067215573873,1.0059971
2983.069530350961,0.9965768
2983.0718451280513,0.9947382
2983.0741599051385,1.0015577
2983.0764746822274,1.0067453
2983.078789459316,1.0002265
2983.081104236404,1.0085233
2983.083419013492,0.9941496
2983.0857337905813,1.0175802
2983.088048567589,1.0144647
2983.0903633445,1.0075878
2983.0926781214102,0.99927306
2983.09499289832,0.9967582
2983.097307675231,1.0176233
2983.0996224521414,1.0117799
2983.101937229053,1.0129708
2983.1042520059623,0.9992699
2983.1065667828743,1.0056205
2983.1088815597823,1.0089833
2983.1111963366934,1.0197757
2983.1135111136036,1.007539
2983.1158258905148,1.0103315
2983.1181406674245,1.0058172
2983.1204554443343,1.0064236
2983.1227702212454,0.99506605
2983.1250849981557,1.0106491
2983.127399775067,0.9986735
2983.129714551896,1.001751
2983.1320293286276,0.9961398
2983.13434410536,1.0105044
2983.136658882093,1.0105004
2983.1389736588244,1.0085455
2983.1412884355564,1.0062053
2983.1436032122874,1.007945
2983.1459179890194,1.005551
2983.148232765752,1.0170639
2983.1505475424838,1.0010912
2983.152862319216,1.0132396
2983.1551770959477,1.0089701
2983.157491872679,0.99910575
2983.159806649412,0.99899524
2983.1621214261436,1.0044309
2983.1644362028765,1.0213373
2983.166750979609,1.0067
2983.1690657563395,1.0028032
2983.1713805329914,0.9943731
2983.173695309544,1.0000437
2983.1760100860984,0.9931956
2983.178324862651,0.9918939
2983.180639639204,0.99786747
2983.1829544157567,1.0034829
2983.185269192311,0.9964996
2983.1875839688646,1.0075315
2983.189898745418,0.98772943
2983.19221352197,0.9980686
2983.1945282985234,1.0286119
2983.196843075078,0.9872944
2983.1991578516304,1.0037882
2983.201472628184,1.0046132
2983.203787404737,1.002984
2983.2061021812897,0.99943155
2983.208416957844,1.0114433
2983.2107317343966,0.9903532
2983.21304651087,1.0148896
2983.2153612872435,1.0052392
2983.2176760636175,1.014432
2983.2199908399925,0.9944012
2983.2223056163666,1.002051
2983.2246203927416,1.0035411
2983.2269351691148,0.99130964
2983.229249945489,1.0070364
2983.231564721863,1.0208038
2983.233879498238,1.0046828
2983.236194274612,0.99348694
2983.238509050987,1.0146738
2983.2408238273606,1.0243787
2983.2431386037347,1.0068119
2983.2454533801097,0.99236125
2983.2477681564837,1.007638
2983.2500829328587,1.0007038
2983.2523977092324,1.0162104
2983.254712485525,1.0014434
2983.257027261721,0.99890584
2983.2593420379158,0.9943153
2983.261656814111,1.001903
2983.2639715903056,1.0046054
2983.2662863665005,1.0032463
2983.268601142696,1.0099387
2983.2709159188908,0.99956775
2983.273230695085,1.0226207
2983.2755454712806,1.0139763
2983.2778602474755,0.9934093
2983.2801750236713,1.0075135
2983.2824897998657,1.0053912
2983.2848045760607,1.0091915
2983.287119352254,1.0082211
2983.2894341284505,1.0144523
2983.2917489046463,0.9982611
2983.294063680841,0.9916951
2983.2963784569547,0.9934179
2983.2986932329704,1.0086753
2983.3010080089853,0.99144554
2983.3033227850005,1.0051242
2983.3056375610167,0.9927385
2983.307952337032,0.99841887
2983.3102671130464,1.0081142
2983.3125818890626,1.0031348
2983.314896665078,1.002573
2983.3172114410922,0.9970588
2983.3195262171093,1.0009145
2983.3218409931237,0.9989906
2983.32415576914,0.99807024
2983.326470545155,1.0050195
2983.3287853211714,0.9994579
2983.331100097186,1.0027554
2983.333414873201,1.0109029
2983.3357296492172,1.0019795
2983.338044425151,0.99791634
2983.340359200987,1.0110708
2983.3426739768224,1.0002741
2983.344988752657,1.0035632
2983.347303528492,1.0005174
2983.349618304329,0.98843706
2983.351933080165,1.0073146
2983.3542478560003,1.0057125
2983.356562631836,0.9943372
2983.3588774076707,1.0058626
2983.361192183507,0.9999246
2983.363506959342,0.9999915
2983.365821735178,1.0033237
2983.3681365110137,1.0179805
2983.3704512868485,0.9990393
2983.3727660626846,1.0012228
2983.37508083852,0.9906749
2983.377395614354,0.9864403
2983.3797103901097,1.000607
2983.3820251657644,1.0017104
2983.3843399414195,1.0133615
2983.3866547170755,1.0176053
2983.3889694927316,1.0057821
2983.3912842683867,0.99254185
2983.3935990440414,1.0099323
2983.3959138196965,0.9922733
2983.3982285953525,0.9975035
2983.4005433710076,1.0065099
2983.4028581466614,1.014592
2983.4051729223183,1.0136715
2983.4074876979726,0.99835163
2983.4098024736295,1.0103223
2983.4121172492837,0.99454
2983.4144320249407,1.0140388
2983.416746800596,0.9972225
2983.4190615762504,0.9972058
2983.4213763518246,1.0007024
2983.423691127299,1.0079076
2983.4260059027747,1.0020052
2983.4283206782493,1.0055411
2983.4306354537234,0.99976
2983.432950229197,0.99384934
2983.4352650046735,1.0072589
2983.4375797801467,0.9987804
2983.4398945556236,1.0067178
2983.442209331097,1.0023994
2983.4445241065723,1.0108876
2983.446838882048,1.0065867
2983.4491536575224,1.0052601
2983.451468432998,1.0139794
2983.453783208472,1.0076534
2983.4560979839466,1.0072643
2983.458412759422,1.0025688
2983.4607275348967,0.9929402
2983.463042310288,1.004334
2983.465357085584,1.0070091
2983.4676718608766,1.010365
2983.469986636171,0.9940542
2983.472301411465,1.0022689
2983.4746161867606,0.9991611
2983.4769309620538,0.999549
2983.479245737348,1.0078675
2983.4815605126414,1.0068884
2983.483875287936,1.0129522
2983.48619006323,1.0092374
2983.488504838522,1.0013316
2983.4908196138176,1.0120867
2983.4931343891108,1.0009815
2983.495449164406,1.011241
2983.4977639396984,1.0037649
2983.5000787149947,1.0173846
2983.502393490286,1.0079254
2983.5047082654996,0.9967303
2983.507023040613,1.002647
2983.5093378157258,1.0038226
2983.5116525908393,0.99772537
2983.5139673659514,1.0130272
2983.516282141064,1.0052344
2983.5185969161757,1.0065783
2983.52091169129,1.0039321
2983.5232264664014,1.0095093
2983.5255412415154,1.0162328
2983.527856016627,1.0041847
2983.5301707917415,0.9999893
2983.532485566853,1.0125839
2983.5348003419667,1.0092912
2983.53711511708,1.0000169
2983.5394298921924,1.0341815
2983.541744667305,1.0112951
2983.5440594424185,1.0212193
2983.546374217449,1.0076562
2983.5486889923786,1.01991
2983.5510037673116,0.98952156
2983.553318542242,1.0068771
2983.5556333171744,1.0218074
2983.557948092104,1.002026
2983.5602628670363,1.016859
2983.5625776419665,1.0156791
2983.5648924168995,1.0037584
2983.5672071918293,0.99829054
2983.5695219667623,1.0131156
2983.571836741693,1.0016061
2983.5741515166233,1.0100974
2983.576466291556,1.0096757
2983.578781066486,1.0101128
2983.581095841419,0.9899071
2983.583410616349,1.000579
2983.585725391282,1.0135441
2983.5880401661298,0.99090236
2983.5903549408804,1.0078875
2983.5926697156274,1.0064217
2983.594984490379,0.9986413
2983.597299265127,1.0053028
2983.599614039878,1.0169939
2983.601928814627,0.99980354
2983.604243589375,1.0093352
2983.6065583641266,1.0127746
2983.608873138874,0.9929569
2983.611187913625,0.9968297
2983.6135026883735,0.99768937
2983.6158174631246,1.0030221
2983.6181322378716,0.9932345
2983.6204470126227,1.0047061
2983.622761787372,0.9987405
2983.6250765621216,0.9938956
2983.62739133687,0.9912188
2983.6297061115365,1.011585
2983.6320208861052,1.013015
2983.6343356606712,1.0148121
2983.6366504352404,0.9961865
2983.6389652098064,1.021799
2983.641279984375,1.007571
2983.6435947589407,0.9936529
2983.6459095335085,1.0082049
2983.6482243080754,1.0048919
2983.6505390826437,1.0192264
2983.6528538572093,0.99273133
2983.6551686317785,1.0077838
2983.657483406344,1.0091075
2983.659798180912,0.9984956
2983.66211295548,1.0148257
2983.6644277300456,0.99668944
2983.666742504615,1.0111535
2983.6690572791804,0.9951883
2983.671372053666,1.0130477
2983.67368682805,1.0064957
2983.6760016024364,1.0092924
2983.6783163768187,1.00504
2983.6806311512046,1.011816
2983.6829459255882,1.0082455
2983.6852606999737,1.0200053
2983.6875754743583,1.0066
2983.689890248742,1.0141503
2983.6922050231274,0.9932454
2983.694519797512,1.0055679
2983.696834571898,1.0080307
2983.6991493462815,1.006863
2983.701464120668,1.0128186
2983.7037788950497,1.0036057
2983.706093669436,1.0128307
2983.7084084438197,0.99875885
2983.7107232182057,1.0066159
2983.713037992506,1.0111518
2983.715352766708,1.0095732
2983.71766754091,1.0100069
2983.7199823151113,1.0188338
2983.722297089314,1.0012553
2983.724611863515,0.9990256
2983.7269266377184,0.9989663
2983.729241411919,1.0002403
2983.731556186121,0.99883646
2983.7338709603227,0.9877069
2983.736185734525,1.0044657
2983.738500508725,1.0069549
2983.7408152829266,1.0068885
2983.743130057129,1.0027654
2983.7454448313315,1.023246
2983.7477596055323,1.0079693
2983.7500743797336,1.0008794
2983.7523891539354,1.0050026
2983.754703928055,1.0091625
2983.7570187020747,1.0067078
2983.759333476092,1.0067437
2983.7616482501107,1.0143392
2983.763963024128,1.0065995
2983.7662777981477,0.9983283
2983.768592572165,0.9977222
2983.7709073461842,1.0043635
2983.773222120202,1.0030795
2983.77553689422,1.010019
2983.777851668239,1.0149162
2983.7801664422573,1.0038669
2983.782481216276,1.0146217
2983.784795990294,1.0058732
2983.787110764314,1.012275
2983.789425538331,1.0006553
2983.79174031235,1.0087292
2983.794055086367,1.0071514
2983.796369860303,1.000521
2983.7986846341373,1.0168982
2983.8009994079725,1.0106049
2983.8033141818073,0.9994405
2983.8056289556416,1.0112871
2983.8079437294764,1.0094285
2983.8102585033107,0.99789697
2983.8125732771455,0.9950997
2983.8148880509807,1.0100895
2983.817202824817,0.99756324
2983.8195175986502,0.99416053
2983.8218323724855,1.0033199
2983.824147146319,1.0140586
2983.826461920154,1.0085272
2983.8287766939884,1.0080913
2983.8310914678227,1.0011349
2983.833406241658,1.0068432
2983.8357210154923,1.0096753
2983.8380357892443,1.0063643
2983.840350562895,1.0006247
2983.8426653365445,1.0132645
2983.844980110196,1.0137115
2983.847294883846,1.0096773
2983.8496096574977,1.0113853
2983.851924431148,1.0072861
2983.8542392047975,1.0164347
2983.856553978449,0.99913657
2983.858868752099,1.0067391
2983.8611835257507,1.0095243
2983.863498299401,1.0046066
2983.8658130730514,1.0088222
2983.868127846701,0.99100703
2983.870442620352,1.001095
2983.8727573940027,1.0151834
2983.875072167654,1.0058492
2983.877386941303,0.9995009
2983.879701714871,0.9908603
2983.8820164883373,1.013663
2983.8843312618033,0.9939344
2983.88664603527,1.0125747
2983.8889608087356,1.0010856
2983.891275582201,1.0095272
2983.893590355668,1.0044183
2983.8959051291336,0.9973852
2983.8982199026004,0.98935455
2983.9005346760664,1.009822
2983.9028494495315,1.0023429
2983.9051642229974,1.0040088
2983.9074789964634,1.0012721
2983.909793769931,0.99624383
2983.9121085433967,1.0090207
2983.914423316862,1.0063763
2983.916738090328,1.0024279
2983.9190528637946,1.0027642
2983.921367637177,1.0113703
2983.9236824104587,1.007291
2983.9259971837396,0.9984427
2983.92831195702,1.0084231
2983.930626730302,1.0111438
2983.932941503582,1.0151451
2983.9352562768645,0.99448305
2983.937571050143,1.0152812
2983.939885823426,1.0104246
2983.942200596707,1.0100977
2983.944515369989,1.002395
2983.9468301432707,1.0154629
2983.9491449165516,1.00716
2983.951459689832,1.0112456
2983.953774463113,1.011345
2983.9560892363947,1.011874
2983.9584040096747,0.9999279
2983.9607187829574,1.0144006
2983.9630335561533,1.0047697
2983.9653483292495,0.9968375
2983.9676631023453,0.99207526
2983.9699778754416,1.0080148
2983.972292648536,0.99796635
2983.974607421633,1.0095533
2983.976922194729,0.99504924
2983.9792369678253,1.0119303
2983.981551740921,1.0043315
2983.9838665140173,0.9965492
2983.9861812871127,1.0121164
2983.988496060207,1.0024006
2983.990810833304,0.99967206
2983.993125606399,1.0080322
2983.995440379496,1.0054649
2983.99775515259,1.0136257
2984.0000699256875,1.0123268
2984.002384698782,1.0079758
2984.0046994717954,1.0065274
2984.0070142447053,1.0093724
2984.009329017616,1.0136732
2984.0116437905253,1.0004834
2984.0139585634342,1.0009905
2984.016273336346,0.98901033
2984.018588109255,1.0251501
2984.0209028821664,0.9971197
2984.023217655074,1.0061818
2984.0255324279856,1.0036525
2984.0278472008945,1.0007882
2984.030161973806,0.98920184
2984.0324767467146,1.0097377
2984.034791519626,1.0058694
2984.037106292536,0.9884991
2984.039421065445,1.0110532
2984.0417358383565,0.99547535
2984.044050611265,1.0027013
2984.0463653840925,0.99687237
2984.048680156815,1.0020583
2984.0509949295397,1.0030254
2984.053309702263,1.008276
2984.055624474988,1.0020487
2984.05793924771,0.9915131
2984.0602540204354,1.0005124
2984.062568793158,1.0028024
2984.0648835658817,1.0050894
2984.067198338607,1.01171
2984.0695131113293,0.9964252
2984.0718278840545,1.0059911
2984.0741426567774,1.0044342
2984.076457429503,1.0013337
2984.078772202225,1.0078437
2984.08108697495,0.99851906
2984.0834017476723,1.0011699
2984.085716520398,1.0255616
2984.0880312930362,1.0132138
2984.090346065574,1.014595
2984.0926608381105,1.0074266
2984.0949756106475,1.0012455
2984.097290383186,1.0058985
2984.099605155722,0.9908096
2984.101919928261,1.009073
2984.1042347007965,1.001919
2984.1065494733352,1.0298814
2984.1088642458717,1.0013974
2984.1111790184095,1.0122938
2984.113493790945,1.0098665
2984.1158085634843,1.0031886
2984.11812333602,1.0073626
2984.1204381085577,0.998606
2984.1227528810946,1.0042181
2984.125067653631,1.0044779
2984.127382426169,1.0092214
2984.129697198621,1.0103399
2984.132011970973,1.0063282
2984.134326743322,0.9983738
2984.1366415156735,1.0143855
2984.1389562880213,1.001342
2984.141271060373,1.008509
2984.143585832722,1.0090512
2984.1459006050727,1.010482
2984.1482153774227,1.0082153
2984.150530149772,1.0095716
2984.1528449221228,1.0064152
2984.155159694473,1.0106043
2984.1574744668233,0.9955309
2984.1597892391733,1.0068843
2984.162104011525,1.0006722
2984.1644187838733,1.0077026
2984.1667335562242,1.0121918
2984.1690483285743,1.0003667
2984.1713631008392,0.9929149
2984.173677873001,0.9946779
2984.175992645163,1.0113215
2984.178307417327,0.9988434
2984.18062218949,1.0041648
2984.182936961652,0.9979876
2984.185251733814,1.0042294
2984.187566505976,0.9992681
2984.1898812781396,1.0035125
2984.1921960503028,0.996619
2984.194510822465,0.998587
2984.196825594627,0.9892174
2984.1991403667894,0.9999504
2984.2014551389525,0.99594223
2984.2037699111147,0.99975437
2984.206084683278,1.0084095
2984.20839945544,0.9828971
2984.2107142276022,1.0022697
2984.2130289996794,0.9998311
2984.2153437716547,1.0040114
2984.2176585436296,1.0003822
2984.219973315604,1.0031368
2984.222288087578,1.0129523
2984.224602859552,0.9996551
2984.226917631527,1.001351
2984.2292324035016,0.99985886
2984.231547175477,0.9971601
2984.2338619474504,0.98618275
2984.2361767194247,0.99335104
2984.2384914914,1.0074416
2984.2408062633745,1.0053318
2984.2431210353493,1.0021414
2984.2454358073232,1.0104992
2984.2477505792967,1.012712
2984.2500653512725,1.0055255
2984.252380123246,1.0047296
2984.254694895137,1.0039598
2984.2570096669224,1.0079992
2984.259324438708,1.0095971
2984.2616392104937,1.0012228
2984.2639539822803,1.0112658
2984.266268754066,1.0032068
2984.268583525853,1.0051155
2984.2708982976383,0.9980383
2984.273213069423,1.0003266
2984.2755278412105,1.0027472
2984.277842612995,1.0183084
2984.280157384783,1.01014
2984.2824721565667,1.0082911
2984.284786928354,1.006622
2984.2871017001407,1.0039092
2984.2894164719264,0.99953103
2984.291731243713,1.0069882
2984.2940460154987,1.0131747
2984.296360787199,1.0028697
2984.2986755587945,0.9992478
2984.3009903303932,1.0005221
2984.3033051019884,1.0098711
2984.305619873587,0.9990753
2984.307934645183,1.0135692
2984.3102494167815,1.0074617
2984.3125641883776,0.9962596
2984.314878959975,1.0051593
2984.3171937315724,0.9972682
2984.319508503169,1.0025005
2984.321823274766,0.99573725
2984.3241380463623,1.0093954
2984.32645281796,1.0165278
2984.3287675895554,0.9913481
2984.331082361154,1.008789
2984.33339713275,1.002662
2984.3357119043485,1.0016578
2984.338026675858,1.0005468
2984.3403414472677,1.0021774
2984.342656218673,0.99776036
2984.344970990082,1.0065203
2984.3472857614897,1.0205654
2984.3496005328957,1.0072438
2984.351915304304,1.0033172
2984.3542300757103,1.0031027
2984.3565448471195,1.0065641
2984.358859618526,1.0106064
2984.3611743899346,1.0072445
2984.3634891613406,1.0118783
2984.3658039327497,1.0003752
2984.368118704156,0.99432755
2984.3704334755653,0.9940071
2984.3727482469703,0.9993699
2984.375063018378,1.006074
2984.3773777897873,1.0010842
2984.3796925611077,1.0101875
2984.382007332326,1.0056195
2984.3843221035418,1.0028284
2984.3866368747613,0.9957414
2984.388951645977,1.0070348
2984.391266417196,1.012359
2984.3935811884126,1.0012652
2984.3958959596316,1.0160258
2984.3982107308475,0.99780756
2984.4005255020647,0.98915213
2984.402840273283,1.0163995
2984.4051550445,1.011565
2984.4074698157174,1.0000118
2984.409784586934,0.9930801
2984.4120993581532,1.006164
2984.4144141293696,1.0086226
2984.4167289005886,1.0026656
2984.419043671805,1.006021
2984.4213584429376,1.0027794
2984.423673213963,1.0087295
2984.4259879849897,1.0170757
2984.4283027560173,1.0105344
2984.430617527044,1.0210625
2984.43293229807,1.0150416
2984.435247069098,0.99402183
2984.4375618401245,1.0030146
2984.439876611152,1.0087564
2984.4421913821798,1.0067675
2984.444506153205,1.003873
2984.446820924234,1.0058914
2984.4491356952594,1.0124445
2984.451450466287,0.99672306
2984.4537652373137,0.9977185
2984.45608000834,0.9950196
2984.4583947793667,1.0036465
2984.4607095503943,1.0023655
2984.4630243213346,0.991125
2984.4653390921712,1.0066937
2984.467653863007,1.0093911
2984.4699686338417,1.0045978
2984.4722834046793,1.0160953
2984.474598175514,1.014596
2984.4769129463507,0.99577624
2984.4792277171864,0.99123204
2984.4815424880217,0.9949425
2984.483857258858,0.99594265
2984.4861720296935,0.99116004
2984.48848680053,1.0043529
2984.490801571366,1.0058185
2984.493116342201,0.99863255
2984.495431113037,1.0092093
2984.497745883873,0.99591553
2984.5000606547087,1.005276
2984.5023754255453,1.0084231
2984.5046901962937,0.99980253
2984.507004966938,0.9896266
2984.5093197375827,0.99619514
2984.511634508227,0.9920169
2984.5139492788717,1.0019498
2984.5162640495155,0.9985015
2984.5185788201593,0.99599534
2984.5208935908045,1.0090039
2984.5232083614483,1.0013121
2984.5255231320934,1.0132761
2984.527837902735,1.000435
2984.530152673381,0.9968658
2984.532467444024,1.0055218
2984.53478221467,1.0039164
2984.537096985314,1.0071084
2984.539411755959,1.0025061
2984.5417265266024,0.9956909
2984.5440412972466,1.0243618
2984.5463560678045,0.99899155
2984.5486708382564,0.99945337
2984.550985608709,1.009558
2984.553300379159,1.0105467
2984.5556151496125,1.0026585
2984.5579299200645,1.0057312
2984.5602446905173,1.0020984
2984.562559460968,1.0051514
2984.5648742314215,1.0017331
2984.5671890018734,1.003622
2984.5695037723262,1.0089024
2984.571818542778,1.012159
2984.5741333132287,1.0008287
2984.576448083682,1.0035864
2984.578762854133,0.99200714
2984.5810776245867,1.0039129
2984.5833923950377,1.0129089
2984.5857071654905,1.011887
2984.588021935854,1.0022554
2984.590336706115,1.0087492
2984.5926514763732,1.0130891
2984.594966246634,1.0085638
2984.5972810168932,1.0088704
2984.5995957871514,1.0102772
2984.6019105574123,0.99718446
2984.6042253276705,0.99670285
2984.6065400979314,1.0066421
2984.608854868189,1.004675
2984.6111696384505,1.0064816
2984.613484408708,1.0140107
2984.6157991789687,1.0135638
2984.618113949227,1.0024154
2984.620428719488,0.9977907
2984.6227434897455,1.0274222
2984.6250582600046,1.0116986
2984.627373030266,1.0045348
2984.629687800437,1.0090559
2984.6320025705045,1.0075656
2984.634317340569,0.99101806
2984.6366321106366,1.0131961
2984.6389468807015,0.99018013
2984.641261650769,1.0023062
2984.643576420833,1.0123839
2984.6458911909012,1.0119019
2984.6482059609657,1.0060345
2984.6505207310324,1.0044138
2984.6528355010983,1.01111
2984.6551502711636,0.9994957
2984.6574650412317,1.0064713
2984.6597798112966,1.0062505
2984.6620945813643,1.0049475
2984.664409351429,0.9997701
2984.666724121497,0.99584246
2984.6690388915613,1.0051329
2984.6713536615407,0.9975483
2984.6736684314124,1.00301
2984.6759832012845,0.99170786
2984.6782979711566,0.9963938
2984.680612741028,1.0006018
2984.682927510901,0.9995277
2984.6852422807733,1.0044881
2984.6875570506463,1.0019695
2984.689871820518,1.003417
2984.692186590392,1.0046808
2984.6945013602626,1.0062991
2984.6968161301347,0.9972954
2984.6991309000077,1.0051831
2984.70144566988,0.99697393
2984.703760439751,1.0120194
2984.706075209624,1.0066293
2984.708389979496,1.0017356
2984.710704749369,0.99644095
2984.7130195191535,0.9993053
2984.7153342888305,1.0012287
2984.717649058508,0.99955845
2984.7199638281863,1.0014385
2984.722278597865,1.0128835
2984.7245933675426,1.0114844
2984.7269081372197,1.0058714
2984.729222906897,1.0084984
2984.731537676576,0.99736863
2984.7338524462534,1.0115166
2984.736167215932,1.0029044
2984.7384819856093,1.0062691
2984.7407967552867,1.0114563
2984.743111524965,1.0026762
2984.7454262946426,0.9936241
2984.7477410643187,1.0081915
2984.750055833999,1.0072483
2984.752370603676,1.0000552
2984.754685373266,1.0010276
2984.757000142749,0.99787503
2984.759314912232,0.98946893
2984.7616296817146,1.0016116
2984.763944451197,1.0096458
2984.7662592206793,1.0047034
2984.7685739901626,0.9953086
2984.7708887596455,1.0068243
2984.7732035291265,0.99819475
2984.7755182986107,0.99848306
2984.7778330680926,1.0000412
2984.780147837577,0.9964003
2984.7824626070596,1.0186154
2984.784777376543,0.99896437
2984.787092146025,1.013813
2984.7894069155077,1.0053259
2984.791721684991,1.0083361
2984.7940364544725,1.0014062
2984.7963512238684,1.011552
2984.798665993153,0.9883128
2984.8009807624417,1.0144418
2984.8032955317276,1.0065185
2984.8056103010167,1.004459
2984.807925070302,0.9995708
2984.8102398395913,0.9889042
2984.812554608877,1.0106047
2984.8148693781645,1.011573
2984.8171841474523,0.98694074
2984.8194989167378,1.0059996
2984.821813686027,1.0026928
2984.8241284553114,1.0113995
2984.8264432246,1.0063877
2984.828757993887,1.0020539
2984.831072763175,1.0033314
2984.8333875324606,1.0025133
2984.8357023017493,1.006846
2984.8380170709465,0.9977824
2984.8403318400387,1.0048467
2984.8426466091287,1.0052227
2984.8449613782186,1.0018587
2984.8472761473113,0.9999225
2984.8495909164008,1.0049474
2984.8519056854934,1.005119
2984.854220454583,1.0184592
2984.8565352236747,1.0091509
2984.8588499927637,0.9914209
2984.8611647618563,0.99852633
2984.863479530946,0.9986407
2984.8657943000376,1.0049275
2984.8681090691275,0.9949255
2984.8704238382184,0.9975885
2984.8727386073097,1.0142204
2984.8750533764005,0.9972155
2984.8773681454927,1.0139952
2984.879682914493,1.0014013
2984.881997683389,0.99428874
2984.8843124522805,1.007584
2984.886627221176,1.0094876
2984.888941990069,1.0022271
2984.891256758963,1.0012587
2984.8935715278567,1.0092511
2984.89588629675,1.0092345
2984.898201065645,1.0020902
2984.9005158345385,0.9997991
2984.9028306034334,1.0067569
2984.9051453723264,1.0074476
2984.907460141222,1.0055047
2984.9097749101147,1.0075299
2984.9120896790105,1.0009972
2984.9144044479017,1.0109148
2984.9167192167965,0.99570876
2984.91903398569,0.9946617
2984.9213487544953,1.0055482
2984.923663523192,1.0086884
2984.9259782918875,0.9999415
2984.9282930605846,0.9978732
2984.9306078292807,1.018703
2984.9329225979777,1.0137216
2984.935237366674,1.0040017
2984.9375521353686,1.0078237
2984.9398669040665,1.0162513
2984.9421816727627,1.0178642
2984.9444964414597,1.0035979
2984.9468112101563,1.0122992
2984.9491259788524,1.0035104
2984.951440747548,1.0080522
2984.953755516245,0.99816924
2984.9560702849412,0.9999482
2984.9583850536383,0.98266655
2984.9606998223344,0.9994022
2984.9630145909396,0.9964894
2984.9653293594397,1.0160847
2984.9676441279366,1.0022107
2984.9699588964363,0.9990234
2984.972273664934,0.9996521
2984.974588433432,1.0012408
2984.976903201931,0.99634206
2984.9792179704286,1.002899
2984.9815327389274,1.0007882
2984.9838475074234,0.9997276
2984.986162275923,1.0032482
2984.98847704442,1.0212975
2984.9907918129197,1.0003225
2984.993106581417,0.99707484
2984.995421349917,1.0002161
2984.9977361184133,1.0071666
2985.0000508869125,0.9986953
2985.0023656554113,0.9992339
2985.004680423819,0.99564344
2985.006995192119,1.0095859
2985.009309960417,0.9983572
2985.011624728717,1.0080602
2985.013939497016,1.0057157
2985.016254265316,1.0098666
2985.018569033614,1.003853
2985.0208838019153,1.0095506
2985.023198570213,0.99760467
2985.025513338514,1.0143174
2985.027828106812,1.0105463
2985.030142875113,1.0029721
2985.0324576434123,1.0043538
2985.03477241171,1.0230631
2985.03708718001,1.0024173
2985.039401948309,1.0035151
2985.0417167166092,1.0059816
2985.044031484907,1.0202317
2985.046346253118,0.9988963
2985.0486610212165,1.0079789
2985.0509757893183,1.0096912
2985.053290557417,0.9988671
2985.055605325516,1.0111669
2985.0579200936154,1.0062474
2985.0602348617163,1.004022
2985.0625496298176,0.9861369
2985.064864397916,0.99916965
2985.0671791660175,0.9869858
2985.069493934115,0.9966047
2985.0718087022165,1.0023915
2985.074123470315,1.0106255
2985.0764382384164,1.007615
2985.078753006515,0.99812603
2985.0810677746144,0.9992837
2985.083382542715,0.99838793
2985.0856973108143,1.0083036
2985.0880120788247,0.9915483
2985.0903268467237,1.0021363
2985.092641614623,0.9949781
2985.0949563825225,1.0119172
2985.0972711504237,1.0074615
2985.099585918323,1.0140941
2985.1019006862225,1.0112336
2985.1042154541215,0.9993305
2985.106530222021,1.0048327
2985.108844989921,0.9994364
2985.1111597578206,1.0100789
2985.113474525721,0.9978671
2985.11578929362,1.0065228
2985.1181040615193,1.0054209
2985.1204188294196,1.0036103
2985.122733597319,0.9985059
2985.1250483652193,1.0128795
2985.1273631331183,1.0065796
2985.1296779009267,1.017425
2985.1319926686265,0.99849045
2985.134307436325,0.9956186
2985.136622204024,0.99152726
2985.138936971722,1.0182384
2985.141251739421,1.0093803
2985.1435665071203,1.0000712
2985.1458812748187,1.0069567
2985.1481960425162,1.0015872
2985.1505108102165,1.0077659
2985.152825577914,1.0138911
2985.1551403456133,1.0042707
2985.157455113313,0.9998784
2985.1597698810115,1.0025983
2985.162084648711,0.99451625
2985.1643994164087,1.0035776
2985.1667141841076,0.9925093
2985.169028951807,1.0110362
2985.1713437194144,1.0160127
2985.17365848691,1.002551
2985.1759732544087,1.0064441
2985.178288021905,0.99585456
2985.1806027894036,1.0040116
2985.182917556899,0.9946256
2985.185232324397,0.99508256
2985.187547091895,0.988195
2985.189861859392,1.0101594
2985.1921766268897,1.0096594
2985.1944913943858,1.005786
2985.196806161883,1.0107689
2985.199120929379,1.002048
2985.201435696878,1.0078058
2985.203750464374,0.9979356
2985.206065231873,1.0068954
2985.2083799993684,0.9954431
2985.210694766867,1.0062511
2985.213009534272,1.0039115
2985.215324301568,0.9979837
2985.2176390688605,1.0005239
2985.219953836156,1.0085883
2985.222268603452,1.0002906
2985.2245833707466,1.000615
2985.226898138042,1.0121021
2985.2292129053353,1.0065005
2985.231527672632,1.0070955
2985.233842439926,1.0027865
2985.2361572072223,1.0062802
2985.238471974516,1.015841
2985.2407867418106,0.9992934
2985.2431015091056,1.0115272
2985.2454162764,0.9999871
2985.2477310436952,0.9977037
2985.2500458109907,0.9914231
2985.252360578287,1.0177073
2985.2546753454876,1.004347
2985.256990112581,0.9973917
2985.259304879672,0.9995149
2985.2616196467648,1.0036681
2985.2639344138565,1.0073966
2985.2662491809474,1.0097692
2985.26856394804,1.0119036
2985.270878715132,0.9986639
2985.2731934822245,0.99701405
2985.275508249316,0.9875112
2985.277823016407,1.009544
2985.2801377835,0.988334
2985.2824525505926,1.0131304
2985.2847673176843,0.9917808
2985.2870820847756,1.0088066
2985.289396851867,1.0175012
2985.2917116189587,0.99865663
2985.2940263860514,1.0042621
2985.296341153051,1.0145025
2985.29865591994,1.0032575
2985.300970686828,1.0058407
2985.3032854537155,1.010101
2985.305600220604,0.9958226
2985.307914987491,0.99610573
2985.310229754381,1.0051357
2985.312544521269,0.99637127
2985.3148592881566,0.9960346
2985.317174055045,1.0016624
2985.319488821933,1.0004793
2985.321803588822,1.0011572
2985.32411835571,1.0093249
2985.326433122598,0.9974608
2985.328747889486,1.0034916
2985.3310626563743,1.001908
2985.3333774232615,1.0120267
2985.3356921901513,0.9991165
2985.3380069569457,1.0100391
2985.34032172363,1.0037328
2985.3426364903144,1.0014904
2985.344951256998,1.0024639
2985.3472660236826,1.0040842
2985.3495807903655,1.0029647
2985.351895557049,0.99305934
2985.3542103237323,1.0006853
2985.356525090417,1.0101151
2985.358839857099,0.9941067
2985.3611546237844,0.9883255
2985.363469390467,1.0027094
2985.3657841571517,1.0005625
2985.368098923835,1.0028139
2985.3704136905203,1.0041558
2985.3727284572014,0.9984817
2985.375043223886,1.0019149
2985.3773579905705,1.0028241
2985.379672757161,0.996375
2985.3819875236404,1.0066789
2985.3843022901174,1.0037978
2985.3866170565975,1.0101188
2985.388931823075,1.0003583
2985.391246589555,1.0056943
2985.393561356033,1.009304
2985.395876122513,0.9972242
2985.398190888989,1.0027535
2985.4005056554684,1.005448
2985.4028204219467,1.0132933
2985.405135188426,0.9882609
2985.407449954906,1.0073293
2985.409764721382,1.0104316
2985.4120794878622,0.9973061
2985.4143942543396,0.99794894
2985.41670902082,0.9988406
2985.4190237872967,0.99524504
2985.4213385536823,1.0040996
2985.4236533199555,1.005346
2985.425968086228,0.99633527
2985.428282852501,0.99931246
2985.4305976187734,1.0120778
2985.4329123850457,0.9875309
2985.435227151319,0.9986977
2985.437541917592,1.0032398
2985.439856683864,1.0040509
2985.442171450137,1.0063677
2985.444486216409,1.0184098
2985.4468009826824,1.0061861
2985.449115748955,1.0017296
2985.4514305152275,0.99853325
2985.4537452815002,1.0098437
2985.4560600477726,1.0021123
2985.4583748140453,1.0093404
2985.4606895803186,1.007542
2985.4630043464977,0.99201757
2985.4653191125644,1.0030509
2985.4676338786294,1.0184706
2985.4699486446953,1.007823
2985.472263410762,1.0135823
2985.474578176828,0.9989966
2985.4768929428933,1.0049571
2985.4792077089596,1.0057547
2985.4815224750255,1.002788
2985.4838372410923,1.0049701
2985.486152007158,1.0070083
2985.4884667732226,0.99843085
2985.49078153929,1.0092233
2985.493096305355,1.0128262
2985.4954110714225,1.0174392
2985.4977258374875,1.0052775
2985.5000406035538,1.0148512
2985.50235536962,1.0057821
2985.5046701355923,0.9918849
2985.5069849014517,0.99744874
2985.5092996673075,1.0078691
2985.5116144331682,1.010029
2985.5139291990254,1.0056953
2985.5162439648857,1.0054369
2985.518558730743,1.0100557
2985.520873496603,0.9971021
2985.5231882624603,1.0164694
2985.5255030283192,1.0098828
2985.5278177941777,1.0012171
2985.5301325600362,1.0108246
2985.5324473258966,0.9943913
2985.5347620917532,1.011898
2985.5370768576126,1.0091027
2985.539391623471,1.0067692
2985.54170638933,1.005588
2985.5440211551877,1.0031204
2985.546335920954,0.99432564
2985.5486506866027,1.0190328
2985.550965452255,0.99823886
2985.553280217904,0.999089
2985.5555949835543,1.0075605
2985.557909749204,0.9952753
2985.5602245148552,0.99934113
2985.5625392805064,1.0068007
2985.5648540461566,1.0051969
2985.5671688118077,1.0091271
2985.5694835774566,1.0057184
2985.5717983431086,0.9938696
2985.5741131087575,1.0197357
2985.5764278744086,1.0086474
2985.578742640059,1.0026244
2985.5810574057086,0.99839187
2985.583372171359,1.011858
2985.58568693701,1.0018117
2985.588001702567,1.0081708
2985.590316468008,0.9991436
2985.5926312334514,0.9973061
2985.59494599889,1.0076332
2985.5972607643325,1.0149982
2985.5995755297736,1.0016289
2985.601890295216,0.9972549
2985.604205060657,1.0010537
2985.606519826098,1.0088776
2985.6088345915405,0.9990055
2985.6111493569815,1.004443
2985.613464122424,1.005696
2985.615778887865,0.99447536
2985.618093653305,1.0033221
2985.620408418747,1.0030271
2985.6227231841895,0.9947189
2985.6250379496314,1.0145674
2985.627352715073,1.0082966
2985.629667480419,1.0032175
2985.6319822456508,0.99518275
2985.634297010883,1.001594
2985.636611776115,1.0076556
2985.6389265413472,0.99406904
2985.6412413065786,1.005684
2985.643556071809,1.00415
2985.645870837043,1.0151412
2985.6481856022733,1.002185
2985.650500367507,1.0190821
2985.652815132736,1.0047373
2985.65512989797,1.0069541
2985.657444663201,1.0145347
2985.659759428434,0.98974156
2985.6620741936663,1.00939
2985.664388958896,1.0068597
2985.666703724129,1.012017
2985.66901848936,0.9877087
2985.671333254498,1.0130031
2985.673648019518,1.0018357
2985.6759627845418,1.0076473
2985.6782775495612,1.010217
2985.6805923145835,0.9998093
2985.682907079605,1.006927
2985.6852218446256,1.0085922
2985.6875366096488,1.0000087
2985.689851374668,0.989748
2985.692166139691,1.0031086
2985.6944809047113,1.0022095
2985.6967956697345,1.0074143
2985.699110434754,0.9985166
2985.701425199777,1.0086156
2985.7037399647975,0.9968679
2985.706054729819,0.99903977
2985.7083694948406,1.0082934
2985.7106842598614,1.0108001
2985.712999024787,1.0281147
2985.7153137895984,1.0012443
2985.717628554409,1.0232084
2985.719943319219,1.0120933
2985.7222580840303,1.006334
2985.7245728488388,0.9950063
2985.72688761365,1.0003504
2985.72920237846,1.0125853
2985.7315171432692,1.0028447
2985.7338319080804,1.0103258
2985.7361466728903,1.0068452
2985.7384614377015,1.0012995
2985.7407762025114,1.0029444
2985.743090967321,0.99573416
2985.745405732132,1.0008411
2985.747720496942,1.0019959
2985.750035261752,1.004644
2985.752350026563,0.99795645
2985.7546647912773,1.0057735
2985.756979555876,0.999671
2985.759294320474,1.0076653
2985.761609085072,1.0040389
2985.763923849671,1.0052909
2985.7662386142692,1.0066115
2985.768553378868,0.99702823
2985.770868143466,0.9912525
2985.773182908063,1.0210592
2985.775497672663,1.000872
2985.77781243726,0.98973596
2985.7801272018587,0.9971259
2985.7824419664576,0.9923691
2985.784756731056,1.0031375
2985.787071495655,1.005478
2985.789386260253,1.0017111
2985.7917010248507,0.9987784
2985.7940157894477,1.023438
2985.796330553952,0.9994467
2985.798645318336,1.000134
2985.8009600827236,1.0100957
2985.803274847108,1.0036124
2985.805589611495,1.011912
2985.8079043758794,1.0010892
2985.810219140266,1.0065237
2985.8125339046524,1.0068921
2985.8148486690366,0.9984509
2985.8171634334226,1.005201
2985.819478197808,0.99882674
2985.8217929621946,0.99389136
2985.824107726579,1.0021443
2985.8264224909663,1.0012162
2985.8287372553505,1.0007722
2985.831052019738,0.9986337
2985.8333667841225,1.0096793
2985.8356815485076,0.9983307
2985.8379963127963,1.0012698
2985.8403110769696,1.0050482
2985.842625841143,1.0071473
2985.8449406053146,0.9985554
2985.8472553694883,1.0128237
2985.8495701336583,1.0071768
2985.851884897832,1.0095799
2985.8541996620033,1.0020574
2985.856514426176,0.98367524
2985.8588291903484,0.9909463
2985.86114395452,1.0122689
2985.863458718693,0.9986882
2985.865773482865,1.0107977
2985.868088247038,1.0061432
2985.87040301121,0.9986258
2985.872717775384,1.0116103
2985.8750325395536,1.0070546
2985.8773473037268,0.99833137
2985.8796620678027,0.9991903
2985.8819768317608,1.0052676
2985.8842915957184,0.99904454
2985.886606359676,1.0042473
2985.888921123635,1.0104634
2985.891235887593,0.9862159
2985.893550651552,0.99459445
2985.89586541551,0.99602383
2985.8981801794666,1.0077856
2985.9004949434266,0.9951151
2985.902809707384,0.9910215
2985.9051244713432,1.0060948
2985.9074392353014,1.0089633
2985.9097539992586,1.0037209
2985.9120687632167,1.0030775
2985.9143835271757,1.004313
2985.9166982911343,0.98782325
2985.91901305509,1.0120062
2985.9213278189527,0.9999877
2985.9236425826953,1.0057911
2985.92595734644,0.9961589
2985.928272110182,0.99993294
2985.930586873927,0.9990113
2985.932901637669,0.99590284
2985.935216401413,0.9981355
2985.937531165157,1.0004187
2985.9398459288996,1.011491
2985.9421606926444,1.0098816
2985.944475456385,0.99541086
2985.9467902201304,1.013511
2985.9491049838725,1.0089313
2985.9514197476174,1.0123582
2985.953734511359,1.00646
2985.9560492751043,1.0077128
2985.9583640388464,1.0031334
2985.9606788025894,1.0036446
2985.9629935662365,1.0177736
2985.9653083297635,1.0047157
2985.9676230932932,1.0070342
2985.96993785682,0.99796706
2985.972252620348,1.0096437
2985.974567383876,0.9964676
2985.9768821474045,1.000306
2985.9791969109306,0.99008167
2985.9815116744585,0.99583405
2985.983826437987,0.99628544
2985.9861412015157,0.99064547
2985.988455965043,1.0035776
2985.9907707285706,0.9984946
2985.993085492098,1.0012985
2985.9954002556265,1.0138487
2985.997715019156,0.98975325
2986.0000297826828,1.0068638
2986.00234454621,0.989171
2986.00465930964,0.99673265
2986.0069740729523,0.9985146
2986.0092888362637,1.0060178
2986.0116035995766,1.0065799
2986.0139183628876,1.0054312
2986.016233126199,1.0018685
2986.0185478895114,0.997968
2986.020862652823,1.0130718
2986.023177416133,1.0062279
2986.0254921794462,0.9916485
2986.0278069427577,1.0069866
2986.03012170607,1.004307
2986.0324364693815,1.0003538
2986.034751232693,0.99946886
2986.037065996005,1.0055614
2986.0393807593164,1.0058692
2986.0416955226287,1.0098614
2986.0440102859397,0.98775667
2986.046325049154,1.001405
2986.0486398122475,1.002545
2986.050954575344,1.0035312
2986.0532693384375,1.000768
2986.0555841015344,1.000064
2986.0578988646275,1.0070869
2986.0602136277244,0.98531526
2986.0625283908184,0.99489784
2986.0648431539125,0.98448527
2986.067157917009,0.98803395
2986.069472680102,1.0067898
2986.071787443198,1.0024545
2986.0741022062916,1.0028701
2986.076416969388,0.9919243
2986.078731732482,0.997035
2986.0810464955784,0.99749196
2986.0833612586716,1.0058933
2986.0856760217666,0.98967266
2986.087990784764,0.99148256
2986.090305547641,0.9984202
2986.09262031052,1.0085888
2986.0949350733963,1.0034299
2986.0972498362753,0.9862689
2986.0995645991516,1.0068679
2986.1018793620306,1.0089227
2986.104194124906,0.99082047
2986.106508887784,1.0101669
2986.108823650661,0.99033225
2986.1111384135393,0.9984015
2986.113453176417,1.0069702
2986.1157679392936,0.9972517
2986.1180827021717,0.99982405
2986.120397465049,1.00217
2986.122712227928,0.99056876
2986.1250269908046,0.9975481
2986.127341753682,1.0066775
2986.1296565164603,1.0069108
2986.13197127912,0.98416233
2986.1342860417803,1.0020229
2986.1366008044397,0.9904977
2986.138915567099,1.0076437
2986.141230329758,0.9972376
2986.143545092418,1.001851
2986.1458598550776,1.0056388
2986.1481746177355,1.0090455
2986.150489380397,1.0009141
2986.1528041430556,1.0069001
2986.155118905716,0.99849534
2986.1574336683752,0.99641013
2986.1597484310355,0.99805754
2986.162063193695,0.99608266
2986.1643779563537,1.0036262
2986.166692719014,1.0058862
2986.1690074816725,0.9956308
2986.1713222442345,1.0053369
2986.1736370066733,0.99979025
2986.1759517691157,1.0063949
2986.178266531556,1.006127
2986.1805812939983,0.9991545
2986.182896056438,1.0121479
2986.185210818881,0.99559915
2986.187525581321,1.001716
2986.189840343761,1.0017469
2986.1921551062037,0.99831253
2986.1944698686434,1.0111185
2986.196784631086,0.9999505
2986.1990993935246,0.9898254
2986.201414155967,1.0027059
2986.203728918408,1.0080967
2986.2060436808497,1.0229986
2986.208358443289,1.0035969
2986.21067320573,0.99451226
2986.212987968073,1.0019823
2986.2153027302943,1.0021551
2986.217617492518,1.0075942
2986.219932254739,1.0042427
2986.2222470169627,0.9991231
2986.224561779183,1.006613
2986.2268765414055,0.9982775
2986.2291913036274,0.9948617
2986.2315060658493,1.0103385
2986.2338208280707,1.0075839
2986.236135590292,1.0058467
2986.238450352515,1.0064268
2986.2407651147378,0.98559314
2986.2430798769597,1.0103897
2986.245394639181,0.98962194
2986.2477094014043,0.9985354
2986.2500241636253,0.9962728
2986.252338925847,0.99072987
2986.254653687971,1.0026165
2986.2569684499726,1.0036354
2986.259283211975,1.0103784
2986.2615979739785,1.0002385
2986.2639127359807,1.0026
2986.266227497984,1.0195298
2986.268542259986,1.0012307
2986.2708570219884,0.9882302
2986.2731717839897,1.0042915
2986.275486545994,1.0011913
2986.2778013079974,1.005717
2986.280116069999,0.9944509
2986.2824308320014,1.0032144
2986.284745594004,0.9950062
2986.2870603560073,1.0069774
2986.2893751180095,1.0138574
2986.291689880013,1.00652
2986.294004642014,1.0104681
2986.296319403918,0.98987865
2986.2986341657006,0.99786013
2986.300948927484,1.0003405
2986.3032636892653,1.0008786
2986.3055784510498,1.009113
2986.3078932128324,0.98915976
2986.310207974616,0.9967277
2986.3125227363985,0.9990952
2986.3148374981797,1.0050747
2986.317152259964,1.0011209
2986.319467021746,1.0076154
2986.32178178353,0.98764396
2986.3240965453115,1.0066693
2986.3264113070945,1.006744
2986.328726068876,1.0031569
2986.3310408306597,1.0070248
2986.3333555924423,0.98810595
2986.335670354226,0.9952714
2986.337985115909,1.0101309
2986.3402998774714,0.9966769
2986.3426146390357,1.0017409
2986.3449294005973,0.99876875
2986.3472441621616,1.0056654
2986.3495589237227,0.99818593
2986.351873685285,1.0043578
2986.3541884468486,1.0035766
2986.356503208411,1.0033076
2986.3588179699736,0.9933101
2986.3611327315366,0.99839216
2986.363447493099,0.9937764
2986.3657622546625,1.0063311
2986.368077016225,1.0157799
2986.3703917777875,0.9883433
2986.3727065393505,0.99546725
2986.375021300913,0.99469125
2986.3773360624755,0.9997056
2986.3796508239398,1.000193
2986.3819655852817,1.0087956
2986.384280346625,0.9971548
2986.386595107967,1.0095398
2986.388909869309,0.99538964
2986.3912246306522,1.0121899
2986.393539391993,1.0097644
2986.395854153336,0.98730004
2986.3981689146776,0.99859864
2986.4004836760214,1.0045638
2986.4027984373647,0.9916802
2986.405113198707,1.0048068
2986.4074279600486,0.9992081
2986.409742721392,1.0048289
2986.4120574827343,1.0020686
2986.4143722440754,0.9963942
2986.4166870054196,0.9985819
2986.41900176676,1.0074278
2986.421316528005,0.99229217
2986.4236312891258,1.007662
2986.4259460502494,1.0083557
2986.428260811369,1.0033468
2986.430575572493,0.9996103
2986.4328903336145,1.0021589
2986.4352050947364,1.0102354
2986.437519855859,0.9882495
2986.4398346169796,1.0022782
2986.4421493781037,1.0037501
2986.4444641392242,0.9959329
2986.446778900348,1.0173244
2986.449093661469,1.0007856
2986.4514084225907,1.0008237
2986.453723183712,0.99410063
2986.456037944835,0.9886552
2986.4583527059576,0.99054426
2986.4606674670795,1.0091156
2986.4629822281017,1.0009848
2986.465296989003,1.0135057
2986.467611749906,0.9994313
2986.4699265108065,0.9926221
2986.472241271709,0.9952758
2986.4745560326105,1.0096251
2986.4768707935114,1.0080023
2986.479185554414,1.0003349
2986.4815003153153,1.0051967
2986.4838150762175,1.0090426
2986.4861298371193,0.9956498
2986.48844459802,1.0088598
2986.4907593589214,0.9998353
2986.493074119823,1.0114648
2986.4953888807263,0.9999263
2986.4977036416276,1.0053655
2986.500018402529,1.0080346
2986.50233316343,0.996587
2986.5046479242333,0.99358666
2986.5069626849145,1.0024943
2986.5092774455966,0.99468994
2986.5115922062773,0.99166566
2986.5139069669576,1.0035042
2986.51622172764,0.9937869
2986.5185364883205,1.0077963
2986.5208512490035,1.0133803
2986.5231660096824,0.9935155
2986.5254807703654,0.98752826
2986.5277955310466,1.0091906
2986.5301102917288,0.9933427
2986.532425052411,0.98408884
2986.53473981309,0.9943417
2986.537054573773,1.0074397
2986.539369334453,1.0032853
2986.541684095136,0.99290836
2986.5439988558164,0.9999468
2986.5463136164,1.0011077
2986.54862837686,0.9995344
2986.550943137321,1.0018882
2986.553257897783,0.9970561
2986.5555726582443,0.99829286
2986.557887418707,1.0026268
2986.560202179166,0.99634796
2986.562516939629,0.9887323
2986.564831700089,1.006106
2986.5671464605525,1.0071176
2986.5694612210123,1.0073732
2986.5717759814734,1.0025464
2986.5740907419354,0.99372035
2986.5764055023965,1.0011901
2986.5787202628585,0.9922716
2986.581035023319,1.0109171
2986.5833497837802,1.001534
2986.5856645442427,1.0054626
2986.5879793046056,1.008557
2986.590294064847,0.99464095
2986.592608825088,0.9910497
2986.5949235853295,0.98822486
2986.597238345572,1.0029063
2986.599553105814,1.0040567
2986.6018678660553,1.0008513
2986.604182626297,1.0084122
2986.6064973865386,0.9891411
2986.60881214678,0.99696726
2986.611126907023,0.9989988
2986.613441667263,1.0014229
2986.6157564275068,0.9945194
2986.618071187747,1.0069253
2986.6203859479897,0.9913802
2986.622700708232,1.0052234
2986.6250154684735,1.003359
2986.627330228716,1.0076678
2986.6296449888564,0.996651
2986.6319597488805,1.0082073
2986.6342745089023,1.0012486
2986.636589268927,0.99500734
2986.6389040289478,1.008981
2986.6412187889723,1.0216619
2986.6435335489937,1.0048747
2986.645848309018,1.0064936
2986.6481630690396,0.99853784
2986.650477829062,0.9889992
2986.652792589086,1.0148238
2986.6551073491078,1.0075166
2986.6574221091323,1.0049845
2986.6597368691537,0.9845114
2986.6620516291773,0.9998605
2986.664366389198,1.0036372
2986.6666811492228,1.0068705
2986.668995909244,1.004376
2986.6713106691677,0.99572426
2986.673625428973,0.99835855
2986.6759401887775,1.0005335
2986.6782549485824,1.0027275
2986.680569708387,1.0226878
2986.682884468193,0.99529994
2986.685199227996,1.0154722
2986.6875139878002,1.0054649
2986.6898287476056,0.99528843
2986.6921435074096,0.99191177
2986.694458267214,0.99872154
2986.696773027019,1.0173907
2986.699087786823,1.0052513
2986.7014025466274,1.0113378
2986.7037173064323,0.9978499
2986.7060320662367,1.0107778
2986.70834682604,1.0006477
2986.7106615858456,1.0056659
2986.712976345552,0.9995544
2986.71529110514,0.99312454
2986.717605864727,0.9956755
2986.7199206243135,1.0050524
2986.7222353839015,0.9943644
2986.7245501434886,0.99394286
2986.7268649030766,1.0014917
2986.7291796626614,0.9965856
2986.7314944222503,1.0053434
2986.7338091818365,1.0034494
2986.7361239414254,1.0030544
2986.7384387010115,1.0068887
2986.7407534606004,0.9907582
2986.743068220186,0.993686
2986.745382979774,0.98880535
2986.747697739362,1.0089875
2986.7500124989483,0.98923135
2986.752327258537,0.9981033
2986.754642018025,0.9981595
2986.756956777397,1.0014796
2986.759271536768,0.98376507
2986.76158629614,0.99925214
2986.76390105551,1.0070091
2986.766215814881,1.0013529
2986.768530574253,1.0117282
2986.770845333625,0.9988194
2986.773160092996,1.0089827
2986.775474852367,1.0103971
2986.77778961174,0.99907047
2986.7801043711097,1.0127687
2986.7824191304817,0.9936165
2986.7847338898528,0.99882495
2986.787048649224,0.997836
2986.7893634085945,0.9952632
2986.7916781679664,0.9986554
2986.7939929273375,0.9983611
2986.7963076866126,0.9894333
2986.7986224457695,1.0043477
2986.8009372049255,1.0007992
2986.8032519640833,0.9900995
2986.8055667232397,1.0009397
2986.807881482397,1.0040828
2986.810196241554,1.0063682
2986.81251100071,0.98748374
2986.814825759867,0.9926298
2986.817140519024,1.0066606
2986.819455278181,0.9980998
2986.8217700373384,0.9984908
2986.8240847964935,1.007788
2986.8263995556513,0.99853975
2986.8287143148077,1.0088098
2986.8310290739655,1.0047294
2986.8333438331206,1.0062567
2986.8356585922793,0.9945421
2986.8379733513398,1.0120401
2986.8402881102847,0.99798226
2986.842602869229,1.0002962
2986.8449176281715,1.0111604
2986.847232387118,0.9972664
2986.8495471460606,1.0026482
2986.851861905005,1.005707
2986.854176663949,1.0174824
2986.856491422895,0.99506253
2986.858806181837,0.9960329
2986.861120940782,0.99033695
2986.863435699726,1.014512
2986.865750458671,0.9942482
2986.868065217616,1.0058159
2986.8703799765585,1.0070881
2986.8726947355044,0.9988838
2986.8750094944476,0.99098665
2986.8773242533935,1.0170766
2986.8796390122416,0.9994601
2986.8819537709746,0.9999477
2986.884268529708,0.9962359
2986.8865832884426,0.9967882
2986.8888980471766,1.0019866
2986.891212805911,1.0010138
2986.893527564644,1.0041387
2986.8958423233776,1.0077964
2986.8981570821124,0.9983814
2986.900471840846,0.9885253
2986.9027865995804,1.0033226
2986.9051013583135,1.0013827
2986.9074161170474,0.99837726
2986.909730875782,0.9965501
2986.9120456345154,0.9942935
2986.91436039325,0.9996986
2986.9166751519833,0.99078315
2986.918989910716,0.99948657
2986.9213046693576,0.99742705
2986.9236194278824,0.98352337
2986.925934186409,0.99076027
2986.928248944934,1.0000763
2986.9305637034613,1.0022088
2986.932878461987,0.9928071
2986.9351932205136,0.99080294
2986.9375079790398,0.9957274
2986.939822737564,0.9958302
2986.9421374960916,1.0084544
2986.944452254617,1.0056648
2986.9467670131444,0.99876624
2986.9490817716687,0.994389
2986.9513965301967,1.003804
2986.9537112887206,1.0030856
2986.956026047248,0.9890985
2986.958340805773,1.0038577
2986.9606555643,0.9893614
2986.9629703227333,0.99279773
2986.9652850810535,1.0093689
2986.9675998393764,1.0033138
2986.9699145976965,0.98950154
2986.9722293560194,0.99848753
2986.974544114339,0.9995307
2986.97685887266,0.99847615
2986.979173630982,1.004875
2986.981488389303,0.99531627
2986.983803147624,1.0009433
2986.986117905946,0.99798876
2986.988432664267,1.0101978
2986.990747422589,0.9865237
2986.993062180911,0.9912897
2986.9953769392305,1.0071105
2986.9976916975525,1.0154686
2987.0000064558735,0.9892316
2987.0023212141955,1.0013704
2987.0046359724256,1.0066236
2987.006950730545,0.98554987
2987.0092654886657,1.0085863
2987.0115802467853,1.0079973
2987.0138950049045,0.9932336
2987.016209763026,0.99351937
2987.018524521144,0.9974482
2987.020839279266,0.9874313
2987.0231540373848,1.0034498
2987.0254687955057,0.9904295
2987.0277835536263,0.99739504
2987.030098311746,1.0062366
2987.0324130698655,0.99714607
2987.034727827985,0.98796093
2987.037042586106,0.9954587
2987.0393573442248,1.0023578
2987.041672102346,1.0020136
2987.043986860465,1.0069127
2987.046301618497,1.0115155
2987.048616376419,0.99401134
2987.0509311343417,1.0089194
2987.053245892264,1.0083978
2987.055560650187,1.0003631
2987.0578754081116,1.0077512
2987.0601901660334,1.0054811
2987.062504923958,0.994972
2987.0648196818784,1.0073698
2987.0671344398024,0.9969134
2987.069449197724,1.0087503
2987.071763955648,0.996435
2987.0740787135705,0.99501777
2987.0763934714923,0.9974306
2987.078708229416,0.9974086
2987.0810229873387,1.0025898
2987.0833377452623,0.99012977
2987.085652503185,1.0014603
2987.08796726102,0.99189854
2987.0902820187503,1.0003234
2987.092596776481,1.0049224
2987.0949115342123,0.99573994
2987.097226291942,0.99740475
2987.099541049672,1.0008037
2987.101855807402,0.99866724
2987.104170565133,0.9913958
2987.106485322863,0.9981235
2987.1088000805917,0.99559575
2987.1111148383243,0.9934552
2987.113429596053,1.0085448
2987.115744353785,1.0001028
2987.118059111515,1.0086917
2987.1203738692457,1.0112383
2987.122688626976,0.9951483
2987.1250033847045,0.995975
2987.127318142436,0.99668515
2987.129632900081,1.0071232
2987.131947657626,1.0063223
2987.1342624151666,0.99243844
2987.1365771727114,1.0103867
2987.1388919302535,1.004779
2987.1412066877983,0.9976545
2987.1435214453404,0.9938019
2987.145836202883,0.99854535
2987.1481509604273,1.0029594
2987.1504657179694,1.003359
2987.152780475514,1.0050604
2987.1550952330563,0.99877715
2987.157409990601,0.98236233
2987.159724748142,0.9965928
2987.1620395056866,1.0003263
2987.1643542632287,1.0020905
2987.166669020772,1.0095528
2987.1689837783147,1.0032192
2987.171298535776,0.99144
2987.1736132931387,0.9932987
2987.1759280505007,0.9900199
2987.1782428078636,0.9999938
2987.1805575652247,0.99207276
2987.1828723225867,1.0019413
2987.1851870799496,0.9936135
2987.1875018373116,0.98917985
2987.189816594674,1.0029238
2987.192131352036,1.0060819
2987.1944461093976,0.99684507
2987.1967608667596,0.99813306
2987.199075624122,0.9851012
2987.201390381484,1.0024078
2987.2037051388447,0.9957756
2987.2060198962085,1.002529
2987.208334653569,1.0138162
2987.210649410933,1.0140815
2987.2129641682163,1.017712
2987.215278925405,0.9949548
2987.2175936825925,0.9962414
2987.2199084397794,1.009065
2987.2222231969686,0.99432003
2987.2245379541555,0.9985332
2987.226852711345,0.9973068
2987.2291674685307,0.9966894
2987.2314822257204,0.9996718
2987.2337969829073,0.99951184
2987.236111740096,1.0021282
2987.2384264972834,0.9853903
2987.240741254471,1.0010514
2987.2430560116604,0.9938925
2987.2453707688474,0.9987925
2987.247685526037,1.0043992
2987.2500002832235,1.0037262
2987.252315040413,0.987883
2987.254629797525,1.0030813
2987.2569445545464,0.9899992
2987.2592593115687,1.0194997
2987.2615740685897,1.0142508
2987.2638888256115,0.9967586
2987.266203582634,0.99693143
2987.268518339655,1.0049242
2987.2708330966766,0.99431336
2987.273147853699,1.0041655
2987.2754626107203,0.99822134
2987.2777773677417,0.9924242
2987.280092124764,1.0020776
2987.282406881786,0.9976069
2987.2847216388077,0.9893978
2987.287036395829,1.0001895
2987.289351152851,1.0006677
2987.2916659098732,1.0113943
2987.2939806668933,1.0046918
2987.296295423846,1.0022041
2987.2986101807087,0.99072987
2987.3009249375737,0.99099946
2987.3032396944373,0.99306613
2987.305554451303,1.0014632
2987.3078692081667,0.9973243
2987.31018396503,1.0047264
2987.3124987218957,0.9913118
2987.314813478759,1.0002179
2987.317128235625,0.99246895
2987.319442992488,0.99534327
2987.3217577493538,0.99225134
2987.324072506217,0.9965388
2987.326387263083,0.99647987
2987.3287020199446,0.9944021
2987.33101677681,0.9953205
2987.333331533674,1.0004232
2987.335646290539,1.0048795
2987.3379610473385,0.99402416
2987.340275804053,1.0002124
2987.342590560772,0.9982627
2987.3449053174872,0.9931835
2987.347220074205,1.0034219
2987.3495348309216,0.9909505
2987.351849587638,0.99024826
2987.3541643443555,0.9933098
2987.356479101072,0.99676037
2987.35879385779,0.99702954
2987.3611086145065,0.99940044
2987.3634233712232,1.0057349
2987.3657381279395,1.0001502
2987.368052884657,0.9893263
2987.370367641374,0.9967381
2987.3726823980915,0.98650277
2987.374997154808,1.009161
2987.3773119115244,0.99328727
2987.3796266681807,0.9865879
2987.381941424761,0.9891268
2987.3842561813403,1.004965
2987.386570937923,1.001504
2987.3888856945023,0.99895835
2987.3912004510844,1.0068066
2987.393515207664,1.0093201
2987.3958299642463,0.99604464
2987.398144720827,0.9947652
2987.4004594774065,1.002832
2987.4027742339886,0.99240386
2987.4050889905684,0.9979651
2987.4074037471505,0.9980766
2987.409718503729,0.9805471
2987.412033260311,0.986753
2987.414348016891,0.99466294
2987.416662773473,0.9880065
2987.418977530053,1.0065408
2987.4212922865768,0.996577
2987.4236070430347,0.99406517
2987.4259217994913,1.0102274
2987.42823655595,1.0024968
2987.430551312406,1.0020591
2987.4328660688648,0.997503
2987.4351808253195,1.0104289
2987.437495581777,0.99759376
2987.439810338235,1.0039651
2987.4421250946916,0.9915135
2987.444439851148,0.9808912
2987.446754607605,0.98968416
2987.449069364063,1.0092165
2987.4513841205194,0.98711
2987.4536988769773,1.0070412
2987.456013633434,1.0106077
2987.4583283898896,1.0053607
2987.460643146348,0.9963063
2987.4629579027555,0.9985761
2987.4652726591034,1.0057018
2987.467587415451,1.0044653
2987.4699021717975,0.98914164
2987.4722169281445,0.99583393
2987.474531684492,0.9855392
2987.4768464408407,1.0046018
2987.4791611971855,0.99755347
2987.4814759535343,0.99141556
2987.483790709881,0.9765137
2987.4861054662297,0.9912302
2987.4884202225758,1.0021375
2987.4907349789223,1.006206
2987.4930497352716,0.9995461
2987.4953644916177,1.0065597
2987.4976792479665,0.9950992
2987.499994004313,0.992709
2987.502308760662,0.9988468
2987.5046235169643,0.9901881
2987.506938273219,0.98952615
2987.509253029471,0.9966683
2987.5115677857248,0.99162626
2987.513882541977,0.991929
2987.51619729823,0.9921726
2987.5185120544843,0.99794215
2987.520826810737,0.9850556
2987.523141566992,0.9961433
2987.5254563232434,1.0009695
2987.5277710794962,0.9976768
2987.53008583575,0.9859798
2987.532400592003,0.98658204
2987.534715348257,0.99628127
2987.5370301045095,0.9931279
2987.5393448607624,0.9852386
2987.5416596170153,1.0062859
2987.543974373269,0.990058
2987.5462891294874,0.98581505
2987.5486038856616,0.9898266
2987.5509186418394,0.9935208
2987.5532333980154,0.9932373
2987.5555481541924,0.9962842
2987.557862910368,0.9905045
2987.560177666545,0.98127663
2987.5624924227204,0.99462235
2987.5648071788955,0.9762984
2987.567121935073,0.99655586
2987.5694366912476,0.9939693
2987.571751447426,0.9854951
2987.5740662035996,0.9999244
2987.576380959777,0.9961351
2987.578695715952,0.9898009
2987.581010472129,1.004679
2987.5833252283046,0.9878838
2987.58563998448,0.9824226
2987.587954740632,1.0017862
2987.590269496749,0.99450946
2987.5925842528686,0.99340695
2987.594899008985,0.9953498
2987.5972137651047,0.994547
2987.5995285212216,1.0015743
2987.6018432773394,0.99935645
2987.604158033458,0.9866095
2987.606472789575,0.9759898
2987.6087875456933,0.9824526
2987.6111023018116,0.9957716
2987.6134170579294,1.0060114
2987.6157318140467,0.9944228
2987.6180465701655,0.99757755
2987.6203613262833,1.0004581
2987.622676082402,0.9868387
2987.62499083852,0.995661
2987.6273055946376,0.9923406
2987.629620350739,0.9949084
2987.6319351068196,1.0036954
2987.634249862899,0.9908361
2987.6365646189815,0.9987833
2987.6388793750607,0.99668187
2987.6411941311435,0.98290557
2987.6435088872227,0.99522966
2987.645823643304,0.99855316
2987.6481383993855,0.99302197
2987.650453155466,1.005132
2987.6527679115457,0.9993138
2987.655082667626,0.9927739
2987.6573974237076,0.98959595
2987.659712179787,1.004201
2987.6620269358696,0.9931754
2987.6643416919487,1.0020409
2987.666656448031,1.0095606
2987.6689712041107,0.99372053
2987.6712859601844,1.001029
2987.67360071625,0.9884394
2987.675915472317,0.99641085
2987.678230228384,0.9926902
2987.680544984449,0.98657924
2987.682859740517,1.0012877
2987.68517449658,1.0051855
2987.687489252647,0.9899413
2987.689804008713,0.99751776
2987.69211876478,0.98981214
2987.6944335208455,0.9904858
2987.696748276911,0.99335706
2987.699063032978,0.995411
2987.7013777890434,0.99303824
2987.7036925451102,0.99954957
2987.706007301176,0.97749203
2987.7083220572417,1.0020609
2987.7106368133072,0.9977438
2987.7129515693787,1.0149708
2987.7152663254556,1.0022063
2987.717581081531,0.99368834
2987.719895837607,0.98980105
2987.7222105936826,0.9986551
2987.724525349758,0.9955816
2987.726840105835,0.99530274
2987.7291548619096,1.0118796
2987.731469617988,1.0020502
2987.733784374062,1.0076782
2987.73609913014,0.9973181
2987.738413886215,0.98859704
2987.7407286422904,1.002472
2987.743043398368,1.0009916
2987.745358154443,0.9932327
2987.7476729105197,0.9922226
2987.749987666595,0.9983335
2987.752302422673,0.9909391
2987.754617178763,1.0012894
2987.7569319348763,1.0028929
2987.7592466909887,0.9911666
2987.7615614471024,0.99094015
2987.7638762032147,0.99994093
2987.7661909593267,0.9958099
2987.76850571544,1.0051402
2987.7708204715523,0.9983023
2987.7731352276664,1.0026658
2987.7754499837783,1.0080299
2987.7777647398902,0.98751485
2987.7800794960026,0.9910907
2987.782394252116,0.996588
2987.784709008228,1.0051705
2987.787023764342,1.0023438
2987.789338520454,0.9935987
2987.791653276566,0.99229175
2987.7939680326785,0.9974413
2987.7962827888214,0.99783754
2987.7985975449974,0.989715
2987.800912301177,0.9926901
2987.8032270573544,0.9955925
2987.8055418135327,0.9953705
2987.8078565697106,1.0133646
2987.8101713258866,1.0150218
2987.8124860820667,1.0013267
2987.8148008382427,1.0013629
2987.817115594421,1.0045335
2987.819430350599,1.0026649
2987.821745106778,1.0021449
2987.824059862953,1.0013261
2987.826374619132,1.0050182
2987.8286893753093,1.0043161
2987.831004131488,0.9962633
2987.8333188876663,1.0005267
2987.8356336438424,1.0134364
2987.8379484000648,1.0064511
2987.840263156337,1.0053641
2987.842577912612,1.0067216
2987.844892668884,1.0022306
2987.8472074251563,1.0020964
2987.8495221814296,0.99544823
2987.8518369377034,1.0038419
2987.8541516939763,1.000352
2987.8564664502505,0.98793876
2987.858781206523,0.9818618
2987.861095962796,0.9965411
2987.8634107190687,0.9825685
2987.865725475343,1.0086663
2987.8680402316168,0.99416286
2987.870354987889,0.9925198
2987.8726697441625,1.0011218
2987.8749845004363,0.99139565
2987.877299256709,1.0041006
2987.8796140130385,0.9961121
2987.8819287694405,0.9980148
2987.8842435258402,1.0039737
2987.8865582822427,1.0055374
2987.888873038642,1.0002955
2987.8911877950436,0.9976606
2987.8935025514425,0.9983685
2987.895817307844,0.98970836
2987.898132064245,1.0046214
2987.900446820646,0.9975028
2987.902761577047,0.9986801
2987.9050763334462,0.9993835
2987.9073910898483,1.0132129
2987.909705846248,0.9862826
2987.91202060265,0.98411626
2987.9143353590493,1.0055399
2987.9166501154496,0.99837416
2987.91896487185,1.0043752
2987.921279628324,0.9929047
2987.9235943848853,1.0054045
2987.925909141448,1.0010067
2987.9282238980095,1.0093365
2987.93053865457,1.0051539
2987.9328534111323,0.9945935
2987.9351681676935,0.99366117
2987.9374829242556,0.9901477
2987.9397976808164,0.9920107
2987.942112437378,1.0110227
2987.94442719394,1.006752
2987.9467419505013,0.9889373
2987.949056707061,1.0033934
2987.9513714636246,0.99403775
2987.953686220185,0.995613
2987.956000976748,0.9830489
2987.9583157333095,0.97688854
2987.9606304898703,0.99986434
2987.9629452465206,0.99086046
2987.9652600032764,0.98478067
2987.967574760035,0.99263763
2987.9698895167908,1.0012922
2987.972204273548,0.9887201
2987.9745190303033,0.99882877
2987.976833787062,0.9944392
2987.9791485438177,0.99797726
2987.9814633005763,0.97703886
2987.9837780573316,0.9991729
2987.9860928140884,1.0093273
2987.988407570847,1.0138156
2987.9907223276023,0.99648154
2987.993037084361,0.99577296
2987.995351841116,0.9983952
2987.997666597874,1.0014027
2987.9999813546306,0.99006915
2988.0022961113873,0.99424404
2988.004610868248,0.9965802
2988.0069256252355,1.0163039
2988.0092403822227,1.0182251
2988.01155513921,1.0002301
2988.0138698961982,0.99341726
2988.0161846531855,1.0030853
2988.0184994101714,1.0010015
2988.02081416716,1.0016577
2988.0231289241474,1.0039035
2988.0254436811356,1.0045897
2988.027758438123,1.0058641
2988.0300731951097,1.0065535
2988.032387952098,1.0045244
2988.0347027090843,1.0217577
2988.037017466073,0.990944
2988.039332223058,1.0071701
2988.041646980047,1.001806
2988.0439617370334,0.9954227
2988.0462764941426,1.0073333
2988.0485912513946,1.0053111
2988.0509060086474,0.992508
2988.053220765902,1.0009847
2988.0555355231545,1.0180221
2988.0578502804096,0.9878716
2988.0601650376616,1.0202156
2988.0624797949167,1.0004002
2988.064794552168,0.9921514
2988.0671093094215,1.0004603
2988.0694240666758,0.990789
2988.0717388239286,1.0054361
2988.0740535811815,1.0091188
2988.0763683384343,0.9953162
2988.0786830956886,0.9890695
2988.080997852943,1.0041534
2988.0833126101966,1.0118043
2988.0856273674485,1.0022963
2988.0879421248374,0.9980374
2988.090256882392,0.9991471
2988.0925716399465,1.0007539
2988.0948863975013,1.0171559
2988.0972011550552,1.0087526
2988.0995159126087,1.025154
2988.101830670164,1.0124459
2988.104145427717,1.010907
2988.1064601852727,0.9874758
2988.1087749428243,1.0085286
2988.11108970038,1.0108855
2988.1134044579344,0.9887232
2988.115719215489,1.0181874
2988.118033973044,1.023206
2988.1203487305957,1.0001985
2988.122663488152,0.9962614
2988.124978245705,1.005821
2988.1272930032605,1.0337888
2988.129607760965,1.0103531
2988.1319225188554,1.0186493
2988.134237276743,0.9910964
2988.1365520346317,1.0015793
2988.1388667925216,1.0063362
2988.1411815504102,0.999273
2988.143496308299,0.9929964
2988.1458110661874,1.0025828
2988.1481258240783,1.0219141
2988.150440581966,1.0004036
2988.152755339856,1.0122958
2988.155070097744,1.0010575
2988.157384855633,0.9958612
2988.1596996135227,1.0052687
2988.1620143714117,1.0189837
2988.164329129301,1.001816
2988.16664388719,1.0180677
2988.1689586450775,1.0137861
2988.171273403134,0.9922514
2988.173588161389,1.0112275
2988.1759029196464,1.0049869
2988.178217677902,0.99140656
2988.180532436158,1.0061662
2988.1828471944136,1.0006286
2988.1851619526706,1.003677
2988.187476710927,1.0097233
2988.189791469181,1.0028371
2988.1921062274387,0.993064
2988.1944209856933,0.99309486
2988.196735743951,1.0132879
2988.1990505022054,1.011903
2988.2013652604637,1.003657
2988.2036800187175,1.0082546
2988.205994776974,1.0139631
2988.208309535232,1.0278189
2988.210624293486,1.0061324
2988.2129390519235,1.0117488
2988.215253810574,1.0130857
2988.217568569228,1.000519
2988.21988332788,1.0114057
2988.2221980865334,1.0103403
2988.2245128451855,1.0106097
2988.2268276038385,1.0225432
