time,flux_flat,trend
2228.7574211188044,1.0,1.0272142887115479
2228.7643656640093,0.9697539560487728,1.0253123044967651
2228.771310209217,1.0,1.0213044881820679
2228.778254754425,0.9747587147231008,1.010339379310608
2228.785199299631,0.9841934311138476,1.010278582572937
2228.7990883908246,0.9741309861907612,1.010080337524414
2228.806032937493,1.0151988107895775,1.0099620819091797
2228.812977484161,0.9751052658324184,1.0087382793426514
2228.819922030829,0.9557894139739137,1.0087382793426514
2228.826866577498,0.9711856689172828,1.0087288618087769
2228.833811124166,0.991532727981175,1.0086919069290161
2228.840755671443,0.9865293132973708,1.0086122751235962
2228.8477002192553,0.9881035330195389,1.0082188844680786
2228.854644767066,0.9752880980354793,1.0078343152999878
2228.861589314876,0.9675302174349228,1.0076446533203125
2228.8685338626888,0.9597729606514586,1.007548213005066
2228.875478410501,0.9805997863636488,1.0074149370193481
2228.8824229587735,0.9753357419062811,1.00709867477417
2228.8893675074532,0.9889572998859922,1.0067267417907715
2228.8963120561325,0.9885568146452309,1.0066266059875488
2228.9032566048104,0.9810132264616408,1.0064568519592285
2228.910201153489,0.958745421527432,1.0064568519592285
2228.91714570217,0.9739602087091981,1.0064544677734375
2228.924090251185,0.9701218316059009,1.006342887878418
2228.931034800497,0.9490170124532447,1.006342887878418
2228.9379793498106,0.9744913312589655,1.0058008432388306
2228.9449238991215,0.9761877608794356,1.0055792331695557
2228.9518684484333,0.9674995731522235,1.005401611328125
2228.958812997747,0.9743839756601912,1.005401611328125
2228.9657575472893,0.9608878537475206,1.0053415298461914
2228.9727020970363,0.9652109698136835,1.0052871704101562
2228.979646646783,0.9702747908207794,1.0052871704101562
2228.9865911965294,0.9602449792243767,1.0052871704101562
2229.000480296021,0.9626377333700148,1.0052871704101562
2229.007424845909,0.9513104709830128,1.005155324935913
2229.0143693959226,0.95260132622119,1.0051460266113281
2229.0213139459347,0.9536396887366289,1.0050759315490723
2229.028258495948,0.9687610565203091,1.0050667524337769
2229.0352030459603,0.9545226601808469,1.0050667524337769
2229.042147595973,0.9636653930875614,1.0049712657928467
2229.049092146053,0.9657058432341007,1.0049126148223877
2229.0560366961904,0.968838781136752,1.0049091577529907
2229.0629812463267,0.9511188726566078,1.0048174858093262
2229.069925796465,0.9729229495243813,1.0048174858093262
2229.0768703466047,0.9641008681910828,1.0048174858093262
2229.0838148967414,0.9609907201548934,1.0048174858093262
2229.0907594468817,0.9654866164749876,1.0048174858093262
2229.097703997027,0.9640829538902506,1.0048174858093262
2229.1046485471716,0.9608432055335734,1.0047614574432373
2229.111593097315,0.9550606569338735,1.0047614574432373
2229.1185376474614,0.9591386191844422,1.0044443607330322
2229.125482197604,0.9577981673152628,1.0044443607330322
2229.132426747699,0.9618082846906019,1.0043423175811768
2229.1393712977515,0.9598135152926386,1.0043423175811768
2229.146315847802,0.9600184134514359,1.0041224956512451
2229.1532603978526,0.9642777454188346,1.0038810968399048
2229.1602049479047,0.9675923473715289,1.0037682056427002
2229.1671494979555,0.963296021551936,1.0037682056427002
2229.1740940479135,0.9709209109585283,1.0037486553192139
2229.1810385977874,0.9625363286946539,1.0037418603897095
2229.187983147662,0.9906628826589843,1.0037418603897095
2229.1949276975374,1.0029737540286534,1.0037418603897095
2229.2018722474118,0.9972659981862,1.0037293434143066
2229.208816797286,1.0033960194846216,1.0036901235580444
2229.21576134703,0.9968232317995601,1.0036901235580444
2229.2227058966578,1.0050367581079311,1.0036829710006714
2229.2296504462847,1.0000490529164572,1.0036801099777222
2229.236594995914,0.9958315116647954,1.0036801099777222
2229.2435395455427,0.9996477216701889,1.0036801099777222
2229.2504840951683,1.0016135142240017,1.0035361051559448
2229.2574286446347,1.0046662788594,1.0035361051559448
2229.2643731939556,0.9940016186221613,1.0035361051559448
2229.271317743279,1.0029992185352323,1.0034472942352295
2229.278262292602,1.0051472368484518,1.0034472942352295
2229.285206841924,0.9960149217240315,1.0034472942352295
2229.2921513912456,0.9963831814909572,1.0033265352249146
2229.2990959403783,0.9992159460812334,1.0033265352249146
2229.306040489346,1.0003552540107763,1.0033265352249146
2229.312985038313,0.9997234008906064,1.0033265352249146
2229.3199295872796,0.987038575238938,1.0033265352249146
2229.3268741362476,1.0016371119909127,1.003270149230957
2229.3338186852143,0.9993344754547275,1.0032556056976318
2229.3407632339695,0.9963241925521855,1.0032460689544678
2229.347707782541,0.999249985562935,1.0032460689544678
2229.3546523311106,0.9973741177052124,1.0032460689544678
2229.3615968796817,1.0072075905153024,1.0030490159988403
2229.368541428252,0.9968705228135583,1.0030490159988403
2229.375485976823,0.9995784499627712,1.0030490159988403
2229.3824305251624,0.9955089530358555,1.0030490159988403
2229.3893750732996,1.002231350986459,1.0030490159988403
2229.396319621439,0.992277089224922,1.0030490159988403
2229.4032641695785,0.9978420964121897,1.0030490159988403
2229.4102087177157,1.000196453964347,1.0030490159988403
2229.4171532658556,1.0020906362291773,1.0030490159988403
2229.424097813748,1.0059211685371245,1.002791166305542
2229.4310423614243,1.0027803065660075,1.002791166305542
2229.437986909103,0.9980367370555597,1.0027297735214233
2229.4449314567796,0.9978644730367578,1.0027297735214233
2229.4518760044566,0.9972075752894219,1.0027297735214233
2229.4588205521345,1.0026046462304554,1.0027297735214233
2229.4657650995523,0.9939567903825082,1.0027297735214233
2229.472709646745,1.0059459024405495,1.0027297735214233
2229.479654193936,1.0073305532528238,1.0027297735214233
2229.486598741127,0.9961613893919365,1.0027297735214233
2229.493543288319,1.001388930663673,1.0027297735214233
2229.5004878355103,0.9946643330380632,1.0027297735214233
2229.5074323824315,0.9936220108953128,1.0027297735214233
2229.514376929117,1.0049091400676144,1.0026261806488037
2229.5213214758014,0.9992483328850915,1.0026261806488037
2229.528266022487,0.9948327938974427,1.0026261806488037
2229.5352105691713,1.0073166863203482,1.0026261806488037
2229.542155115857,1.0076929954659801,1.0026261806488037
2229.5490996622602,1.0024341791906868,1.0026261806488037
2229.5560442084225,1.0050053277765612,1.0026261806488037
2229.5629887545842,0.9953578568834043,1.002616286277771
2229.5699333007437,1.0010710351457186,1.002616286277771
2229.576877846905,0.9944756321075126,1.002616286277771
2229.5838223930664,0.9987058751768809,1.002587914466858
2229.5907669389385,0.9957998016008196,1.002587914466858
2229.5977114845614,1.0006804737562212,1.002587914466858
2229.6046560301843,1.0048627132215622,1.002539873123169
2229.6116005758054,0.999097969372814,1.002539873123169
2229.618545121427,0.9932939861216179,1.002539873123169
2229.62548966705,0.9950202820147744,1.002539873123169
2229.632434212378,0.9970354631450452,1.002539873123169
2229.639378757449,0.9885051190756768,1.0024936199188232
2229.646323302521,0.9977427978699394,1.0024936199188232
2229.653267847592,1.0041227056079023,1.0024936199188232
2229.660212392664,1.0011835387630645,1.0024936199188232
2229.667156937735,1.0025830727862817,1.0023820400238037
2229.674101482508,0.989113097439642,1.0023820400238037
2229.681046027018,1.0054393186015729,1.0023820400238037
2229.687990571528,0.9864796594910681,1.0023820400238037
2229.6949351160156,0.9979164164265353,1.0023820400238037
2229.701879660491,0.9920842816271062,1.0023740530014038
2229.7088242049667,0.9985662166827635,1.0023740530014038
2229.7157687491404,1.0013645678319487,1.0023740530014038
2229.7227132930466,0.9963503354422557,1.0021523237228394
2229.729657836952,1.0016124114883636,1.0021523237228394
2229.736602380858,0.9994494842959686,1.0021523237228394
2229.7435469247653,0.9941027730027955,1.0021523237228394
2229.750491468671,0.9974583850928722,1.0021523237228394
2229.757436012271,1.0029173287902702,1.0021523237228394
2229.764380555602,0.994696585420169,1.0020956993103027
2229.771325098931,1.0032989983093408,1.0020956993103027
2229.7782696422614,1.0043496528985552,1.0020956993103027
2229.785214185591,0.9973241463348774,1.0021523237228394
2229.7921587289215,0.9966466480219321,1.0021523237228394
2229.7991032719424,0.9982111586871981,1.002206563949585
2229.806047814689,1.0020654043522268,1.0023740530014038
2229.812992357439,1.002429658242345,1.0023820400238037
2229.8199369001877,0.9956038408341945,1.0023820400238037
2229.8268814429357,1.0083946467375213,1.0024936199188232
2229.8338259856846,1.0023632821928976,1.002539873123169
2229.8407705281193,0.9971903993310752,1.002539873123169
2229.847715070281,1.0017978780758043,1.002539873123169
2229.8546596124434,1.0032046354495319,1.002587914466858
2229.861604154607,0.9983529029891607,1.002616286277771
2229.868548696769,0.9973541840702216,1.0026261806488037
2229.8754932389306,0.999270685529445,1.0026261806488037
2229.882437780778,0.999470908152271,1.0026261806488037
2229.8893823223493,1.0011195345703858,1.0026261806488037
2229.8963268639222,0.9977216913552786,1.0027292966842651
2229.9032714054947,0.9968022956182742,1.0027292966842651
2229.910215947067,0.9956198077798938,1.0027292966842651
2229.9171604886387,1.012732326196638,1.0027292966842651
2229.9241050298965,1.0036037554762804,1.0027292966842651
2229.931049570874,0.9931890325954671,1.0027297735214233
2229.937994111854,1.005146877961345,1.0027297735214233
2229.9449386528318,0.9947057643772989,1.0027297735214233
2229.9518831938117,0.994140526780754,1.0027297735214233
2229.9588277347934,0.9955982322787106,1.0027297735214233
2229.965772275454,1.0047930769123774,1.0027297735214233
2229.9727168158392,0.9988050892664061,1.0027297735214233
2229.979661356224,0.9891977145117992,1.0027297735214233
2229.986605896608,1.004354629913522,1.0027297735214233
2229.993550436992,1.0027763836090775,1.002791166305542
2230.000494977377,1.0026756943812083,1.002791166305542
2230.0074395174443,0.9951635290540134,1.002791166305542
2230.0143840572323,0.9962667715324568,1.002791166305542
2230.0213285970212,1.0019648070345037,1.002791166305542
2230.0282731368075,0.9954715406117578,1.002791166305542
2230.0352176765964,1.0039073839797377,1.002791166305542
2230.042162216385,0.9981295816867811,1.002791166305542
2230.0491067558537,1.0010868968245685,1.002791166305542
2230.056051295046,0.9939407552666886,1.002791166305542
2230.0629958342374,1.0006543016649267,1.002791166305542
2230.069940373426,1.0037706877906645,1.0029141902923584
2230.0768849126184,1.0031440953580175,1.0030490159988403
2230.0838294518076,1.0057135658414926,1.0030490159988403
2230.0907739906797,1.004170457388327,1.0030490159988403
2230.097718529273,1.00227568088888,1.0030490159988403
2230.104663067865,0.9873787538543543,1.0030490159988403
2230.111607606459,1.0057659773347032,1.0030490159988403
2230.118552145051,0.9896882466929358,1.0030490159988403
2230.125496683643,1.0056390488205333,1.0030490159988403
2230.132441221918,0.9962819928489807,1.0030490159988403
2230.139385759912,1.0060520418792789,1.0030490159988403
2230.146330297905,0.9995685856681307,1.0030490159988403
2230.1532748359004,1.0002059617182175,1.0030490159988403
2230.1602193738954,0.9996817279391884,1.0030490159988403
2230.1671639118895,1.0050159863695791,1.0031812191009521
2230.174108449565,0.9953998636292446,1.0031812191009521
2230.1810529869617,0.9937467085125233,1.0032234191894531
2230.1879975243564,1.0018488178212777,1.0032234191894531
2230.194942061753,1.004277032499458,1.0032234191894531
2230.20188659915,0.9984098669526101,1.0032234191894531
2230.208831136546,0.9974170130175984,1.0032460689544678
2230.215775673624,1.0004734038305785,1.0032234191894531
2230.222720210421,0.9965743576727544,1.0032234191894531
2230.22966474722,1.0003537606648085,1.0031812191009521
2230.2366092840184,1.004236690958153,1.0031812191009521
2230.243553820815,1.005048333770614,1.0032234191894531
2230.250498357615,0.998974367383956,1.0031812191009521
2230.257442894096,1.0008924227721574,1.0031812191009521
2230.2643874302958,1.0055997104888947,1.0030490159988403
2230.271331966497,0.9979538125201668,1.0030490159988403
2230.278276502698,1.0004410409326632,1.0030490159988403
2230.285221038899,1.0039057160455644,1.0029141902923584
2230.2921655750993,0.999087608376221,1.0029141902923584
2230.299110110983,1.0081528989438668,1.0030490159988403
2230.306054646588,1.0068178914535395,1.0030490159988403
2230.3129991821925,1.0010256679678984,1.0029141902923584
2230.3199437177977,1.008984522389504,1.002791166305542
2230.326888253402,0.9907967299293535,1.0028091669082642
2230.3338327890056,0.9972641536125322,1.002791166305542
2230.340777324292,0.9941845729837606,1.002791166305542
2230.3477218593016,1.0019300948095475,1.002791166305542
2230.354666394312,1.0058139555617793,1.0028091669082642
2230.3616109293202,0.9998773334867457,1.0029141902923584
2230.3685554643284,1.001746754376069,1.0028091669082642
2230.375499999339,1.004185125531774,1.0028091669082642
2230.382444534029,1.0038368207596302,1.0028091669082642
2230.3893890684444,1.003655416977278,1.0028091669082642
2230.3963336028596,1.0069345990773682,1.002791166305542
2230.403278137273,1.0026456183780785,1.002791166305542
2230.410222671689,1.0007234883598735,1.002791166305542
2230.417167206103,1.0074382357175353,1.0027815103530884
2230.4241117402007,0.9954787530938273,1.0027297735214233
2230.4310562740225,1.006253100663175,1.0027297735214233
2230.4380008078438,0.9952617884048601,1.0027297735214233
2230.4449453416637,1.0059440002843723,1.0027297735214233
2230.4518898754873,1.0024897939726396,1.0027815103530884
2230.4588344093067,1.000671664244911,1.0027815103530884
2230.465778942813,1.002359505853113,1.0027297735214233
2230.472723476042,1.0009847905495295,1.0027815103530884
2230.47966800927,1.0027770047364812,1.0027815103530884
2230.486612542499,1.0029680426907417,1.0027815103530884
2230.493557075729,1.0158755274198903,1.0027815103530884
2230.500501608959,1.002597632029552,1.0027297735214233
2230.507446141873,1.0023874437719662,1.0027297735214233
2230.5143906745125,0.9991428850963172,1.0027815103530884
2230.521335207149,1.0027623826653087,1.0027815103530884
2230.5282797397895,1.0003889671234811,1.002791166305542
2230.5352242724275,1.0012616467241764,1.002791166305542
2230.542168805065,1.0012148206935831,1.0027815103530884
2230.549113337391,1.0069718779286518,1.0027297735214233
2230.5560578694412,1.0058861062048008,1.0027292966842651
2230.56300240149,0.9966722172317998,1.002616286277771
2230.569946933539,1.003837677775129,1.002616286277771
2230.5768914655873,1.0019364982661045,1.0026147365570068
2230.5838359976374,0.9935831127173492,1.0026147365570068
2230.5907805293737,1.0030248942339268,1.0026147365570068
2230.597725060836,1.0024558464840911,1.0026147365570068
2230.6046695922973,0.9998359090460489,1.0025465488433838
2230.6116141237594,1.0008455473902553,1.00240159034729
2230.6185586552206,1.0006751510409668,1.0025465488433838
2230.6255031866826,1.0008345478805052,1.0026147365570068
2230.6324477178323,1.0081399034687657,1.0026147365570068
2230.6393922487064,0.9979092905070803,1.0026147365570068
2230.6463367795836,1.001990475063774,1.002616286277771
2230.6532813104595,1.0007093467672465,1.002616286277771
2230.6602258413345,1.0028899445481634,1.0026147365570068
2230.667170372211,0.9983593209569609,1.0026147365570068
2230.6741149027753,1.0076474262895305,1.0026147365570068
2230.6810594330645,1.0100678254883297,1.002616286277771
2230.688003963356,1.0068377281749499,1.0026147365570068
2230.6949484936476,1.0044341969875425,1.0026147365570068
2230.701893023939,0.9997599441272631,1.0026147365570068
2230.7088375542307,1.0044904359314775,1.0026147365570068
2230.7157820842094,1.011598420173159,1.0026147365570068
2230.722726613918,0.9979998910890642,1.0026147365570068
2230.7296711436265,1.0103662760378582,1.0026147365570068
2230.736615673334,1.0027449562840296,1.0025465488433838
2230.7435602030437,0.9996608786951677,1.0025465488433838
2230.7505047327522,1.00217361060741,1.0025465488433838
2230.757449262149,1.0001142613638931,1.0026147365570068
2230.764393791276,0.9989381650588528,1.0025465488433838
2230.771338320403,1.0042000860348834,1.0026147365570068
2230.7782828495297,1.007012985777595,1.0025465488433838
2230.7852273786557,1.0100525923398063,1.0025465488433838
2230.792171907784,1.0017313973771607,1.0025465488433838
2230.7991164366013,1.0096645376718885,1.0026147365570068
2230.806060965149,1.0028920847193914,1.0026147365570068
2230.8130054936955,1.0102372541162454,1.0025465488433838
2230.819950022242,1.0018860106978988,1.00240159034729
2230.8268945507907,1.0037665509063531,1.00240159034729
2230.833839079336,1.006487294540464,1.0023820400238037
2230.8407836075767,0.998724746308002,1.0023740530014038
2230.8477281355463,0.9946962147811215,1.0023740530014038
2230.8546726635136,1.002980561236553,1.0023293495178223
2230.861617191484,1.0086815719727023,1.002206563949585
2230.8685617194524,1.0019767772975234,1.002206563949585
2230.8755062474215,0.9979239021029561,1.002206563949585
2230.8824507750837,0.9975508848573316,1.002206563949585
2230.8893953024776,0.9939902116278134,1.002206563949585
2230.903284357263,1.0046830710354393,1.0021523237228394
2230.910228884654,0.9948004338939244,1.0021523237228394
2230.9171734120473,1.0004614197095805,1.0021523237228394
2230.924117939134,0.9908123092836332,1.002206563949585
2230.9310624659506,0.9973193548609642,1.002206563949585
2230.9380069927706,1.0045906337938875,1.002206563949585
2230.944951519588,0.9975819894522713,1.002206563949585
2230.9518960464056,0.9973822182583854,1.002206563949585
2230.9588405732234,0.9964642035320976,1.0023293495178223
2230.9657850997364,0.9996129944430093,1.0023293495178223
2230.97272962598,0.9938664019828453,1.0023740530014038
2230.979674152225,0.9867301931412245,1.0023293495178223
2230.986618678472,0.9994046251326689,1.0023293495178223
2230.9935632047154,0.9934000329204481,1.0023293495178223
2231.0005077309606,1.0017670740436853,1.002206563949585
2231.007452256899,0.995057908233029,1.0021523237228394
2231.014396782573,0.9972630638340088,1.0021523237228394
2231.0213413082465,0.9945024561330054,1.002206563949585
2231.028285833919,0.9913646983425236,1.002206563949585
2231.035230359594,0.9988410383525544,1.0021523237228394
2231.0421748852677,0.9957719846745373,1.0021523237228394
2231.0491194106357,0.9922802900508799,1.0021523237228394
2231.0560639357395,0.9904666691171039,1.0021523237228394
2231.063008460843,0.9949079144569122,1.002130150794983
2231.069952985946,1.0006499750133142,1.002130150794983
2231.0768975110495,1.0007896349645318,1.0021228790283203
2231.0838420361542,1.0020910219051733,1.0021228790283203
2231.0907865609547,0.999582767128379,1.0019991397857666
2231.0977310854887,0.9968505849092207,1.001941442489624
2231.1046756100245,1.0002077401406422,1.0019220113754272
2231.1116201345585,0.9989432524167746,1.001732587814331
2231.1185646590934,0.994032946247963,1.001732587814331
2231.1255091836274,0.9943082599342008,1.001732587814331
2231.132453707862,0.9959180744535794,1.001732587814331
2231.139398231831,0.9948020038219038,1.001732587814331
2231.1463427557983,0.9987063172322924,1.001732587814331
2231.1532872797675,0.9979117017539015,1.001631736755371
2231.160231803736,0.9986343018622529,1.001631736755371
2231.1671763277027,0.992310705231184,1.0016281604766846
2231.1741208513704,1.0051481350388098,1.0016281604766846
2231.1810653747752,0.9985065691675801,1.0016119480133057
2231.1880098981774,1.002965509542307,1.0016281604766846
2231.1949544215813,0.9905147950036514,1.001631736755371
2231.201898944985,0.9968529918000691,1.0016281604766846
2231.2088434683865,1.0022879542256815,1.0016281604766846
2231.215787991489,1.005373994451407,1.0016119480133057
2231.222732514328,0.9919271660876469,1.0016119480133057
2231.229677037169,0.9944668792318139,1.0016119480133057
2231.236621560009,0.9977594814560211,1.001631736755371
2231.243566082847,1.005549673565416,1.001631736755371
2231.2505106056865,1.0016488676085706,1.0016119480133057
2231.2574551282273,0.991016584282239,1.001581072807312
2231.264399650504,1.0032920048403504,1.001581072807312
2231.2713441727806,0.993362787883794,1.001581072807312
2231.2782886950604,0.9991751021302124,1.0014820098876953
2231.285233217336,1.0029217301717677,1.001581072807312
2231.292177739614,0.9883581883130556,1.001581072807312
2231.2991222615924,0.9983997219391885,1.0014820098876953
2231.3060667833083,1.0021498079316804,1.0012811422348022
2231.3130113050265,0.995006727952559,1.0010957717895508
2231.3199558267415,0.993556467169973,1.0010957717895508
2231.3269003484597,0.9970761128758087,1.0010868310928345
2231.333844870177,1.0017204659595307,1.0010868310928345
2231.3407893915946,1.0012411694834018,1.0010868310928345
2231.347733912753,1.0013133318845282,1.0010868310928345
2231.354678433911,0.9978909357212603,1.0010957717895508
2231.361622955067,1.0025765081330824,1.0010957717895508
2231.368567476225,1.0046149403558702,1.0010868310928345
2231.3755119973844,0.9997750581258614,1.0010868310928345
2231.3824565182435,0.99817855832853,1.000990867614746
2231.389401038844,0.9918280402004425,1.0009793043136597
2231.396345559442,0.9998720944814485,1.0009793043136597
2231.4032900800426,0.9980818935923742,1.0009793043136597
2231.4102346006425,0.9978437472720078,1.0009697675704956
2231.417179121242,1.0015752536429898,1.0009697675704956
2231.424123641547,0.9997818201652712,1.0009697675704956
2231.4310681615907,0.9874441711401015,1.0009311437606812
2231.4380126816327,1.0025169063144657,1.0009311437606812
2231.4449572016765,1.0061056981553684,1.0009311437606812
2231.451901721721,0.9972091673843337,1.0009311437606812
2231.458846241763,1.0042308924106558,1.000893235206604
2231.465790761511,1.0012306929314538,1.000891089439392
2231.472735281002,0.9943703045176204,1.000861644744873
2231.479679800489,1.002260882656593,1.000861644744873
2231.486624319978,1.0082941115095625,1.000861644744873
2231.4935688394653,1.002903016752883,1.0008512735366821
2231.5005133589543,0.9959294876490472,1.0008512735366821
2231.514402397083,0.9923859086306653,1.0008512735366821
2231.5213469160194,1.000079802290421,1.0008512735366821
2231.528291434955,1.005397612529865,1.0008512735366821
2231.5421804728253,1.0062924432911236,1.0008176565170288
2231.5491249914653,1.0023791746635589,1.000753402709961
2231.556069509848,0.9970326725851609,1.000753402709961
2231.5630140282315,0.9924597771197337,1.0007513761520386
2231.5699585466136,1.0003891853410904,1.000697374343872
2231.576903064998,1.0009373069365717,1.0006740093231201
2231.5838475833802,0.9968144329774091,1.0006558895111084
2231.590792101469,0.9967980508590273,1.0006740093231201
2231.597736619302,0.997546776595727,1.0006740093231201
2231.604681137134,0.9942886738439215,1.0006558895111084
2231.611625654965,0.9997888995974559,1.0006558895111084
2231.6185701727995,0.9979755102624343,1.0006093978881836
2231.6255146906306,0.9903544554738543,1.0006093978881836
2231.6324592081696,0.9989577326858652,1.0006093978881836
2231.639403725452,1.0084166287211886,1.0005977153778076
2231.6463482427353,1.0030917522852472,1.0005977153778076
2231.653292760016,0.999754218143252,1.0005977153778076
2231.660237277299,0.9986879919062355,1.0005977153778076
2231.6671817945808,1.0025269186532346,1.0005977153778076
2231.6741263115728,0.9989004746699339,1.0005977153778076
2231.6810708283074,0.9921404011618361,1.000514268875122
2231.68801534504,1.0061933138423067,1.000514268875122
2231.694959861775,1.009338432663675,1.0004920959472656
2231.7019043785094,1.0052664589950167,1.0004920959472656
2231.708848895243,1.0000474242100355,1.0004446506500244
2231.7157934116863,1.0004563722977964,1.0004366636276245
2231.7227379278747,0.9937749128307863,1.0004056692123413
2231.7296824440614,1.0012255703668644,1.0004056692123413
2231.736626960248,1.0002915868437254,1.0004056692123413
2231.7435714764347,1.0060716965703274,1.0003517866134644
2231.7505159926222,0.9962414079109188,1.0003376007080078
2231.757460508518,0.9974842220167218,1.0003376007080078
2231.764405024159,0.9994501134036824,1.0002638101577759
2231.7713495398016,0.9935080846081689,1.0002638101577759
2231.778294055443,1.0048830322644626,1.0001258850097656
2231.785238571084,1.0011551118137747,1.0001258850097656
2231.7921830867253,1.004731582574674,1.0001161098480225
2231.799127602077,0.9993941791613365,1.0000996589660645
2231.8060721171723,1.003510828880081,1.00006902217865
2231.8130166322694,0.9920111448224959,1.00006902217865
2231.8199611473674,1.0035143133589324,1.0000611543655396
2231.8269056624636,1.0005483356701175,1.000049352645874
2231.8338501775606,0.9980503686842161,1.000049352645874
2231.840794692366,0.9962459074275793,1.0000441074371338
2231.84773920692,0.9945777662070397,1.0000441074371338
2231.8546837214735,0.9982097938509316,1.0000441074371338
2231.8616282360254,0.9985369011797057,1.0000112056732178
2231.868572750581,0.999241956622133,1.0000112056732178
2231.8755172651345,0.9987956688901236,1.0000334978103638
2231.882461779397,1.000088452301679,1.0000112056732178
2231.8894062934087,0.9994300667731432,1.0000112056732178
2231.8963508074194,0.9954039969473227,1.0000112056732178
2231.90329532143,0.9966174380219278,1.0000004768371582
2231.9102398354403,1.000060677499448,1.0000004768371582
2231.9171843494514,0.9997468591943458,1.0000004768371582
2231.9241288631747,1.0003470215099692,0.9999905824661255
2231.9310733766442,0.9972327960811633,1.0000004768371582
2231.9380178901138,1.003457186957747,1.0000004768371582
2231.9449624035824,1.0024451935472258,1.0000112056732178
2231.951906917053,1.0061387151504806,1.0000334978103638
2231.9588514305224,0.9970009066956962,1.0000112056732178
2231.965795943705,1.0038546224655016,1.0000334978103638
2231.972740456635,1.0029159999613775,1.0000334978103638
2231.979684969564,0.9991497731894073,1.0000393390655518
2231.986629482493,1.0068098409694062,1.0000334978103638
2231.993573995422,0.996446391664833,1.0000393390655518
2232.000518508352,0.9962230022441458,1.0000393390655518
2232.0074630209947,0.9995535761648533,1.0000334978103638
2232.0144075333856,0.995156359481975,1.0000393390655518
2232.021352045775,1.0000106092713827,1.0000334978103638
2232.0282965581673,1.0056289604238344,1.0000393390655518
2232.035241070556,1.0026550440592124,1.0000393390655518
2232.0421855829472,0.9958758385109604,1.0000441074371338
2232.049130095051,0.9982742236301013,1.0000441074371338
2232.0560746069027,0.9946838324469677,1.0000393390655518
2232.063019118757,1.0051161422339752,1.0000393390655518
2232.0699636306076,0.9908034247004806,1.0000393390655518
2232.0769081424605,0.9974717420882496,1.0000441074371338
2232.0838526543134,0.9997028243488063,1.0000441074371338
2232.090797165879,0.9934506608583827,1.0000393390655518
2232.097741677194,1.0025223840725512,1.0000334978103638
2232.1046861885097,0.9937134106792925,1.0000334978103638
2232.1116306998256,0.9938945262330215,1.0000112056732178
2232.1185752111414,0.9993524172271203,1.0000334978103638
2232.1255197224573,0.9885248039565596,1.0000112056732178
2232.1324642334866,0.9973478614450721,1.0000112056732178
2232.139408744265,1.0059974568742058,1.0000334978103638
2232.1463532550442,1.0007198807851672,1.0000334978103638
2232.153297765824,1.002341297551609,1.0000393390655518
2232.1602422766045,0.9951169856447353,1.0000441074371338
2232.167186787384,0.9934573363159914,1.0000393390655518
2232.174131297877,1.0016304805208955,1.0000393390655518
2232.181075808122,1.0003721589354682,1.0000334978103638
2232.1880203183655,1.0019059623518496,1.0000393390655518
2232.1949648286104,1.0009457748219102,1.0000334978103638
2232.2019093388553,1.0064900386257611,1.0000112056732178
2232.2088538490993,1.003625948329074,1.0000112056732178
2232.2157983590596,0.9962610425307753,1.0000112056732178
2232.222742868769,1.0064509384169327,1.0000112056732178
2232.22968737848,0.9953406475350153,1.0000004768371582
2232.2366318881905,0.9906940504579304,1.0000004768371582
2232.2435763978992,1.0025380837735731,1.0000004768371582
2232.25052090761,1.0026607215275976,1.0000112056732178
2232.2574654170385,1.003411536378655,1.0000334978103638
2232.264409926214,0.998101792148535,1.0000112056732178
2232.2713544353915,0.9976238619690599,1.0000004768371582
2232.2782989445686,1.0017914763491267,1.0000004768371582
2232.2852434537444,1.0073512757533667,1.0000004768371582
2232.2921879629216,0.9952402733610757,1.0000004768371582
2232.2991324718146,1.0056254201421966,0.9999905824661255
2232.306076980461,1.0031700177902958,0.9999610185623169
2232.3130214891057,0.9943981967223082,0.9999610185623169
2232.3199659977504,0.9826836392343079,0.9999610185623169
2232.326910506394,0.9982447920764695,0.9999489784240723
2232.3338550150397,1.0016629352255197,0.9999489784240723
2232.3407995234006,0.9965603202849308,0.9999610185623169
2232.3477440315132,1.0037389066961395,0.9999610185623169
2232.354688539628,1.0008687224165433,0.9999489784240723
2232.3616330477407,1.0,0.9998063445091248
2232.3685775558547,1.0029449801588377,0.9998063445091248
2232.3755220639678,1.0085734638681476,0.9998063445091248
2232.3824665717984,0.9971692665335881,0.9997509717941284
2232.389411079382,1.0034169843552518,0.9997473359107971
2232.396355586963,0.9947714686188552,0.9997469186782837
2232.4033000945474,0.9973456709563245,0.9997473359107971
2232.4102446021307,1.0043912896321268,0.9997473359107971
2232.417189109713,1.0047193788577693,0.9997469186782837
2232.424133617014,1.0003221850393818,0.9997469186782837
2232.4310781240656,1.0058391566907947,0.9997469186782837
2232.438022631119,1.0029060486508423,0.9997455477714539
2232.4449671381726,0.9992716119507152,0.9997280240058899
2232.451911645226,0.9989189138915183,0.9997455477714539
2232.4588561522796,1.007737774101688,0.9997280240058899
2232.472745165574,0.9986871895721152,0.9997137784957886
2232.4796896720986,1.0011776480117889,0.9997137784957886
2232.4866341786233,0.9968704771200113,0.9995870590209961
2232.493578685147,1.0004830666389266,0.9995664954185486
2232.5005231916725,1.002924816142786,0.9995664954185486
2232.507467697914,1.0017466075507189,0.9995149970054626
2232.51441220391,0.994550291237541,0.9994975328445435
2232.5213567099063,1.012766684738009,0.9994937777519226
2232.528301215902,1.0075038228766233,0.9994975328445435
2232.5352457218974,1.0061343261606674,0.9995149970054626
2232.542190227894,1.005249992456222,0.9994975328445435
2232.5491347336097,0.9982781699283418,0.9994975328445435
2232.556079239079,0.9998383305744375,0.9994975328445435
2232.563023744547,1.0046998808436396,0.9994937777519226
2232.569968250016,0.9977011368128629,0.9994937777519226
2232.576912755484,0.9986271465036425,0.9994937777519226
2232.5838572609523,1.0004554312215665,0.9994937777519226
2232.590801766141,0.9946050155399431,0.9994937777519226
2232.5977462710844,1.0056359091864062,0.9994937777519226
2232.6046907760256,1.0040590449254843,0.9994937777519226
2232.6116352809677,0.9993767563576547,0.9994937777519226
2232.618579785911,0.9969772295719835,0.9994937777519226
2232.6255242908514,0.9952355649383953,0.9994626045227051
2232.632468795514,1.0044109683806253,0.9994626045227051
2232.6394132999285,1.0027419758829212,0.9994626045227051
2232.646357804347,0.9990943571760833,0.9994626045227051
2232.653302308764,1.003292135028467,0.9994412660598755
2232.6602468131787,1.0030634738785846,0.9993858933448792
2232.667191317595,1.0125180759360792,0.9993359446525574
2232.674135821732,1.0011290688989678,0.9993858933448792
2232.6810803256226,1.0028982931306225,0.9993359446525574
2232.688024829513,0.9966843399273926,0.9992531538009644
2232.694969333407,1.0027881226048612,0.9992531538009644
2232.701913837296,1.0004927619879072,0.9992531538009644
2232.708858341188,1.001911987720998,0.999225914478302
2232.7158028447984,0.9984916734228682,0.9991890788078308
2232.7227473481644,0.9993007776455016,0.9991471767425537
2232.7296918515312,0.9992292506765532,0.9991471767425537
2232.7366363548977,1.0050365640195302,0.9991890788078308
2232.7435808582654,1.0066603002295307,0.9991471767425537
2232.7505253616323,1.0009575796396015,0.9990339279174805
2232.7574698647195,0.9934595819058137,0.9990339279174805
2232.764414367561,1.0031727208769305,0.9990339279174805
2232.7713588704037,1.0009782227894648,0.9990339279174805
2232.7783033732467,1.0071961065826112,0.9990339279174805
2232.78524787609,0.9936509226203473,0.9991471767425537
2232.792192378933,1.0020448719279496,0.9991471767425537
2232.7991368814965,0.9998866545112578,0.9991471767425537
2232.8060813838174,1.000078804942436,0.9991471767425537
2232.813025886135,0.9977707328585231,0.9991471767425537
2232.8199703884557,1.005852922416564,0.9991471767425537
2232.8269148907734,0.9976719216402719,0.9991890788078308
2232.8338593930935,1.0007725662448264,0.9991890788078308
2232.840803895137,1.0010394538503666,0.9991890788078308
2232.8477483969323,0.9992722003499236,0.999225914478302
2232.85469289873,1.008213693951679,0.9992531538009644
2232.8616374005273,1.0063526496213335,0.9993359446525574
2232.8685819023226,0.9985161674763163,0.9993742108345032
2232.87552640412,1.0006655447217245,0.9993742108345032
2232.8824709056394,1.000648002408076,0.9993858933448792
2232.889415406915,1.0006149611440103,0.9993858933448792
2232.896359908191,1.0007402078128513,0.9993858933448792
2232.903304409464,1.0061964298377406,0.9993858933448792
2232.9102489107395,0.9987210911129399,0.9994626045227051
2232.917193412015,1.0002655621951073,0.9994626045227051
2232.9241379130117,0.9970508462446774,0.9994626045227051
2232.9310824137656,0.9994279648382056,0.9994626045227051
2232.938026914521,1.004470530741109,0.9993858933448792
2232.9449714152743,1.0010640378812277,0.9994626045227051
2232.9519159160272,1.0012914922293388,0.9994626045227051
2232.9588604167807,1.0031077873594065,0.9994626045227051
2232.965804917257,0.9947090922102552,0.9994626045227051
2232.9727494174895,1.0024952473537754,0.9995149970054626
2232.9796939177213,0.9864910291137635,0.9995149970054626
2232.986638417956,1.0009925931226966,0.9994626045227051
2232.9935829181895,0.9999475820944013,0.9995149970054626
2233.000527418422,1.008665532555485,0.9995149970054626
2233.0074719183776,0.9991012080412692,0.9995870590209961
2233.014416418091,0.9970454000665456,0.9995973110198975
2233.021360917802,1.002472204101736,0.9995973110198975
2233.028305417515,0.9901786556962694,0.9997280240058899
2233.0352499172286,1.001127847812746,0.9997280240058899
2233.0421944169416,0.9963016584198099,0.9997280240058899
2233.0491389163776,1.0014140279417931,0.9997280240058899
2233.056083415569,0.9992419340501105,0.9997455477714539
2233.0630279147626,0.9959121077530383,0.9997455477714539
2233.0699724139563,0.9934913137029399,0.9997469186782837
2233.0769169131486,0.996006247441192,0.9997455477714539
2233.0838614123422,1.0020293364860249,0.9997469186782837
2233.0908059112576,0.9905466737748999,0.9997509717941284
2233.097750409932,0.998358706679225,0.9998063445091248
2233.1046949086062,0.9931739662239008,0.9999489784240723
2233.111639407279,1.009846951305289,0.9999489784240723
2233.1185839059535,0.9981562746626801,0.9999489784240723
2233.125528404627,1.003152374127667,0.9999610185623169
2233.132472903024,0.9889263063881641,0.9999905824661255
2233.1394174011803,1.0049856877395211,1.0000004768371582
2233.146361899335,1.0023244358900816,1.0000112056732178
2233.1533063974903,0.9947232003234827,1.0000112056732178
2233.160250895645,1.0062301652865961,1.0000112056732178
2233.1671953937994,1.0095787167073047,1.0000112056732178
2233.174139891679,0.9910222915096385,1.0000334978103638
2233.1810843893163,0.9965968079920953,1.0000334978103638
2233.188028886954,0.9930182053904874,1.0000334978103638
2233.194973384591,1.0005856686767511,1.0000112056732178
2233.2019178822266,0.9945473089877314,1.0000112056732178
2233.2088623798636,0.9934129857038669,1.0000112056732178
2233.215806877225,1.0012978309164853,1.0000004768371582
2233.2227513743424,0.9909804506395099,1.0000004768371582
2233.2296958714624,0.9980027303389726,1.0000112056732178
2233.2366403685837,0.9973230661906931,1.0000112056732178
2233.2435848657015,1.003675218494368,1.0000334978103638
2233.250529362821,0.9952764581166293,1.0000393390655518
2233.257473859664,1.0019127570140582,1.0000393390655518
2233.264418356265,1.002812172148183,1.0000334978103638
2233.2713628528686,0.9904178014514199,1.0000334978103638
2233.278307349469,0.9961794329627898,1.0000393390655518
2233.2852518460722,0.9885438970120712,1.000049352645874
2233.2921963426747,1.0004228187167434,1.0000393390655518
2233.2991408389994,0.9997174834474506,1.0000334978103638
2233.3060853350858,0.9896439811570904,1.0000393390655518
2233.3130298311703,0.9896209150669608,1.0000393390655518
2233.319974327255,0.9928230486385762,1.0000393390655518
2233.3269188233403,0.9948954121231295,1.000049352645874
2233.3338633194257,0.9979204778722897,1.00006902217865
2233.340807815236,0.9987429171759243,1.0001256465911865
2233.347752310805,1.001802456404084,1.0001256465911865
2233.354696806372,0.9888013168190619,1.0001558065414429
2233.361641301941,0.9993592902907836,1.0001558065414429
2233.3685857975097,0.9936443804291519,1.0001256465911865
2233.3755302930767,1.0045327213420516,1.0001256465911865
2233.3824747883727,0.9899222058108849,1.00006902217865
2233.3894192834236,0.9956514597291556,1.000049352645874
2233.396363778477,0.9892568254826123,1.00006902217865
2233.4033082735295,0.994554430778701,1.000049352645874
2233.41025276858,1.0019365404538008,1.00006902217865
2233.417197263633,0.9971457305696011,1.00006902217865
2233.4241417584117,0.9986929346472092,1.000049352645874
2233.4310862529487,0.9973108307499968,1.000049352645874
2233.4380307474858,0.9935667113520503,1.000049352645874
2233.4449752420223,0.9960760229721569,1.0000393390655518
2233.4519197365585,0.9943571522402478,1.0000393390655518
2233.458864231097,1.005352352157379,1.000049352645874
2233.465808725357,0.9965479289480943,1.000049352645874
2233.4727532193792,0.9961353272607332,1.0000393390655518
2233.4796977134024,0.9974844849252671,1.0000393390655518
2233.486642207422,0.9986946424013955,1.0000334978103638
2233.493586701445,0.9935676822044016,1.0000334978103638
2233.5005311954646,0.9962667881289167,1.0000334978103638
2233.5074756892122,0.9920677835498269,1.0000112056732178
2233.5144201827193,0.9882911499542475,1.0000004768371582
2233.5213646762245,0.99639737777835,1.0000004768371582
2233.5283091697333,1.0010265116818007,0.9999995231628418
2233.5352536632404,1.0068845550895835,0.9999942183494568
2233.542198156745,0.9980746992376939,0.9999942183494568
2233.549142649978,0.99960672485009,0.9999905824661255
2233.556087142968,1.0029561094488273,0.9999942183494568
2233.5630316359607,0.9923393879485506,0.9999942183494568
2233.5699761289525,0.9913736365458116,0.9999905824661255
2233.576920621945,0.9928893373319685,0.9999905824661255
2233.5838651149375,1.0073275064078577,0.9999905824661255
2233.5908096076555,1.0002844946143614,0.9999942183494568
2233.5977541001325,0.9974184483045033,0.9999942183494568
2233.6046985926096,0.9975101117251904,0.9999905824661255
2233.6116430850866,0.9966593274593448,0.9999610185623169
2233.6185875775645,0.9943204096286236,0.9999610185623169
2233.6255320700434,0.994218481712761,0.9999610185623169
2233.6324765622467,0.994811571047751,0.9999610185623169
2233.6394210542094,0.9984376661771867,0.999824047088623
2233.6463655461735,1.0040596104295476,0.9997509717941284
2233.6533100381366,0.993978014000803,0.9997509717941284
2233.6602545301002,0.9970901356809868,0.9997455477714539
2233.667199022062,0.9930266249471684,0.9997280240058899
2233.6741435137533,1.0059273270603046,0.9997280240058899
2233.6810880052035,0.9969649306178715,0.9996658563613892
2233.6880324966532,0.999029967904095,0.9996658563613892
2233.694976988103,0.9990646694026394,0.9996658563613892
2233.701921479553,1.003687444080284,0.9996113181114197
2233.7088659710016,0.9917327849087025,0.9995973110198975
2233.715810462178,0.9996320012565986,0.9995149970054626
2233.722754953115,0.9964240098363432,0.9995973110198975
2233.729699444051,1.001787428609591,0.9995973110198975
2233.7366439349885,1.0075210817115332,0.9995973110198975
2233.743588425923,0.9989370912976199,0.9995149970054626
2233.75053291686,0.9981629513006762,0.9994626045227051
2233.7574774075233,1.0131835259598525,0.9994626045227051
2233.7644218979453,0.9987662360897412,0.9994626045227051
2233.77136638837,0.9951901288951943,0.9994392991065979
2233.778310878791,1.00380688718012,0.9993742108345032
2233.785255369216,1.001376954116897,0.9993742108345032
2233.7921998596385,1.0020818028955818,0.9993742108345032
2233.7991443497876,1.0113851583829483,0.9993075728416443
2233.806088839698,1.0,0.9993742108345032
2233.8130333296076,1.001499480343556,0.9994392991065979
2233.819977819519,1.0051632863900108,0.9994392991065979
2233.826922309429,1.0093987988226913,0.9993742108345032
2233.833866799338,1.003050865592829,0.9993742108345032
2233.8408112889756,1.0019737316494337,0.9993742108345032
2233.847755778373,1.0024571147144816,0.9993075728416443
2233.854700267769,1.0084289860445785,0.9993075728416443
2233.8616447571667,1.0013704422654297,0.999251663684845
2233.868589246564,1.0081247239440794,0.9991471767425537
2233.875533735962,0.9971963695082022,0.9991471767425537
2233.8824782250867,1.0014876990253088,0.9991006255149841
2233.88942271397,0.9994979754061045,0.9991006255149841
2233.896367202855,1.0099472595683199,0.9990872740745544
2233.9033116917403,1.0075877231293695,0.9989876747131348
2233.910256180625,1.0135926563829167,0.9988908767700195
2233.9172006695107,0.9988839168503733,0.9988908767700195
2233.924145158121,1.0171258853957321,0.9988908767700195
2233.9310896464935,1.0199014142463383,0.9988908767700195
2233.9380341348665,0.9972253634646759,0.9988684058189392
2233.9449786232385,1.0096749471946054,0.9988684058189392
2233.95192311161,1.012952636456997,0.9988027215003967
2233.958867599984,1.0050578473197884,0.9988027215003967
2233.9658120880827,1.0043278950238845,0.9988014101982117
2233.9727565759435,1.0055588878023198,0.9988027215003967
2233.9797010638035,1.008305897746565,0.9988027215003967
2233.9866455516626,0.9985244862658833,0.9988684058189392
2233.9935900395244,1.0093028315458834,0.9988684058189392
2234.000534527383,1.0043823837969532,0.9988684058189392
2234.007479014971,1.0038928333187436,0.9988684058189392
2234.0144235023204,1.0106362658445274,0.9988684058189392
2234.021367989668,0.9976652471159111,0.9989876747131348
2234.0283124770167,1.0059488436675579,0.9989876747131348
2234.0352569643633,1.0106638846436469,0.9990872740745544
2234.042201451712,1.0024669633274934,0.9990872740745544
2234.049145938788,1.0095452765715205,0.9990872740745544
2234.0560904256236,1.008620799201618,0.9990872740745544
2234.0630349124613,0.9978403098843005,0.9991006255149841
2234.069979399298,1.0064868219762346,0.9991471767425537
2234.0769238861326,0.999835487278866,0.999251663684845
2234.0838683729694,1.0024608311495233,0.999251663684845
2234.0908128595324,1.0038893121668253,0.999251663684845
2234.0977573458576,1.00740778474435,0.999251663684845
2234.1047018321815,1.0036629171436107,0.9993075728416443
2234.111646318507,1.011358079123806,0.9993075728416443
2234.1185908048315,0.9990903396890263,0.9993075728416443
2234.1255352911553,1.0112502047956078,0.9993742108345032
2234.1324797772077,1.0038031893780994,0.9993742108345032
2234.13942426302,1.0098173231815797,0.9994392991065979
2234.1463687488326,1.0077295394202694,0.9993742108345032
2234.153313234646,1.0025665728120776,0.9993742108345032
2234.16025772046,1.0121045629754013,0.9994392991065979
2234.1672022062726,1.001204629656743,0.9994392991065979
2234.1741466918133,1.0102350283212316,0.9994392991065979
2234.1880356624147,1.0001721155101422,0.9994392991065979
2234.1949801477167,1.0036978593923631,0.9994392991065979
2234.2019246330165,1.0005552305611305,0.9994392991065979
2234.2088691183203,1.0062494643405742,0.9993742108345032
2234.21581360335,1.0045799066532783,0.9994392991065979
2234.222758088138,0.9981186570052175,0.9994392991065979
2234.2297025729285,1.0054771019875048,0.9994392991065979
2234.2366470577167,1.0082008925554913,0.9994392991065979
2234.2435915425076,1.001738611433137,0.9994494318962097
2234.250536027298,1.0078545160411017,0.9995149970054626
2234.2574805118156,1.0032779975572899,0.9995149970054626
2234.264424996095,1.0021616112393767,0.9995638132095337
2234.2713694803733,0.9982985946932447,0.9995149970054626
2234.278313964651,1.007956012372534,0.9995149970054626
2234.285258448931,1.0043037828852626,0.9995638132095337
2234.292202933208,1.0006076363732206,0.9995638132095337
2234.2991474172145,1.0004023741745902,0.9995973110198975
2234.3060919009836,0.9970907992404009,0.9995638132095337
2234.313036384749,1.0023990605071063,0.9995638132095337
2234.319980868518,1.0005922516642618,0.9995638132095337
2234.3269253522835,1.0078452474785475,0.9995638132095337
2234.3338698360517,1.0055761817990783,0.9995638132095337
2234.340814319547,1.005835813670423,0.9995638132095337
2234.347758802802,1.0030400900470593,0.9995638132095337
2234.3547032860597,1.0056600713397248,0.9995973110198975
2234.3616477693163,1.0028373458204696,0.9995638132095337
2234.368592252571,1.0032614390379715,0.9995638132095337
2234.3755367358276,0.9934318026263487,0.9995638132095337
2234.3824812188104,0.999875431561957,0.9995638132095337
2234.389425701555,0.9979226468759679,0.9995638132095337
2234.3963701843,0.9997101451003729,0.9995973110198975
2234.4033146670454,1.0046222942006362,0.9995973110198975
2234.410259149791,0.9930130504430497,0.9996113181114197
2234.417203632535,1.0030465642598592,0.9996113181114197
2234.424148115008,0.9996542134205024,0.9995973110198975
2234.431092597241,0.9926906596479763,0.9995973110198975
2234.4380370794743,1.0057322220141844,0.9995973110198975
2234.4449815617077,1.0006743310280224,0.9996113181114197
2234.451926043943,0.9919505991928239,0.9996331930160522
2234.4588705261763,1.0020517484223719,0.9996331930160522
2234.465815008137,1.0039044552073415,0.9996658563613892
2234.472759489859,0.9957258724713967,0.9996658563613892
2234.4797039715813,0.9959610913919416,0.9996658563613892
2234.4866484533045,0.9971340208066393,0.9997264742851257
2234.4935929350254,0.9947805535913803,0.9997284412384033
2234.5005374167495,1.0,0.999824047088623
2234.5074818982007,1.005677687253037,0.9998552799224854
2234.5144263794105,0.9964596870017076,0.9998552799224854
2234.5213708606225,0.9962234792345005,0.9999446868896484
2234.528315341832,0.9991558919350931,0.9999446868896484
2234.535259823044,0.9979721974253184,0.9999446868896484
2234.5422043042554,0.9976256629890047,0.9998552799224854
2234.5491487851937,1.0035453120327664,0.999824047088623
2234.556093265895,0.9929155759084274,0.999824047088623
2234.5630377465936,1.000441032763047,0.999824047088623
2234.569982227294,0.9942451722471997,0.999824047088623
2234.5769267079945,0.9955152726820086,0.999824047088623
2234.583871188694,0.9998417814337488,0.999824047088623
2234.590815669122,0.9971307832045567,0.999824047088623
2234.5977601493114,1.0004516874485025,0.9997284412384033
2234.6047046294993,0.9921870915033166,0.9997264742851257
2234.6116491096896,0.9954583143117652,0.9997264742851257
2234.6185935898766,0.9966850219345054,0.9997284412384033
2234.625538070066,0.9965587450052645,0.9997284412384033
2234.632482549983,0.9969949906574151,0.9997284412384033
2234.6394270296587,0.9986388563292883,0.9997284412384033
2234.646371509337,0.9890382324568673,0.9997284412384033
2234.653315989014,0.9908505672737713,0.999824047088623
2234.6602604686923,0.9938585173729152,0.9997284412384033
2234.6672049483705,0.9961935736792983,0.999824047088623
2234.6741494277744,0.9884452158377858,0.999824047088623
2234.68109390694,1.0011255769095835,0.999838650226593
2234.688038386106,0.9989625925861675,0.999838650226593
2234.6949828652723,1.000089419908019,0.9998552799224854
2234.70192734444,0.9944864280848139,0.9998552799224854
2234.708871823605,0.9961080879233765,0.9998552799224854
2234.7158163024983,0.9950348472196713,0.999838650226593
2234.722760781153,0.9896927460424537,0.9998552799224854
2234.729705259807,1.006000195054626,0.9998552799224854
2234.736649738462,0.9892415927998613,0.9998552799224854
2234.743594217115,0.9928176141480893,0.9998552799224854
2234.7505386957714,0.9944620137614758,0.999838650226593
2234.7574831741535,0.9977395243385491,0.9998552799224854
2234.764427652296,1.0003945206341802,0.9998552799224854
2234.771372130439,0.9935076490167313,0.999838650226593
2234.778316608583,0.9967241962193946,0.999838650226593
2234.785261086724,0.9958546625716437,0.999838650226593
2234.792205564868,1.0006932047808477,0.999824047088623
2234.80609452037,0.9968172075984973,0.999824047088623
2234.813038998002,0.9943765628111463,0.9997284412384033
2234.8199834756315,1.0040507587943712,0.9997284412384033
2234.8269279532637,1.002849841876818,0.999824047088623
2234.833872430894,0.9852701956636574,0.9997284412384033
2234.8408169082522,0.9935025085813928,0.9997264742851257
2234.8477613853743,0.996012729550356,0.9997264742851257
2234.854705862492,1.0025309910610682,0.999670684337616
2234.8616503396124,0.9940540879270909,0.999670684337616
2234.8685948167326,0.9991365766315816,0.9996658563613892
2234.87553929385,0.9984786791488712,0.9996658563613892
2234.8824837706984,0.9928335443049295,0.9996658563613892
2234.8894282473043,0.9981799600634644,0.9996658563613892
2234.8963727239134,0.9970749975702988,0.9996658563613892
2234.9033172005215,1.002238425529809,0.9996658563613892
2234.9102616771283,0.9953127338401024,0.9996658563613892
2234.917206153737,0.9855752724544218,0.9996331930160522
2234.92415063007,0.9897930288518156,0.9996113181114197
2234.9310951061657,0.9987586090267215,0.9995638132095337
2234.938039582262,1.001779830829909,0.9996113181114197
2234.9449840583575,0.9963047479477812,0.9995638132095337
2234.9519285344536,0.9935459953304426,0.9995638132095337
2234.9588730105474,1.001563396509627,0.9995638132095337
2234.9658174863707,0.9985482448421482,0.9994494318962097
2234.9727619619543,1.0001245839572719,0.9994392991065979
2234.979706437537,0.9985161827864321,0.9993845224380493
2234.9866509131207,1.0039517167465164,0.9993845224380493
2234.9935953887057,1.001993571855007,0.9993845224380493
2235.000539864287,1.0012209777722643,0.9993845224380493
2235.007484339598,1.0029553652477792,0.9994392991065979
2235.014428814668,1.0034279463871953,0.9993845224380493
2235.021373289739,1.0059283504573597,0.9993845224380493
2235.0283177648093,0.9991349515536488,0.999372661113739
2235.0352622398796,1.011461147317194,0.9993075728416443
2235.042206714952,1.002074664913553,0.9993075728416443
2235.049151189749,1.0078921473923763,0.9992956519126892
2235.0560956643076,1.0001622999180806,0.9992872476577759
2235.0630401388653,0.997131048459614,0.999251663684845
2235.069984613423,1.0085908482998134,0.9991568922996521
2235.076929087981,1.0054463170859325,0.9991568922996521
2235.08387356254,1.0091166173894002,0.999251663684845
2235.0908180368256,1.005314333525742,0.999251663684845
2235.097762510871,0.9967403456592412,0.999251663684845
2235.104706984915,1.005046748295703,0.9991568922996521
2235.1116514589603,0.9978849937460743,0.9991568922996521
2235.1185959330064,1.0042116970000288,0.9991006255149841
2235.12554040705,0.9989915957563142,0.9991006255149841
2235.1324848808226,1.0029249867871781,0.9991006255149841
2235.1394293543553,1.001024573599909,0.9991568922996521
2235.1463738278876,1.0017201277618288,0.9991006255149841
2235.1533183014203,1.0026387491131183,0.9990317821502686
2235.1602627749526,0.9999745241505087,0.9990317821502686
2235.167207248484,1.0036726132712273,0.9990063309669495
2235.174151721742,1.0034516180708921,0.9990063309669495
2235.1810961947613,1.000719016132932,0.9989149570465088
2235.1880406677815,1.0019363909996604,0.9989149570465088
2235.1949851408003,0.996517114436262,0.9989026188850403
2235.2019296138183,1.000254552755999,0.9989026188850403
2235.208874086839,0.9969703687106569,0.9989026188850403
2235.215818559582,0.9971311796992686,0.9989026188850403
2235.2227630320886,1.0041260101779332,0.9989026188850403
2235.229707504592,1.000485106965519,0.9988027215003967
2235.2366519771,1.001413428278794,0.9988027215003967
2235.243596449606,0.9956641140615436,0.9988027215003967
2235.2505409221094,1.0023737359782812,0.9988027215003967
2235.2574853943415,1.0023353045739518,0.9988027215003967
2235.2644298663313,1.0069107991015394,0.9988014101982117
2235.271374338324,1.0046571091905125,0.9987287521362305
2235.278318810315,1.0001864419241762,0.9987287521362305
2235.285263282307,1.0010009615724336,0.9987287521362305
2235.292207754299,1.0050854959164206,0.9987287521362305
2235.299152226016,0.998831634587197,0.9987287521362305
2235.306096697494,1.004596558010169,0.9985937476158142
2235.3130411689704,0.995627274172279,0.9985937476158142
2235.3199856404476,1.001127961705163,0.9987287521362305
2235.3269301119253,0.9954706667888924,0.9987287521362305
2235.3338745834044,0.9955936086467038,0.9987287521362305
2235.340819054607,1.0007028927414685,0.9985937476158142
2235.3477635255704,0.9985986911607119,0.9985937476158142
2235.3547079965315,0.9965745319683987,0.9985937476158142
2235.361652467495,1.0023589524486733,0.9985937476158142
2235.3685969384583,1.0000293676447705,0.9985644221305847
2235.37554140942,0.9913425138262215,0.9985644221305847
2235.382485880111,0.9917770594642876,0.9985644221305847
2235.3894303505576,0.9918454056176387,0.9985937476158142
2235.3963748210062,1.0079789905741583,0.9985937476158142
2235.4033192914544,1.0017815826890226,0.9987287521362305
2235.4102637619026,1.000309306231852,0.9985937476158142
2235.41720823235,1.0035580811730058,0.9985644221305847
2235.4241527025233,0.9987845017164347,0.9985937476158142
2235.4310971724576,0.9907996616612419,0.9985937476158142
2235.438041642391,1.0001351946381987,0.9985937476158142
2235.444986112324,0.9984502761059276,0.9987287521362305
2235.451930582256,1.0046119907223061,0.9987287521362305
2235.458875052189,1.0062041474614773,0.9987287521362305
2235.4658195218476,0.9981497768279823,0.9987567067146301
2235.4727639912658,1.000970974776916,0.9987567067146301
2235.479708460684,1.0090799126850216,0.9987287521362305
2235.4866529301025,0.9993474118509172,0.9987567067146301
2235.4935973995193,1.0022611898342595,0.9988014101982117
2235.500541868936,1.0028617670723905,0.9988027215003967
2235.5074863380796,1.002339963977145,0.9989026188850403
2235.51443080698,1.0032532422469267,0.9988027215003967
2235.5213752758823,0.9937564998540619,0.9988014101982117
2235.5283197447857,1.0014014949000445,0.9988014101982117
2235.535264213687,0.9944092451636555,0.9988027215003967
2235.5422086825893,0.997678301575407,0.9988027215003967
2235.5491531512157,0.996007829913887,0.9989026188850403
2235.5560976196007,1.000116952001705,0.9989149570465088
2235.563042087988,0.9995447225647908,0.9989149570465088
2235.569986556372,0.9991984747512686,0.9990063309669495
2235.5769310247592,1.0053907712459422,0.9989149570465088
2235.5838754931447,0.9943321055490737,0.9990063309669495
2235.590819961254,0.9979634313800655,0.9990063309669495
2235.5977644291247,0.9974734711788906,0.9990063309669495
2235.604708896992,0.9939303639430935,0.9990317821502686
2235.611653364862,0.9964339776953269,0.9990317821502686
2235.6185978327294,0.997078451058805,0.9990317821502686
2235.625542300601,1.00477340935918,0.9991568922996521
2235.6324867681956,0.9988984715270848,0.9991568922996521
2235.639431235546,0.9967130240405486,0.9992872476577759
2235.6463757028987,0.9986226278175976,0.9992872476577759
2235.653320170249,0.9966237606393978,0.9992956519126892
2235.660264637602,1.000478693116499,0.9993602633476257
2235.6672091049545,0.9930729325184081,0.999372661113739
2235.674153572031,1.0038504457296493,0.9993845224380493
2235.681098038867,0.9999231869267012,0.9994494318962097
2235.688042505702,1.008251739819092,0.9994494318962097
2235.694986972535,1.0099567753514005,0.9994494318962097
2235.7019314393706,1.0020780109869927,0.9995055198669434
2235.7088759062044,0.9931226340157864,0.9995055198669434
2235.715820372764,0.9980847305610617,0.9995055198669434
2235.722764839082,0.9939825062733162,0.9995365142822266
2235.7297093053976,1.0015609346525585,0.9995365142822266
2235.7366537717157,0.9964086457269891,0.9995365142822266
2235.743598238031,0.9960915193107248,0.9995055198669434
2235.750542704349,1.0060872634983637,0.9995365142822266
2235.7574871703896,0.998867225142879,0.9995365142822266
2235.764431636187,1.0040429495558587,0.9995365142822266
2235.771376101988,0.991083905221129,0.9995638132095337
2235.7783205677847,0.9951618539438407,0.9995365142822266
2235.785265033584,0.9970779190189469,0.9995638132095337
2235.792209499383,1.0001069177641986,0.9995638132095337
2235.7991539649047,0.9933234537264329,0.9995638132095337
2235.8060984301837,1.005428536297597,0.9995638132095337
2235.8130428954632,0.9978268800442316,0.9995638132095337
2235.8199873607446,1.0023845106273157,0.9995638132095337
2235.8269318260245,1.0012074014999972,0.9995638132095337
2235.833876291304,0.9947474337649519,0.9995638132095337
2235.8408207563066,0.9957583522571216,0.9995638132095337
2235.8477652210668,1.0010140789168784,0.9995638132095337
2235.854709685828,0.9909386449458428,0.9995638132095337
2235.8616541505885,1.0008144354843422,0.9995638132095337
2235.8685986153496,0.9986468444756634,0.9995955228805542
2235.8755430801107,1.001372892644971,0.9995955228805542
2235.8824875445925,1.0024718768555025,0.9996331930160522
2235.889432008834,1.0024347891624275,0.9996331930160522
2235.8963764730747,0.9936238987470017,0.999670684337616
2235.903320937314,1.0009154540011493,0.9996894598007202
2235.910265401555,0.9976508474895609,0.9996894598007202
2235.9172098657973,0.9900825648033541,0.9997057914733887
2235.9241543297608,0.99608002012845,0.9997057914733887
2235.9310987934814,0.9986275568974522,0.9997057914733887
2235.938043257201,1.0028580496066597,0.9997264742851257
2235.944987720921,0.9942679819923259,0.9997264742851257
2235.951932184642,1.0025942865121844,0.9997264742851257
2235.9588766483616,0.9958249317639539,0.9997284412384033
2235.9658211118044,0.9892467265180359,0.9997284412384033
2235.9727655750053,0.9964502090642414,0.999838650226593
2235.979710038204,0.9995291743776434,0.9998552799224854
2235.9866545014042,1.0028299612489886,0.9998552799224854
2235.993598964603,1.0067960322359961,0.9998552799224854
2236.000543427803,1.0034667482666706,0.999838650226593
2236.007487890723,1.0021402687468774,0.9997284412384033
2236.014432353402,0.994581896968042,0.9997284412384033
2236.0213768160816,1.001316251771413,0.9997264742851257
2236.028321278759,0.9974410753934468,0.9997057914733887
2236.035265741438,0.9892950749689369,0.9997057914733887
2236.042210204114,0.993452124927692,0.9996894598007202
2236.049154666515,0.9988933733634849,0.999670684337616
2236.056099128671,0.9906188409535425,0.9996331930160522
2236.0630435908265,0.9949219789465474,0.999670684337616
2236.069988052984,0.9952102330514311,0.9996894598007202
2236.0769325151387,1.0019718345633724,0.999670684337616
2236.0838769772954,1.0044023587126665,0.999670684337616
2236.090821439174,1.0042419693995077,0.999670684337616
2236.0977659008063,0.995819883081942,0.9996331930160522
2236.1047103624405,0.9951009114107814,0.999670684337616
2236.111654824072,1.0054226493917637,0.999670684337616
2236.118599285707,0.9981877540468326,0.9996894598007202
2236.1255437473424,1.0037485188583548,0.999670684337616
2236.132488208695,1.0012066535153874,0.9996894598007202
2236.139432669806,1.0006067962974037,0.999670684337616
2236.1463771309145,0.997924102838568,0.9996331930160522
2236.1533215920253,0.9965522159538853,0.9996331930160522
2236.160266053136,1.005366469434594,0.9995955228805542
2236.1672105142466,0.9864123340904198,0.9995955228805542
2236.1741549750786,1.005494790533099,0.9995955228805542
2236.1810994356633,0.9958262250878481,0.9995955228805542
2236.188043896251,1.0049872863971605,0.9995365142822266
2236.194988356837,0.9970131051969954,0.9995055198669434
2236.2019328174224,1.0004127746662976,0.9995365142822266
2236.2088772780094,1.004377824539979,0.9995955228805542
2236.2158217383158,1.0033918464154867,0.999670684337616
2236.222766198378,0.9998657857457546,0.999670684337616
2236.2297106584406,0.9941679491819828,0.9995955228805542
2236.236655118502,0.9962156605406063,0.9995955228805542
2236.243599578564,1.006918179736473,0.9995365142822266
2236.2505440386244,1.0052565139951688,0.9995955228805542
2236.257488498407,1.0047391748452486,0.9995955228805542
2236.264432957945,0.9972669928155025,0.9995365142822266
2236.271377417481,0.9968281797515881,0.9995055198669434
2236.278321877018,1.0056809923561003,0.9993889927864075
2236.285266336553,0.9964522461792411,0.9995055198669434
2236.2922107960903,1.0076642970269216,0.9993889927864075
2236.2991552553467,1.0034680695045286,0.9993889927864075
2236.306099714357,0.9984603659627453,0.9995055198669434
2236.3130441733692,1.0092744195809866,0.9995055198669434
2236.319988632378,1.0043436309553626,0.9995055198669434
2236.3269330913895,1.001011633426601,0.9995055198669434
2236.3338775504003,1.0041702048488201,0.9995365142822266
2236.3408220091305,0.9977053659327757,0.9995955228805542
2236.347766467615,1.0063570811076832,0.999670684337616
2236.3547109260976,1.0058967305401632,0.9996894598007202
2236.361655384584,1.0054876260114904,0.9997057914733887
2236.3685998430674,0.9970786440214724,0.9996894598007202
2236.375544301551,1.0020537793749895,0.9996894598007202
2236.382488759755,1.0025047689584656,0.9996894598007202
2236.3894332177097,1.0059533945295451,0.9997057914733887
2236.396377675667,1.0047891722626396,0.9997264742851257
2236.403322133624,1.0028951338392011,0.9997264742851257
2236.4172110495383,0.9986161690599012,0.9997057914733887
2236.424155507213,0.995558298649341,0.9997264742851257
2236.4310999646414,1.0077488755935489,0.9997264742851257
2236.43804442207,1.0020590095993906,0.9997264742851257
2236.4449888794984,0.9990024496978464,0.999754011631012
2236.4519333369262,1.0030328939410027,0.999754011631012
2236.4588777943563,1.004402821239615,0.9997687339782715
2236.4658222515027,0.999606154835284,0.999754011631012
2236.4727667084026,1.0079775815678724,0.9997264742851257
2236.479711165302,1.0069877545121584,0.9997264742851257
2236.486655622202,0.9984609725094025,0.9997057914733887
2236.4936000791004,1.0026734588261108,0.9997057914733887
2236.5005445360002,1.0017075794107897,0.9997057914733887
2236.507488992619,1.0107191151113624,0.9997057914733887
2236.5144334489887,1.0029015733102475,0.9997057914733887
2236.521377905359,0.9961804835120807,0.9997057914733887
2236.5283223617275,0.9970194272931289,0.9997057914733887
2236.5352668180976,0.9969803415459132,0.999754011631012
2236.542211274468,1.0063008668230402,0.999754011631012
2236.5491557305554,1.001278457666382,0.9997687339782715
2236.5561001863957,1.00254630325178,0.9997687339782715
2236.563044642235,0.9998671198066066,0.999838650226593
2236.5699890980736,1.0020190754912708,0.999838650226593
2236.5769335539135,1.0020227715756092,0.999838650226593
2236.583878009753,0.9932888818703832,0.9998500943183899
2236.5908224653085,0.9996668158811682,0.999838650226593
2236.5977669206154,0.998984542258011,0.9998500943183899
2236.604711375925,1.0043622696344756,0.999853253364563
2236.6116558312337,1.0092766238592132,0.9999490976333618
2236.6186002865416,1.0065610172217314,0.9999490976333618
2236.62554474185,0.9911751578810842,0.9999980926513672
2236.6324891968725,1.000228643853462,0.9999980926513672
2236.639433651649,0.9974719787281653,0.9999490976333618
2236.6463781064253,1.0002769237078166,0.9999980926513672
2236.653322561202,0.9941623099561882,0.9999980926513672
2236.6602670159778,1.0047621817821155,0.9999980926513672
2236.667211470752,1.0017355321666979,1.0002267360687256
2236.6741559252446,1.0035917417826303,1.0002750158309937
2236.681100379488,0.9994123419395267,1.0002772808074951
2236.6880448337297,1.005183105775711,1.0002750158309937
2236.694989287973,0.9985798330694566,1.0002750158309937
2236.701933742215,1.0061894322609632,1.0002750158309937
2236.708878196458,1.0023888932255898,1.0002750158309937
2236.715822650417,1.005909486629289,1.0002750158309937
2236.7227671041246,0.9884123483553343,1.0002750158309937
2236.729711557834,1.0038360449504191,1.0002772808074951
2236.736656011541,0.9879268505746798,1.0002772808074951
2236.74360046525,0.9955301161944546,1.0002772808074951
2236.750544918961,0.9941548315411725,1.0003502368927002
2236.757489372383,1.0018128458593638,1.000377893447876
2236.7644338255573,0.9966924449916619,1.0003502368927002
2236.7713782787296,0.9912874244290066,1.000377893447876
2236.7783227319037,1.0016621490247446,1.0003502368927002
2236.785267185078,0.99123808652184,1.0003502368927002
2236.7922116382497,1.001865754789986,1.000377893447876
2236.7991560911405,0.9967791688483656,1.000377893447876
2236.806100543776,0.9968290390904049,1.000377893447876
2236.8130449964146,1.005000489765101,1.000377893447876
2236.819989449053,0.9919225103428618,1.000377893447876
2236.826933901689,0.9947773756422824,1.000421166419983
2236.833878354328,1.0060996353612266,1.000421166419983
2236.8408228066783,0.9991747040475131,1.000421166419983
2236.8477672587806,0.9947938195985983,1.000421166419983
2236.854711710882,0.9958062684648284,1.0004812479019165
2236.861656162982,0.99587454253099,1.0004812479019165
2236.868600615083,1.002710610891866,1.000516653060913
2236.875545067182,1.0046621882367883,1.0005556344985962
2236.882489518997,0.9963105095731118,1.0005593299865723
2236.88943397056,1.0022178486117863,1.0005556344985962
2236.8963784221232,0.9966535089010015,1.0005556344985962
2236.9033228736866,1.0028401244760181,1.000516653060913
2236.910267325248,1.0000537356269112,1.000516653060913
2236.917211776811,1.0021201897613923,1.0004812479019165
2236.924156228086,1.0049541626762106,1.000516653060913
2236.9311006791104,0.9970671785888667,1.000516653060913
2236.938045130135,0.9890923826233995,1.000516653060913
2236.9449895811576,1.001878721430459,1.000516653060913
2236.951934032182,1.0062482089972828,1.0004812479019165
2236.9588784832054,0.9985903036146324,1.000516653060913
2236.965822933942,1.0016494204151374,1.0004812479019165
2236.9727673844263,1.0033973794912092,1.0004812479019165
2236.9797118349084,1.0115781139319011,1.0004812479019165
2236.9866562853927,1.0017066721061578,1.000516653060913
2236.9936007358765,0.9935880648287573,1.000516653060913
2237.000545186361,1.0009763310613042,1.0004812479019165
2237.007489636557,0.9982466929476042,1.000421166419983
2237.0144340864977,0.9974423094178232,1.000421166419983
2237.0213785364413,1.001086093075102,1.0003502368927002
2237.028322986382,0.9914950189707251,1.000421166419983
2237.035267436326,0.998675129505093,1.000421166419983
2237.0422118862703,0.9930143000210303,1.0004812479019165
2237.0491563359224,0.9942189857905345,1.0004812479019165
2237.056100785323,0.9941080553270155,1.0004812479019165
2237.0630452347227,0.9937358246416952,1.0004812479019165
2237.0699896841234,1.0044468316354385,1.000516653060913
2237.076934133523,1.00123277354747,1.0005556344985962
2237.083878582923,0.996157589982486,1.0005593299865723
2237.090823032035,1.0037135572420859,1.0005593299865723
2237.0977674808914,1.005290548891022,1.0005556344985962
2237.104711929749,0.9988729220337755,1.000516653060913
2237.111656378606,1.0037550599062879,1.000516653060913
2237.1186008274617,1.002590629126235,1.000516653060913
2237.1255452763185,1.0015283620360447,1.0004812479019165
2237.132489724885,0.9968507467345777,1.000516653060913
2237.139434173199,1.0005651176905548,1.000516653060913
2237.1463786215095,0.9874302717688267,1.000516653060913
2237.1533230698224,0.9956878648750342,1.000516653060913
2237.160267518135,1.0021690844521505,1.000516653060913
2237.1672119664468,0.9937520768129795,1.0005556344985962
2237.174156414469,0.9971658924844232,1.000516653060913
2237.1811008622335,1.0014817826046085,1.0005556344985962
2237.1880453100025,1.0017668920178777,1.0005556344985962
2237.1949897577683,0.9930850542261901,1.0005556344985962
2237.201934205534,0.9977117082424732,1.000516653060913
2237.2088786533013,1.0017001189809247,1.000516653060913
2237.2158231007747,1.0027893675423944,1.000516653060913
2237.222767547995,1.0001411950582921,1.0004812479019165
2237.2297119952145,0.9951495029278612,1.0004812479019165
2237.236656442434,0.9963850578259685,1.000516653060913
2237.2436008896543,0.9893953157307652,1.000516653060913
2237.250545336873,0.992394740723813,1.000516653060913
2237.2574897838,0.9993337854592586,1.000516653060913
2237.264434230471,1.0015107932355543,1.000516653060913
2237.271378677142,0.9941708484035724,1.0004812479019165
2237.2783231238122,0.9942845428933025,1.000516653060913
2237.285267570484,0.9961721112477153,1.0005556344985962
2237.2922120171556,0.9998336697668112,1.000516653060913
2237.2991564635345,0.9931174312892904,1.000516653060913
2237.3061009096555,0.9992731135416785,1.0004812479019165
2237.313045355777,1.0045914385852193,1.000421166419983
2237.3199898018975,1.000134411469016,1.000421166419983
2237.326934248019,0.9960938067907869,1.0003502368927002
2237.3338786941413,1.0024847311187248,1.0003149509429932
2237.34082313997,1.0037929986593177,1.0003149509429932
2237.34776758554,1.004868523759869,1.0003149509429932
2237.3547120311096,1.008989840607776,1.0003149509429932
2237.3616564766803,0.9994938573445208,1.0002750158309937
2237.3686009222506,0.9997714084125995,1.0002267360687256
2237.375545367822,0.9993225295630507,1.0001699924468994
2237.3824898130993,0.9954487669537454,1.0001699924468994
2237.389434258116,0.9984188979448713,1.0001699924468994
2237.3963787031344,1.0040529474518591,1.0001003742218018
2237.4033231481526,1.0048193506404801,1.0000582933425903
2237.4102675931713,0.9998551604369362,0.9999980926513672
2237.4172120381886,0.9949407471970411,0.9999979138374329
2237.4241564829117,1.0017141735551403,0.9999979138374329
2237.431100927376,1.0005612384056823,0.9999980926513672
2237.4380453718413,0.9936142430602615,0.9999979138374329
2237.4449898163066,1.0017095875803272,0.9998563528060913
2237.451934260769,0.9998423826779278,0.9998563528060913
2237.4588787052344,1.0018579110012582,0.999853253364563
2237.465823149403,0.9966631894064759,0.9998500943183899
2237.4727675933123,0.9973937538439582,0.9998500943183899
2237.479712037221,0.9970652826605274,0.9997687339782715
2237.486656481132,0.9996514655112126,0.999754011631012
2237.493600925041,1.006315175457544,0.999754011631012
2237.5005453689505,0.9994883423801499,0.9997448325157166
2237.507489812563,1.0033097467965,0.9997057914733887
2237.514434255915,1.0059322882756547,0.9997057914733887
2237.521378699267,1.0095254267160072,0.9996987581253052
2237.52832314262,1.0021993586754052,0.9996987581253052
2237.5352675859745,1.0031960101506294,0.9996987581253052
2237.542212029327,1.0016273393972703,0.9996987581253052
2237.5491564723825,1.0007827255663282,0.9996987581253052
2237.556100915176,0.998679299663335,0.9996987581253052
2237.5630453579706,1.002393989126882,0.9996894598007202
2237.569989800766,0.9977520641604366,0.9996790289878845
2237.5769342435588,0.9996719225446217,0.9995955228805542
2237.583878686356,1.0053989165670776,0.9995055198669434
2237.5908231288513,0.9924181760065646,0.9995055198669434
2237.5977675710865,1.0078419913290833,0.9994924068450928
2237.604712013321,1.007696642244713,0.9995955228805542
2237.6116564555564,1.0032314967767328,0.9994924068450928
2237.6186008977907,0.9965545842028276,0.9994726181030273
2237.625545340025,1.0024158582397524,0.9994726181030273
2237.6324897819627,0.9979353387282531,0.9994726181030273
2237.639434223636,0.99962954057306,0.9994726181030273
2237.6463786653103,1.00224124375133,0.9994726181030273
2237.653323106983,0.9992603931402269,0.9994726181030273
2237.660267548656,0.9988414495674236,0.9994726181030273
2237.6672119903305,1.00625582133463,0.9994543790817261
2237.674156431704,1.0056471418706106,0.999405562877655
2237.6811008728164,1.0069391849333846,0.999405562877655
2237.6880453139274,1.000067095109196,0.999405562877655
2237.6949897550367,1.0006034449801973,0.9993948340415955
2237.701934196148,1.0128528770960066,0.9993948340415955
2237.7088786372587,1.0040661503140251,0.9993889927864075
2237.715823078068,1.00201044136491,0.9993889927864075
2237.722767518614,0.995464662725369,0.9993647933006287
2237.7297119591612,1.002787512929755,0.9993647933006287
2237.7366563997084,0.995859705226472,0.9993288516998291
2237.743600840254,1.006347982781298,0.9993288516998291
2237.750545280801,1.0025727134199804,0.9993288516998291
2237.7574897210443,1.0037456105334435,0.9993647933006287
2237.7644341610244,0.9927574067354107,0.9993288516998291
2237.7713786010054,1.001057044561141,0.9993647933006287
2237.778323040986,0.9985568050031715,0.9993889927864075
2237.785267480966,0.9972642633893493,0.9993889927864075
2237.792211920945,1.0022060641266919,0.9993889927864075
2237.799156360623,0.9934233374898213,0.9993647933006287
2237.8061008000345,0.9953369680684033,0.9993647933006287
2237.813045239446,0.9944509782836181,0.9993647933006287
2237.8199896788587,1.0033301434493511,0.9993639588356018
2237.8269341182713,1.0032845737756924,0.9993647933006287
2237.833878557684,1.0019403504320714,0.9993647933006287
2237.840822996792,1.0094182194363837,0.9993639588356018
2237.8477674356345,1.0006947764133876,0.9993639588356018
2237.854711874477,1.001785877770286,0.9993639588356018
2237.8616563133182,1.0022461973264758,0.9993647933006287
2237.8686007521615,1.002676935678931,0.9993647933006287
2237.875545191004,1.0016158964175386,0.9993639588356018
2237.8824896295423,1.0039205637900994,0.9993288516998291
2237.889434067813,0.9940805932289568,0.9993639588356018
2237.896378506083,1.001886441787155,0.9993288516998291
2237.9033229443544,0.9991454110937664,0.9993288516998291
2237.9102673826246,0.9938599982011166,0.9993288516998291
2237.917211820895,0.998698416919232,0.9992700219154358
2237.924156258862,1.0093746898286708,0.999267578125
2237.931100696558,0.997356616817882,0.9992421269416809
2237.9380451342563,0.9999538321906304,0.999267578125
2237.944989571953,0.9902780375794039,0.999267578125
2237.9519340096494,0.9903074955824811,0.9992421269416809
2237.9588784473467,1.0122242230770842,0.9992421269416809
2237.9658228847375,1.0005030868500053,0.9992421269416809
2237.9727673218613,1.0001315887347397,0.9992333054542542
2237.979711758983,0.9982338715964761,0.9992333054542542
2237.986656196105,1.0015011792423285,0.9992214441299438
2237.9936006332255,0.9965466793015622,0.9992214441299438
2238.0005450703475,0.9961429468825908,0.9992333054542542
2238.0074895071616,0.9989790241233885,0.9992333054542542
2238.0144339437056,1.0029165795033208,0.9992421269416809
2238.0213783802524,0.9999355185102139,0.9992421269416809
2238.028322816796,1.0089045895252116,0.9992421269416809
2238.0352672533404,1.0028797021973492,0.999267578125
2238.042211689885,1.0045512162891563,0.9992700219154358
2238.049156126121,0.9995849327052988,0.9993288516998291
2238.0561005620857,0.9988394150375047,0.9993639588356018
2238.0630449980504,0.9991669131394223,0.9993647933006287
2238.069989434017,1.0058873505133457,0.9993889927864075
2238.076933869982,1.0042512762446871,0.9993889927864075
2238.083878305947,1.002375921939361,0.9993889927864075
2238.0908227416016,1.0016909938252156,0.9993948340415955
2238.0977671769856,0.9960505903747127,0.9993948340415955
2238.1047116123696,0.9993611843288276,0.9993889927864075
2238.111656047753,0.9987350199614565,0.9993948340415955
2238.118600483138,1.0,0.9993948340415955
2238.1255449185205,1.0009507615724849,0.9993647933006287
2238.1324893535934,1.0028149508440767,0.9993639588356018
2238.1394337883944,1.00541249996496,0.9993647933006287
2238.146378223194,1.0070478981405786,0.9993647933006287
2238.1533226579936,1.0007360484640886,0.9993647933006287
2238.160267092793,1.000059581096582,0.9993948340415955
2238.1672115275946,1.0074658871383737,0.9993948340415955
2238.1741559620823,0.9883756679616321,0.999405562877655
2238.1811003962976,1.006470634471652,0.9994543790817261
2238.188044830511,1.0016048366233379,0.9994543790817261
2238.194989264725,0.9889369409150927,0.999405562877655
2238.2019336989397,0.9963967809756429,0.9994543790817261
2238.2088781331536,0.992722772613794,0.9994543790817261
2238.2158225670564,0.9952991586028248,0.9994543790817261
2238.222767000683,0.9915701647572629,0.9994543790817261
2238.2297114343082,1.0026046619590352,0.999405562877655
2238.2366558679346,1.0031425217774124,0.9994543790817261
2238.243600301561,1.0007071118081707,0.9994632601737976
2238.2505447351864,0.9936374845781056,0.9994726181030273
2238.257489168498,1.0050298472749826,0.9994924068450928
2238.2644336015355,1.0022089965232845,0.9994924068450928
2238.271378034572,0.9964127695670801,0.9994726181030273
2238.2783224676077,1.0016239780066434,0.9994924068450928
2238.285266900644,1.0048731757196714,0.9995190501213074
2238.292211333679,0.9929297144891689,0.9995893836021423
2238.2991557663995,0.9919419579594363,0.9995893836021423
2238.3061001988435,0.9925824940682433,0.9995893836021423
2238.3130446312875,0.994121167880513,0.9995190501213074
2238.319989063731,0.9962627794961784,0.9995190501213074
2238.3269334961733,0.9973675464828354,0.9995190501213074
2238.333877928617,0.9866448638717659,0.9995893836021423
2238.340822360743,1.0028475890780186,0.9995893836021423
2238.347766792592,1.001513566193432,0.9995893836021423
2238.35471122444,0.9997393610750702,0.9995893836021423
2238.3616556562897,0.9985616261388344,0.9995893836021423
2238.3686000881376,0.9984531115387085,0.9995190501213074
2238.3755445199854,0.9982157709035528,0.9995190501213074
2238.3824889515163,1.0003374649885293,0.9995190501213074
2238.3894333827657,1.0021785842774233,0.9995190501213074
2238.3963778140164,0.9949135756267603,0.9995893836021423
2238.403322245268,0.9916607565071736,0.9995190501213074
2238.4102666765193,0.9997508519664119,0.9995190501213074
2238.417211107771,0.9955291703269105,0.9995190501213074
2238.4241555387016,0.9891677127106705,0.9995893836021423
2238.4310999693516,1.0016298429959059,0.9995893836021423
2238.438044400003,0.9898231561018458,0.9995893836021423
2238.4449888306535,0.9951189383486678,0.9995893836021423
2238.4519332613036,0.9865899454435205,0.9995893836021423
2238.458877691956,1.0000896822107286,0.9995893836021423
2238.465822122285,0.9834015162614301,0.9995893836021423
2238.472766552333,0.9841730458648195,0.9996790289878845
2238.4797109823817,0.9883781818745497,0.9997448325157166
2238.48665541243,0.9914797822401046,0.9998563528060913
2238.4935998424767,0.9917228040376106,0.9998897910118103
2238.500544272525,0.9979577111055711,0.9998563528060913
2238.5074887022515,0.9893900979930871,0.9998897910118103
2238.514433131695,1.001804967962847,0.9998897910118103
2238.521377561136,0.9935928674466555,0.9998897910118103
2238.5283219905796,0.9974661061066503,0.9998897910118103
2238.5352664200227,0.9956283519758465,0.9998897910118103
2238.542210849465,0.9935046428492443,0.9998897910118103
2238.5491552785843,1.0012890925128493,0.9998897910118103
2238.5560997074185,1.0002079835272755,0.9998897910118103
2238.563044136254,0.991688758465824,0.9999175667762756
2238.569988565089,0.9965491430440444,0.9999175667762756
2238.576932993923,0.9953645057826397,0.9999268651008606
2238.583877422758,0.9944365504550496,0.9999979138374329
2238.5908218512664,0.9955424982694016,0.9999268651008606
2238.5977662794903,0.9911128339437991,0.9999268651008606
2238.6047107077147,1.0027260985924586,0.9999268651008606
2238.611655135939,0.984649966091418,0.9999268651008606
2238.618599564163,0.99077018488183,0.9999250769615173
2238.6255439923857,1.0027647301713125,0.9999250769615173
2238.632488420283,0.9941569957341932,0.9999250769615173
2238.6394328478927,1.000391929203101,0.9999268651008606
2238.6463772755033,0.992733999829888,0.9999979138374329
2238.653321703113,1.0007704463802403,0.9999268651008606
2238.6602661307243,0.9943319586106071,0.9999268651008606
2238.667210558334,0.9981706592678381,0.9999268651008606
2238.674154985615,0.9887787241634457,0.9999268651008606
2238.681099412609,1.008529631248566,0.9999268651008606
2238.6880438396006,1.0060869843566023,0.9999250769615173
2238.6949882665945,0.9968409555602753,0.9999250769615173
2238.7019326935892,0.9962393804133641,0.9999250769615173
2238.708877120582,0.99129378553065,0.9999175667762756
2238.715821547246,1.0016329299978952,0.9998897910118103
2238.7227659736186,0.9949296489310785,0.9998897910118103
2238.729710399992,0.9979787590875517,0.9999175667762756
2238.736654826365,0.9976709949365853,0.9999175667762756
2238.743599252739,0.9987367542344991,0.9999175667762756
2238.750543679114,0.9981829309606163,0.9998897910118103
2238.757488105155,1.0015107270082377,0.9998897910118103
2238.7644325309057,0.9955501420624657,0.9998897910118103
2238.7713769566553,1.0112455959979891,0.9998897910118103
2238.778321382407,0.9996068508929403,0.9998563528060913
2238.7852658081556,1.0037258255028403,0.9998563528060913
2238.792210233907,0.9974895929251503,0.9998897910118103
2238.7991546593266,0.999474109865972,0.9998897910118103
2238.8060990844497,0.9922683658724128,0.9998897910118103
2238.813043509575,0.9986160064337192,0.9998897910118103
2238.8199879346976,0.9944320145127078,0.9998897910118103
2238.826932359823,0.9996292182460151,0.9998897910118103
2238.8408212097365,0.9954817083882577,0.9998897910118103
2238.8477656342325,0.9993856858910917,0.9998563528060913
2238.854710058727,1.0029662340059253,0.9998563528060913
2238.8616544832234,0.9936408802581681,0.9998563528060913
2238.868598907717,1.00164377910008,0.9997448325157166
2238.875543332213,0.9977925747640469,0.9997448325157166
2238.8824877563693,0.994730390498211,0.9996790289878845
2238.8894321802322,0.9925519759887874,0.9996790289878845
2238.8963766040956,1.0003005308125477,0.9995893836021423
2238.903321027958,0.9973466224409249,0.9996790289878845
2238.910265451821,0.9981219104819266,0.9996790289878845
2238.9172098756817,1.0055942013725276,0.9996790289878845
2238.9241542992067,0.992305670144184,0.9996790289878845
2238.931098722433,0.9992764654020184,0.9996790289878845
2238.9380431456584,0.9966288671652019,0.9995893836021423
2238.944987568885,1.0028189670958711,0.9995893836021423
2238.9519319921105,0.9969532843492163,0.9996790289878845
2238.958876415338,0.9919115999595055,0.9997285604476929
2238.965820838222,1.0044162339883793,0.9997285604476929
2238.972765260809,0.9947706571562701,0.9997285604476929
2238.979709683396,0.9944488469982794,0.9996790289878845
2238.9866541059805,1.0043696481320377,0.9996790289878845
2238.993598528568,0.9994368216565742,0.9997285604476929
2239.0005429511543,1.0018766585472987,0.9996790289878845
2239.007487373399,1.0073954867748482,0.9997285604476929
2239.01443179534,1.0041981977642203,0.9997718334197998
2239.0213762172834,1.0032183978759575,0.9998563528060913
2239.028320639227,0.9983518535432436,0.9997718334197998
2239.0352650611694,0.9998175085438911,0.9997718334197998
2239.042209483113,1.0051876082639715,0.9997285604476929
2239.049153904711,1.002639175582266,0.9997285604476929
2239.0560983260066,1.0077089730896622,0.9997285604476929
2239.0630427473016,1.0002874916337072,0.9997285604476929
2239.069987168598,1.0139420849264322,0.9997718334197998
2239.0769315898942,1.0081389639350142,0.9997718334197998
2239.0838760111883,1.004775421638133,0.9997718334197998
2239.090820432138,1.0045177515717159,0.9997718334197998
2239.097764852783,1.0043663909759821,0.9997285604476929
2239.1047092734284,1.0083640867502128,0.9997285604476929
2239.1116536940713,0.997245815812524,0.9997718334197998
2239.1185981147164,1.003916826221418,0.9998563528060913
2239.125542535362,1.0044606475673528,0.9998897910118103
2239.132486955657,0.9993060851285298,0.9999175667762756
2239.1394313756473,0.9988990710625218,0.9999175667762756
2239.1463757956376,1.0064806915996363,0.9999175667762756
2239.1533202156265,1.005782067573038,0.9999175667762756
2239.160264635616,0.9969415527681994,0.9999175667762756
2239.167209055606,1.0062507179226212,0.9999175667762756
2239.174153475245,1.0029236620030462,0.9999203085899353
2239.181097894574,1.0117853139021806,0.9999203085899353
2239.1880423139055,1.003937140939083,0.9999203085899353
2239.1949867332364,1.0014378382199824,0.9999203085899353
2239.2019311525673,0.9983518002245962,0.9999203085899353
2239.208875571898,1.0030100956259878,0.9999203085899353
2239.2158199908745,0.9952604795946389,0.9999250769615173
2239.2227644095424,1.0091727095899554,0.9999250769615173
2239.229708828209,1.0034120790136427,0.9999268651008606
2239.236653246877,0.9988291450613215,1.0000159740447998
2239.243597665545,1.0093260075456654,0.9999268651008606
2239.2505420842117,1.0018838233620682,0.9999268651008606
2239.257486502523,1.0054236541708286,0.9999250769615173
2239.2644309205234,1.0014189923467403,0.9999268651008606
2239.2713753385237,1.0005172273300846,0.9999268651008606
2239.278319756522,0.998748210910248,0.9999268651008606
2239.2852641745226,1.0001834169061508,0.9999268651008606
2239.292208592523,1.0006335841064273,0.9999268651008606
2239.299153010165,1.0008381622090954,0.9999268651008606
2239.3060974274927,1.0004007752294684,1.0000159740447998
2239.31304184482,0.9976314760554919,1.000044345855713
2239.3199862621486,0.9979892521720225,1.000096321105957
2239.3269306794764,1.003925660618093,1.000096321105957
2239.333875096804,1.0038142052116068,1.0000977516174316
2239.3408195137727,1.0062228731921075,1.0001102685928345
2239.3477639304247,0.9999860540509228,1.0001102685928345
2239.354708347075,1.0081557407727917,1.0000977516174316
2239.361652763727,1.00060862313855,1.0000977516174316
2239.3685971803784,1.0036882863444248,1.0001102685928345
2239.375541597029,0.9980863246826215,1.0001823902130127
2239.382486013318,1.0033860888599822,1.00019109249115
2239.389430429289,0.9976738953594934,1.0003187656402588
2239.39637484526,0.9972497051106136,1.0003187656402588
2239.40331926123,1.0025688269341497,1.00019109249115
2239.410263677201,0.9967137894386685,1.00019109249115
2239.4172080931708,1.0027412898197674,1.00019109249115
2239.424152508776,1.0006607700330779,1.00019109249115
2239.4310969240605,1.0028777583781863,1.00019109249115
2239.438041339346,1.0069463092167765,1.00019109249115
2239.4449857546315,1.0036386767416698,1.0001823902130127
2239.4519301699147,0.9975732222759626,1.0001823902130127
2239.4588745851997,1.0084294203504163,1.0001823902130127
2239.465819000117,1.0102286756189232,1.0001823902130127
2239.4727634147107,1.0050317408366822,1.0001823902130127
2239.479707829304,0.9997445214846288,1.0001823902130127
2239.486652243899,1.007810479398551,1.0001823902130127
2239.4935966584935,1.0027001939658204,1.0001823902130127
2239.500541073086,1.0007581520113258,1.0001823902130127
2239.507485487311,0.9951200445093991,1.0001823902130127
2239.5144299012077,1.010767641724129,1.0001823902130127
2239.521374315107,1.0070790253986288,1.0001823902130127
2239.5283187290056,1.0021579069637436,1.0001195669174194
2239.5352631429046,1.0035957567043334,1.0001195669174194
2239.542207556804,1.0070948462330376,1.0001195669174194
2239.5491519703273,1.0093402423545026,1.0001195669174194
2239.556096383526,0.9997980240085029,1.0001195669174194
2239.563040796722,1.0087602015511472,1.0001102685928345
2239.569985209921,1.0063803313009199,1.0001102685928345
2239.5769296231183,1.001712848617438,1.0001102685928345
2239.5838740363165,1.001262763970295,1.0001102685928345
2239.590818449139,1.0077869650193878,1.0001102685928345
2239.59776286163,0.9985586802030578,1.0001102685928345
2239.6047072741226,0.9987842589092861,1.0001102685928345
2239.6116516866127,1.0031145952939216,1.0001102685928345
2239.618596099105,1.006409504547158,1.000096321105957
2239.6255405115976,0.9998287723483971,1.000096321105957
2239.6324849237108,0.9976643785455388,1.000096321105957
2239.6394293354915,1.006604378601451,1.000044345855713
2239.6463737472704,1.0048105967590815,1.000044345855713
2239.6533181590517,1.0005396518333738,1.0000159740447998
2239.6602625708315,0.9980356411008945,1.0000159740447998
2239.667206982612,0.9991804231889334,0.9999842047691345
2239.674151394011,0.9992447972220936,0.9999842047691345
2239.681095805075,1.0044862144498128,0.9999842047691345
2239.6880402161396,1.003986242792269,0.9999842047691345
2239.6949846272028,0.9966678369342407,0.9999746084213257
2239.701929038266,0.9972626353057337,0.9999268651008606
2239.708873449329,1.0074555962095588,0.9999268651008606
2239.715817860009,0.9983513341597923,0.9999268651008606
2239.722762270351,0.9995461370414584,0.9999268651008606
2239.7297066806923,1.0042420823751417,0.9999250769615173
2239.7366510910338,1.0041592257110308,0.9999250769615173
2239.7435955013743,1.0081984582818782,0.9999250769615173
2239.7505399117163,0.9978479918793316,0.9999250769615173
2239.75748432167,0.9972502317155162,0.9999250769615173
2239.764428731283,1.0066520787276603,0.9999250769615173
2239.771373140896,1.0037566436906227,0.9999203085899353
2239.7783175505106,0.9993560397043875,0.9999203085899353
2239.7852619601244,0.9921736822249005,0.9999175667762756
2239.7922063697374,0.996576384612317,0.9999175667762756
2239.7991507789598,1.0083521868701888,0.9998897910118103
2239.8060951878388,1.0069808904925894,0.9998897910118103
2239.8130395967187,0.9925218327563265,0.9998897910118103
2239.819984005598,0.9957798836830216,0.9998897910118103
2239.8269284144794,0.9989975778175225,0.9998897910118103
2239.8338728233593,1.0008274632680167,0.9998897910118103
2239.8408172318436,1.0000305209418072,0.9998897910118103
2239.847761639984,0.9985000626215808,0.9998897910118103
2239.861650456263,1.001494035868187,0.9998897910118103
2239.8685948644024,1.0009879936003387,0.9997718334197998
2239.8755392725443,0.9973705968048912,0.9997718334197998
2239.8824836802864,1.0000432847212923,0.9997285604476929
2239.889428087681,0.9953253693420877,0.9997285604476929
2239.896372495076,1.0090277858100283,0.9997285604476929
2239.903316902469,0.9995607733584567,0.9997285604476929
2239.9102613098635,1.0078156943721872,0.9997285604476929
2239.9172057172577,0.9999567171521937,0.9997718334197998
2239.924150124253,0.9903140428257721,0.9999175667762756
2239.9310945308944,0.995626565905848,0.9999175667762756
2239.9380389375374,0.9940156339944989,0.9999203085899353
2239.9449833441804,0.9959569524460569,0.9999250769615173
2239.9519277508225,0.9911443074980557,0.9999268651008606
2239.958872157466,1.0034292525393034,0.9999250769615173
2239.9658165637034,1.0026651781900906,0.9999268651008606
2239.972760969591,0.9920282723929905,0.9999746084213257
2239.979705375474,1.0043435007531238,0.9999746084213257
2239.9866497813596,0.9929403143634382,0.9999842047691345
2239.993594187245,0.9957372035044111,1.0000159740447998
2240.000538593128,1.0005837585659447,1.0000159740447998
2240.0074829986065,0.9937697431630544,1.000044345855713
2240.0144274037275,1.0048582783604205,1.000044345855713
2240.02137180885,1.0007114094919765,1.000044345855713
2240.028316213969,1.0006397678859646,1.000044345855713
2240.035260619091,0.9910632758690567,1.000044345855713
2240.042205024211,0.9927402574863375,1.000096321105957
2240.0491494289226,0.9975940257938076,1.0001102685928345
2240.056093833274,1.0025971648243115,1.0001102685928345
2240.0630382376235,1.0000721136683055,1.0001102685928345
2240.0699826419764,0.9984720842030183,1.0001102685928345
2240.0769270463256,1.0031019605024498,1.0001102685928345
2240.083871450677,0.998352172880183,1.0001102685928345
2240.0908158546135,1.004175917777545,1.0001102685928345
2240.097760258189,0.9999480297555873,1.000096321105957
2240.104704661764,0.999093679464697,1.000096321105957
2240.111649065337,1.0014542888408364,1.000044345855713
2240.1185934689142,1.0045810098486347,1.000044345855713
2240.1255378724873,1.0048371662580566,1.000096321105957
2240.132482275646,1.001100252950895,1.000044345855713
2240.1394266784378,1.0013159125278486,0.9999842047691345
2240.146371081231,1.0097754949632982,0.9999842047691345
2240.1533154840217,1.0020738571627228,0.9999842047691345
2240.160259886815,1.0058387808394813,0.9999746084213257
2240.167204289609,1.0005010136809223,0.9999268651008606
2240.174148691981,1.0068838266405635,0.9999268651008606
2240.181093093986,1.0150637587991245,0.9999250769615173
2240.1880374959883,1.003826267464137,0.9999203085899353
2240.1949818979933,0.9936762603681141,0.9999175667762756
2240.2019262999975,1.0115079911106808,0.9997718334197998
2240.2088707020016,1.00650499008446,0.9997285604476929
2240.2158151035837,0.9939414506772986,0.9997285604476929
2240.2227595047934,1.0085116048067033,0.9995796084403992
2240.229703906004,0.9963454738036833,0.9995796084403992
2240.236648307214,1.0028197723392995,0.9994730353355408
2240.243592708425,1.0092067053047329,0.9993533492088318
2240.2505371096336,0.9981456925045241,0.9993533492088318
2240.2574815104185,1.0009022805742458,0.9992894530296326
2240.2644259108297,0.9981783560062597,0.9992763996124268
2240.271370311241,1.0048858045268987,0.9992290139198303
2240.278314711652,1.0025684778799335,0.9991899132728577
2240.2852591120613,1.0040038295788496,0.9991646409034729
2240.292203512472,1.0001888660763538,0.9991646409034729
2240.299147912454,1.005860191625026,0.9988943934440613
2240.30609231206,1.0059845866149169,0.9988874793052673
2240.3130367116646,1.0140230346285681,0.9987865686416626
2240.319981111273,1.0120479526214798,0.9987725615501404
2240.326925510877,1.0015648141036533,0.9987725615501404
2240.333869910484,0.9970333521259027,0.9987725615501404
2240.340814309659,1.0028132695891263,0.9986687898635864
2240.347758708454,1.002551537359904,0.9985821843147278
2240.3547031072503,0.9969449239316919,0.9985821843147278
2240.361647506046,0.9987587615645729,0.9985821843147278
2240.368591904844,1.009470956662066,0.9985821843147278
2240.3755363036385,1.002367455641469,0.9985821843147278
2240.382480702003,1.0053879716206158,0.9985821843147278
2240.389425099984,1.007719541086592,0.9986687898635864
2240.3963694979666,1.0042048639912833,0.9986687898635864
2240.4033138959494,1.000808038708038,0.9987725615501404
2240.4102582939304,0.9973219919868033,0.9987865686416626
2240.417202691915,0.9948862728322935,0.9987865686416626
2240.4241470894603,1.0010883399167387,0.9988874793052673
2240.431091486626,1.0010979469525736,0.9988874793052673
2240.438035883789,1.0012334598617745,0.9988874793052673
2240.4449802809554,0.9983843471908759,0.9988874793052673
2240.4519246781188,0.9986370540030579,0.9988874793052673
2240.458869075284,0.99751177771873,0.9988874793052673
2240.4658134720135,0.9926111068380319,0.9988943934440613
2240.4727578683564,0.9965546782449941,0.9988943934440613
2240.4797022647026,0.9931238564499193,0.9988943934440613
2240.4866466610456,0.9864711196898894,0.9988943934440613
2240.493591057391,0.9892015277826094,0.9988943934440613
2240.500535453734,0.9940188560343135,0.9988943934440613
2240.5074798496416,0.9968384120288326,0.9988943934440613
2240.5144242451647,0.9991091773587959,0.9988943934440613
2240.521368640688,0.9990106304875781,0.9991646409034729
2240.5283130362113,0.9956275654035288,0.9991646409034729
2240.535257431732,0.9952235852806394,0.9991646409034729
2240.5422018272557,0.9965358048262978,0.9991646409034729
2240.54914622234,0.9850131845343858,0.9991646409034729
2240.5560906170413,0.9938003487520074,0.9991646409034729
2240.5630350117426,0.9902094474677002,0.9991646409034729
2240.5699794064435,0.9913035702429387,0.9991646409034729
2240.576923801144,0.9948561136980938,0.9991646409034729
2240.583868195844,0.9943925984064738,0.9991646409034729
2240.5908125901083,0.9983222774695597,0.9991646409034729
2240.597756983987,0.9942635061167614,0.9991646409034729
2240.6047013778675,0.9900464714346622,0.9991646409034729
2240.6116457717485,0.9826215391957288,0.9991899132728577
2240.6185901656286,0.991860014753988,0.9992290139198303
2240.625534559508,0.9894735718161727,0.9992290139198303
2240.632478952954,0.9920444545161227,0.9992290139198303
2240.6394233460164,0.9877592125782191,0.9992290139198303
2240.6463677390793,0.9898086355230361,0.9992763996124268
2240.653312132142,0.9924528227608392,0.9992763996124268
2240.660256525206,0.9892695983006579,0.9992763996124268
2240.66720091827,0.9896200888084253,0.9992763996124268
2240.6741453108993,0.9905091440383245,0.9992894530296326
2240.681089703152,0.9971308035903067,0.9993533492088318
2240.6880340954035,0.9900778101634774,0.9994730353355408
2240.694978487656,0.9876012434120778,0.9994730353355408
2240.7019228799077,0.999299156895048,0.9994730353355408
2240.70886727216,0.9932441920808999,0.9995796084403992
2240.715811663986,0.9906174702620252,0.9997285604476929
2240.722756055436,0.986033761367158,0.9997285604476929
2240.7297004468874,0.9967352451395031,0.9997718334197998
2240.7366448383364,0.9948447410713919,0.9999203085899353
2240.743589229787,0.9879871570366,0.9999203085899353
2240.750533621236,0.992206786899214,0.9999203085899353
2240.7574780122695,0.982854966943908,0.9999203085899353
2240.76442240293,0.986600058771672,0.9999746084213257
2240.7713667935927,0.97961584318867,0.9999842047691345
2240.7783111842555,0.9883769702850059,0.9999842047691345
2240.785255574916,0.9870668394990246,0.9999842047691345
2240.7921999655796,0.992444373451838,1.000044345855713
2240.7991443558303,0.9927976398428962,1.0001195669174194
2240.8060887457236,0.9948903700987993,1.0001823902130127
2240.8130331356147,0.98563354976998,1.0001823902130127
2240.819977525507,0.9886882075122007,1.0001823902130127
2240.826921915397,0.9880564982215584,1.00019109249115
2240.8338663052896,0.991386918689109,1.000335454940796
2240.8408106947845,0.9836207372157731,1.0004278421401978
2240.847755083928,0.9903986405466888,1.0004278421401978
2240.854699473076,0.9860660554975024,1.00059974193573
2240.8616438622194,0.9877925345006021,1.0006235837936401
2240.8685882513655,0.9882772352436114,1.0006235837936401
2240.8755326405103,0.9958473113434747,1.0006235837936401
2240.882477029275,0.9798612089778991,1.000684142112732
2240.8894214177035,0.99189881819399,1.000755786895752
2240.8963658061334,0.9818215728229203,1.000946283340454
2240.9033101945647,0.9881756736639089,1.000946283340454
2242.0283029906723,1.0240676211061375,1.0011301040649414
2242.0560807327483,1.0113922359470393,1.0011301040649414
2242.0769140427715,1.017278324785877,1.0011446475982666
2242.0838584794437,1.0072650631929418,1.0013000965118408
2242.0908029169386,1.0104317231418274,1.0014783143997192
2242.111636231584,1.0261208544513984,1.0014986991882324
2242.1255251080165,1.01058495662618,1.0017563104629517
2242.1324695468948,0.9967352584003183,1.0020580291748047
2242.139413986355,1.0101463595924374,1.0020580291748047
2242.153302865275,1.0093895077155588,1.0020580291748047
2242.160247304735,0.9983360746275882,1.0022913217544556
2242.1671917441945,1.0184084381354568,1.0022913217544556
2242.174136184178,1.0062683368916325,1.0027077198028564
2242.1810806246212,1.0098809331214464,1.0028680562973022
2242.188025065063,1.0270718592482924,1.0031651258468628
2242.194969505506,1.0203539706284444,1.003212571144104
2242.20885838639,1.0172091995812043,1.003212571144104
2242.215802827232,1.0070643420204717,1.0037462711334229
2242.2227472684285,1.0070910490171316,1.0038996934890747
2242.229691709624,1.0081897702262022,1.003962516784668
2242.2366361508175,1.0158433468746757,1.0041110515594482
2242.250525033207,1.019417021670075,1.0042866468429565
2242.2574694746972,1.0,1.004301905632019
2242.264413916444,1.002400262951488,1.0046255588531494
2242.271358358194,0.9896493869919907,1.0047481060028076
2242.2783027999417,1.0091117713626179,1.0047481060028076
2242.2852472416903,1.0088651392705217,1.0048654079437256
2242.2921916834375,0.989788623703974,1.0048654079437256
2242.29913612539,1.0047768700273558,1.0049339532852173
2242.3060805675204,0.9850842791944838,1.0058132410049438
2242.3130250096515,0.9976823517536789,1.0062317848205566
2242.3199694517834,1.0009728609349013,1.0063780546188354
2242.326913893914,0.9881615825712116,1.0064562559127808
2242.333858336044,0.9745641446696326,1.0064562559127808
2242.3408027783003,0.9785849586870431,1.0065553188323975
2242.347747220667,0.9799735255041748,1.0065553188323975
2242.354691663032,0.9817626314627879,1.006810188293457
2242.3616361053987,0.9717785018723577,1.0070369243621826
2242.368580547766,0.9778358794290017,1.007357120513916
2242.3755249901333,0.9774405691426743,1.007357120513916
2242.3824694325567,0.962686785307475,1.0073035955429077
2242.389413875035,0.9652270137807734,1.007357120513916
2242.396358317511,0.963642297634682,1.0073821544647217
2242.4033027599885,0.9848556102700914,1.007357120513916
2242.410247202464,0.9729642529099345,1.0073821544647217
2242.4171916449422,0.9834587126201688,1.0076148509979248
2242.424136087423,0.9792319679677671,1.0076148509979248
2242.431080529902,0.9873781512326669,1.0076148509979248
2242.438024972383,0.9774372195055611,1.0080397129058838
2242.4449694148625,0.9709269694479101,1.0080397129058838
2242.4519138573446,0.971274945157609,1.0080397129058838
2242.4588582998235,0.9815528186111797,1.008273720741272
2242.4658027422597,0.9772498248572435,1.0083692073822021
2242.4727471846527,0.9793213290553626,1.0084093809127808
2242.479691627045,0.9819272701011768,1.0085746049880981
2242.4866360694386,0.9709308900705461,1.0087641477584839
2242.493580511832,0.9741587428314418,1.0087641477584839
2242.5005249542255,0.9624628958977139,1.0088697671890259
2242.5074693965307,0.9798510863730466,1.0088874101638794
2242.51441383876,0.9792896454253349,1.0088697671890259
2242.5213582809897,0.9825800298199259,1.0087641477584839
2242.5283027232185,0.9742411479221408,1.0088697671890259
2242.535247165447,0.9881636717325142,1.0088697671890259
2242.5421916076752,0.9743753790759863,1.0088697671890259
2242.549136049781,1.0100169998557251,1.0088697671890259
2242.5560804917795,1.0155304027064593,1.0088697671890259
2242.5630249337783,1.0130108596539755,1.0088874101638794
2242.5699693757774,1.0135261517534642,1.0088874101638794
2242.576913817774,1.0157783835141503,1.0088874101638794
2242.583858259773,1.011547340290466,1.0088874101638794
2242.590802701617,1.0114161836221713,1.0088874101638794
2242.5977471433303,1.0020746385422656,1.0088874101638794
2242.6046915850407,1.0042231570784046,1.0089930295944214
2242.611636026754,1.0068057278037326,1.0089930295944214
2242.618580468465,1.0011281837163712,1.0089930295944214
2242.625524910177,0.9997731581594478,1.0089930295944214
2242.6324693517113,1.006464556160684,1.0091348886489868
2242.639413793087,1.003424971449712,1.00919771194458
2242.646358234465,1.0220342783002219,1.00919771194458
2242.653302675841,1.0149689168805611,1.0092270374298096
2242.660247117221,1.008147455936746,1.0093083381652832
2242.667191558597,1.0016560186670307,1.0093083381652832
2242.674135999775,1.0168167213357944,1.0093083381652832
2242.681080440777,1.013373463921919,1.0093083381652832
2242.6880248817797,1.0063554927945886,1.0093083381652832
2242.6949693227807,1.005812541663261,1.0093083381652832
2242.7019137637835,1.0066935232792218,1.0093083381652832
2242.708858204787,1.0165377457925717,1.0093083381652832
2242.715802645572,1.0020319624240495,1.0093083381652832
2242.7227470861626,1.0067838773395796,1.0093083381652832
2242.729691526756,1.0137738564246817,1.0093083381652832
2242.7366359673483,1.0005661006683602,1.0093083381652832
2242.743580407942,1.006357854992245,1.0093083381652832
2242.7505248485354,1.0043452878747312,1.0093573331832886
2242.757469288894,1.0059400482077518,1.0093573331832886
2242.764413729048,1.0087560054483806,1.0093573331832886
2242.7783026093557,1.0131184024455373,1.0093858242034912
2242.7852470495077,1.000269506062233,1.0093858242034912
2242.7921914896624,1.0034290571940994,1.0093858242034912
2242.7991359295684,1.0125951116140408,1.0095361471176147
2242.8060803692597,1.007886070465223,1.0095361471176147
2242.813024808949,0.9992369200805136,1.009657859802246
2242.819969248638,1.0051506418702885,1.009657859802246
2242.8269136883273,1.0097096400029093,1.009657859802246
2242.8338581280173,1.011808080264248,1.009657859802246
2242.840802567447,1.0030853812619345,1.0097343921661377
2242.8477470066514,1.00718879430705,1.0097343921661377
2242.8546914458566,1.0059667547630735,1.0097343921661377
2242.8616358850613,1.006229792547247,1.0097343921661377
2242.8685803242656,1.0104991980181024,1.0097343921661377
2242.8755247634695,1.0119643231983506,1.0097343921661377
2242.882469202405,1.0152121550846218,1.0097343921661377
2242.8894136411054,1.0092215521921035,1.0097343921661377
2242.896358079806,1.0043078005543828,1.0097837448120117
2242.9033025185063,1.0039993247295376,1.0097837448120117
2242.9102469572085,1.0008649014901165,1.0098797082901
2242.917191395907,1.0060285770440485,1.0098797082901
2242.9241358343324,1.0028896940737073,1.0098797082901
2242.931080272512,1.010061754226089,1.0098797082901
2242.938024710695,1.0035883617255579,1.0099875926971436
2242.9449691488753,0.9991557281947597,1.0099875926971436
2242.9519135870582,0.9994041822909474,1.0099875926971436
2242.9588580252394,1.0109871004521747,1.0099875926971436
2242.965802463137,1.014410219548439,1.0099875926971436
2242.972746900786,1.012258642484588,1.0099875926971436
2242.9796913384357,1.0037628159521397,1.0100178718566895
2242.9866357760857,1.005412596115215,1.0100178718566895
2242.993580213734,1.0056294115508688,1.0100178718566895
2243.0005246513856,1.0097180998045003,1.0100178718566895
2243.0074690887445,1.0147623339302347,1.0100178718566895
2243.014413525851,1.0083690522108566,1.0100178718566895
2243.021357962957,1.0121310419746186,1.0100178718566895
2243.028302400063,0.9988632828193891,1.0100178718566895
2243.035246837169,1.0027429454134977,1.0100178718566895
2243.0421912742754,1.0046927499845384,1.0100178718566895
2243.049135711088,1.0100714723762736,1.0100178718566895
2243.0560801476427,1.0141178250597267,1.0100828409194946
2243.063024584195,1.0123923826082482,1.0100828409194946
2243.0699690207493,0.9992817344213613,1.0100828409194946
2243.0769134573015,1.0052614025969613,1.0101313591003418
2243.083857893857,0.999410757841181,1.0101313591003418
2243.090802330111,1.0051852837921469,1.0101313591003418
2243.097746766106,1.0041356703812643,1.0101313591003418
2243.104691202099,1.0113627083471999,1.0101313591003418
2243.111635638093,0.9989079670499854,1.0103009939193726
2243.1185800740873,1.0008917111460116,1.0101313591003418
2243.1255245100792,1.009157674074936,1.010125756263733
2243.1324689457715,1.0079971071104397,1.0100828409194946
2243.139413381197,0.9982610592090752,1.010125756263733
2243.146357816626,1.0107062405901721,1.0100828409194946
2243.153302252051,1.0008758777071243,1.0100178718566895
2243.1602466874783,1.002393185393968,1.0099875926971436
2243.167191122905,1.000636420183679,1.0099875926971436
2243.1741355580275,1.0065715162919235,1.0099068880081177
2243.1810799928808,1.0049390396134799,1.0098797082901
2243.1880244277354,1.0026592024540963,1.0099068880081177
2243.1949688625896,1.004132458217128,1.0099068880081177
2243.201913297446,1.000109895129828,1.0099068880081177
2243.2088577322997,1.0111562494651174,1.0098797082901
2243.215802166847,1.0130488338231136,1.0098797082901
2243.222746601124,1.010394206840537,1.0097837448120117
2243.2296910354025,1.0026023884741249,1.0097837448120117
2243.236635469679,1.0013356133089564,1.0097343921661377
2243.2435799039577,1.0033141059304904,1.0096855163574219
2243.2505243382357,1.0105162873818248,1.009657859802246
2243.2574687722054,1.010204162363025,1.0095361471176147
2243.2644132059036,0.9998426897130174,1.0093858242034912
2243.2713576395995,0.9971958142236371,1.0093858242034912
2243.2783020732977,0.9980149614837809,1.0093858242034912
2243.2852465069946,0.9924923311235097,1.0093858242034912
2243.2921909406928,1.0035173777855306,1.0093573331832886
2243.299135374081,0.9928586040451217,1.0093083381652832
2243.3060798071942,0.9971258174135829,1.0093573331832886
2243.3130242403086,1.0032798703405403,1.0093573331832886
2243.3199686734233,1.0041893903971641,1.0093573331832886
2243.326913106536,1.0024375515450799,1.0093573331832886
2243.333857539651,1.0044149693230378,1.0093573331832886
2243.3408019724534,0.987392088331852,1.0093858242034912
2243.347746404984,1.0031391196906891,1.0093858242034912
2243.3546908375124,0.9999232344695655,1.0093858242034912
2243.3616352700406,0.9988838773053832,1.0095361471176147
2243.368579702569,1.004953827685629,1.0095361471176147
2243.3755241350987,1.0083079818477734,1.0095361471176147
2243.3824685673135,0.9977885372593331,1.0095361471176147
2243.389412999256,0.9897638903450732,1.009657859802246
2243.396357431198,1.0072793445366721,1.0096855163574219
2243.4033018631403,1.0003935131836952,1.0096855163574219
2243.4102462950827,0.9928023569704136,1.0096855163574219
2243.417190727023,1.0030586116222047,1.0096855163574219
2243.424135158652,0.9979491977195362,1.0096855163574219
2243.4310795900046,1.0035047821356113,1.0096855163574219
2243.438024021358,0.9942699143881549,1.0096855163574219
2243.4449684527117,0.9986017471843677,1.0096855163574219
2243.4519128840648,1.0058442552033942,1.0096855163574219
2243.4588573154174,0.9977282966794241,1.0096855163574219
2243.4658017464576,1.00494553862545,1.0096855163574219
2243.4727461772213,1.0017240646559662,1.0097837448120117
2243.4796906079846,1.0005122375063158,1.0097837448120117
2243.4866350387483,1.0017724669093862,1.0097837448120117
2243.4935794695134,1.000580945095317,1.0097837448120117
2243.5005239002767,0.9977945100039194,1.0097837448120117
2243.5074683307275,1.0026923458329202,1.0097837448120117
2243.5144127609,1.0070631873710256,1.0097837448120117
2243.521357191075,0.9874754447104601,1.0097837448120117
2243.528301621248,0.9964880033244085,1.0097837448120117
2243.5352460514227,1.0006470554902323,1.0097837448120117
2243.542190481596,0.9943670401903979,1.0097837448120117
2243.549134911457,0.9936479715914188,1.0097837448120117
2243.55607934104,0.9920132740228648,1.0097837448120117
2243.5630237706246,0.9895956995188108,1.0097837448120117
2243.5699682002073,1.0007910406032876,1.0096855163574219
2243.576912629792,0.9961060845203991,1.009657859802246
2243.5838570593764,0.993926861372531,1.0095361471176147
2243.590801488647,0.9925633097139575,1.0093858242034912
2243.5977459176415,0.9878386385520526,1.0093573331832886
2243.6046903466336,0.9993982301470279,1.0093083381652832
2243.6116347756283,1.001556679174198,1.0092376470565796
2243.6185792046217,0.9971913569674499,1.0092270374298096
2243.6255236336156,0.9961791989476674,1.00919771194458
2243.6324680622947,0.992206833665732,1.0091348886489868
2243.6394124907006,1.0043672728832045,1.0091348886489868
2243.6463569191046,1.0014550119039447,1.0088874101638794
2243.653301347509,0.9898376623108079,1.0088874101638794
2243.6602457759122,1.0054755912581015,1.0088697671890259
2243.6671902043167,1.0041602573479802,1.0088608264923096
2243.6741346324075,0.995508034332794,1.0087486505508423
2243.681079060223,0.986663140172699,1.0087087154388428
2243.6880234880373,0.9968881760736182,1.008700966835022
2243.694967915854,0.9952223337779406,1.0084093809127808
2243.7019123436676,0.9906007068975831,1.0083835124969482
2243.708856771483,0.9979350533065273,1.0083692073822021
2243.715801198983,0.9982817623611019,1.0082823038101196
2243.7227456262103,1.0009560165017481,1.008273720741272
2243.729690053436,0.9936894946545048,1.0078328847885132
2243.736634480664,0.9928187663893424,1.0077098608016968
2243.7435789078904,0.9916279068666899,1.0076148509979248
2243.750523335116,0.9929334545973837,1.0075663328170776
2243.7574677620296,1.0034235691963014,1.007556676864624
2243.7644121886683,0.9957593421963554,1.0074995756149292
2243.7713566153075,0.9917864838416911,1.007446050643921
2243.778301041945,1.0023685712743993,1.0073976516723633
2243.785245468585,0.9962196834194907,1.0073918104171753
2243.792189895223,0.985678597352546,1.0073821544647217
2243.79913432155,1.0030124705986776,1.0073035955429077
2243.8060787476015,0.9935532278602824,1.007129430770874
2243.8130231736523,1.0034695160306322,1.0068920850753784
2243.819967599704,0.9871585914167231,1.0068506002426147
2243.8269120257564,0.9925269062986971,1.0068057775497437
2243.8338564518085,0.9937656908820149,1.0065553188323975
2243.840800877549,1.0138782825048036,1.0065498352050781
2243.847745303013,1.0018985171573054,1.0064727067947388
2243.8546897284796,1.0009353568563482,1.0064562559127808
2243.861634153944,0.9976056095117973,1.006392478942871
2243.8685785794114,0.9984814197801115,1.0063762664794922
2243.875523004876,0.9926321000664942,1.0062869787216187
2243.882467430032,1.0005601001830633,1.0062869787216187
2243.889411854913,1.0015856070852849,1.0062373876571655
2243.8963562797944,1.003828043830385,1.0061360597610474
2243.903300704674,0.9997105147718044,1.00602126121521
2243.9102451295557,1.0053103890714645,1.00602126121521
2243.917189554437,1.0029433159257852,1.0059001445770264
2243.9241339790065,0.992362117039183,1.0058262348175049
2243.9310784033046,0.9981223357185983,1.0057780742645264
2243.938022827603,1.0092284319286844,1.0057780742645264
2243.9449672519,0.9895241312483888,1.0057300329208374
2243.951911676198,0.9887201000777086,1.0057263374328613
2243.9588561004944,0.9929570494053287,1.0056101083755493
2243.9658005244823,0.9960767364042231,1.0055993795394897
2243.972744948196,0.998169026206457,1.0055782794952393
2243.979689371914,1.0048504590953902,1.0055642127990723
2243.9866337956278,0.9901313722649647,1.0055620670318604
2243.993578219344,1.0016715048380924,1.005448818206787
2244.0005226430594,1.0043206680849923,1.0053417682647705
2244.007467066465,0.9962147752107631,1.0050147771835327
2244.0144114895998,0.9968998923573735,1.0050147771835327
2244.0213559127324,0.9974269795271032,1.0049545764923096
2244.0283003358686,1.000506640237389,1.0049396753311157
2244.0352447590026,0.996603576849234,1.0049396753311157
2244.042189182137,0.9984513505305317,1.0048484802246094
2244.0491336049618,1.0009735118413492,1.0048480033874512
2244.0560780275164,1.0069704538465336,1.0047645568847656
2244.063022450071,1.0008429935489933,1.004731297492981
2244.0699668726256,1.0052827785856122,1.0045998096466064
2244.076911295181,1.0129059972066277,1.0045874118804932
2244.0838557177353,1.0025775209028125,1.0042173862457275
2244.0908001399816,1.005938248201941,1.0041627883911133
2244.0977445619587,0.9927186529181423,1.004136085510254
2244.104688983933,0.9964600813835802,1.0041087865829468
2244.11163340591,1.013001546347385,1.0041087865829468
2244.118577827886,0.9895356369131233,1.0041074752807617
2244.125522249864,1.0009153546286849,1.0040956735610962
2244.1324666715327,1.0037122931819904,1.0039827823638916
2244.139411092932,1.018115918365796,1.0038999319076538
2244.1463555143305,0.9947853260495253,1.003889560699463
2244.153299935731,0.9961309852847765,1.0038622617721558
2244.1602443571287,1.0036447726571274,1.0038408041000366
2244.1671887785287,1.001098333117974,1.0037460327148438
2244.1741331996227,0.9986755276778729,1.0037370920181274
2244.181077620447,0.9978391813639903,1.0037370920181274
2244.188022041271,1.007822789549405,1.003591537475586
2244.1949664620943,1.0068318400450238,1.003583550453186
2244.201910882918,1.004778411047652,1.003487229347229
2244.208855303743,0.9987771431626407,1.0034054517745972
2244.2157997242607,1.0073664884120224,1.0034050941467285
2244.2227441445125,1.0053528941983918,1.0033776760101318
2244.229688564761,1.0097617001276247,1.0033695697784424
2244.2366329850115,1.00231018035875,1.0032923221588135
2244.243577405261,0.9992799155005794,1.0032271146774292
2244.250521825512,1.00126487890933,1.002867579460144
2244.2574662454554,1.0046854020931426,1.0027477741241455
2244.2644106651337,0.9982729300816124,1.0025047063827515
2244.271355084813,1.0016495021407497,1.002455234527588
2244.27829950449,1.003438023943088,1.0024536848068237
2244.285243924168,0.9995370377527696,1.0024181604385376
2244.292188343844,0.9981720542763477,1.0024181604385376
2244.299132763218,1.00145109798598,1.0024076700210571
2244.3060771823243,1.0077384360797996,1.0024076700210571
2244.31302160143,1.0077897560307876,1.0023688077926636
2244.3199660205373,1.0052240955624743,1.0023300647735596
2244.326910439644,0.9984526924697145,1.0023300647735596
2244.3338548587503,0.9972450547063704,1.002178430557251
2244.340799277554,1.0102915905042575,1.0021183490753174
2244.3477436960893,1.000334626874975,1.0021183490753174
2244.3546881146267,1.0017884592504462,1.0019540786743164
2244.361632533163,1.009596362156211,1.0018991231918335
2244.3685769517015,1.0049834976076617,1.0018991231918335
2244.375521370237,1.0028798103082763,1.001879334449768
2244.382465788472,0.9976764966488859,1.001772165298462
2244.38941020644,1.0148135939337106,1.001734733581543
2244.3963546244095,1.0141030279085488,1.001734733581543
2244.4032990423766,0.9977674711743756,1.0017188787460327
2244.410243460346,1.0004634343844034,1.0016541481018066
2244.4171878783154,0.999800411506961,1.0016307830810547
2244.424132295983,1.0047501935211132,1.0016183853149414
2244.4310767133843,0.9997644625526999,1.0016037225723267
2244.4380211307857,0.9956325833042422,1.0015681982040405
2244.4449655481876,1.0001041491472922,1.0015264749526978
2244.45190996559,1.0045401867592527,1.001474380493164
2244.4588543829905,0.9933104105671683,1.0014729499816895
2244.4657988000945,1.0026727817774208,1.001430869102478
2244.4727432169298,1.0106059179393645,1.0014287233352661
2244.479687633767,1.0072943067980082,1.0014041662216187
2244.486632050602,1.0002355929382594,1.0013678073883057
2244.4935764674397,0.9967584204459102,1.001329779624939
2244.500520884276,1.004263929827544,1.001329779624939
2244.5074653008132,0.995397965394976,1.001329779624939
2244.514409717087,1.000059171837158,1.0012705326080322
2244.521354133359,0.992926881944208,1.0012705326080322
2244.5282985496315,0.9902642683301136,1.0012705326080322
2244.5352429659047,1.0042882318526405,1.0012705326080322
2244.5421873821774,0.997833966740102,1.0012105703353882
2244.5491317981505,1.0005700891782356,1.0012013912200928
2244.5560762138607,0.9959424695490237,1.0011595487594604
2244.563020629573,1.0110785100917248,1.0008147954940796
2244.569965045283,1.0056533050132077,1.0008147954940796
2244.576909460994,0.993050923248011,1.000779151916504
2244.583853876703,0.9994453904333424,1.000773310661316
2244.590798292116,1.0008662389790388,1.0007514953613281
2244.597742707264,0.9994072493546868,1.000733494758606
2244.6046871224153,0.9981923845121975,1.000733494758606
2244.6185759527143,1.0017204778075277,1.000733494758606
2244.6255203678634,0.988015450408596,1.0007143020629883
2244.6324647827146,0.9986779166754528,1.0006366968154907
2244.6394091973043,0.9995027117341206,1.0005857944488525
2244.646353611895,0.9972070440346288,1.0005543231964111
2244.6532980264847,1.0052920026346819,1.000483512878418
2244.660242441074,1.0088279191447491,1.0004732608795166
2244.6671868556655,1.004124596756801,1.0004732608795166
2244.674131269958,0.9959492780406688,1.0004732608795166
2244.6810756839895,1.0000371767056482,1.0004463195800781
2244.688020098022,1.0057280668483395,1.0004056692123413
2244.694964512052,0.9945642349610838,1.0004056692123413
2244.701908926085,0.9938391920877025,1.0004043579101562
2244.708853340116,0.9970380616849709,1.0002801418304443
2244.715797753853,1.0025867129831898,1.0002801418304443
2244.7227421673265,0.9908168573626569,1.0002559423446655
2244.729686580802,0.9968056509813479,1.0002559423446655
2244.7366309942768,1.003237634069645,1.0002487897872925
2244.7435754077524,1.0005331067897638,1.0002182722091675
2244.750519821228,1.0036217413653803,1.0002182722091675
2244.7574642344057,0.9953355241602972,1.0002182722091675
2244.764408647328,1.0006736758996737,1.0001410245895386
2244.771353060246,0.9917152823344102,1.0001403093338013
2244.778297473166,0.9936742402389316,1.0000882148742676
2244.785241886084,0.9951973025794137,1.0000882148742676
2244.7921862990042,1.0027695303028243,0.9999783039093018
2244.799130711628,0.9977191932055828,0.9998016953468323
2244.806075123993,1.003576689937557,0.9998016953468323
2244.8130195363606,0.9952015898042488,0.9998016953468323
2244.819963948725,0.9988623985767403,0.9998016953468323
2244.8269083610903,1.0045084373479372,0.9996559023857117
2244.833852773456,0.9946684372954671,0.9996559023857117
2244.8407971855268,0.9935269135756536,0.9996559023857117
2244.847741597339,0.994658275799665,0.9996065497398376
2244.854686009151,0.9994911600614377,0.9995411038398743
2244.8616304209654,1.005251502606012,0.9994825124740601
2244.868574832776,0.9993313667133931,0.9994825124740601
2244.87551924459,0.9926511280964747,0.9994759559631348
2244.8824636561076,1.0,0.9994457960128784
2244.8894080673695,1.0075513250959363,0.9994457960128784
2244.896352478629,0.9987685993061622,0.9994445443153381
2244.9032968898914,0.9924030754122737,0.9994174838066101
2244.9102413011524,0.9935409806555681,0.9993137717247009
2244.9171857124134,1.0084796921412555,0.9992153644561768
2244.9241301233815,0.9904843595979319,0.9990419149398804
2244.9310745340917,0.9975829581365867,0.9990324974060059
2244.938018944802,0.9969626174636549,0.9990419149398804
2244.944963355513,1.0212189212757437,0.9990324974060059
2244.9519077662235,1.0056689551447437,0.9989245533943176
2244.958852176936,1.002279289079479,0.9989245533943176
2244.965796587353,0.9935680000439162,0.9989245533943176
2244.9727409975153,0.9961820311777914,0.9989245533943176
2244.9796854076753,1.0061476410132837,0.9988142251968384
2244.9866298178385,1.0029471380058466,0.9987911581993103
2244.9935742279986,0.9917002691420719,0.998747706413269
2245.000518638161,1.002640757393879,0.9987911581993103
2245.0074630480317,1.002659790647119,0.998747706413269
2245.014407457646,1.0062800252272937,0.9986680150032043
2245.0213518672585,1.010071042632443,0.9986680150032043
2245.028296276873,1.0011388970341466,0.9986643195152283
2245.0352406864868,0.9964665915909643,0.9986546039581299
2245.0421850960997,1.0072844634144695,0.9986252188682556
2245.0491295054226,0.9916647734320466,0.9985347986221313
2245.0560739144908,0.9987317625569119,0.9983788728713989
2245.063018323558,0.9982717357323563,0.9982941150665283
2245.069962732626,0.99434754926018,0.9982138276100159
2245.0769071416917,1.0052009138933804,0.9982138276100159
2245.08385155076,0.999795880208078,0.9980838894844055
2245.090795959536,0.9998834801626619,0.9980159997940063
2245.0977403680586,0.9964788433778689,0.9980159997940063
2245.1046847765797,1.0004257927051896,0.9979539513587952
2245.111629185102,1.0021915572635045,0.9979539513587952
2245.1185735936233,1.008123113760924,0.9978997111320496
2245.125518002146,1.00084978006483,0.9978997111320496
2245.132462410377,0.9938927172229759,0.9978997111320496
2245.139406818355,1.000054354386659,0.9978997111320496
2245.146351226332,1.000136127553967,0.9978801608085632
2245.1532956343112,0.990905464665487,0.9978766441345215
2245.1602400422885,0.9968886641411419,0.9977671504020691
2245.1671844502653,1.003407362838084,0.9977598190307617
2245.1741288579537,0.9991071575792494,0.9977028369903564
2245.181073265389,1.00189828449999,0.9976472854614258
2245.1880176728228,1.0074199963866097,0.9976472854614258
2245.1949620802566,0.9969483776074705,0.9975833296775818
2245.2019064876918,1.0009676490919006,0.9975695013999939
2245.208850895127,0.9983976104635672,0.9975213408470154
2245.215795302271,0.9958277475496511,0.997317373752594
2245.222739709165,1.0031228612918501,0.9972912669181824
2245.229684116056,1.0005869671536862,0.9972912669181824
2245.236628522949,0.9970648656970904,0.9972710609436035
2245.24357292984,0.9936402019757667,0.9972286224365234
2245.250517336735,0.9931084250470618,0.9971939325332642
2245.257461743339,0.9953028838035063,0.9971126914024353
2245.2644061496903,1.0031451794886357,0.9971126914024353
2245.271350556042,0.9884494841951621,0.9970973134040833
2245.2782949623925,1.0002311706236477,0.9970607757568359
2245.285239368744,1.0037832894224479,0.9969425797462463
2245.2921837750955,0.997814901471448,0.9968120455741882
2245.2991281811605,0.990971784321939,0.9967562556266785
2245.306072586973,1.0056151598731977,0.9967332482337952
2245.313016992783,0.9901917241708417,0.9967332482337952
2245.3199613985958,0.996579260799087,0.9967332482337952
2245.3269058044057,1.000210017587777,0.9967332482337952
2245.333850210219,1.0071517805837664,0.9967332482337952
2245.3407946157427,1.0036948456705554,0.996721625328064
2245.347739021016,1.001032985193241,0.9966177940368652
2245.3546834262897,1.0041296681098477,0.9966177940368652
2245.3616278315617,0.9922050758691435,0.9966115951538086
2245.3685722368346,0.9979085686602291,0.9965687990188599
2245.375516642107,1.00553723673124,0.9965294003486633
2245.3824610470942,0.9964214343343368,0.9965294003486633
2245.3894054518278,0.9970694998363836,0.9965294003486633
2245.3963498565654,1.0049622019608961,0.9965294003486633
2245.403294261299,0.9969624034315868,0.9964206218719482
2245.410238666035,0.9968421276210027,0.9962192177772522
2245.4171830707687,0.9967576544926089,0.9962033033370972
2245.424127475219,0.992803669460852,0.9962033033370972
2245.4310718794163,0.9968320254299544,0.9962033033370972
2245.4380162836146,0.999384929013748,0.9962033033370972
2245.4449606878147,1.0010718270085328,0.9962033033370972
2245.4519050920126,0.9969108234979889,0.9961838722229004
2245.4588494962104,0.9962807822706757,0.9961838722229004
2245.465793900124,1.0015787278377575,0.9960108995437622
2245.4727383037866,0.9925623074165679,0.9960108995437622
2245.479682707449,0.9900545964891451,0.9960074424743652
2245.486627111111,0.9909906098251658,0.9960074424743652
2245.4935715147753,0.9974012928126911,0.9960074424743652
2245.500515918436,0.9905967592912339,0.9959229230880737
2245.5144047249423,1.005828420856202,0.9959229230880737
2245.5213491280706,1.011762175340512,0.9959229230880737
2245.528293531197,0.9936142787348928,0.9958965182304382
2245.5352379343262,1.0096977153049198,0.9958226084709167
2245.542182337454,0.9988643172786519,0.9958226084709167
2245.549126740298,1.0066796028594018,0.9958226084709167
2245.5560711428916,0.9977612553585652,0.9958226084709167
2245.563015545485,0.9943483414357618,0.9958226084709167
2245.569959948079,1.0018881159188853,0.9958226084709167
2245.576904350673,0.9960041516116469,0.9956859350204468
2245.583848753267,0.9981560431774316,0.9956859350204468
2245.590793155579,0.9991983160806468,0.9956859350204468
2245.597737557638,0.9968096856366303,0.9958226084709167
2245.6046819597,0.9939096087013833,0.9956859350204468
2245.6116263617596,0.9997029917193301,0.9955905675888062
2245.618570763822,0.9929637594818442,0.9955905675888062
2245.6255151658816,1.0066230272238232,0.9955905675888062
2245.63245956766,1.0047241735480288,0.9955527782440186
2245.6394039691895,1.0040833400086857,0.9955905675888062
2245.6463483707194,0.9976099843635108,0.9955905675888062
2245.6532927722465,1.00390259661031,0.9955905675888062
2245.6602371737763,0.9872916821832093,0.9955527782440186
2245.667181575305,0.9960670204478296,0.9955527782440186
2245.674125976551,0.9932704505237626,0.9955527782440186
2245.6810703775486,1.0066459098234024,0.9955527782440186
2245.6880147785473,1.0030861654865313,0.9955527782440186
2245.694959179545,0.9885864988200983,0.9953794479370117
2245.701903580544,1.0038537228462123,0.9953794479370117
2245.7088479815397,0.995716448970089,0.9953794479370117
2245.715792382256,0.9936129719653295,0.9955527782440186
2245.722736782723,1.000980984761418,0.9955527782440186
2245.7296811831916,1.0006694165771997,0.9955527782440186
2245.736625583658,1.0050738196271671,0.9955527782440186
2245.7435699841267,1.0027535826150222,0.9955527782440186
2245.7505143845933,1.0016833303357968,0.9955527782440186
2245.75745878478,1.008122565798722,0.9955527782440186
2245.7644031847162,0.9955313554700812,0.9955527782440186
2245.7713475846554,0.9912328376090911,0.9955905675888062
2245.778291984593,0.989054098373022,0.9955905675888062
2245.7852363845323,0.994054865290191,0.9955905675888062
2245.7921807844705,1.000211495615821,0.9956859350204468
2245.7991251841263,0.9928901616920344,0.9958226084709167
2245.8060695835356,0.9928919573324708,0.9958226084709167
2245.813013982946,1.0020902327816648,0.9956859350204468
2245.819958382355,1.006140496543576,0.9956859350204468
2245.8269027817623,1.0060921890179708,0.9958226084709167
2245.8338471811735,0.9921434745438938,0.9958226084709167
2245.840791580302,1.0037998145821685,0.9958226084709167
2245.847735979183,1.0029065670136246,0.9958965182304382
2245.8546803780646,0.9978880607564367,0.9959229230880737
2245.8616247769464,0.9920328875526414,0.9959229230880737
2245.868569175828,0.9901390966468356,0.9959229230880737
2245.8755135747087,1.0046978248208638,0.9958965182304382
2245.8824579733105,0.9964069234867434,0.9958226084709167
2245.8894023716657,0.9926242360790289,0.9958965182304382
2245.8963467700196,0.9978413814249157,0.9958965182304382
2245.903291168375,0.9946538773887652,0.9958965182304382
2245.910235566728,1.0016798765121986,0.9958965182304382
2245.9171799650835,0.9941632849785296,0.9958965182304382
2245.9241243631564,0.9932144791374335,0.9958965182304382
2245.9310687609873,0.996443195423559,0.9958226084709167
2245.9380131588136,0.9994571778960732,0.9958226084709167
2245.9449575566427,1.0070660966601412,0.9956859350204468
2245.951901954471,0.9919031241129067,0.9956859350204468
2245.9588463522996,0.9994991271390958,0.9956859350204468
2245.9657907498467,0.99839735051606,0.9956859350204468
2245.9727351471497,1.0006154495314021,0.9955905675888062
2245.979679544453,0.9950425140309651,0.9956859350204468
2245.9866239417565,0.9943124286270336,0.9958226084709167
2245.9935683390586,1.0,0.9956859350204468
2246.0005127363615,0.9877175103404175,0.9956859350204468
2246.007457133384,1.0041772329668806,0.9956859350204468
2246.0144015301626,0.9908993693318625,0.9955905675888062
2246.021345926939,1.0030910773108783,0.9955905675888062
2246.0282903237194,1.0073254060081045,0.9955905675888062
2246.0352347204957,0.9938034694319801,0.9954162240028381
2246.0421791172744,0.9952072181433722,0.9953794479370117
2246.049123513772,0.9935226365797317,0.9953794479370117
2246.0560679100263,0.9998635211413777,0.9953115582466125
2246.0630123062797,0.9949298478247748,0.9953794479370117
2246.069956702534,0.9965300565950422,0.9953794479370117
2246.076901098786,0.9972336023362341,0.9953794479370117
2246.0838454950426,1.0133307815902757,0.9953794479370117
2246.090789891017,1.0013831988318829,0.9953794479370117
2246.0977342867454,0.9911637912450622,0.9953794479370117
2246.1046786824772,1.0036147434775353,0.9953115582466125
2246.111623078206,0.9968412240650495,0.9953115582466125
2246.118567473937,1.0013061607658673,0.9953115582466125
2246.125511869666,0.9938189431161071,0.9952948689460754
2246.1324562651207,1.0142320671767513,0.9952948689460754
2246.139400660327,1.0014451790445207,0.9952948689460754
2246.1463450555348,1.0161477139228197,0.9952948689460754
2246.1532894507422,1.000530234346933,0.9952948689460754
2246.1602338459493,1.0007194155420946,0.9952948689460754
2246.1671782411563,0.994902613441389,0.9953115582466125
2246.1741226360864,0.9896426978690435,0.9953115582466125
2246.1810670307727,0.9917928658148383,0.9952948689460754
2246.1880114254586,0.9969217782169981,0.9952948689460754
2246.1949558201427,1.0033587896523695,0.9952948689460754
2246.2019002148286,0.9968791390872244,0.9952948689460754
2246.2088446095127,0.993315350541966,0.9953115582466125
2246.215789003922,0.997164545415511,0.9953115582466125
2246.2227333980845,1.000876423034637,0.9953115582466125
2246.22967779225,0.9895250829158472,0.9953115582466125
2246.243566580578,1.0038987854854726,0.9952948689460754
2246.2505109747403,0.992185121854189,0.9952948689460754
2246.2574553686277,0.9957758625490813,0.9953115582466125
2246.264399762271,0.9951626957946127,0.9953115582466125
2246.271344155913,0.9938992901427667,0.9953794479370117
2246.2782885495576,1.0040735164664278,0.9954162240028381
2246.2852329432003,0.9911180706613104,0.9954162240028381
2246.292177336843,0.9973690350999099,0.995462954044342
2246.2991217302097,0.9922130264856255,0.995462954044342
2246.306066123332,0.9935358138450426,0.995462954044342
2246.3130105164532,0.9985022065781497,0.9955905675888062
2246.3199549095766,0.9868367475338582,0.9956859350204468
2246.3268993027,1.003120173928056,0.9956859350204468
2246.333843695822,1.0092807675955855,0.9958226084709167
2246.3407880886684,1.0050901019450915,0.9958226084709167
2246.3477324812716,1.003711708491422,0.9958226084709167
2246.3546768738743,0.990047004479704,0.9958226084709167
2246.361621266477,0.9982400906851057,0.9956859350204468
2246.3685656590796,1.0010950121156517,0.9956859350204468
2246.375510051684,0.9933780261742137,0.9956859350204468
2246.3824544440095,0.998101589075946,0.9958226084709167
2246.389398836095,0.999100570606195,0.9958965182304382
2246.3963432281776,1.0069153958815016,0.9958965182304382
2246.403287620262,1.0052407625075157,0.9959920048713684
2246.4102320123443,1.0045176953841017,0.9960108995437622
2246.41717640443,0.9981697504950543,0.9960108995437622
2246.4241207962373,0.9942948925482442,0.9960108995437622
2246.431065187803,0.9982400664500736,0.9960108995437622
2246.438009579368,1.001043906176748,0.9960123300552368
2246.4449539709326,1.00028667016064,0.9961478114128113
2246.451898362498,1.013731629490848,0.9961519241333008
2246.4588427540634,1.0090520111298906,0.9961838722229004
2246.465787145353,0.992365252550201,0.9961838722229004
2246.4727315364016,1.012791572070733,0.9961838722229004
2246.4796759274473,0.9926640818527853,0.9962033033370972
2246.486620318495,0.9989385031895762,0.9961838722229004
2246.4935647095417,0.9883271134180129,0.9962033033370972
2246.5005091005874,1.0045180135387237,0.9962046146392822
2246.5074534913597,1.0092548157105048,0.9962192177772522
2246.514397881889,0.9937925783523051,0.9962431192398071
2246.52134227242,1.008563743397375,0.9962431192398071
2246.528286662949,1.0034457186089207,0.9962192177772522
2246.535231053478,0.9967688946579126,0.9962192177772522
2246.5421754440076,0.9988166937953186,0.9962431192398071
2246.549119834263,0.9955780078072602,0.9962431192398071
2246.556064224274,0.9959033655425855,0.9962589740753174
2246.5630086142864,1.0067618130705094,0.9962589740753174
2246.5699530043,1.0047520552872449,0.9962589740753174
2246.576897394313,1.00844478778006,0.9962589740753174
2246.583841784324,0.9897918280539499,0.9962589740753174
2246.5907861740634,1.0088946964644672,0.9962658286094666
2246.5977305635574,1.000285212190572,0.9964333772659302
2246.604674953054,1.0003971316554545,0.9964333772659302
2246.6116193425487,0.9988696245253613,0.9964379072189331
2246.618563732046,0.9988460426644219,0.9965294003486633
2246.6255081215418,1.0014721463557739,0.9965780377388
2246.6324525107634,1.0038807758298143,0.9966115951538086
2246.6393968997427,0.9820252161914139,0.9966115951538086
2246.646341288722,1.005137925193991,0.9966115951538086
2246.6532856777017,1.0017876404659025,0.9965780377388
2246.6602300666796,1.004883489968932,0.9965780377388
2246.667174455661,0.9959078865354837,0.9965294003486633
2246.6741188443657,1.0030043412587646,0.9965780377388
2246.6810632328306,1.0093914372805186,0.9965780377388
2246.688007621294,1.0052203360027225,0.9965780377388
2246.694952009758,1.0018537297534271,0.9965780377388
2246.7018963982214,0.9949799653763904,0.9965780377388
2246.708840786686,1.0007036328387031,0.9966115951538086
2246.7157851748766,0.9982618205532319,0.9966115951538086
2246.722729562826,1.005541973372143,0.9966886639595032
2246.729673950773,1.0052222962292041,0.9967175722122192
2246.7366183387226,0.9994696338308673,0.9967332482337952
2246.7435627266705,0.9941184311423074,0.9967332482337952
2246.75050711462,1.0007425365567844,0.9967332482337952
2246.7574515022934,1.0169071932160014,0.9967332482337952
2246.7643958897297,1.0077191049521994,0.9967175722122192
2246.771340277162,0.9992924353130274,0.9967175722122192
2246.7782846645964,0.9998442808090628,0.9967332482337952
2246.7852290520286,1.0041775911263637,0.9967562556266785
2246.7921734394636,0.9930843089780442,0.9967762231826782
2246.799117826623,1.0076921007012443,0.9967762231826782
2246.8060622135413,1.0097891961612449,0.9967762231826782
2246.8130066004633,1.0126460776182449,0.9967762231826782
2246.8199509873807,0.9909052352673404,0.996829092502594
2246.826895374301,1.0129803451865769,0.9967762231826782
2246.8338397612188,0.9993937018303459,0.9967562556266785
2246.840784147865,1.0081897194817016,0.9967562556266785
2246.84772853427,1.0032381548658582,0.9967562556266785
2246.854672920676,1.0037441707561445,0.9967562556266785
2246.861617307082,1.0088294450778115,0.9967562556266785
2246.8685616934868,0.9894681481175844,0.9967562556266785
2246.8755060798917,1.0010234533162667,0.9967562556266785
2246.882450466024,0.9946405490230551,0.9967562556266785
2246.8893948519153,0.9929312653775879,0.9967562556266785
2246.896339237806,1.002507186154745,0.9967762231826782
2246.9032836236975,1.00317668894979,0.996829092502594
2246.910228009591,1.0045313874053106,0.996829092502594
2246.9171723954814,1.0039064749186493,0.9968755841255188
2246.9241167811006,0.9901981085046733,0.996829092502594
2246.9310611664773,0.9913111650921682,0.9968755841255188
2246.938005551856,0.9985025731586732,0.9969090223312378
2246.9449499372326,0.9980644360497396,0.9969090223312378
2246.95189432261,0.9921314688749862,0.9969090223312378
2246.95883870799,1.0022950779289748,0.9969090223312378
2246.9657830930946,1.0001033611318384,0.9970520734786987
2246.9727274779602,1.0087901679232603,0.9971551299095154
2246.979671862824,0.9936668111819568,0.9971551299095154
2246.986616247689,0.999719656675665,0.9971551299095154
2246.9935606325544,1.0004581325429744,0.9972432851791382
2247.00050501742,0.992995562838392,0.9972432851791382
2247.007449402012,0.999185766702287,0.9972499012947083
2247.0143937863654,0.9927773105795896,0.9973128437995911
2247.0213381707163,0.9904091725782959,0.9973128437995911
2247.0282825550694,1.0062910950928023,0.9973276257514954
2247.03522693942,1.0024081807143177,0.9973128437995911
2247.0421713237733,0.9919416424896018,0.9972499012947083
2247.0491157078523,0.9957248418616447,0.9972499012947083
2247.056060091694,0.993073249259447,0.9972499012947083
2247.0630044755335,0.9965088918065466,0.9972499012947083
2247.069948859372,0.9989273931781442,0.9973128437995911
2247.0768932432125,1.0000148217803433,0.9973128437995911
2247.083837627051,1.01410238610941,0.9973128437995911
2247.0907820106186,0.9961461578150257,0.9973128437995911
2247.097726393946,0.9989501637358489,0.9973128437995911
2247.1046707772753,1.0002985229657393,0.9973276257514954
2247.1116151606025,0.987148135510369,0.997428297996521
2247.1185595439297,0.9949606999373135,0.997428297996521
2247.125503927257,0.9985148934324145,0.9974733591079712
2247.1324483103126,0.9970942663307782,0.9975975155830383
2247.139392693127,1.000098226022499,0.9975975155830383
2247.146337075944,0.9979845024979644,0.9974733591079712
2247.1532814587604,0.9861655567855919,0.9974733591079712
2247.1602258415764,1.0007159644963837,0.997428297996521
2247.167170224392,0.9998145101580189,0.997428297996521
2247.174114606936,1.0010495354686577,0.997428297996521
2247.181058989239,0.9929111088934133,0.997428297996521
2247.1880033715415,0.9883925294472736,0.9974733591079712
2247.1949477538474,0.9996515485625214,0.9975975155830383
2247.2018921361514,0.9986582349225893,0.9975975155830383
2247.208836518456,1.0025525213109476,0.9974733591079712
2247.2157809004875,1.008624830307675,0.9975975155830383
2247.222725282281,0.9998303748918035,0.9975975155830383
2247.2296696640724,1.0008202790131653,0.9976022243499756
2247.2366140458653,0.9921697963502983,0.9976248741149902
2247.243558427658,0.9957415069124336,0.9976253509521484
2247.2505028094524,1.0062640673252807,0.9976248741149902
2247.2574471909716,1.0109105513313437,0.9976253509521484
2247.264391572254,0.9957525103473377,0.9976698160171509
2247.271335953535,1.010590315926721,0.9976698160171509
2247.2782803348173,0.9984744405614919,0.9976698160171509
2247.285224716097,1.0063746697508837,0.9976698160171509
2247.29216909738,0.9999742510598139,0.9976955056190491
2247.29911347839,1.001232543816661,0.9976955056190491
2247.3060578591603,1.0026252445615176,0.9977001547813416
2247.3130022399305,0.9991307002247921,0.9977763891220093
2247.3199466207006,1.0033802726723027,0.997962236404419
2247.326891001472,1.0037377827203202,0.9980451464653015
2247.3338353822414,1.0110942637066118,0.9980451464653015
2247.340779762741,0.9955257794468241,0.997962236404419
2247.347724143001,1.0092283187963371,0.997962236404419
2247.354668523262,1.0067388653821914,0.9977763891220093
2247.36161290352,0.9889725442733537,0.997962236404419
2247.368557283781,1.0003734975814926,0.9980451464653015
2247.37550166404,1.0150749333255458,0.9980451464653015
2247.3824460440287,1.0133900935356122,0.9980837106704712
2247.3893904237766,1.0093635940282348,0.9980837106704712
2247.3963348035286,1.0133308522044644,0.9980837106704712
2247.403279183277,1.004887529257872,0.9980837106704712
2247.4102235630253,1.0113640638979864,0.9980837106704712
2247.4171679427754,1.0125422019835575,0.9980837106704712
2247.424112322252,0.9906603652407364,0.998142421245575
2247.4310567014913,0.9965611824449522,0.9981664419174194
2247.4380010807286,1.0042895668703549,0.9982771277427673
2247.4449454599703,1.0090430285855567,0.9983004927635193
2247.4518898392075,1.0061307388660354,0.9983595609664917
2247.458834218447,1.0108455712683468,0.9983595609664917
2247.4657785974146,1.0028172454971416,0.9983595609664917
2247.4727229761434,0.9956789061340464,0.9983595609664917
2247.479667354871,1.0055800738719887,0.9983004927635193
2247.4866117335996,0.993112003956366,0.9983004927635193
2247.4935561123293,0.9983854272178568,0.9983004927635193
2247.5005004910586,1.0032509382965356,0.9983004927635193
2247.507444869514,1.000708532475619,0.9983004927635193
2247.514389247732,1.0003105315080218,0.9983004927635193
2247.5213336259512,0.996842979423541,0.9983004927635193
2247.5282780041684,0.9940816909822808,0.9983004927635193
2247.5352223823875,1.009335946789432,0.9983004927635193
2247.542166760606,1.0116454664783727,0.9983595609664917
2247.5491111385545,1.0097948900321796,0.9984179139137268
2247.556055516263,1.0046775908159633,0.9984205365180969
2247.5629998939708,1.0027741363262732,0.9984254240989685
2247.569944271679,0.992832903809431,0.9984205365180969
2247.5768886493884,0.9975996251384344,0.9984205365180969
2247.5838330270963,1.0109751122892232,0.9984205365180969
2247.590777404533,1.0060263092021673,0.9984205365180969
2247.597721781732,1.0046556338363242,0.9984179139137268
2247.6046661589316,0.9880784804614632,0.9984205365180969
2247.6116105361284,0.9992030788891006,0.9984205365180969
2247.618554913327,0.9998514697716807,0.9984254240989685
2247.625499290526,1.007079638621681,0.998462438583374
2247.632443667453,1.004107042791292,0.998465359210968
2247.6393880441415,1.0054592824068145,0.998465359210968
2247.646332420831,1.0009024880146333,0.998465359210968
2247.6532767975204,0.9927525759084174,0.998465359210968
2247.660221174208,0.9962986664501691,0.9984689950942993
2247.6671655508985,0.9928971861077764,0.9984689950942993
2247.6741099273145,1.0025348573479373,0.9984751343727112
2247.6810543034944,0.9901018593525487,0.9984689950942993
2247.687998679672,0.9928201520714393,0.998465359210968
2247.694943055854,1.0005233570858771,0.998465359210968
2247.701887432031,1.0005071794002067,0.998465359210968
2247.70883180821,1.0020059733268767,0.998465359210968
2247.715776184119,1.00757506926233,0.9984689950942993
2247.722720559787,1.0064735778296958,0.9984751343727112
2247.729664935457,1.0113569226355426,0.9984751343727112
2247.736609311126,1.0023045514428355,0.9984751343727112
2247.743553686797,0.9955838352660968,0.9986104965209961
2247.750498062465,1.0037613755512558,0.998630702495575
2247.757442437865,1.0027948824146562,0.998755693435669
2247.7643868130235,0.9919335060378437,0.998630702495575
2247.771331188184,1.0036834251478863,0.998630702495575
2247.7782755633425,1.0001915692806425,0.998755693435669
2247.785219938503,1.0083777244911478,0.998755693435669
2247.7921643136638,1.0033791423769236,0.9986664652824402
2247.799108688551,0.9929967114582929,0.9986664652824402
2247.806053063203,0.992660868263582,0.9986664652824402
2247.8129974378517,0.9907734139914054,0.9986664652824402
2247.8199418125027,1.002561707083737,0.9986664652824402
2247.8268861871516,0.987889360086988,0.998755693435669
2247.8338305618026,0.9954764124020739,0.9986664652824402
2247.8407749361822,1.0009445030311535,0.9986664652824402
2247.847719310324,0.990924328840163,0.998630702495575
2247.8546636844644,1.004523570536729,0.998630702495575
2247.861608058605,1.002773204382692,0.9986104965209961
2247.868552432745,0.9898671378324717,0.9986104965209961
2247.8754968068865,0.9971537956086706,0.998630702495575
2247.882441180755,0.996313662861538,0.9986664652824402
2247.8893855543865,1.0020013917120325,0.998755693435669
2247.8963299280185,1.0003049591975335,0.998755693435669
2247.903274301649,1.0000893473009564,0.9986664652824402
2247.910218675281,0.996756224676937,0.998630702495575
2247.917163048911,1.0007810558793973,0.998630702495575
2247.924107422272,0.9928815643893908,0.998630702495575
2247.931051795393,0.9992948307543079,0.9986664652824402
2247.9379961685163,1.0025873191878418,0.998755693435669
2247.944940541637,0.994453203981299,0.998755693435669
2247.951884914759,0.9950526785682315,0.998755693435669
2247.9588292878807,1.0011609337122547,0.998755693435669
2247.9657736607296,1.0037913217091918,0.9986664652824402
2247.9727180333425,1.0049202868884255,0.998755693435669
2247.9796624059545,0.9896509619642475,0.998755693435669
2247.9866067785683,0.9931599621397036,0.998755693435669
2247.9935511511803,1.0018258163775622,0.998755693435669
2248.000495523792,0.9979219155300163,0.9989252090454102
2248.007439896133,0.9986490687399124,0.998947024345398
2248.0143842682355,0.9996833447198761,0.998947024345398
2248.0213286403373,1.002686756870431,0.9989506602287292
2248.035217384543,1.0022219020147118,0.9989717602729797
2248.0421617566467,0.997666055614298,0.9989506602287292
2248.0491061284774,0.9944413185318222,0.998947024345398
2248.056050500069,0.9922042343345558,0.9989506602287292
2248.062994871663,0.9892177688372361,0.9989506602287292
2248.069939243254,0.9941397804519448,0.9989506602287292
2248.0768836148477,1.0097981708195691,0.9989717602729797
2248.0838279864415,0.9950196405348947,0.9989879131317139
2248.0907723577634,0.9976514053859384,0.9989879131317139
2248.0977167288465,0.9858552210580392,0.9989717602729797
2248.1046610999306,0.9986290544162831,0.9989717602729797
2248.1116054710124,1.001671542870167,0.9989717602729797
2248.118549842096,1.00146250923913,0.9989879131317139
2248.125494213179,1.0055470667167048,0.9990078210830688
2248.1324385839903,0.999157785206589,0.9990078210830688
2248.1393829545646,1.004371927685037,0.9990078210830688
2248.146327325138,0.9978473882451492,0.9990078210830688
2248.1532716957117,0.9954999120004534,0.9990602731704712
2248.160216066284,0.9902785856832196,0.9990602731704712
2248.167160436858,0.9966883397742633,0.9992361664772034
2248.17410480716,0.9877313134748295,0.9993664622306824
2248.1810491772253,0.9964567624883943,0.9993664622306824
2248.1879935472875,0.9973099472193813,0.9994106888771057
2248.1949379173516,1.0036639740192885,0.9994585514068604
2248.2018822874147,1.0021086622356257,0.9995623826980591
2248.208826657477,0.9915718508081813,0.9995623826980591
2248.21577102727,0.9927764513913462,0.9995623826980591
2248.2227153968233,1.005919305058583,0.9995623826980591
2248.229659766378,0.9977288439972775,0.9995623826980591
2248.2366041359314,1.0045216797693293,0.9995623826980591
2248.2435485054843,1.0049195360680707,0.9995623826980591
2248.250492875038,0.9985206805966461,0.9995623826980591
2248.257437244321,0.9910687517038678,0.9996097087860107
2248.264381613364,1.0031854425834439,0.9996097087860107
2248.271325982407,0.999388009713132,0.9995623826980591
2248.2782703514513,0.997575712256395,0.9995623826980591
2248.2852147204944,0.995852191526164,0.9994585514068604
2248.292159089537,1.0017213604950153,0.9994585514068604
2248.299103458309,1.0004440778850345,0.9994106888771057
2248.3060478268426,0.9972918167228663,0.9994106888771057
2248.312992195376,0.999006269750262,0.9994585514068604
2248.3199365639084,1.0036615849787405,0.9994106888771057
2248.3268809324427,1.00180521002578,0.9994585514068604
2248.3338253009765,1.0053403258205287,0.9994106888771057
2248.3407696692375,0.9988965364233335,0.9994032979011536
2248.3477140372615,0.9977161720509964,0.9993664622306824
2248.354658405283,1.0068246914139833,0.9994032979011536
2248.3616027733055,0.9848573450375301,0.9994032979011536
2248.368547141328,1.0000552864952745,0.9994032979011536
2248.3754915093523,1.0034696641307628,0.9994106888771057
2248.3824358771026,0.9920337938141489,0.9994106888771057
2248.389380244615,1.0037102784870824,0.9994032979011536
2248.396324612128,0.9870079700776312,0.9993664622306824
2248.4032689796386,0.9985941639071984,0.9992361664772034
2248.410213347152,1.002590348687017,0.9990602731704712
2248.4171577146635,1.0017479119146901,0.9990078210830688
2248.424102081906,1.0035353917450804,0.9989879131317139
2248.431046448906,1.0089544936400523,0.9989717602729797
2248.437990815907,1.0029402806032113,0.9989717602729797
2248.444935182909,1.0079831312296894,0.9989717602729797
2248.4518795499102,1.0005912303516147,0.9989717602729797
2248.4588239169116,1.0072222704522353,0.9989717602729797
2248.465768283641,1.0012332625142673,0.9989506602287292
2248.4727126501334,1.006403393885874,0.998947024345398
2248.4796570166222,0.9989701955816868,0.9988857507705688
2248.4866013831147,0.9900104716415417,0.998947024345398
2248.4935457496035,0.9952412867912814,0.9988857507705688
2248.500490116094,0.9874011533722564,0.998947024345398
2248.5074344823124,0.9973815526073194,0.998947024345398
2248.5143788482915,0.9995762156113767,0.9988857507705688
2248.5213232142723,1.002718497490411,0.9988857507705688
2248.535211946232,0.9911594232474678,0.9988857507705688
2248.5421563122095,1.006359749386014,0.9988857507705688
2248.5491006779175,1.00115726195902,0.9988857507705688
2248.556045043385,1.010437793977297,0.9988857507705688
2248.562989408854,1.0020530851952185,0.9988662004470825
2248.5699337743213,1.0121995614794161,0.998755693435669
2248.576878139789,1.0078909124961661,0.9986664652824402
2248.5838225052576,0.9983149624731185,0.9986473917961121
2248.5907668704526,1.0037601665381168,0.9986664652824402
2248.5977112354094,1.0043866381321935,0.998755693435669
2248.6046556003653,0.9943383533942992,0.9986664652824402
2248.611599965322,0.9933850170962509,0.9986664652824402
2248.6185443302784,1.016514448986481,0.9986664652824402
2248.6254886952365,0.9974586452406626,0.9986664652824402
2248.632433059919,1.0085177163402843,0.9986664652824402
2248.639377424362,1.0023609293145868,0.9986664652824402
2248.646321788807,1.0041053391970634,0.9986473917961121
2248.653266153252,1.0076431385172102,0.998630702495575
2248.6602105176967,0.9954112519437613,0.998630702495575
2248.667154882142,1.0081930887596653,0.998630702495575
2248.6740992463147,0.9998380708695702,0.998630702495575
2248.6810436102455,1.0029663530605353,0.998630702495575
2248.6879879741787,1.0041559024779574,0.998630702495575
2248.6949323381104,0.9914657142805977,0.9985154867172241
2248.7018767020413,0.9976214623535501,0.9985154867172241
2248.7088210659745,1.0041478458791653,0.9985154867172241
2248.7157654296348,0.9978751587094556,0.9985154867172241
2248.722709793055,0.9975250021938294,0.9984689950942993
2248.7296541564738,1.0056951215799392,0.9984689950942993
2248.736598519894,1.008160299254949,0.998465359210968
2248.7435428833137,1.0049926964614269,0.998465359210968
2248.750487246733,1.001497723775059,0.998462438583374
2248.75743160988,1.0089611117947461,0.9983004927635193
2248.7643759727875,1.0112263915536712,0.998462438583374
2248.7713203356952,1.0023621530574636,0.9983004927635193
2248.7782646986007,0.9949217560308998,0.9983004927635193
2248.785209061509,1.0069295515001968,0.9983004927635193
2248.7921534244156,1.0034339972474287,0.9983004927635193
2248.79909778705,0.9925220478266287,0.9983004927635193
2248.8060421494433,1.0003665955507122,0.9983004927635193
2248.8129865118385,0.9986867321855585,0.9982309341430664
2248.8199308742323,1.0026418214595867,0.9982309341430664
2248.826875236627,1.0055826719823142,0.9982309341430664
2248.8338195990204,1.0073797356129606,0.9983004927635193
2248.8407639611396,1.0024957753445147,0.9983004927635193
2248.847708323021,0.9990800779874184,0.998462438583374
2248.8546526849,0.9991448486158189,0.998462438583374
2248.861597046782,0.991252158450717,0.9983004927635193
2248.8685414086626,1.0072912511494174,0.9983004927635193
2248.8754857705435,0.995989480498878,0.9983004927635193
2248.8824301321506,1.000937266605062,0.9983004927635193
2248.889374493517,1.0020435612238154,0.9983004927635193
2248.8963188548837,1.0032815128508508,0.998462438583374
2248.903263216249,1.005761302623897,0.998462438583374
2248.910207577618,0.9988631411546006,0.998462438583374
2248.9171519389834,0.9934071857788772,0.998462438583374
2248.9240963000775,0.9971432272607337,0.998462438583374
2248.93104066093,1.006647715492892,0.998465359210968
2248.937985021782,1.0013258538698904,0.998465359210968
2248.9449293826347,1.0101457967656449,0.998465359210968
2248.9518737434873,1.006207992863193,0.998465359210968
2248.95881810434,0.9996658800490871,0.998465359210968
2248.965762464918,0.9986954624443259,0.9984689950942993
2248.972706825257,0.9993678786355634,0.9984689950942993
2248.9796511855943,0.999765214620879,0.998465359210968
2248.986595545933,1.0122594024440483,0.998465359210968
2248.9935399062697,1.0033031229591283,0.998462438583374
2249.0004842666085,0.9982150819131146,0.998465359210968
2249.007428626672,0.9955122144810106,0.998465359210968
2249.014372986495,1.0116581161477654,0.998462438583374
2249.02131734632,1.003314704066879,0.998462438583374
2249.028261706141,0.9933725812345174,0.998465359210968
2249.035206065965,1.0039993507435079,0.998465359210968
2249.0421504257865,1.0030067213806741,0.998465359210968
2249.0490947853364,1.0004210377012308,0.998465359210968
2249.0560391446434,0.994349948930038,0.9984689950942993
2249.0629835039526,1.0048579569026599,0.9985154867172241
2249.0699278632605,0.9879181281376975,0.9986473917961121
2249.0768722225666,0.9888555804432188,0.9986664652824402
2249.083816581875,1.0010684208933758,0.9987097382545471
2249.090760940908,1.0033380543507655,0.9987097382545471
2249.0977052996996,0.9969721677646172,0.9988662004470825
2249.1046496584904,0.9982443559163511,0.9988857507705688
2249.111594017284,0.9892838801568843,0.9989506602287292
2249.1185383760753,0.9882368001099473,0.9992361664772034
2249.125482734868,1.0086277062158544,0.9989506602287292
2249.1324270933837,1.0030262811959194,0.9988857507705688
2249.139371451659,0.9886007406287336,0.9988662004470825
2249.146315809934,0.9953624788629928,0.9988857507705688
2249.1532601682093,0.9968433949386193,0.9988662004470825
2249.1602045264867,1.0085728323774614,0.9988857507705688
2249.1671488847614,0.9889792788150035,0.9989506602287292
2249.174093242763,1.0099021134128203,0.9992361664772034
2249.18103760052,1.0083527934441072,0.9994032979011536
2249.1879819582796,0.9893241002301815,0.9994032979011536
2249.194926316038,1.0011302420409365,0.9994032979011536
2249.201870673796,1.0015922301933793,0.9994313716888428
2249.208815031556,1.0030989661067542,0.9994032979011536
2249.2157593890392,0.9996297511614044,0.9992361664772034
2249.2227037462812,0.9972199424244266,0.9992361664772034
2249.2365924607634,1.0063509094091712,0.9994032979011536
2249.2435368180045,1.0027098492812239,0.9992361664772034
2249.2504811752447,0.9886402653274652,0.9994032979011536
2249.2574255322133,0.9969819060481457,0.9994032979011536
2249.2643698889356,0.9957999095822153,0.9992361664772034
2249.2713142456596,1.011381080660144,0.9992361664772034
2249.278258602383,1.0019623128795356,0.9992361664772034
2249.2852029591063,0.9892419369716117,0.9990118741989136
2249.29214731583,0.9985507982062706,0.9992361664772034
2249.299091672279,0.9902142044920066,0.9992361664772034
2249.3060360284844,0.9861974191621877,0.9992361664772034
2249.312980384688,0.9977724594970668,0.9990118741989136
2249.3199247408943,1.0003918108606606,0.9990118741989136
2249.3268690970995,1.0014303751444307,0.9990118741989136
2249.3338134533046,0.9975271824378046,0.9990118741989136
2249.3407578092338,1.0029405801855513,0.9990118741989136
2249.3477021649205,0.9943026598646348,0.9988857507705688
2249.3546465206077,0.9908786710548881,0.9988662004470825
2249.3615908762927,0.997963782247623,0.9988857507705688
2249.36853523198,1.0052473601192278,0.9988857507705688
2249.3754795876657,1.0007017462621568,0.9988662004470825
2249.382423943077,1.0062715588565212,0.9988662004470825
2249.3893682982425,1.0042793208369925,0.9988148212432861
2249.39631265341,0.994975393457622,0.9988148212432861
2249.403257008578,0.9957667485492321,0.9988148212432861
2249.4102013637453,0.996445539987332,0.9987097382545471
2249.4171457189123,0.9973962686674502,0.9987097382545471
2249.424090073801,0.9999375729943877,0.9987097382545471
2249.431034428449,0.9998054975035464,0.9987097382545471
2249.4379787830944,0.9950456712724792,0.9986664652824402
2249.444923137742,0.9954208463785665,0.9986664652824402
2249.4518674923893,0.9971932891284031,0.9986664652824402
2249.4588118470374,0.9988530858204677,0.9986473917961121
2249.465756201407,1.0044884845029898,0.9985223412513733
2249.472700555532,1.0016214452202763,0.9985172152519226
2249.479644909659,0.9950904084272557,0.9985154867172241
2249.486589263785,0.9972527370852139,0.9985154867172241
2249.493533617911,0.9964780379541687,0.9985154867172241
2249.5004779720375,1.0028976302372627,0.9985154867172241
2249.5074223258875,0.99192302434709,0.9985154867172241
2249.514366679492,1.0041253343786798,0.9985172152519226
2249.521311033097,0.9961317242130617,0.9985223412513733
2249.5282553867014,0.9822161269189386,0.9985223412513733
2249.5351997403063,1.0022992597282536,0.9986473917961121
2249.542144093911,0.9953253931893442,0.9985223412513733
2249.549088447239,0.9904318374208565,0.9986473917961121
2249.5560328003226,0.9981113182121394,0.9985223412513733
2249.562977153405,1.0154374263796835,0.9985172152519226
2249.569921506489,0.9943215592357114,0.9985154867172241
2249.5768658595707,0.9965259889693657,0.9984689950942993
2249.5838102126536,0.9974387935665704,0.9983264207839966
2249.590754565459,0.9942962355775798,0.9982309341430664
2249.5976989180203,1.0026600928040996,0.9982309341430664
2249.6046432705803,1.009324834411462,0.9982309341430664
2249.6115876231406,0.9945583194245539,0.9982118606567383
2249.618531975702,1.0021013240395482,0.9982309341430664
2249.625476328261,1.00654735120438,0.9982309341430664
2249.6324206805425,0.9910213733434858,0.9982118606567383
2249.6393650325804,0.9963002318669445,0.9982309341430664
2249.6463093846182,0.9954335096651288,0.9982118606567383
2249.6532537366556,0.9994686878105591,0.9982118606567383
2249.6601980886917,0.9932811501246397,0.9981317520141602
2249.6671424407295,1.0013971297386715,0.9980397820472717
2249.6740867924877,1.0044999713037173,0.9980397820472717
2249.6810311439995,0.9999674516667703,0.9980397820472717
2249.6879754955135,0.9986768223957022,0.9980072975158691
2249.694919847027,0.9992580530183619,0.9980072975158691
2249.7018641985405,0.9880894306806633,0.9980072975158691
2249.7088085500523,0.9916427493331257,0.9980072975158691
2249.715752901287,1.0,0.9980397820472717
2249.7226972522753,1.00414207445581,0.9980072975158691
2249.729641603263,0.998017597480317,0.9980397820472717
2249.7365859542515,1.0043507864662717,0.9980397820472717
2249.7435303052403,0.9917613605144452,0.9980072975158691
2249.7504746562295,1.0065416515167658,0.9980072975158691
2249.7574190069367,0.998396479553248,0.9980072975158691
2249.7643633574003,0.9974017820583447,0.9980072975158691
2249.7713077078624,1.0048646112491657,0.9980072975158691
2249.778252058325,0.999934781767371,0.9980072975158691
2249.7851964087877,1.008996652130725,0.9980072975158691
2249.792140759251,0.9970717491338875,0.9980072975158691
2249.799085109435,1.0031067908745948,0.9979797601699829
2249.8060294593697,1.004453238132791,0.9979797601699829
2249.812973809308,1.0139931332128986,0.9980072975158691
2249.819918159243,0.9966747062671139,0.9980072975158691
2249.8268625091805,0.9974751227082241,0.9980072975158691
2249.8338068591156,0.9878709852202567,0.9979797601699829
2249.8407512087724,1.0014922331486478,0.9979422092437744
2249.8476955581827,1.0055412913655537,0.9978547096252441
2249.8546399075917,1.0031765897164986,0.9978547096252441
2249.8615842570016,0.9954038008212541,0.9978547096252441
2249.8685286064097,0.9992434908317014,0.9979422092437744
2249.87547295582,0.9965009930526332,0.9979797601699829
2249.882417304947,1.0092347265375414,0.9979797601699829
2249.8893616538294,1.0105851156658159,0.9979797601699829
2249.8963060027113,0.9954065268529149,0.9979797601699829
2249.9032503515923,1.0113365281998856,0.9979422092437744
2249.910194700474,0.9959609285438149,0.9978547096252441
2249.917139049355,1.0068807394250265,0.9978547096252441
2249.924083397955,1.002347259674681,0.9978547096252441
2249.931027746308,1.0069855107368493,0.9978547096252441
2249.9379720946613,1.0052644896215475,0.9978547096252441
2249.9449164430134,1.0037770525896272,0.9978470802307129
2249.951860791366,0.9958017294248872,0.9978378415107727
2249.958805139719,0.9994969219472191,0.9978378415107727
2249.965749487789,1.0029113656155888,0.9978378415107727
2249.9726938356125,1.0033280553898525,0.9977880716323853
2249.9796381834353,1.0001921134788514,0.9977880716323853
2249.9865825312586,0.9998130238840781,0.9977880716323853
2249.9935268790823,1.0034321168575635,0.9977880716323853
2250.0004712269038,0.9940570268790413,0.9977880716323853
2250.0074155744455,1.0085425982368332,0.9977880716323853
2250.0143599217363,1.0000591394104672,0.9977880716323853
2250.0213042690298,0.9970354390178516,0.9978470802307129
2250.0282486163214,1.0004803747616047,0.9978470802307129
2250.0351929636145,1.0085907159244532,0.9978470802307129
2250.042137310908,1.0059597053860752,0.9978470802307129
2250.049081657916,1.0061363963267398,0.9978470802307129
2250.0560260046777,1.0037052334077214,0.9977880716323853
2250.0629703514373,1.0103478436755418,0.9977880716323853
2250.0699146981997,1.0134528826547557,0.9978470802307129
2250.0768590449593,1.0051395679231514,0.9978470802307129
2250.0838033917207,1.0008645192644496,0.9978470802307129
2250.0907477381993,1.00840320874985,0.9978547096252441
2250.0976920844273,1.0080745012154522,0.9978470802307129
2250.104636430656,1.0094961166912564,0.9977880716323853
2250.1115807768833,1.00977630138433,0.9978470802307129
2250.1185251231104,1.0064687521055968,0.9978470802307129
2250.12546946934,1.006530396815119,0.9978470802307129
2250.1324138152854,0.9924967851812986,0.9978547096252441
2250.1393581609805,0.9946906510539493,0.9978547096252441
2250.1463025066755,0.9957607912886945,0.9978470802307129
2250.1532468523696,1.0107673953963348,0.9978470802307129
2250.1601911980647,0.9926143393099572,0.9978547096252441
2250.1671355437584,1.0054718799103513,0.9979422092437744
2250.1740798891697,1.0023654184425226,0.9978547096252441
2250.181024234331,1.0123222770330293,0.9978547096252441
2250.187968579492,1.0101819317392802,0.9978547096252441
2250.1949129246523,1.0011596523647255,0.9978547096252441
2250.2018572698125,1.0009621757644482,0.9978547096252441
2250.208801614973,1.0032779215888852,0.9978470802307129
2250.215745959848,0.9998188887991563,0.9978470802307129
2250.222690304473,0.9919850567254472,0.9977880716323853
2250.2296346490984,0.9985642265347663,0.9977880716323853
2250.2365789937244,1.0018188175971274,0.9978470802307129
2250.2435233383485,0.9795956011482163,0.9978470802307129
2250.2504676829744,1.0087037312252436,0.9978470802307129
2250.2574120273125,1.0019170641286443,0.9978547096252441
2250.264356371401,0.9983302565680596,0.9979422092437744
2250.27130071549,0.9996811266008024,0.9979797601699829
2250.2782450595782,0.9919644343932266,0.9979422092437744
2250.2851894036676,1.000270207443343,0.9979422092437744
2250.2921337477555,1.0064744665911551,0.9979422092437744
2250.299078091559,0.993575349025719,0.9979797601699829
2250.3060224351084,0.9956898034518362,0.9980072975158691
2250.312966778659,0.9923958732535655,0.9980397820472717
2250.31991112221,1.0054291590384155,0.9980987906455994
2250.326855465762,0.9991026746041685,0.9980987906455994
2250.3337998093134,0.9983770986984482,0.9980987906455994
2250.3407441525765,1.00319450468516,0.9980987906455994
2250.347688495587,0.9962553117083048,0.9980987906455994
2250.3546328386005,0.9936693352930451,0.9980987906455994
2250.361577181611,1.0053177249116605,0.9980987906455994
2250.368521524624,0.9883975336629897,0.9980987906455994
2250.375465867637,0.9972607270127252,0.9980987906455994
2250.382410210362,0.979511587686087,0.9980987906455994
2250.3893545528335,0.9866968691310354,0.9980397820472717
2250.3962988953044,1.0066678897820178,0.9980278015136719
2250.403243237778,1.0004783709159084,0.9980397820472717
2250.410187580249,0.9904724418806234,0.9980987906455994
2250.4171319227216,0.9967780643233416,0.9981294870376587
2250.4240762649047,0.9993594227674776,0.9981294870376587
2250.4310206068385,1.0006529385159317,0.9981294870376587
2250.437964948768,0.9996510069470758,0.9980987906455994
2250.444909290699,1.0069733164678452,0.9981294870376587
2250.451853632631,1.0063324406535978,0.9981294870376587
2250.45879797456,0.9984073650795774,0.9981294870376587
2250.465742316204,1.0003110367717238,0.9982118606567383
2250.472686657592,0.9938152975838648,0.9981294870376587
2250.4796309989815,0.9919633062827886,0.9980987906455994
2250.4865753403697,1.0013228364738358,0.9981294870376587
2250.4935196817582,1.0114356917591556,0.9982118606567383
2250.5004640231473,0.9982483277646885,0.9983264207839966
2250.507408364246,0.9986176806939135,0.9982118606567383
2250.5143527050914,1.001475289982526,0.9982118606567383
2250.5212970459365,1.0138877526195471,0.9981294870376587
2250.528241386782,0.9971908763820805,0.9982118606567383
2250.5351857276273,1.0038749127019082,0.9982118606567383
2250.5421300684716,0.9829524167025662,0.9981294870376587
2250.549074409028,1.006033480430419,0.9982118606567383
2250.5560187493284,0.9976834031697631,0.9983264207839966
2250.562963089627,0.9959359699585734,0.9983264207839966
2250.569907429928,0.988328951615301,0.9983264207839966
2250.576851770229,0.9992260657982572,0.9984241724014282
2250.58379611053,0.9992848847902773,0.9984461665153503
2250.5907404505383,0.9921219359278726,0.9985172152519226
2250.5976847902934,0.9946245118368247,0.9985172152519226
2250.6046291300468,1.0054899199449103,0.9985172152519226
2250.6115734698,0.9873736407423325,0.9984461665153503
2250.6185178095548,1.0023456901190109,0.9984461665153503
2250.6254621493094,0.9883701098199424,0.9984461665153503
2250.6324064887735,0.9988296920801901,0.9984461665153503
2250.6393508279784,1.0019755450268766,0.9985172152519226
2250.6462951671847,0.9987796393656441,0.9985223412513733
2250.6532395063923,1.0008989743275973,0.9985223412513733
2250.660183845597,0.993323294481972,0.9987097382545471
2250.667128184805,0.997106522719723,0.9987126588821411
2250.6740725237205,0.9925534229772963,0.9987126588821411
2250.6810168623783,1.0027146198377388,0.9987097382545471
2250.687961201036,0.9991409448460808,0.9987126588821411
2250.6949055396926,0.9993782428072248,0.9987197518348694
2250.701849878351,1.0148452211875294,0.9987493753433228
2250.7087942170074,0.9904220193297418,0.9987812042236328
2250.715738555374,1.0029019916012443,0.9987812042236328
2250.7226828934813,0.9914722104926965,0.9988148212432861
2250.7296272315884,1.005867121869802,0.9987812042236328
2250.7365715696965,0.9963626668016126,0.9988148212432861
2250.7435159078027,0.9951348460482851,0.9988148212432861
2250.7504602459107,1.0063249428026864,0.9988415241241455
2250.7574045837237,1.0009560335557575,0.9988415241241455
2250.764348921281,1.0028451184256828,0.9990118741989136
2250.771293258836,1.0037407679039954,0.9992244839668274
2250.7782375963916,1.0059247147990429,0.9990118741989136
2250.7851819339476,0.9994337327731796,0.9990118741989136
2250.792126271502,0.9964074756581461,0.9990118741989136
2250.7990706087644,0.996618267156656,0.9990118741989136
2250.8060149457665,1.0132498536153576,0.9990118741989136
2250.8129592827677,1.0088025288774807,0.9990118741989136
2250.8199036197716,1.0017139501771715,0.9988415241241455
2250.826847956774,0.9984285204417637,0.9990118741989136
2250.8337922937767,0.9923116545043442,0.9992244839668274
2250.840736630483,0.9933067481497673,0.9994199872016907
2250.847680966931,0.9960460994124087,0.9992244839668274
2250.8546253033787,1.0022671519466626,0.9992244839668274
2250.8615696398247,0.9968028307933481,0.9992244839668274
2250.868513976275,0.999487777678691,0.9992244839668274
2250.875458312721,1.0122567576473156,0.9994199872016907
2250.8824026488737,1.0029171064431948,0.9994498491287231
2250.889346984765,0.9980370331893168,0.9994498491287231
2250.8962913206547,1.0046102137728408,0.9994498491287231
2250.9032356565463,0.9956675843719384,0.9995752573013306
2250.9101799924374,0.9958493961570868,0.9995752573013306
2250.917124328331,1.0038644620993475,0.9996619820594788
2250.9240686639237,0.9932075428948257,0.9996619820594788
2250.931012999257,0.9916181246271587,0.9996619820594788
2250.9379573345905,0.9966381814289608,0.9995752573013306
2250.9449016699227,0.9899575297832429,0.9994498491287231
2250.9518460052564,0.9935060179558833,0.9994498491287231
2250.9587903405895,1.0005974480179074,0.9994498491287231
2250.965734675627,1.0013920574599717,0.9994498491287231
2250.9726790104,0.9966903205817689,0.9994199872016907
2250.979623345172,0.997736427107638,0.9992244839668274
2250.986567679947,1.0019086344791721,0.9994199872016907
2250.993512014719,1.0005491416798655,0.9994498491287231
2251.0004563494936,1.0002306776735144,0.9994498491287231
2251.0074006839677,1.0073345719635023,0.9994498491287231
2251.01434501818,0.997957417187729,0.9994498491287231
2251.021289352394,1.0111721228774881,0.9994498491287231
2251.028233686605,1.0039771998838407,0.9995752573013306
2251.035178020818,1.0046527019424865,0.9996619820594788
2251.042122355029,0.996588507498862,0.9996619820594788
2251.049066688942,1.0023573856791368,0.9996619820594788
2251.056011022591,0.9928244535610762,0.9996619820594788
2251.062955356241,1.0005644679723902,0.9996619820594788
2251.0698996898914,1.0018801487877236,0.9996619820594788
2251.0768440235393,0.9992659550425788,0.9995752573013306
2251.083788357189,0.994493435287935,0.9994498491287231
2251.090732690537,0.99929914063621,0.9994498491287231
2251.0976770236202,0.9918563863304752,0.9994498491287231
2251.1115656897905,0.9915596899949701,0.9994498491287231
2251.1185100228754,1.0040263630945303,0.9994498491287231
2251.1254543559585,0.9931314684342941,0.9994199872016907
2251.132398688741,0.9902993908747835,0.9992244839668274
2251.1393430212593,1.0021626435610875,0.9992244839668274
2251.1462873537757,1.006391835149994,0.9994199872016907
2251.153231686294,0.9973000335281769,0.9994498491287231
2251.160176018812,0.9970619716411778,0.9995752573013306
2251.1671203513297,1.0013445366125047,0.9995752573013306
2251.1740646835456,1.0030626278020303,0.9996619820594788
2251.181009015493,0.9922757265356292,0.9996619820594788
2251.187953347443,0.994220126427467,0.9995752573013306
2251.1948976793915,1.000601861189531,0.9994498491287231
2251.201842011339,0.998678911110732,0.9994498491287231
2251.20878634329,0.994336464503172,0.9995752573013306
2251.215730674935,0.9961088461660015,0.9995752573013306
2251.222675006314,1.0078684133478115,0.9995752573013306
2251.2296193376915,0.9975513883783516,0.9996619820594788
2251.23656366907,0.9995439383147504,0.9996803998947144
2251.243508000449,1.004113362552404,0.9996845126152039
2251.2504523318257,1.0068072695063053,0.9996845126152039
2251.2573966629016,1.0113393675847426,0.9996845126152039
2251.2643409937073,1.0037910381534663,0.9996845126152039
2251.271285324514,1.0009211861729777,0.9996803998947144
2251.2782296553182,1.0086657326056172,0.9996845126152039
2251.285173986124,0.9961640020869641,0.9997301697731018
2251.292118316931,1.0025634619130155,0.999796450138092
2251.2990626474298,0.9951289384444545,0.9998182654380798
2251.306006977664,1.0078737669535962,0.999796450138092
2251.312951307894,1.0,0.9998182654380798
2251.319895638125,1.0036622384885043,0.9998182654380798
2251.326839968356,1.0016373391298656,0.9998182654380798
2251.3337842985875,1.01142548539072,0.9998182654380798
2251.3407286285124,1.0029122757630826,0.9998182654380798
2251.347672958166,0.9950700979667128,0.9998182654380798
2251.3546172878214,1.0052903334193604,0.999796450138092
2251.361561617477,0.9893833178124434,0.9998182654380798
2251.3685059471313,0.9932048488607512,0.9998182654380798
2251.3754502767856,0.9927464058274846,0.9998182654380798
2251.382394606132,1.007457717572503,0.9998182654380798
2251.389338935208,1.0167625726746656,0.9998638033866882
2251.3962832642846,0.9979609454131286,0.9998638033866882
2251.40322759336,0.9981598803361861,0.9998676776885986
2251.410171922437,1.0016686740193559,0.9998676776885986
2251.417116251512,1.0040599711618412,0.9998676776885986
2251.4240605802784,1.0050321323474534,0.9998676776885986
2251.4310049087735,0.9965478752652133,0.9998784065246582
2251.4379492372686,1.0104884729445778,0.9999126195907593
2251.444893565764,0.9975624052508423,0.9999986886978149
2251.4518378942585,1.0026078191422532,1.000046968460083
2251.458782222753,0.9978251428695406,0.9999986886978149
2251.4657265509386,0.9922972147295948,0.9999126195907593
2251.472670878849,0.9985114227381786,0.9999126195907593
2251.4796152067615,0.9959165996411558,0.9999986886978149
2251.4865595346732,0.9970659575135151,0.9999986886978149
2251.493503862584,1.0041896159751147,0.9999986886978149
2251.5004481904975,1.0072900152433117,0.9999986886978149
2251.5073925180964,1.0024757417718362,0.9999986886978149
2251.5143368454233,0.9935258542042251,0.9999986886978149
2251.521281172748,0.9950393969337185,0.9999986886978149
2251.5282255000757,0.9974071945523191,0.9999986886978149
2251.5351698274003,1.002576235334705,0.9999986886978149
2251.5421141547263,0.989217191747004,1.000046968460083
2251.5490584817417,0.9925761125489757,0.9999986886978149
2251.5560028084783,1.008916793678199,1.000046968460083
2251.562947135217,1.00487495413638,1.000046968460083
2251.5698914619547,0.9963888433928136,1.000046968460083
2251.5768357886914,1.0012776195223314,1.0000513792037964
2251.5837801154303,1.0031507780569384,1.0000513792037964
2251.5907244418545,1.0107648507067895,1.000054121017456
2251.5976687680036,0.9995720467441047,1.0001581907272339
2251.6046130941513,0.9956760057140773,1.0002262592315674
2251.6115574202972,1.0033388446455858,1.000312089920044
2251.618501746446,0.9950656730356906,1.0002262592315674
2251.6254460725922,0.9944844174140942,1.000312089920044
2251.6323903984253,1.002875146015612,1.000312089920044
2251.6393347239796,0.9984081587124456,1.000312089920044
2251.646279049535,1.0011231970155494,1.000312089920044
2251.653223375091,1.001997324348075,1.000312089920044
2251.6601677006443,0.9923261511488309,1.000312089920044
2251.6671120262,1.0039239796425456,1.000312089920044
2251.6740563514363,1.0005546200661875,1.0003244876861572
2251.6810006763953,1.0132208158195042,1.000340461730957
2251.6879450013553,0.9939562155355535,1.0005534887313843
2251.694889326315,0.9995009085275777,1.0005534887313843
2251.701833651275,1.0058377450006266,1.0006012916564941
2251.7087779762333,1.0006629222972871,1.0007201433181763
2251.715722300874,1.0051242166289502,1.0007201433181763
2251.722666625236,0.9953474528833784,1.0007201433181763
2251.7296109495956,0.9993117417781914,1.0006012916564941
2251.7365552739575,0.9952244578659573,1.0007201433181763
2251.7434995983194,1.0012517497753628,1.0007201433181763
2251.75044392268,1.001697751007001,1.000788688659668
2251.757388246721,1.0027555890755038,1.0008411407470703
2251.764332570481,1.0034203369739427,1.0008411407470703
2251.771276894242,1.0020404993625525,1.0008792877197266
2251.778221218001,1.0032061757144843,1.0008792877197266
2251.7851655417608,0.9945311353618587,1.0008792877197266
2251.7921098655224,0.9977686696370889,1.0008411407470703
2251.7990541889617,1.0003545877967484,1.0008411407470703
2251.8059985121176,0.988309172575841,1.0008792877197266
2251.812942835274,1.0086724796045348,1.0008792877197266
2251.819887158429,1.008018782076081,1.0008411407470703
2251.8268314815873,0.9941647259823643,1.0008411407470703
2251.833775804743,1.0017591223279063,1.0008411407470703
2251.8407201275772,0.9999094805325975,1.0008792877197266
2251.8476644501284,1.0011466929734327,1.000919222831726
2251.854608772677,0.9887829416676522,1.000919222831726
2251.8615530952275,1.000811069708047,1.000919222831726
2251.8684974177772,0.9986572687388366,1.000919222831726
2251.8754417403256,0.9953220179680718,1.0009745359420776
2251.8823860625525,1.0046711937178798,1.0009745359420776
2251.889330384492,1.0031110061444783,1.000919222831726
2251.8962747064343,0.999445687366722,1.0008792877197266
2251.9032190283747,1.0023362359909214,1.0008792877197266
2251.9101633503137,1.0046979603581903,1.0008792877197266
2251.917107672255,1.002474774957931,1.000919222831726
2251.9240519938685,1.002233831694829,1.0009745359420776
2251.9309963151973,1.0041899379798191,1.0009745359420776
2251.9379406365247,1.0027091327714435,1.0009745359420776
2251.9448849578534,0.9915808457810684,1.0010055303573608
2251.951829279182,0.9971901891361045,1.0011920928955078
2251.9587736005087,0.9998097311219756,1.001196026802063
2251.9657179215105,0.9960273488700143,1.0012599229812622
2251.972662242222,0.9915315276275086,1.0013275146484375
2251.979606562933,0.9954638568710976,1.0013290643692017
2251.986550883646,0.9844317061446292,1.0013835430145264
2251.993495204359,1.003724898008745,1.0013854503631592
2252.000439525072,1.0037930393727819,1.00143563747406
2252.007383845454,1.0038108202822202,1.001455307006836
2252.0143281655473,0.9923351604206467,1.001518964767456
2252.0212724856415,0.9994563968885953,1.001518964767456
2252.028216805734,0.9926178530831354,1.001518964767456
2252.035161125828,1.009749861629381,1.001518964767456
2252.0421054459216,1.0036545259412895,1.001455307006836
2252.0490497656842,1.0027370497834036,1.00143563747406
2252.0559940851554,1.0075954526322204,1.001455307006836
2252.0629384046265,1.0018887450933338,1.001455307006836
2252.0698827240985,1.001673659590423,1.001518964767456
2252.0768270435688,1.0040221417762127,1.0015361309051514
2252.0837713630394,0.9920847839930488,1.001518964767456
2252.09071568218,0.993912585477334,1.001518964767456
2252.097660001026,0.9968892499419736,1.001518964767456
2252.104604319871,1.0091450778743893,1.001518964767456
2252.1115486387166,1.0071300445761693,1.001518964767456
2252.118492957561,1.000980896969039,1.0015361309051514
2252.125437276408,0.9898505551512624,1.0015361309051514
2252.132381594919,0.9971436032686567,1.0015361309051514
2252.1393259131364,1.0039791732279997,1.0015361309051514
2252.146270231354,1.0006135867333885,1.0017216205596924
2252.15321454957,1.0057400586691736,1.0017216205596924
2252.1601588677872,0.9989908520980697,1.001731038093567
2252.1671031860037,0.9980862250087701,1.0017809867858887
2252.1740475038832,1.003494238385977,1.0017809867858887
2252.180991821468,1.0017645807888942,1.001731038093567
2252.1879361390534,0.9965753155690906,1.0017809867858887
2252.194880456638,0.9976324880871746,1.0017809867858887
2252.201824774221,0.9998749494175748,1.0019062757492065
2252.2087690918056,1.0009715654696638,1.001953125
2252.2157134090526,0.9913603130139803,1.001953125
2252.2226577259994,1.005700897752193,1.001953125
2252.229602042948,1.0058074156780115,1.0019062757492065
2252.2365463598967,1.0073822677322262,1.0019062757492065
2252.243490676845,0.9979652806754968,1.0019062757492065
2252.2504349937926,0.9906175939020042,1.0017809867858887
2252.2573793104,0.9917517629444936,1.001731038093567
2252.264323626709,0.999539095923504,1.0017216205596924
2252.2712679430174,0.9966060798234219,1.0015361309051514
2252.278212259324,1.0003695771252112,1.0015361309051514
2252.285156575634,1.0004163545198033,1.0015361309051514
2252.292100891942,1.0045522855815883,1.0015361309051514
2252.2990452079066,1.0010651676951743,1.0015361309051514
2252.305989523572,0.9938668697675249,1.0017216205596924
2252.312933839236,1.00183455466373,1.0015361309051514
2252.3198781549013,0.9979692492606851,1.0017216205596924
2252.3268224705644,0.9949244619513153,1.0017216205596924
2252.3337667862293,1.00051373720432,1.001731038093567
2252.34071110155,0.9971297326565949,1.0017216205596924
2252.3476554165654,0.9905073752982548,1.0017216205596924
2252.3545997315828,0.9926953995351018,1.001731038093567
2252.361544046599,1.0032581027127054,1.0017216205596924
2252.3684883616143,0.9938168270414509,1.001731038093567
2252.375432676632,1.001382749286373,1.0017809867858887
2252.3823769913024,0.9867137666138159,1.0017809867858887
2252.389321305668,0.9981008021849819,1.0017809867858887
2252.396265620033,0.9978628794107528,1.001731038093567
2252.4032099343963,1.0039499982626385,1.0017809867858887
2252.410154248762,1.0077198345270355,1.0017809867858887
2252.4170985631263,0.9927072665810707,1.0019062757492065
2252.4240428771404,0.9942032927448412,1.0019062757492065
2252.4309871908513,1.0012076721328407,1.0019062757492065
2252.43793150456,0.9998156961444562,1.0019062757492065
2252.444875818269,1.0081607197340932,1.0017809867858887
2252.4518201319765,1.0013753184417247,1.0019062757492065
2252.458764445685,0.9976117242476411,1.0019062757492065
2252.4657087590435,0.993364360132645,1.001953125
2252.4726530720905,0.9943303336874086,1.001953125
2252.4795973851406,1.0081967534931233,1.0019727945327759
2252.4865416981884,0.9925841361440363,1.0019727945327759
2252.4934860112367,0.9904836994716458,1.0019727945327759
2252.500430324285,0.991339670519615,1.001953125
2252.50737463698,1.002076363191153,1.0019062757492065
2252.514318949362,0.9911947310826332,1.0017809867858887
2252.5212632617463,0.9957232938775544,1.0019062757492065
2252.528207574131,0.9885775038166604,1.0019062757492065
2252.535151886515,0.998408847346554,1.0019062757492065
2252.5420961988984,1.001225077788572,1.0017809867858887
2252.549040510925,0.9975054584087578,1.0017809867858887
2252.55598482264,0.9983800889814636,1.0017809867858887
2252.562929134353,1.0018592147031231,1.0017809867858887
2252.569873446068,0.9972036811118351,1.0017809867858887
2252.576817757783,0.9984371651758758,1.0019062757492065
2252.583762069497,0.9971728111103496,1.001953125
2252.5907063808536,1.0026192767345883,1.001953125
2252.597650691893,1.0038728174875122,1.001953125
2252.604595002934,1.00449768423337,1.001953125
2252.611539313974,1.0008774375065213,1.0019727945327759
2252.618483625013,0.9934202894722847,1.0019727945327759
2252.625427936055,1.0063778701575712,1.0019727945327759
2252.6323722467346,1.0006927889627761,1.0019727945327759
2252.6393165570958,0.9972293200472043,1.0019727945327759
2252.646260867457,0.9980358533497444,1.0020358562469482
2252.6532051778186,1.0023867177527213,1.0020358562469482
2252.660149488181,0.9929818934468883,1.0020358562469482
2252.6670937985414,0.9944917047817394,1.0020358562469482
2252.67403810854,1.0001720372385667,1.0019727945327759
2252.6809824182187,1.0073333549867063,1.0019727945327759
2252.6879267278964,1.0088615194398758,1.001953125
2252.694871037573,1.0022342235844017,1.0019727945327759
2252.701815347252,1.0001573934596177,1.0020358562469482
2252.7087596569286,1.0115207842042688,1.0019727945327759
2252.715703966242,1.0073133672577443,1.0019727945327759
2252.7226482752308,0.9976556789108187,1.001953125
2252.72959258422,0.99694467337136,1.0019727945327759
2252.7365368932105,1.0012712433569058,1.0019727945327759
2252.7434812021984,1.0031618683624828,1.0019727945327759
2252.7504255111885,1.0122525395309794,1.0020358562469482
2252.7573698198084,1.0003232602719907,1.001953125
2252.7643141281023,1.0058329621253654,1.001953125
2252.7712584364,1.016077864036107,1.0019062757492065
2252.778202744695,0.9997384438096861,1.0017809867858887
2252.785147052989,1.0065153111418377,1.001731038093567
2252.7920913612857,0.9960142822988913,1.001731038093567
2252.799035669209,0.9985983792465878,1.001731038093567
2252.805979976806,1.0077148643082832,1.001731038093567
2252.812924284401,0.9941293891834815,1.001731038093567
2252.8198685919983,0.998580634412505,1.0017216205596924
2252.826812899595,1.011055485130366,1.001518964767456
2252.8337572071914,0.9924712445060738,1.0017056465148926
2252.8407015144144,1.0046163736493379,1.0017056465148926
2252.8476458213045,1.0060480420799591,1.0017216205596924
2252.854590128195,0.9931001928378196,1.0017056465148926
2252.8615344350887,0.9980568055184652,1.0017056465148926
2252.86847874198,1.00189945255064,1.001646637916565
2252.875423048872,1.0033664504084059,1.0017056465148926
2252.882367355387,0.9893292316480325,1.0017216205596924
2252.8893116615677,0.987134109159249,1.0017056465148926
2252.89625596775,0.9967626592383314,1.001646637916565
2252.903200273931,0.9950582631077116,1.0017056465148926
2252.910144580112,1.0023569199073274,1.0017056465148926
2252.9170888862955,1.008089216191381,1.001646637916565
2252.924033192097,0.9995462022195746,1.001646637916565
2252.930977497562,1.0099086456343325,1.001518964767456
2252.9379218030294,0.9952783474132624,1.0014872550964355
2252.9448661084944,1.0015512294969764,1.0014865398406982
2252.9518104139615,1.0033494487139993,1.0014872550964355
2252.958754719426,1.0139387964695985,1.0014872550964355
2252.9656990245094,1.0156115567943376,1.0014872550964355
2252.972643329255,1.0071125345253065,1.0014872550964355
2252.9795876339995,1.0036869051660475,1.0014872550964355
2252.9865319387427,1.0026806064550717,1.0014872550964355
2252.993476243488,1.0024405601480715,1.001518964767456
2253.0004205482323,1.0124030422740684,1.0014872550964355
2253.0073648525904,1.0039046179549815,1.0014865398406982
2253.0143091566083,1.005243661503167,1.001318097114563
2253.0212534606253,1.00190602839518,1.001318097114563
2253.0281977646437,0.9936924208935143,1.0013927221298218
2253.0351420686598,1.0046337680444641,1.0013927221298218
2253.0420863726767,0.9930731761326196,1.001318097114563
2253.049030676305,0.9913730063917855,1.0012648105621338
2253.0559749795875,1.0025891822496418,1.0012599229812622
2253.0629192828746,1.001809202751798,1.0012062788009644
2253.069863586157,1.008465688599825,1.0011920928955078
2253.07680788944,1.0018565995385058,1.0010089874267578
2253.0837521927256,0.9991978042511372,1.0009948015213013
2253.0906964956152,0.9983563085323927,1.0009948015213013
2253.0976407981607,0.996688441628767,1.0009948015213013
2253.104585100704,0.9935377154070054,1.0009948015213013
2253.1115294032497,0.9940052144623315,1.0008668899536133
2253.118473705795,1.0016245016491587,1.0007846355438232
2253.1254180083383,1.0082475157686759,1.0007201433181763
2253.132362310486,0.9956423431164305,1.0007201433181763
2253.139306612286,0.9927184567216568,1.0007201433181763
2253.146250914085,1.003502223662437,1.0006201267242432
2253.153195215884,1.0116978984745228,1.0005290508270264
2253.1601395176845,1.0062810679602974,1.000390648841858
2253.1670838194823,1.0068218405193685,1.0003539323806763
2253.1740281208827,0.9948052672340372,1.0003539323806763
2253.1809724219283,0.9931128227446367,1.000340461730957
2253.187916722976,1.004945925870578,1.0003269910812378
2253.1948610240233,1.0008790002944699,1.0003269910812378
2253.20180532507,1.0032722978695563,1.0003269910812378
2253.2087496261197,1.0042577806866362,1.000312089920044
2253.215693926763,0.998034483827066,1.0003066062927246
2253.2226382270514,1.000957910568001,1.0003066062927246
2253.229582527341,0.9970899694428021,1.0003029108047485
2253.2365268276294,0.9930866226129685,1.0002998113632202
2253.243471127919,0.9995311205896105,1.0001918077468872
2253.2504154282074,0.9959639899659329,1.0001918077468872
2253.257359728091,1.0011260733780782,1.0001918077468872
2253.264304027616,0.9996275424104049,1.0001918077468872
2253.2712483271416,0.9987714445940284,1.0001581907272339
2253.2781926266653,0.999945410780894,1.0001581907272339
2253.2851369261907,1.0020166930548828,1.0001035928726196
2253.2920812257157,0.9995636043396873,1.0000677108764648
2253.2990255248296,1.0039036321619614,0.9999529719352722
2253.3059698235847,1.0027208060290993,0.9998784065246582
2253.3129141223394,0.9989690719191262,0.9998784065246582
2253.3198584210936,1.0146603852682192,0.999819278717041
2253.3268027198474,1.010065228806361,0.999819278717041
2253.3337470186016,1.0056999493984327,0.999819278717041
2253.3406913169433,0.9971161095022261,0.9997591376304626
2253.34763561492,1.005271452781003,0.9997591376304626
2253.354579912897,1.0060480499368785,0.9997591376304626
2253.361524210876,1.0001938810034474,0.9997591376304626
2253.3684685088533,1.0124726294116237,0.9997228384017944
2253.3754128068294,1.010985558202603,0.9997228384017944
2253.3823571043913,0.9892357833716832,0.9996312856674194
2253.3893014015853,1.0063240003744551,0.9996312856674194
2253.3962456987792,1.0006989622777416,0.9996042251586914
2253.4031899959737,1.0034901603856659,0.9996042251586914
2253.410134293169,0.995688280381151,0.9996039271354675
2253.4170785903634,1.0167766778481766,0.9995134472846985
2253.4240228871377,1.005727395578033,0.9995134472846985
2253.4309671835426,1.0035524367416573,0.9995134472846985
2253.4379114799485,0.9998502949547252,0.9993494749069214
2253.4448557763526,0.9920733878630518,0.9992820024490356
2253.451800072759,1.0061707995422515,0.9991998672485352
2253.4587443691644,1.0126600642410422,0.9991966485977173
2253.4656886651474,1.0052538234396278,0.9991204142570496
2253.4726329607574,1.001876037400002,0.9991204142570496
2253.479577256368,1.0106519574484865,0.9991204142570496
2253.486521551977,1.002031372370257,0.9989796876907349
2253.4934658475895,0.9945739577417746,0.9989796876907349
2253.500410143198,0.997244765513901,0.9989796876907349
2253.5073544383845,1.0014124022425168,0.9989796876907349
2253.5142987331956,1.0016013241638724,0.9989294409751892
2253.5212430280044,1.0065051220952244,0.9989294409751892
2253.5281873228155,0.9966923350709802,0.9989294409751892
2253.5351316176243,0.9990476903657114,0.9989294409751892
2253.542075912434,0.9979635362662572,0.998911440372467
2253.5490202068167,0.999040630552238,0.9988476037979126
2253.5559645008225,0.9977039157736439,0.9988084435462952
2253.562908794826,1.012775357685547,0.998763918876648
2253.5698530888317,1.0042484714860411,0.998744010925293
2253.5767973828356,1.0038409997748663,0.998645544052124
2253.5837416768413,1.0064476085840295,0.9985493421554565
2253.590685970414,1.0075218924112974,0.9984039664268494
2253.597630263609,1.0053619914392025,0.9983404874801636
2253.604574556806,1.0032656262194002,0.9982274174690247
2253.61151885,1.0077866770249342,0.9980269074440002
2253.6184631431934,1.0040659260916087,0.997978150844574
2253.625407436389,0.9880151427780494,0.997978150844574
2253.63235172915,0.993897671129248,0.9978893399238586
2253.6392960215308,1.0047151988022418,0.9977384209632874
2253.646240313912,1.0109535668274876,0.9976799488067627
2253.653184606294,1.001003961837501,0.9976439476013184
2253.6601288986753,1.0046723561343405,0.9976383447647095
2253.667073191055,1.0009131539455431,0.9976383447647095
2253.6740174830015,0.9924599676632138,0.9976383447647095
2253.6809617745653,0.9988217022168935,0.9973919987678528
2253.6879060661286,1.000318187550165,0.9973210096359253
2253.6948503576923,1.0069439404213403,0.9969786405563354
2253.7017946492583,1.011374828219418,0.9968771934509277
2253.7087389408207,1.0037559186795804,0.9968759417533875
2253.715683231951,0.9935708542682921,0.9968648552894592
2253.722627522695,0.9961218244937986,0.9968648552894592
2253.7295718134387,1.0137008219680008,0.9968648552894592
2253.7365161041844,0.9902595078858906,0.9968648552894592
2253.7434603949296,1.0040146210822047,0.9968648552894592
2253.7504046856748,1.0062783500513046,0.9968648552894592
2253.7573489759843,0.9926281122013138,0.9968648552894592
2253.764293265909,1.0063780832768847,0.9968648552894592
2253.771237555835,0.9964247312808419,0.9968648552894592
2253.778181845761,0.9991787554836083,0.9968648552894592
2253.785126135685,1.0013668474441,0.9968648552894592
2253.7920704256117,0.9997993974989083,0.9968648552894592
2253.799014715102,0.9912861980636088,0.9968648552894592
2253.805959004208,0.9959950652382652,0.9968648552894592
2253.8129032933157,0.9920156019118405,0.9968648552894592
2253.8198475824224,1.0011657068140933,0.9968648552894592
2253.8267918715283,1.0001141431220817,0.9968648552894592
2253.833736160636,1.004856015536858,0.9968648552894592
2253.840680449309,1.0051701632390146,0.9968648552894592
2253.8476247376016,1.0072535592294878,0.9968648552894592
2253.8545690258925,1.004796821356208,0.9968648552894592
2253.8615133141843,1.0039321079819048,0.9968648552894592
2253.868457602476,1.000781542560885,0.9968648552894592
2253.8754018907675,1.013420277426981,0.9968648552894592
2253.8823461786274,1.016031039754154,0.9968648552894592
2253.88929046611,1.0046362197711314,0.9968648552894592
2253.896234753593,0.9985440623244167,0.9968648552894592
2253.903179041073,1.0080758202116078,0.9968648552894592
2253.9101233285555,1.007897161411828,0.9968648552894592
2253.9170676160375,0.9956354157467403,0.9968648552894592
2253.924011903092,1.0054044286933446,0.9968648552894592
2253.930956189774,0.9931338935893121,0.9968648552894592
2253.9379004764546,1.0035000502552613,0.9968648552894592
2253.9448447631353,0.9883414968486274,0.9968648552894592
2253.9517890498173,1.0089320431074744,0.9968648552894592
2253.958733336498,0.996198717136542,0.9968648552894592
2253.9656776227607,0.9948925586756336,0.9968648552894592
2253.9726219086524,0.9905891417423789,0.9968648552894592
2253.979566194545,0.995267574737287,0.9968648552894592
2253.9865104804385,1.0019050361512016,0.9968648552894592
2253.9934547663324,1.013300932392054,0.9968648552894592
2254.0003990522237,1.0018850655892448,0.9968648552894592
2254.007343337708,0.9938691570635071,0.9968648552894592
2254.0142876228288,1.0027476862399898,0.9968648552894592
2254.021231907951,0.995107032944312,0.9968648552894592
2254.028176193074,1.004542107003108,0.9968648552894592
2254.0351204781964,1.0034525753265382,0.9968648552894592
2254.0420647633205,0.9945748832394786,0.9968648552894592
2254.0490090480444,1.000457588954055,0.9968648552894592
2254.055953332419,1.0019497008511467,0.9968648552894592
2254.0628976167955,1.0,0.9968648552894592
