time,flux
2228.7574211188044,1.0272143
2228.7643656640093,0.99430066
2228.771310209217,1.0213045
2228.778254754425,0.9848371
2228.785199299631,0.99430954
2228.7921438448375,1.0320392
2228.7990883908246,0.98395056
2228.806032937493,1.0253123
2228.812977484161,0.983626
2228.819922030829,0.96414137
2228.826866577498,0.979663
2228.833811124166,1.000151
2228.840755671443,0.9950256
2228.8477002192553,0.99622464
2228.854644767066,0.9829288
2228.861589314876,0.97492665
2228.8685338626888,0.96701753
2228.875478410501,0.9878709
2228.8824229587735,0.98225933
2228.8893675074532,0.99560976
2228.8963120561325,0.9951076
2228.9032566048104,0.9873475
2228.910201153489,0.9649359
2228.91714570217,0.9802466
2228.924090251185,0.9762752
2228.931034800497,0.9550365
2228.9379793498106,0.9801442
2228.9449238991215,0.98163414
2228.9518684484333,0.97272563
2228.958812997747,0.9796472
2228.9657575472893,0.96602046
2228.9727020970363,0.9703142
2228.979646646783,0.9754048
2228.9865911965294,0.96532196
2229.000480296021,0.96772736
2229.007424845909,0.9562148
2229.0143693959226,0.95750344
2229.0213139459347,0.9584803
2229.028258495948,0.9736695
2229.0352030459603,0.959359
2229.042147595973,0.96845603
2229.049092146053,0.97045
2229.0560366961904,0.97359496
2229.0629812463267,0.9557009
2229.069925796465,0.97761
2229.0768703466047,0.9687454
2229.0838148967414,0.9656203
2229.0907594468817,0.97013783
2229.097703997027,0.9687274
2229.1046485471716,0.9654182
2229.111593097315,0.95960814
2229.1185376474614,0.9634014
2229.125482197604,0.96205497
2229.132426747699,0.96598476
2229.1393712977515,0.96398133
2229.146315847802,0.9639761
2229.1532603978526,0.9680202
2229.1602049479047,0.97123843
2229.1671494979555,0.9669259
2229.1740940479135,0.97456056
2229.1810385977874,0.966138
2229.187983147662,0.9943698
2229.1949276975374,1.0067267
2229.2018722474118,1.0009851
2229.208816797286,1.0070987
2229.21576134703,1.0005016
2229.2227058966578,1.0087383
2229.2296504462847,1.0037293
2229.236594995914,0.9994963
2229.2435395455427,1.0033265
2229.2504840951683,1.0051553
2229.2574286446347,1.0082189
2229.2643731939556,0.9975165
2229.271317743279,1.0064569
2229.278262292602,1.0086123
2229.285206841924,0.9994485
2229.2921513912456,0.9996977
2229.2990959403783,1.0025399
2229.306040489346,1.003683
2229.312985038313,1.003049
2229.3199295872796,0.990322
2229.3268741362476,1.0049126
2229.3338186852143,1.0025879
2229.3407632339695,0.9995583
2229.347707782541,1.0024936
2229.3546523311106,1.0006117
2229.3615968796817,1.0102786
2229.368541428252,0.99991
2229.375485976823,1.0026262
2229.3824305251624,0.9985443
2229.3893750732996,1.0052872
2229.396319621439,0.99530256
2229.4032641695785,1.0008845
2229.4102087177157,1.0032461
2229.4171532658556,1.005146
2229.424097813748,1.0087289
2229.4310423614243,1.0055792
2229.437986909103,1.0007612
2229.4449314567796,1.0005884
2229.4518760044566,0.9999297
2229.4588205521345,1.0053415
2229.4657650995523,0.99667007
2229.472709646745,1.0086919
2229.479654193936,1.0100803
2229.486598741127,0.9988807
2229.493543288319,1.0041225
2229.5004878355103,0.99737954
2229.5074323824315,0.9963344
2229.514376929117,1.0075482
2229.5213214758014,1.0018725
2229.528266022487,0.9974454
2229.5352105691713,1.0099621
2229.542155115857,1.0103394
2229.5490996622602,1.0050668
2229.5560442084225,1.0076447
2229.5629887545842,0.997962
2229.5699333007437,1.0036901
2229.576877846905,0.99707747
2229.5838223930664,1.0012904
2229.5907669389385,0.99837685
2229.5977114845614,1.0032701
2229.6046560301843,1.0074149
2229.6116005758054,1.0016356
2229.618545121427,0.9958168
2229.62548966705,0.9975475
2229.632434212378,0.9995678
2229.639378757449,0.9909701
2229.646323302521,1.0002308
2229.653267847592,1.0066266
2229.660212392664,1.0036801
2229.667156937735,1.0049713
2229.674101482508,0.9914692
2229.681046027018,1.0078343
2229.687990571528,0.9888295
2229.6949351160156,1.0002935
2229.701879660491,0.99443954
2229.7088242049667,1.0009369
2229.7157687491404,1.0037419
2229.7227132930466,0.9984948
2229.729657836952,1.0037682
2229.736602380858,1.0016006
2229.7435469247653,0.9962424
2229.750491468671,0.99960524
2229.757436012271,1.0050759
2229.764380555602,0.9967812
2229.771325098931,1.0054016
2229.7782696422614,1.0064545
2229.785214185591,0.9994707
2229.7921587289215,0.99879175
2229.7991032719424,1.0004138
2229.806047814689,1.0044444
2229.812992357439,1.0048175
2229.8199369001877,0.9979754
2229.8268814429357,1.0109092
2229.8338259856846,1.0049092
2229.8407705281193,0.99972314
2229.847715070281,1.0043423
2229.8546596124434,1.0058008
2229.861604154607,1.0009649
2229.868548696769,0.9999734
2229.8754932389306,1.001895
2229.882437780778,1.0020957
2229.8893823223493,1.0037487
2229.8963268639222,1.0004448
2229.9032714054947,0.99952286
2229.910215947067,0.99833715
2229.9171604886387,1.0154964
2229.9241050298965,1.0063429
2229.931049570874,0.9959002
2229.937994111854,1.0078907
2229.9449386528318,0.9974211
2229.9518831938117,0.9968543
2229.9588277347934,0.998316
2229.965772275454,1.0075359
2229.9727168158392,1.0015316
2229.979661356224,0.991898
2229.986605896608,1.0070963
2229.993550436992,1.0055753
2230.000494977377,1.0054743
2230.0074395174443,0.9979412
2230.0143840572323,0.9990475
2230.0213285970212,1.0047615
2230.0282731368075,0.99825007
2230.0352176765964,1.0067095
2230.042162216385,1.0009155
2230.0491067558537,1.0038811
2230.056051295046,0.996715
2230.0629958342374,1.0034473
2230.069940373426,1.0066959
2230.0768849126184,1.0062027
2230.0838294518076,1.00878
2230.0907739906797,1.0072322
2230.097718529273,1.0053316
2230.104663067865,0.9903893
2230.111607606459,1.0088326
2230.118552145051,0.9927058
2230.125496683643,1.0087053
2230.132441221918,0.9993197
2230.139385759912,1.0091195
2230.146330297905,1.0026163
2230.1532748359004,1.0032556
2230.1602193738954,1.0027298
2230.1671639118895,1.0082132
2230.174108449565,0.99856645
2230.1810529869617,0.99695
2230.1879975243564,1.0050782
2230.194942061753,1.0075142
2230.20188659915,1.0016282
2230.208831136546,1.0006547
2230.215775673624,1.0036983
2230.222720210421,0.99978673
2230.22966474722,1.0035361
2230.2366092840184,1.0074314
2230.243553820815,1.008288
2230.250498357615,1.0021523
2230.257442894096,1.0040765
2230.2643874302958,1.0086658
2230.271331966497,1.0009966
2230.278276502698,1.0034914
2230.285221038899,1.0068313
2230.2921655750993,1.0019991
2230.299110110983,1.0112268
2230.306054646588,1.0098877
2230.3129991821925,1.0039428
2230.3199437177977,1.0118008
2230.326888253402,0.99358004
2230.3338327890056,1.0000477
2230.340777324292,0.9969595
2230.3477218593016,1.0047266
2230.354666394312,1.0086395
2230.3616109293202,1.0027912
2230.3685554643284,1.0045608
2230.375499999339,1.007006
2230.382444534029,1.0066568
2230.3893890684444,1.0064749
2230.3963336028596,1.0097451
2230.403278137273,1.0054442
2230.410222671689,1.0035167
2230.417167206103,1.0102404
2230.4241117402007,0.9981962
2230.4310562740225,1.009
2230.4380008078438,0.9979786
2230.4449453416637,1.00869
2230.4518898754873,1.0052782
2230.4588344093067,1.003455
2230.465778942813,1.0050957
2230.472723476042,1.003769
2230.47966800927,1.0055662
2230.486612542499,1.0057578
2230.493557075729,1.0187012
2230.500501608959,1.0053345
2230.507446141873,1.0051237
2230.5143906745125,1.001922
2230.521335207149,1.0055516
2230.5282797397895,1.0031812
2230.5352242724275,1.0040563
2230.542168805065,1.0039997
2230.549113337391,1.0097207
2230.5560578694412,1.0086315
2230.56300240149,0.9992798
2230.569946933539,1.006464
2230.5768914655873,1.0045563
2230.5838359976374,0.9961811
2230.5907805293737,1.0056475
2230.597725060836,1.005077
2230.6046695922973,1.002382
2230.6116141237594,1.0032492
2230.6185586552206,1.0032234
2230.6255031866826,1.0034515
2230.6324477178323,1.0107759
2230.6393922487064,1.0005186
2230.6463367795836,1.004612
2230.6532813104595,1.0033275
2230.6602258413345,1.0055122
2230.667170372211,1.0009698
2230.6741149027753,1.0102822
2230.6810594330645,1.0127105
2230.688003963356,1.0094703
2230.6949484936476,1.0070605
2230.701893023939,1.002374
2230.7088375542307,1.0071169
2230.7157820842094,1.0142435
2230.722726613918,1.0006094
2230.7296711436265,1.0130081
2230.736615673334,1.0052985
2230.7435602030437,1.0022066
2230.7505047327522,1.0047257
2230.757449262149,1.0027293
2230.764393791276,1.001482
2230.771338320403,1.0068258
2230.7782828495297,1.0095774
2230.7852273786557,1.0126247
2230.792171907784,1.0042824
2230.7991164366013,1.0123045
2230.806060965149,1.0055144
2230.8130054936955,1.0128099
2230.819950022242,1.0042921
2230.8268945507907,1.0061772
2230.833839079336,1.0088848
2230.8407836075767,1.0010958
2230.8477281355463,0.9970577
2230.8546726635136,1.0053169
2230.861617191484,1.0109073
2230.8685617194524,1.0041877
2230.8755062474215,1.0001259
2230.8824507750837,0.99975204
2230.8893953024776,0.9961835
2230.903284357263,1.0068455
2230.910228884654,0.99694157
2230.9171734120473,1.0026147
2230.924117939134,0.9929986
2230.9310624659506,0.99952
2230.9380069927706,1.0068073
2230.944951519588,0.9997832
2230.9518960464056,0.999583
2230.9588405732234,0.9987853
2230.9657850997364,1.0019414
2230.97272962598,0.9962259
2230.979674152225,0.98902863
2230.986618678472,1.0017326
2230.9935632047154,0.995714
2231.0005077309606,1.0039775
2231.007452256899,0.9971996
2231.014396782573,0.9994095
2231.0213413082465,0.9966969
2231.028285833919,0.9935522
2231.035230359594,1.0009909
2231.0421748852677,0.9979152
2231.0491194106357,0.994416
2231.0560639357395,0.9925985
2231.063008460843,0.9970272
2231.069952985946,1.0027815
2231.0768975110495,1.0029142
2231.0838420361542,1.0042183
2231.0907865609547,1.0015811
2231.0977310854887,0.9987859
2231.1046756100245,1.0021302
2231.1116201345585,1.000674
2231.1185646590934,0.9957552
2231.1255091836274,0.996031
2231.132453707862,0.9976436
2231.139398231831,0.9965256
2231.1463427557983,1.0004367
2231.1532872797675,0.99954003
2231.160231803736,1.0002638
2231.1671763277027,0.99392635
2231.1741208513704,1.0067847
2231.1810653747752,1.0001161
2231.1880098981774,1.0045985
2231.1949544215813,0.99213105
2231.201898944985,0.998476
2231.2088434683865,1.0039198
2231.215787991489,1.0069946
2231.222732514328,0.9935261
2231.229677037169,0.9960699
2231.236621560009,0.99938756
2231.243566082847,1.0071905
2231.2505106056865,1.0032635
2231.2574551282273,0.99258345
2231.264399650504,1.0048783
2231.2713441727806,0.99493337
2231.2782886950604,1.0006559
2231.285233217336,1.0045074
2231.292177739614,0.98992085
2231.2991222615924,0.99987936
2231.3060667833083,1.0034337
2231.3130113050265,0.996097
2231.3199558267415,0.9946452
2231.3269003484597,0.99815977
2231.333844870177,1.0028092
2231.3407893915946,1.0023293
2231.347733912753,1.0024016
2231.354678433911,0.9989844
2231.361622955067,1.0036751
2231.368567476225,1.0057068
2231.3755119973844,1.0008616
2231.3824565182435,0.9991676
2231.389401038844,0.99279934
2231.396345559442,1.0008513
2231.4032900800426,0.9990593
2231.4102346006425,0.9988114
2231.417179121242,1.0025465
2231.424123641547,1.0007514
2231.4310681615907,0.9883636
2231.4380126816327,1.0034504
2231.4449572016765,1.0070425
2231.451901721721,0.9981377
2231.458846241763,1.0051279
2231.465790761511,1.0021229
2231.472735281002,0.9952271
2231.479679800489,1.0031245
2231.486624319978,1.0091629
2231.4935688394653,1.0037568
2231.5005133589543,0.9967773
2231.514402397083,0.9932307
2231.5213469160194,1.0009311
2231.528291434955,1.0062535
2231.5421804728253,1.0071152
2231.5491249914653,1.0031344
2231.556069509848,0.99778384
2231.5630140282315,0.9932055
2231.5699585466136,1.0010868
2231.576903064998,1.001612
2231.5838475833802,0.99746823
2231.590792101469,0.9974699
2231.597736619302,0.99821913
2231.604681137134,0.9949408
2231.611625654965,1.0004447
2231.6185701727995,0.9985837
2231.6255146906306,0.990958
2231.6324592081696,0.9995665
2231.639403725452,1.0090194
2231.6463482427353,1.0036913
2231.653292760016,1.0003518
2231.660237277299,0.9992849
2231.6671817945808,1.0031261
2231.6741263115728,0.99949753
2231.6810708283074,0.9926506
2231.68801534504,1.0067108
2231.694959861775,1.0098351
2231.7019043785094,1.0057611
2231.708848895243,1.0004921
2231.7157934116863,1.0008932
2231.7227379278747,0.99417806
2231.7296824440614,1.0016317
2231.736626960248,1.0006974
2231.7435714764347,1.0064256
2231.7505159926222,0.99657774
2231.757460508518,0.997821
2231.764405024159,0.9997138
2231.7713495398016,0.9937702
2231.778294055443,1.0050095
2231.785238571084,1.0012811
2231.7921830867253,1.0048482
2231.799127602077,0.9994938
2231.8060721171723,1.0035801
2231.8130166322694,0.9920796
2231.8199611473674,1.0035757
2231.8269056624636,1.0005977
2231.8338501775606,0.9980996
2231.840794692366,0.99628985
2231.84773920692,0.99462163
2231.8546837214735,0.9982538
2231.8616282360254,0.9985481
2231.868572750581,0.99925315
2231.8755172651345,0.9988291
2231.882461779397,1.0000997
2231.8894062934087,0.99944127
2231.8963508074194,0.99541515
2231.90329532143,0.9966179
2231.9102398354403,1.0000612
2231.9171843494514,0.99974734
2231.9241288631747,1.0003376
2231.9310733766442,0.9972333
2231.9380178901138,1.0034577
2231.9449624035824,1.0024564
2231.951906917053,1.0061724
2231.9588514305224,0.9970121
2231.965795943705,1.0038882
2231.972740456635,1.0029496
2231.979684969564,0.9991891
2231.986629482493,1.0068436
2231.993573995422,0.9964856
2232.000518508352,0.9962622
2232.0074630209947,0.99958706
2232.0144075333856,0.9951955
2232.021352045775,1.0000441
2232.0282965581673,1.0056685
2232.035241070556,1.0026945
2232.0421855829472,0.99591976
2232.049130095051,0.99831825
2232.0560746069027,0.99472296
2232.063019118757,1.0051557
2232.0699636306076,0.9908424
2232.0769081424605,0.99751574
2232.0838526543134,0.9997469
2232.090797165879,0.99348974
2232.097741677194,1.002556
2232.1046861885097,0.9937467
2232.1116306998256,0.99390566
2232.1185752111414,0.9993859
2232.1255197224573,0.9885359
2232.1324642334866,0.99735904
2232.139408744265,1.0060312
2232.1463532550442,1.0007534
2232.153297765824,1.0023807
2232.1602422766045,0.9951609
2232.167186787384,0.9934964
2232.174131297877,1.0016699
2232.181075808122,1.0004057
2232.1880203183655,1.0019454
2232.1949648286104,1.0009793
2232.2019093388553,1.0065013
2232.2088538490993,1.0036372
2232.2157983590596,0.9962722
2232.222742868769,1.0064622
2232.22968737848,0.9953411
2232.2366318881905,0.9906945
2232.2435763978992,1.0025386
2232.25052090761,1.002672
2232.2574654170385,1.0034451
2232.264409926214,0.998113
2232.2713544353915,0.99762434
2232.2782989445686,1.001792
2232.2852434537444,1.0073518
2232.2921879629216,0.99524075
2232.2991324718146,1.005616
2232.306076980461,1.0031309
2232.3130214891057,0.99435943
2232.3199659977504,0.98264533
2232.326910506394,0.99819386
2232.3338550150397,1.0016118
2232.3407995234006,0.9965215
2232.3477440315132,1.0036998
2232.354688539628,1.0008177
2232.3616330477407,0.99980634
2232.3685775558547,1.0027508
2232.3755220639678,1.0083781
2232.3824665717984,0.99692094
2232.389411079382,1.0031635
2232.396355586963,0.9945197
2232.4033000945474,0.9970937
2232.4102446021307,1.0041375
2232.417189109713,1.0044651
2232.424133617014,1.000069
2232.4310781240656,1.0055846
2232.438022631119,1.0026509
2232.4449671381726,0.99899983
2232.451911645226,0.99866474
2232.4588561522796,1.0074637
2232.472745165574,0.99840134
2232.4796896720986,1.0008911
2232.4866341786233,0.9964588
2232.493578685147,1.0000494
2232.5005231916725,1.00249
2232.507467697914,1.0012608
2232.51441220391,0.99405056
2232.5213567099063,1.012254
2232.528301215902,1.0069976
2232.5352457218974,1.0056463
2232.542190227894,1.0047449
2232.5491347336097,0.99777657
2232.556079239079,0.99933594
2232.563023744547,1.0041913
2232.569968250016,0.9971961
2232.576912755484,0.9981216
2232.5838572609523,0.999949
2232.590801766141,0.9941015
2232.5977462710844,1.0051268
2232.6046907760256,1.0035508
2232.6116352809677,0.99887085
2232.618579785911,0.99647254
2232.6255242908514,0.99470073
2232.632468795514,1.0038712
2232.6394132999285,1.0022031
2232.646357804347,0.99855745
2232.653302308764,1.0027316
2232.6602468131787,1.0024475
2232.667191317595,1.0118457
2232.674135821732,1.0005143
2232.6810803256226,1.0022323
2232.688024829513,0.99593997
2232.694969333407,1.0020392
2232.701913837296,0.99974555
2232.708858341188,1.0011364
2232.7158028447984,0.997682
2232.7227473481644,0.99844855
2232.7296918515312,0.9983771
2232.7366363548977,1.0042216
2232.7435808582654,1.0058018
2232.7505253616323,0.9999906
2232.7574698647195,0.9924998
2232.764414367561,1.0022036
2232.7713588704037,1.0000112
2232.7783033732467,1.0062231
2232.78524787609,0.9928035
2232.792192378933,1.0011903
2232.7991368814965,0.9990339
2232.8060813838174,0.9992259
2232.813025886135,0.9969198
2232.8199703884557,1.0049951
2232.8269148907734,0.9968629
2232.8338593930935,0.999961
2232.840803895137,1.0002277
2232.8477483969323,0.9984987
2232.85469289873,1.0074607
2232.8616374005273,1.0056844
2232.8685819023226,0.9978913
2232.87552640412,1.0000393
2232.8824709056394,1.0000335
2232.889415406915,1.0000005
2232.896359908191,1.0001256
2232.903304409464,1.0055785
2232.9102489107395,0.9981844
2232.917193412015,0.999728
2232.9241379130117,0.99651504
2232.9310824137656,0.9988909
2232.938026914521,1.0038537
2232.9449714152743,1.0005261
2232.9519159160272,1.0007534
2232.9588604167807,1.0025687
2232.965804917257,0.99417454
2232.9727494174895,1.002009
2232.9796939177213,0.9860126
2232.986638417956,1.0004547
2232.9935829181895,0.9994626
2233.000527418422,1.0081763
2233.0074719183776,0.99868864
2233.014416418091,0.9966439
2233.021360917802,1.0020685
2233.028305417515,0.98990935
2233.0352499172286,1.0008556
2233.0421944169416,0.9960307
2233.0491389163776,1.0011417
2233.056083415569,0.9989877
2233.0630279147626,0.9956587
2233.0699724139563,0.9932399
2233.0769169131486,0.9957528
2233.0838614123422,1.0017757
2233.0908059112576,0.9903
2233.097750409932,0.99816537
2233.1046949086062,0.9931233
2233.111639407279,1.0097954
2233.1185839059535,0.99810535
2233.125528404627,1.0031133
2233.132472903024,0.988917
2233.1394174011803,1.0049862
2233.146361899335,1.0023357
2233.1533063974903,0.99473435
2233.160250895645,1.0062414
2233.1671953937994,1.00959
2233.174139891679,0.9910555
2233.1810843893163,0.9966302
2233.188028886954,0.99305147
2233.194973384591,1.0005969
2233.2019178822266,0.99455845
2233.2088623798636,0.9934241
2233.215806877225,1.0012983
2233.2227513743424,0.9909809
2233.2296958714624,0.9980139
2233.2366403685837,0.99733424
2233.2435848657015,1.0037088
2233.250529362821,0.9953156
2233.257473859664,1.0019522
2233.264418356265,1.0028458
2233.2713628528686,0.990451
2233.278307349469,0.9962186
2233.2852518460722,0.9885927
2233.2921963426747,1.0004622
2233.2991408389994,0.999751
2233.3060853350858,0.9896829
2233.3130298311703,0.98965985
2233.319974327255,0.9928621
2233.3269188233403,0.9949445
2233.3338633194257,0.99798936
2233.340807815236,0.9988684
2233.347752310805,1.0019283
2233.354696806372,0.9889554
2233.361641301941,0.999515
2233.3685857975097,0.9937692
2233.3755302930767,1.0046589
2233.3824747883727,0.98999053
2233.3894192834236,0.9957006
2233.396363778477,0.9893251
2233.4033082735295,0.9946035
2233.41025276858,1.0020057
2233.417197263633,0.99721456
2233.4241417584117,0.9987422
2233.4310862529487,0.99736005
2233.4380307474858,0.99361575
2233.4449752420223,0.9961152
2233.4519197365585,0.99439627
2233.458864231097,1.005402
2233.465808725357,0.9965971
2233.4727532193792,0.9961745
2233.4796977134024,0.9975237
2233.486642207422,0.9987281
2233.493586701445,0.99360096
2233.5005311954646,0.99630016
2233.5074756892122,0.9920789
2233.5144201827193,0.9882916
2233.5213646762245,0.99639785
2233.5283091697333,1.001026
2233.5352536632404,1.0068787
2233.542198156745,0.9980689
2233.549142649978,0.9995973
2233.556087142968,1.0029503
2233.5630316359607,0.99233365
2233.5699761289525,0.9913643
2233.576920621945,0.99288
2233.5838651149375,1.007318
2233.5908096076555,1.0002787
2233.5977541001325,0.9974127
2233.6046985926096,0.9975007
2233.6116430850866,0.9966205
2233.6185875775645,0.99428165
2233.6255320700434,0.9941797
2233.6324765622467,0.9947728
2233.6394210542094,0.998262
2233.6463655461735,1.0038096
2233.6533100381366,0.9937305
2233.6602545301002,0.9968364
2233.667199022062,0.99275655
2233.6741435137533,1.0056537
2233.6810880052035,0.9966318
2233.6880324966532,0.99869615
2233.694976988103,0.99873084
2233.701921479553,1.0032973
2233.7088659710016,0.9913334
2233.715810462178,0.9991472
2233.722754953115,0.99602276
2233.729699444051,1.001384
2233.7366439349885,1.0071154
2233.743588425923,0.9984526
2233.75053291686,0.99762654
2233.7574774075233,1.012639
2233.7644218979453,0.9982295
2233.77136638837,0.9946321
2233.778310878791,1.0031787
2233.785255369216,1.0007503
2233.7921998596385,1.0014547
2233.7991443497876,1.0106848
2233.806088839698,0.9993742
2233.8130333296076,1.0009379
2233.819977819519,1.0045997
2233.826922309429,1.0087671
2233.833866799338,1.0024232
2233.8408112889756,1.0013467
2233.847755778373,1.001763
2233.854700267769,1.0077307
2233.8616447571667,1.0006211
2233.868589246564,1.007265
2233.875533735962,0.99634594
2233.8824782250867,1.000587
2233.88942271397,0.99859905
2233.896367202855,1.0090255
2233.9033116917403,1.0065677
2233.910256180625,1.0124685
2233.9172006695107,0.99777603
2233.924145158121,1.0159978
2233.9310896464935,1.0187702
2233.9380341348665,0.9960969
2233.9449786232385,1.0085324
2233.95192311161,1.0117399
2233.958867599984,1.0038545
2233.9658120880827,1.0031241
2233.9727565759435,1.004355
2233.9797010638035,1.0070987
2233.9866455516626,0.99739456
2233.9935900395244,1.0081607
2234.000534527383,1.0032458
2234.007479014971,1.0027568
2234.0144235023204,1.0094926
2234.021367989668,0.9966553
2234.0283124770167,1.0049305
2234.0352569643633,1.0097414
2234.042201451712,1.001552
2234.049145938788,1.0086238
2234.0560904256236,1.0077002
2234.0630349124613,0.9969429
2234.069979399298,1.0056285
2234.0769238861326,0.9990873
2234.0838683729694,1.0017107
2234.0908128595324,1.0031381
2234.0977573458576,1.0066539
2234.1047018321815,1.002968
2234.111646318507,1.0106578
2234.1185908048315,0.99839854
2234.1255352911553,1.0106174
2234.1324797772077,1.003175
2234.13942426302,1.0092511
2234.1463687488326,1.0070989
2234.153313234646,1.0019392
2234.16025772046,1.0115371
2234.1672022062726,1.0006433
2234.1741466918133,1.0096686
2234.1880356624147,0.9996113
2234.1949801477167,1.0031351
2234.2019246330165,0.9999942
2234.2088691183203,1.0056198
2234.21581360335,1.0040166
2234.222758088138,0.997559
2234.2297025729285,1.0049133
2234.2366470577167,1.0076356
2234.2435915425076,1.0011871
2234.250536027298,1.0073657
2234.2574805118156,1.0027914
2234.264424996095,1.0017245
2234.2713694803733,0.9978144
2234.278313964651,1.0074672
2234.285258448931,1.0038657
2234.292202933208,1.0001712
2234.2991474172145,0.9999995
2234.3060919009836,0.9966559
2234.313036384749,1.0019618
2234.319980868518,1.0001558
2234.3269253522835,1.0074056
2234.3338698360517,1.0051376
2234.340814319547,1.0053971
2234.347758802802,1.0026026
2234.3547032860597,1.0052551
2234.3616477693163,1.0023999
2234.368592252571,1.0028238
2234.3755367358276,0.9929985
2234.3824812188104,0.9994393
2234.389425701555,0.99748737
2234.3963701843,0.9993076
2234.4033146670454,1.0042177
2234.410259149791,0.9926271
2234.417203632535,1.0026567
2234.424148115008,0.99925166
2234.431092597241,0.9922909
2234.4380370794743,1.0053272
2234.4449815617077,1.0002854
2234.451926043943,0.99158674
2234.4588705261763,1.0016842
2234.465815008137,1.003569
2234.472759489859,0.99539316
2234.4797039715813,0.9956283
2234.4866484533045,0.9968613
2234.4935929350254,0.9945104
2234.5005374167495,0.99982405
2234.5074818982007,1.0055321
2234.5144263794105,0.9963155
2234.5213708606225,0.9961684
2234.528315341832,0.9991006
2234.535259823044,0.997917
2234.5422043042554,0.9974813
2234.5491487851937,1.0033687
2234.556093265895,0.99274087
2234.5630377465936,1.000265
2234.569982227294,0.99407023
2234.5769267079945,0.9953401
2234.583871188694,0.99966586
2234.590815669122,0.99695534
2234.5977601493114,1.00018
2234.6047046294993,0.9919157
2234.6116491096896,0.99518603
2234.6185935898766,0.99641436
2234.625538070066,0.9962881
2234.632482549983,0.99672425
2234.6394270296587,0.99836767
2234.646371509337,0.98876965
2234.653315989014,0.9906762
2234.6602604686923,0.9935886
2234.6672049483705,0.9960183
2234.6741494277744,0.9882713
2234.68109390694,1.000964
2234.688038386106,0.9988014
2234.6949828652723,0.9999447
2234.70192734444,0.9943425
2234.708871823605,0.99596393
2234.7158163024983,0.9948743
2234.722760781153,0.9895495
2234.729705259807,1.0058546
2234.736649738462,0.9890984
2234.743594217115,0.99267393
2234.7505386957714,0.99430156
2234.7574831741535,0.99759513
2234.764427652296,1.0002497
2234.771372130439,0.99334735
2234.778316608583,0.9965634
2234.785261086724,0.995694
2234.792205564868,1.0005171
2234.799150042739,0.11417986
2234.80609452037,0.9966418
2234.813038998002,0.99410653
2234.8199834756315,1.0037781
2234.8269279532637,1.0026734
2234.833872430894,0.98500264
2234.8408169082522,0.99323076
2234.8477613853743,0.9957403
2234.854705862492,1.0022008
2234.8616503396124,0.99372673
2234.8685948167326,0.9988027
2234.87553929385,0.99814504
2234.8824837706984,0.9925018
2234.8894282473043,0.9978464
2234.8963727239134,0.99674183
2234.9033172005215,1.0019035
2234.9102616771283,0.99498016
2234.917206153737,0.98521376
2234.92415063007,0.9894083
2234.9310951061657,0.99832296
2234.938039582262,1.0013905
2234.9449840583575,0.9958702
2234.9519285344536,0.9931126
2234.9588730105474,1.0011265
2234.9658174863707,0.9979985
2234.9727619619543,0.9995638
2234.979706437537,0.9979016
2234.9866509131207,1.0033338
2234.9935953887057,1.0013769
2235.000539864287,1.0006047
2235.007484339598,1.002393
2235.014428814668,1.0028104
2235.021373289739,1.0053092
2235.0283177648093,0.99850816
2235.0352622398796,1.0107608
2235.042206714952,1.0013808
2235.049151189749,1.0071822
2235.0560956643076,0.99944943
2235.0630401388653,0.99638486
2235.069984613423,1.0077405
2235.076929087981,1.0045986
2235.08387356254,1.0083615
2235.0908180368256,1.004562
2235.097762510871,0.99599445
2235.104706984915,1.0041994
2235.1116514589603,0.99704367
2235.1185959330064,1.0033085
2235.12554040705,0.9980931
2235.1324848808226,1.002023
2235.1394293543553,1.0001806
2235.1463738278876,1.0008192
2235.1533183014203,1.001668
2235.1602627749526,0.99900633
2235.167207248484,1.0026753
2235.174151721742,1.0024545
2235.1810961947613,0.9996332
2235.1880406677815,1.0008492
2235.1949851408003,0.99542356
2235.2019296138183,0.9991569
2235.208874086839,0.9958763
2235.215818559582,0.99603695
2235.2227630320886,1.0030241
2235.229707504592,0.99928725
2235.2366519771,1.0002145
2235.243596449606,0.994472
2235.2505409221094,1.0011736
2235.2574853943415,1.0011352
2235.2644298663313,1.0057039
2235.271374338324,1.00338
2235.278318810315,0.99891496
2235.285263282307,0.99972844
2235.292207754299,1.0038078
2235.299152226016,0.9975619
2235.306096697494,1.0031838
2235.3130411689704,0.9942272
2235.3199856404476,0.9998553
2235.3269301119253,0.9942052
2235.3338745834044,0.99432796
2235.340819054607,0.99929565
2235.3477635255704,0.9971944
2235.3547079965315,0.9951731
2235.361652467495,1.0009494
2235.3685969384583,0.99859375
2235.37554140942,0.98991936
2235.382485880111,0.9903533
2235.3894303505576,0.9904506
2235.3963748210062,1.0065615
2235.4033192914544,1.0005081
2235.4102637619026,0.9989026
2235.41720823235,1.0021174
2235.4241527025233,0.99737996
2235.4310971724576,0.98940635
2235.438041642391,0.99872875
2235.444986112324,0.997181
2235.451930582256,1.0033349
2235.458875052189,1.004925
2235.4658195218476,0.9969088
2235.4727639912658,0.9997265
2235.479708460684,1.0077971
2235.4866529301025,0.99810493
2235.4935973995193,1.0010599
2235.500541868936,1.0016611
2235.5074863380796,1.00124
2235.51443080698,1.0020521
2235.5213752758823,0.9925654
2235.5283197447857,1.0002012
2235.535264213687,0.99321866
2235.5422086825893,0.9964838
2235.5491531512157,0.9949148
2235.5560976196007,0.9990318
2235.563042087988,0.9984602
2235.569986556372,0.9982056
2235.5769310247592,1.0042999
2235.5838754931447,0.99334407
2235.590819961254,0.9969718
2235.5977644291247,0.9964823
2235.604708896992,0.992968
2235.611653364862,0.9954692
2235.6185978327294,0.99611306
2235.625542300601,1.0039263
2235.6324867681956,0.9980563
2235.639431235546,0.9960026
2235.6463757028987,0.99791086
2235.653320170249,0.9959218
2235.660264637602,0.99983865
2235.6672091049545,0.99244994
2235.674153572031,1.0032326
2235.681098038867,0.99937266
2235.688042505702,1.0076966
2235.694986972535,1.0094007
2235.7019314393706,1.0015825
2235.7088759062044,0.99263155
2235.715820372764,0.9975912
2235.722764839082,0.9935218
2235.7297093053976,1.0010967
2235.7366537717157,0.9959468
2235.743598238031,0.995599
2235.750542704349,1.005621
2235.7574871703896,0.99840426
2235.764431636187,1.0035776
2235.771376101988,0.9906516
2235.7783205677847,0.9947006
2235.785265033584,0.996643
2235.792209499383,0.9996707
2235.7991539649047,0.9928902
2235.8060984301837,1.00499
2235.8130428954632,0.99739164
2235.8199873607446,1.0019473
2235.8269318260245,1.0007707
2235.833876291304,0.99431354
2235.8408207563066,0.995324
2235.8477652210668,1.0005774
2235.854709685828,0.9905064
2235.8616541505885,1.0003779
2235.8685986153496,0.9982429
2235.8755430801107,1.0009679
2235.8824875445925,1.0021042
2235.889432008834,1.0020671
2235.8963764730747,0.9932967
2235.903320937314,1.0006046
2235.910265401555,0.99734104
2235.9172098657973,0.9897913
2235.9241543297608,0.99578696
2235.9310987934814,0.99833375
2235.938043257201,1.0025837
2235.944987720921,0.993996
2235.951932184642,1.00232
2235.9588766483616,0.9955545
2235.9658211118044,0.9889781
2235.9727655750053,0.99628943
2235.979710038204,0.9993845
2235.9866545014042,1.0026848
2235.993598964603,1.0066503
2236.000543427803,1.0033048
2236.007487890723,1.0018681
2236.014432353402,0.9943118
2236.0213768160816,1.0010424
2236.028321278759,0.9971476
2236.035265741438,0.989004
2236.042210204114,0.9931436
2236.049154666515,0.9985644
2236.056099128671,0.9902555
2236.0630435908265,0.99459434
2236.069988052984,0.9949012
2236.0769325151387,1.0016419
2236.0838769772954,1.0040716
2236.090821439174,1.0039113
2236.0977659008063,0.9954546
2236.1047103624405,0.9947732
2236.111654824072,1.0050915
2236.118599285707,0.9978778
2236.1255437473424,1.003418
2236.132488208695,1.0008957
2236.139432669806,1.0002773
2236.1463771309145,0.99755806
2236.1533215920253,0.9961867
2236.160266053136,1.0049598
2236.1672105142466,0.98601335
2236.1741549750786,1.0050881
2236.1810994356633,0.99542344
2236.188043896251,1.0045215
2236.194988356837,0.9965201
2236.2019328174224,0.9999491
2236.2088772780094,1.0039716
2236.2158217383158,1.0030614
2236.222766198378,0.9995365
2236.2297106584406,0.99376583
2236.236655118502,0.9958127
2236.243599578564,1.0064515
2236.2505440386244,1.0048499
2236.257488498407,1.0043328
2236.264432957945,0.9968048
2236.271377417481,0.99633527
2236.278321877018,1.0050665
2236.285266336553,0.9959595
2236.2922107960903,1.0070486
2236.2991552553467,1.002855
2236.306099714357,0.99796665
2236.3130441733692,1.0087754
2236.319988632378,1.003847
2236.3269330913895,1.0005167
2236.3338775504003,1.0037048
2236.3408220091305,0.9973018
2236.347766467615,1.0060257
2236.3547109260976,1.0055844
2236.361655384584,1.0051918
2236.3685998430674,0.996769
2236.375544301551,1.0017426
2236.382488759755,1.0021935
2236.3894332177097,1.0056574
2236.396377675667,1.0045143
2236.403322133624,1.0026208
2236.4172110495383,0.99832237
2236.424155507213,0.995286
2236.4310999646414,1.0074732
2236.43804442207,1.0017849
2236.4449888794984,0.9987567
2236.4519333369262,1.0027862
2236.4588777943563,1.0041705
2236.4658222515027,0.99936026
2236.4727667084026,1.0077019
2236.479711165302,1.0067123
2236.486655622202,0.9981672
2236.4936000791004,1.0023785
2236.5005445360002,1.0014129
2236.507488992619,1.0104218
2236.5144334489887,1.0026065
2236.521377905359,0.9958874
2236.5283223617275,0.9967261
2236.5352668180976,0.9967351
2236.542211274468,1.0060533
2236.5491557305554,1.0010469
2236.5561001863957,1.0023144
2236.563044642235,0.9997058
2236.5699890980736,1.0018574
2236.5769335539135,1.0018611
2236.583878009753,0.99314
2236.5908224653085,0.9995055
2236.5977669206154,0.9988348
2236.604711375925,1.0042149
2236.6116558312337,1.0092252
2236.6186002865416,1.0065098
2236.62554474185,0.99117327
2236.6324891968725,1.0002267
2236.639433651649,0.9974212
2236.6463781064253,1.000275
2236.653322561202,0.9941604
2236.6602670159778,1.0047603
2236.667211470752,1.0019627
2236.6741559252446,1.0038677
2236.681100379488,0.99968946
2236.6880448337297,1.0054595
2236.694989287973,0.99885446
2236.701933742215,1.0064662
2236.708878196458,1.0026646
2236.715822650417,1.0061861
2236.7227671041246,0.9886842
2236.729711557834,1.0041144
2236.736656011541,0.9882008
2236.74360046525,0.99580616
2236.750544918961,0.994503
2236.757489372383,1.0021914
2236.7644338255573,0.9970415
2236.7713782787296,0.991662
2236.7783227319037,1.002013
2236.785267185078,0.99158525
2236.7922116382497,1.0022444
2236.7991560911405,0.99715585
2236.806100543776,0.99720573
2236.8130449964146,1.0053803
2236.819989449053,0.99229735
2236.826933901689,0.99519634
2236.833878354328,1.0065234
2236.8408228066783,0.9995955
2236.8477672587806,0.9952128
2236.854711710882,0.9962855
2236.861656162982,0.9963538
2236.868600615083,1.0032287
2236.875545067182,1.0052204
2236.882489518997,0.9968678
2236.88943397056,1.0027747
2236.8963784221232,0.9972073
2236.9033228736866,1.0033582
2236.910267325248,1.0005704
2236.917211776811,1.0026025
2236.924156228086,1.0054734
2236.9311006791104,0.9975823
2236.938045130135,0.9896034
2236.9449895811576,1.0023963
2236.951934032182,1.0067325
2236.9588784832054,0.9991062
2236.965822933942,1.0021315
2236.9727673844263,1.0038803
2236.9797118349084,1.0120649
2236.9866562853927,1.0022242
2236.9936007358765,0.9941014
2237.000545186361,1.001458
2237.007489636557,0.9986671
2237.0144340864977,0.9978624
2237.0213785364413,1.0014367
2237.028322986382,0.9919126
2237.035267436326,0.99909574
2237.0422118862703,0.9934922
2237.0491563359224,0.99469745
2237.056100785323,0.99458647
2237.0630452347227,0.99421406
2237.0699896841234,1.0049658
2237.076934133523,1.0017891
2237.083878582923,0.9967148
2237.090823032035,1.004275
2237.0977674808914,1.0058491
2237.104711929749,0.999389
2237.111656378606,1.0042737
2237.1186008274617,1.0031086
2237.1255452763185,1.0020103
2237.132489724885,0.9973658
2237.139434173199,1.0010821
2237.1463786215095,0.98794043
2237.1533230698224,0.9962023
2237.160267518135,1.0026869
2237.1672119664468,0.99430424
2237.174156414469,0.9976811
2237.1811008622335,1.0020382
2237.1880453100025,1.0023235
2237.1949897577683,0.99363685
2237.201934205534,0.9982272
2237.2088786533013,1.0022177
2237.2158231007747,1.0033075
2237.222767547995,1.0006225
2237.2297119952145,0.9956284
2237.236656442434,0.99689984
2237.2436008896543,0.9899065
2237.250545336873,0.99290746
2237.2574897838,0.9998501
2237.264434230471,1.0020282
2237.271378677142,0.9946493
2237.2783231238122,0.99479824
2237.285267570484,0.9967256
2237.2922120171556,1.0003502
2237.2991564635345,0.9936305
2237.3061009096555,0.999754
2237.313045355777,1.0050145
2237.3199898018975,1.0005556
2237.326934248019,0.9964427
2237.3338786941413,1.0028005
2237.34082313997,1.0041091
2237.34776758554,1.005185
2237.3547120311096,1.0093076
2237.3616564766803,0.99976873
2237.3686009222506,0.9999981
2237.375545367822,0.9994924
2237.3824898130993,0.995618
2237.389434258116,0.9985886
2237.3963787031344,1.0041537
2237.4033231481526,1.0048779
2237.4102675931713,0.99985325
2237.4172120381886,0.9949387
2237.4241564829117,1.0017121
2237.431100927376,1.0005593
2237.4380453718413,0.9936122
2237.4449898163066,1.0015657
2237.451934260769,0.99969876
2237.4588787052344,1.0017109
2237.465823149403,0.9965138
2237.4727675933123,0.99724424
2237.479712037221,0.9968347
2237.486656481132,0.99940556
2237.493600925041,1.0060676
2237.5005453689505,0.9992333
2237.507489812563,1.0030146
2237.514434255915,1.0056363
2237.521378699267,1.0092213
2237.52832314262,1.0018975
2237.5352675859745,1.0028938
2237.542212029327,1.0013256
2237.5491564723825,1.0004812
2237.556100915176,0.99837846
2237.5630453579706,1.0020827
2237.569989800766,0.9974318
2237.5769342435588,0.9992676
2237.583878686356,1.0049018
2237.5908231288513,0.99192744
2237.5977675710865,1.0073304
2237.604712013321,1.007289
2237.6116564555564,1.0027223
2237.6186008977907,0.996029
2237.625545340025,1.0018872
2237.6324897819627,0.99740905
2237.639434223636,0.99910235
2237.6463786653103,1.0017127
2237.653323106983,0.9987334
2237.660267548656,0.9983147
2237.6672119903305,1.0057068
2237.674156431704,1.0050493
2237.6811008728164,1.0063406
2237.6880453139274,0.9994726
2237.6949897550367,0.9999979
2237.701934196148,1.0122399
2237.7088786372587,1.0034527
2237.715823078068,1.0013982
2237.722767518614,0.99483234
2237.7297119591612,1.0021505
2237.7366563997084,0.99519134
2237.743600840254,1.0056726
2237.750545280801,1.0018998
2237.7574897210443,1.003108
2237.7644341610244,0.9920911
2237.7713786010054,1.0004212
2237.778323040986,0.9979467
2237.785267480966,0.9966549
2237.792211920945,1.0015937
2237.799156360623,0.9927923
2237.8061008000345,0.9947047
2237.813045239446,0.9938193
2237.8199896788587,1.002692
2237.8269341182713,1.0026473
2237.833878557684,1.0013039
2237.840822996792,1.0087762
2237.8477674356345,1.0000583
2237.854711874477,1.0011487
2237.8616563133182,1.0016096
2237.8686007521615,1.00204
2237.875545191004,1.0009788
2237.8824896295423,1.0032468
2237.889434067813,0.9934483
2237.896378506083,1.001214
2237.9033229443544,0.99847484
2237.9102673826246,0.993193
2237.917211820895,0.9979694
2237.924156258862,1.0086354
2237.931100696558,0.99660075
2237.9380451342563,0.99922144
2237.944989571953,0.98955274
2237.9519340096494,0.98955697
2237.9588784473467,1.0114571
2237.9658228847375,0.99974483
2237.9727673218613,0.9993648
2237.979711758983,0.99746853
2237.986656196105,1.0007215
2237.9936006332255,0.9957708
2238.0005450703475,0.9953792
2238.0074895071616,0.9982131
2238.0144339437056,1.0021565
2238.0213783802524,0.9991777
2238.028322816796,1.00814
2238.0352672533404,1.0021452
2238.042211689885,1.0038179
2238.049156126121,0.99891406
2238.0561005620857,0.9982041
2238.0630449980504,0.99853224
2238.069989434017,1.0052727
2238.076933869982,1.0036377
2238.083878305947,1.0017635
2238.0908227416016,1.0010848
2238.0977671769856,0.9954478
2238.1047116123696,0.99875057
2238.111656047753,0.9981306
2238.118600483138,0.99939483
2238.1255449185205,1.000315
2238.1324893535934,1.0021771
2238.1394337883944,1.0047739
2238.146378223194,1.0064082
2238.1533226579936,1.0001004
2238.160267092793,0.9994544
2238.1672115275946,1.0068562
2238.1741559620823,0.98778814
2238.1811003962976,1.0059215
2238.188044830511,1.0010583
2238.194989264725,0.9883491
2238.2019336989397,0.9958531
2238.2088781331536,0.9921811
2238.2158225670564,0.9947561
2238.222767000683,0.99102914
2238.2297114343082,1.0020087
2238.2366558679346,1.0025952
2238.243600301561,1.00017
2238.2505447351864,0.99311346
2238.257489168498,1.0045197
2238.2644336015355,1.0017003
2238.271378034572,0.9958873
2238.2783224676077,1.0011156
2238.285266900644,1.0043899
2238.292211333679,0.992522
2238.2991557663995,0.99153465
2238.3061001988435,0.9921749
2238.3130446312875,0.99364305
2238.319989063731,0.9957836
2238.3269334961733,0.99688786
2238.333877928617,0.98623973
2238.340822360743,1.0024358
2238.347766792592,1.0011023
2238.35471122444,0.99932885
2238.3616556562897,0.9981516
2238.3686000881376,0.9979729
2238.3755445199854,0.9977357
2238.3824889515163,0.99985635
2238.3894333827657,1.0016966
2238.3963778140164,0.99450505
2238.403322245268,0.9911838
2238.4102666765193,0.99927
2238.417211107771,0.9950504
2238.4241555387016,0.98876154
2238.4310999693516,1.0012186
2238.438044400003,0.9894167
2238.4449888306535,0.9947103
2238.4519332613036,0.98618484
2238.458877691956,0.999679
2238.465822122285,0.9829977
2238.472766552333,0.98385715
2238.4797109823817,0.988126
2238.48665541243,0.99133736
2238.4935998424767,0.9916135
2238.500544272525,0.99781436
2238.5074887022515,0.98928106
2238.514433131695,1.0016946
2238.521377561136,0.99348336
2238.5283219905796,0.9973562
2238.5352664200227,0.9955186
2238.542210849465,0.99339515
2238.5491552785843,1.0011787
2238.5560997074185,1.0000978
2238.563044136254,0.991607
2238.569988565089,0.996467
2238.576932993923,0.9952917
2238.583877422758,0.9944345
2238.5908218512664,0.9954697
2238.5977662794903,0.99104035
2238.6047107077147,1.0026528
2238.611655135939,0.98457795
2238.618599564163,0.99069595
2238.6255439923857,1.0026896
2238.632488420283,0.9940825
2238.6394328478927,1.0003188
2238.6463772755033,0.9927319
2238.653321703113,1.0006973
2238.6602661307243,0.99425924
2238.667210558334,0.99809766
2238.674154985615,0.9887064
2238.681099412609,1.0084559
2238.6880438396006,1.0060116
2238.6949882665945,0.99676627
2238.7019326935892,0.99616474
2238.708877120582,0.99121207
2238.715821547246,1.0015225
2238.7227659736186,0.99482
2238.729710399992,0.9978965
2238.736654826365,0.99758875
2238.743599252739,0.9986544
2238.750543679114,0.9980729
2238.757488105155,1.0014004
2238.7644325309057,0.9954404
2238.7713769566553,1.0111341
2238.778321382407,0.99946326
2238.7852658081556,1.0035816
2238.792210233907,0.99737966
2238.7991546593266,0.99936396
2238.8060990844497,0.992159
2238.813043509575,0.99850595
2238.8199879346976,0.9943224
2238.826932359823,0.99951905
2238.8408212097365,0.995372
2238.8477656342325,0.9992421
2238.854710058727,1.0028222
2238.8616544832234,0.99349815
2238.868598907717,1.0013882
2238.875543332213,0.997538
2238.8824877563693,0.9944111
2238.8894321802322,0.9922334
2238.8963766040956,0.9998898
2238.903321027958,0.9970265
2238.910265451821,0.99780154
2238.9172098756817,1.0052714
2238.9241542992067,0.99198717
2238.931098722433,0.9989557
2238.9380431456584,0.99621964
2238.944987568885,1.0024072
2238.9519319921105,0.9966333
2238.958876415338,0.99164236
2238.965820838222,1.0041436
2238.972765260809,0.99450064
2238.979709683396,0.99412966
2238.9866541059805,1.0040473
2238.993598528568,0.99916553
2239.0005429511543,1.0015551
2239.007487373399,1.007122
2239.01443179534,1.0039691
2239.0213762172834,1.0030743
2239.028320639227,0.99812406
2239.0352650611694,0.9995894
2239.042209483113,1.0049148
2239.049153904711,1.002367
2239.0560983260066,1.0074354
2239.0630427473016,1.000016
2239.069987168598,1.0137107
2239.0769315898942,1.0079089
2239.0838760111883,1.0045462
2239.090820432138,1.0042886
2239.097764852783,1.0040938
2239.1047092734284,1.0080904
2239.1116536940713,0.9970183
2239.1185981147164,1.0037726
2239.125542535362,1.00435
2239.132486955657,0.9992237
2239.1394313756473,0.9988167
2239.1463757956376,1.0063977
2239.1533202156265,1.0056992
2239.160264635616,0.9968594
2239.167209055606,1.0061678
2239.174153475245,1.0028437
2239.181097894574,1.0117047
2239.1880423139055,1.0038571
2239.1949867332364,1.001358
2239.2019311525673,0.99827224
2239.208875571898,1.0029302
2239.2158199908745,0.9951859
2239.2227644095424,1.0090971
2239.229708828209,1.0033387
2239.236653246877,0.9988451
2239.243597665545,1.0092522
2239.2505420842117,1.0018106
2239.257486502523,1.0053483
2239.2644309205234,1.0013458
2239.2713753385237,1.000444
2239.278319756522,0.99867517
2239.2852641745226,1.0001103
2239.292208592523,1.0005604
2239.299153010165,1.000765
2239.3060974274927,1.0004168
2239.31304184482,0.9976757
2239.3199862621486,0.9980854
2239.3269306794764,1.0040224
2239.333875096804,1.0039123
2239.3408195137727,1.0063338
2239.3477639304247,1.0000963
2239.354708347075,1.0082543
2239.361652763727,1.0007064
2239.3685971803784,1.003799
2239.375541597029,0.99826837
2239.382486013318,1.0035778
2239.389430429289,0.9979919
2239.39637484526,0.9975676
2239.40331926123,1.0027604
2239.410263677201,0.99690425
2239.4172080931708,1.0029329
2239.424152508776,1.000852
2239.4310969240605,1.0030694
2239.438041339346,1.0071387
2239.4449857546315,1.0038217
2239.4519301699147,0.99775517
2239.4588745851997,1.0086133
2239.465819000117,1.0104129
2239.4727634147107,1.005215
2239.479707829304,0.99992687
2239.486652243899,1.0079943
2239.4935966584935,1.0028831
2239.500541073086,1.0009407
2239.507485487311,0.99530154
2239.5144299012077,1.010952
2239.521374315107,1.0072627
2239.5283187290056,1.0022777
2239.5352631429046,1.0037158
2239.542207556804,1.0072153
2239.5491519703273,1.0094609
2239.556096383526,0.99991757
2239.563040796722,1.0088714
2239.569985209921,1.0064913
2239.5769296231183,1.0018233
2239.5838740363165,1.0013732
2239.590818449139,1.0078981
2239.59776286163,0.9986688
2239.6047072741226,0.9988944
2239.6116516866127,1.0032252
2239.618596099105,1.0065064
2239.6255405115976,0.9999251
2239.6324849237108,0.9977605
2239.6394293354915,1.006649
2239.6463737472704,1.0048552
2239.6533181590517,1.0005556
2239.6602625708315,0.9980516
2239.667206982612,0.99916464
2239.674151394011,0.999229
2239.681095805075,1.0044703
2239.6880402161396,1.0039704
2239.6949846272028,0.99664253
2239.701929038266,0.9971897
2239.708873449329,1.0073819
2239.715817860009,0.9982783
2239.722762270351,0.99947304
2239.7297066806923,1.0041668
2239.7366510910338,1.004084
2239.7435955013743,1.0081229
2239.7505399117163,0.99777323
2239.75748432167,0.9971755
2239.764428731283,1.0065767
2239.771373140896,1.0036767
2239.7783175505106,0.9992764
2239.7852619601244,0.9920919
2239.7922063697374,0.99649423
2239.7991507789598,1.008241
2239.8060951878388,1.0068699
2239.8130395967187,0.99241245
2239.819984005598,0.99567014
2239.8269284144794,0.9988875
2239.8338728233593,1.0007172
2239.8408172318436,0.9999203
2239.847761639984,0.99839
2239.861650456263,1.0013837
2239.8685948644024,1.0007596
2239.8755392725443,0.99714303
2239.8824836802864,0.99977183
2239.889428087681,0.9950552
2239.896372495076,1.0087539
2239.903316902469,0.99928945
2239.9102613098635,1.0075421
2239.9172057172577,0.99972856
2239.924150124253,0.9902324
2239.9310945308944,0.9955445
2239.9380389375374,0.9939364
2239.9449833441804,0.99588233
2239.9519277508225,0.9910718
2239.958872157466,1.0033541
2239.9658165637034,1.0025918
2239.972760969591,0.9920031
2239.979705375474,1.004318
2239.9866497813596,0.99292463
2239.993594187245,0.9957531
2240.000538593128,1.0005997
2240.0074829986065,0.9938138
2240.0144274037275,1.0049028
2240.02137180885,1.0007558
2240.028316213969,1.0006841
2240.035260619091,0.9911072
2240.042205024211,0.9928359
2240.0491494289226,0.997704
2240.056093833274,1.0027077
2240.0630382376235,1.0001824
2240.0699826419764,0.9985822
2240.0769270463256,1.0032126
2240.083871450677,0.99846226
2240.0908158546135,1.0042866
2240.097760258189,1.0000443
2240.104704661764,0.9991899
2240.111649065337,1.0014987
2240.1185934689142,1.0046256
2240.1255378724873,1.004934
2240.132482275646,1.0011446
2240.1394266784378,1.0013001
2240.146371081231,1.0097595
2240.1533154840217,1.002058
2240.160259886815,1.0058132
2240.167204289609,1.0004278
2240.174148691981,1.0068102
2240.181093093986,1.0149877
2240.1880374959883,1.0037463
2240.1949818979933,0.99359435
2240.2019262999975,1.0112772
2240.2088707020016,1.0062318
2240.2158151035837,0.99367166
2240.2227595047934,1.0080876
2240.229703906004,0.9959266
2240.236648307214,1.0022913
2240.243592708425,1.0085541
2240.2505371096336,0.99750024
2240.2574815104185,1.0001911
2240.2644259108297,0.9974561
2240.271370311241,1.004111
2240.278314711652,1.0017563
2240.2852591120613,1.0031651
2240.292203512472,0.99935335
2240.299147912454,1.0047481
2240.30609231206,1.0048654
2240.3130367116646,1.0127926
2240.319981111273,1.0108057
2240.326925510877,1.0003355
2240.333869910484,0.99580956
2240.340814309659,1.0014783
2240.347758708454,1.0011301
2240.3547031072503,0.99553144
2240.361647506046,0.9973427
2240.368591904844,1.0080397
2240.3755363036385,1.0009463
2240.382480702003,1.0039625
2240.389425099984,1.006378
2240.3963694979666,1.002868
2240.4033138959494,0.9995796
2240.4102582939304,0.9961118
2240.417202691915,0.99367905
2240.4241470894603,0.9999746
2240.431091486626,0.9999842
2240.438035883789,1.0001196
2240.4449802809554,0.9972736
2240.4519246781188,0.99752605
2240.458869075284,0.996402
2240.4658134720135,0.99151367
2240.4727578683564,0.9954529
2240.4797022647026,0.99202585
2240.4866466610456,0.9853805
2240.493591057391,0.98810786
2240.500535453734,0.99291986
2240.5074798496416,0.9957363
2240.5144242451647,0.99800456
2240.521368640688,0.9981761
2240.5283130362113,0.99479586
2240.535257431732,0.9943922
2240.5422018272557,0.99570334
2240.54914622234,0.98419034
2240.5560906170413,0.99297017
2240.5630350117426,0.98938227
2240.5699794064435,0.9904755
2240.576923801144,0.99402505
2240.583868195844,0.9935619
2240.5908125901083,0.9974883
2240.597756983987,0.99343294
2240.6047013778675,0.9892194
2240.6116457717485,0.98182553
2240.6185901656286,0.9910953
2240.625534559508,0.9887107
2240.632478952954,0.9912796
2240.6394233460164,0.98699766
2240.6463677390793,0.9890924
2240.653312132142,0.9917347
2240.660256525206,0.98855376
2240.66720091827,0.988904
2240.6741453108993,0.98980534
2240.681089703152,0.996486
2240.6880340954035,0.9895561
2240.694978487656,0.9870808
2240.7019228799077,0.99877256
2240.70886727216,0.99282664
2240.715811663986,0.9903486
2240.722756055436,0.9857661
2240.7297004468874,0.9965078
2240.7366448383364,0.99476546
2240.743589229787,0.9879084
2240.750533621236,0.9921277
2240.7574780122695,0.98277664
2240.76442240293,0.986575
2240.7713667935927,0.97960037
2240.7783111842555,0.98836136
2240.785255574916,0.98705125
2240.7921999655796,0.9924884
2240.7991443558303,0.99291635
2240.8060887457236,0.9950718
2240.8130331356147,0.9858133
2240.819977525507,0.98886853
2240.826921915397,0.9882453
2240.8338663052896,0.9917195
2240.8408106947845,0.9840416
2240.847755083928,0.9908224
2240.854699473076,0.98665744
2240.8616438622194,0.9884085
2240.8685882513655,0.9888935
2240.8755326405103,0.9964683
2240.882477029275,0.9805316
2240.8894214177035,0.9926485
2240.8963658061334,0.98275065
2240.9033101945647,0.98911077
2241.993580819932,1.1528913
2242.0005252525057,1.0713533
2242.007469686264,1.0806762
2242.014414121068,1.1085525
2242.0213585558686,1.1081408
2242.0283029906723,1.0252249
2242.0352474254755,1.1027718
2242.042191860276,1.0676702
2242.049136296076,1.0388767
2242.0560807327483,1.0125352
2242.063025169423,1.0615827
2242.069969606095,1.0535313
2242.0769140427715,1.0184427
2242.0838584794437,1.0085746
2242.0908029169386,1.0119255
2242.097747355154,1.0595933
2242.1046917933686,1.0413263
2242.111636231584,1.0276587
2242.1185806697995,1.031655
2242.1255251080165,1.0123599
2242.1324695468948,0.99878657
2242.139413986355,1.0122253
2242.1463584258145,1.034812
2242.153302865275,1.0114669
2242.160247304735,1.0006236
2242.1671917441945,1.0207419
2242.174136184178,1.008993
2242.1810806246212,1.0127773
2242.188025065063,1.0303227
2242.194969505506,1.0236319
2242.2019139459467,1.051334
2242.20885838639,1.020477
2242.215802827232,1.0108371
2242.2227472684285,1.0110184
2242.229691709624,1.0121847
2242.2366361508175,1.0200195
2242.2435805920127,1.0383453
2242.250525033207,1.0237869
2242.2574694746972,1.0043019
2242.264413916444,1.0070369
2242.271358358194,0.99434835
2242.2783027999417,1.0139031
2242.2852472416903,1.0137737
2242.2921916834375,0.99460435
2242.29913612539,1.0097344
2242.3060805675204,0.9908108
2242.3130250096515,1.0038997
2242.3199694517834,1.0073571
2242.326913893914,0.9945414
2242.333858336044,0.9808562
2242.3408027783003,0.9849999
2242.347747220667,0.98639756
2242.354691663032,0.9884486
2242.3616361053987,0.97861683
2242.368580547766,0.98502994
2242.3755249901333,0.9846317
2242.3824694325567,0.96971786
2242.389413875035,0.9723283
2242.396358317511,0.97075605
2242.4033027599885,0.9921013
2242.410247202464,0.9801468
2242.4171916449422,0.9909476
2242.424136087423,0.9866887
2242.431080529902,0.9948969
2242.438024972383,0.98529553
2242.4449694148625,0.97873294
2242.4519138573446,0.9790837
2242.4588582998235,0.9896739
2242.4658027422597,0.98542863
2242.4727471846527,0.9875568
2242.479691627045,0.9903469
2242.4866360694386,0.9794403
2242.493580511832,0.9826964
2242.5005249542255,0.9709997
2242.5074693965307,0.9885594
2242.51441383876,0.9879757
2242.5213582809897,0.9911915
2242.5283027232185,0.98288244
2242.535247165447,0.99692845
2242.5421916076752,0.98301786
2242.549136049781,1.0189756
2242.5560804917795,1.0245379
2242.5630249337783,1.0220139
2242.5699693757774,1.0225338
2242.576913817774,1.024806
2242.583858259773,1.0205374
2242.590802701617,1.020405
2242.5977471433303,1.0109805
2242.6046915850407,1.0132542
2242.611636026754,1.01586
2242.618580468465,1.0101314
2242.625524910177,1.0087641
2242.6324693517113,1.0156585
2242.639413793087,1.0126542
2242.646358234465,1.0314347
2242.653302675841,1.0243341
2242.660247117221,1.0175316
2242.667191558597,1.0109798
2242.674135999775,1.0262816
2242.681080440777,1.0228063
2242.6880248817797,1.015723
2242.6949693227807,1.015175
2242.7019137637835,1.0160642
2242.708858204787,1.026
2242.715802645572,1.0113592
2242.7227470861626,1.0161554
2242.729691526756,1.0232104
2242.7366359673483,1.0098797
2242.743580407942,1.0157254
2242.7505248485354,1.0137433
2242.757469288894,1.015353
2242.764413729048,1.0181953
2242.7713581692014,1.0407003
2242.7783026093557,1.0226274
2242.7852470495077,1.0096579
2242.7921914896624,1.0128471
2242.7991359295684,1.0222514
2242.8060803692597,1.0174974
2242.813024808949,1.0088874
2242.819969248638,1.0148582
2242.8269136883273,1.0194613
2242.8338581280173,1.02158
2242.840802567447,1.0128498
2242.8477470066514,1.0169932
2242.8546914458566,1.0157592
2242.8616358850613,1.0160248
2242.8685803242656,1.0203358
2242.8755247634695,1.0218152
2242.882469202405,1.0250946
2242.8894136411054,1.0190457
2242.896358079806,1.0141337
2242.9033025185063,1.0138222
2242.9102469572085,1.0107532
2242.917191395907,1.0159678
2242.9241358343324,1.012798
2242.931080272512,1.0200409
2242.938024710695,1.0136118
2242.9449691488753,1.0091349
2242.9519135870582,1.0093858
2242.9588580252394,1.0210844
2242.965802463137,1.0245417
2242.972746900786,1.0223687
2242.9796913384357,1.0138184
2242.9866357760857,1.0154847
2242.993580213734,1.0157037
2243.0005246513856,1.0198333
2243.0074690887445,1.0249281
2243.014413525851,1.0184708
2243.021357962957,1.0222704
2243.028302400063,1.0088698
2243.035246837169,1.0127883
2243.0421912742754,1.0147576
2243.049135711088,1.0201902
2243.0560801476427,1.024343
2243.063024584195,1.0226002
2243.0699690207493,1.0093573
2243.0769134573015,1.0154461
2243.083857893857,1.0095361
2243.090802330111,1.0153692
2243.097746766106,1.0143089
2243.104691202099,1.0216092
2243.111635638093,1.0091977
2243.1185800740873,1.0110321
2243.1255245100792,1.0193762
2243.1324689457715,1.0181606
2243.139413381197,1.0083692
2243.146357816626,1.020897
2243.153302252051,1.0109025
2243.1602466874783,1.0124047
2243.167191122905,1.0106304
2243.1741355580275,1.0165435
2243.1810799928808,1.0148675
2243.1880244277354,1.0125924
2243.1949688625896,1.0140803
2243.201913297446,1.0100179
2243.2088577322997,1.0211462
2243.215802166847,1.0230575
2243.222746601124,1.0202796
2243.2296910354025,1.0124116
2243.236635469679,1.011083
2243.2435799039577,1.0130317
2243.2505243382357,1.0202757
2243.2574687722054,1.0198376
2243.2644132059036,1.009227
2243.2713576395995,1.0065553
2243.2783020732977,1.0073822
2243.2852465069946,1.0018077
2243.2921909406928,1.0129076
2243.299135374081,1.0021005
2243.3060798071942,1.0064563
2243.3130242403086,1.0126679
2243.3199686734233,1.0135859
2243.326913106536,1.0118177
2243.333857539651,1.0138136
2243.3408019724534,0.9966596
2243.347746404984,1.0125544
2243.3546908375124,1.0093083
2243.3616352700406,1.0084094
2243.368579702569,1.0145372
2243.3755241350987,1.0179234
2243.3824685673135,1.0073036
2243.389412999256,0.9993229
2243.396357431198,1.0170354
2243.4033018631403,1.0100828
2243.4102462950827,1.0024182
2243.417190727023,1.0127738
2243.424135158652,1.0076149
2243.4310795900046,1.0132242
2243.438024021358,1.0038999
2243.4449684527117,1.0082737
2243.4519128840648,1.0155864
2243.4588573154174,1.0073918
2243.4658017464576,1.014679
2243.4727461772213,1.0115247
2243.4796906079846,1.010301
2243.4866350387483,1.0115736
2243.4935794695134,1.0103704
2243.5005239002767,1.0075567
2243.5074683307275,1.0125024
2243.5144127609,1.016916
2243.521357191075,0.99713665
2243.528301621248,1.0062374
2243.5352460514227,1.0104371
2243.542190481596,1.0040957
2243.549134911457,1.0033696
2243.55607934104,1.0017189
2243.5630237706246,0.99927765
2243.5699682002073,1.0104842
2243.576912629792,1.0057263
2243.5838570593764,1.0034051
2243.590801488647,1.0018793
2243.5977459176415,0.9970822
2243.6046903466336,1.008701
2243.6116347756283,1.0108087
2243.6185792046217,1.0063925
2243.6255236336156,1.0053418
2243.6324680622947,1.0012705
2243.6394124907006,1.013542
2243.6463569191046,1.0103554
2243.653301347509,0.99863476
2243.6602457759122,1.0143939
2243.6671902043167,1.013058
2243.6741346324075,1.0042174
2243.681079060223,0.9952557
2243.6880234880373,1.0055621
2243.694967915854,1.0035915
2243.7019123436676,0.9989054
2243.708856771483,1.006287
2243.715801198983,1.0065498
2243.7227456262103,1.0092376
2243.729690053436,1.001473
2243.736634480664,1.0004733
2243.7435789078904,0.999179
2243.750523335116,1.0004463
2243.7574677620296,1.0110061
2243.7644121886683,1.0032271
2243.7713566153075,0.9991714
2243.778301041945,1.0097837
2243.785245468585,1.0035836
2243.792189895223,0.992955
2243.79913432155,1.0103381
2243.8060787476015,1.0006367
2243.8130231736523,1.0103855
2243.819967599704,0.9939212
2243.8269120257564,0.9992818
2243.8338564518085,1.0002801
2243.840800877549,1.020519
2243.847745303013,1.0083835
2243.8546897284796,1.0073977
2243.861634153944,1.0039828
2243.8685785794114,1.004848
2243.875523004876,0.99887276
2243.882467430032,1.0068506
2243.889411854913,1.0078329
2243.8963562797944,1.0099876
2243.903300704674,1.00573
2243.9102451295557,1.0113636
2243.917189554437,1.0088608
2243.9241339790065,0.99814385
2243.9310784033046,1.0038896
2243.938022827603,1.0150598
2243.9449672519,0.99519414
2243.951911676198,0.99438184
2243.9588561004944,0.99852765
2243.9658005244823,1.0016541
2243.972744948196,1.0037371
2243.979689371914,1.0104417
2243.9866337956278,0.99563855
2243.993578219344,1.0071294
2244.0005226430594,1.0096855
2244.007467066465,1.0012106
2244.0144114895998,1.0018991
2244.0213559127324,1.0023688
2244.0283003358686,1.0054488
2244.0352447590026,1.0015265
2244.042189182137,1.0032923
2244.0491336049618,1.0058262
2244.0560780275164,1.0117682
2244.063022450071,1.0055783
2244.0699668726256,1.0099069
2244.076911295181,1.0175526
2244.0838557177353,1.0068058
2244.0908001399816,1.0101258
2244.0977445619587,0.9968246
2244.104688983933,1.0005543
2244.11163340591,1.0171638
2244.118577827886,0.99360013
2244.125522249864,1.0050148
2244.1324666715327,1.0077099
2244.139411092932,1.0220865
2244.1463555143305,0.9986546
2244.153299935731,0.9999783
2244.1602443571287,1.0074996
2244.1671887785287,1.0048485
2244.1741331996227,1.0024077
2244.181077620447,1.0015682
2244.188022041271,1.0114424
2244.1949664620943,1.0104399
2244.201910882918,1.0082823
2244.208855303743,1.0021784
2244.2157997242607,1.0107967
2244.2227441445125,1.0087487
2244.229688564761,1.0131642
2244.2366329850115,1.0056101
2244.243577405261,1.0025047
2244.250521825512,1.0041361
2244.2574662454554,1.007446
2244.2644106651337,1.0007733
2244.271355084813,1.0041088
2244.27829950449,1.0059001
2244.285243924168,1.0019541
2244.292188343844,1.0005858
2244.299132763218,1.0038623
2244.3060771823243,1.0101647
2244.31302160143,1.010177
2244.3199660205373,1.0075663
2244.326910439644,1.0007792
2244.3338548587503,0.9994175
2244.340799277554,1.0124317
2244.3477436960893,1.0024537
2244.3546881146267,1.003746
2244.361632533163,1.0115137
2244.3685769517015,1.0068921
2244.375521370237,1.0047646
2244.382465788472,0.99944454
2244.38941020644,1.016574
2244.3963546244095,1.0158622
2244.4032990423766,0.9994825
2244.410243460346,1.0021183
2244.4171878783154,1.0014309
2244.424132295983,1.0063763
2244.4310767133843,1.0013678
2244.4380211307857,0.99719393
2244.4449655481876,1.0016308
2244.45190996559,1.0060213
2244.4588543829905,0.9947735
2244.4657988000945,1.0041075
2244.4727432169298,1.0120498
2244.479687633767,1.0087087
2244.486632050602,1.0016037
2244.4935764674397,0.9980839
2244.500520884276,1.0055994
2244.5074653008132,0.9967216
2244.514409717087,1.0013298
2244.521354133359,0.9941884
2244.5282985496315,0.99152243
2244.5352429659047,1.0055642
2244.5421873821774,0.9990419
2244.5491317981505,1.0017722
2244.5560762138607,0.9970973
2244.563020629573,1.0119023
2244.569965045283,1.0064727
2244.576909460994,0.99382466
2244.583853876703,1.0002183
2244.590798292116,1.0016184
2244.597742707264,1.0001403
2244.6046871224153,0.99892455
2244.6185759527143,1.0024552
2244.6255203678634,0.9887212
2244.6324647827146,0.9993138
2244.6394091973043,1.0000882
2244.646353611895,0.9977598
2244.6532980264847,1.0057781
2244.660242441074,1.0093054
2244.6671868556655,1.0045998
2244.674131269958,0.9964206
2244.6810756839895,1.0004835
2244.688020098022,1.0061361
2244.694964512052,0.9949677
2244.701908926085,0.99424106
2244.708853340116,0.9973174
2244.715797753853,1.0028676
2244.7227421673265,0.99107045
2244.729686580802,0.9970608
2244.7366309942768,1.0034872
2244.7435754077524,1.0007515
2244.750519821228,1.0038408
2244.7574642344057,0.9955528
2244.764408647328,1.0008148
2244.771353060246,0.9918544
2244.778297473166,0.9937619
2244.785241886084,0.9952851
2244.7921862990042,1.0027478
2244.799130711628,0.99752134
2244.806075123993,1.0033777
2244.8130195363606,0.99500424
2244.819963948725,0.9986643
2244.8269083610903,1.0041628
2244.833852773456,0.9943262
2244.8407971855268,0.99318504
2244.847741597339,0.9942669
2244.854686009151,0.9990325
2244.8616304209654,1.0047313
2244.868574832776,0.9988142
2244.87551924459,0.99213094
2244.8824636561076,0.9994458
2244.8894080673695,1.0069929
2244.896352478629,0.9982138
2244.9032968898914,0.991825
2244.9102413011524,0.9928592
2244.9171857124134,1.0076884
2244.9241301233815,0.9895354
2244.9310745340917,0.9966178
2244.938018944802,0.99600744
2244.944963355513,1.0202309
2244.9519077662235,1.0045874
2244.958852176936,1.0012014
2244.965796587353,0.9924995
2244.9727409975153,0.9951107
2244.9796854076753,1.0049546
2244.9866298178385,1.0017347
2244.9935742279986,0.99045837
2245.000518638161,1.0014287
2245.0074630480317,1.0014042
2245.014407457646,1.0049397
2245.0213518672585,1.0087256
2245.028296276873,0.9998017
2245.0352406864868,0.99512595
2245.0421850960997,1.0058997
2245.0491295054226,0.9902118
2245.0560739144908,0.9971127
2245.063018323558,0.9965688
2245.069962732626,0.9925715
2245.0769071416917,1.0034055
2245.08385155076,0.99788016
2245.090795959536,0.9978997
2245.0977403680586,0.9945018
2245.1046847765797,0.9983789
2245.111629185102,1.000141
2245.1185735936233,1.0060058
2245.125518002146,0.9987477
2245.132462410377,0.99180526
2245.139406818355,0.99795395
2245.146351226332,0.998016
2245.1532956343112,0.9888014
2245.1602400422885,0.99466276
2245.1671844502653,1.0011595
2245.1741288579537,0.99681205
2245.181073265389,0.9995411
2245.1880176728228,1.0050498
2245.1949620802566,0.9945391
2245.2019064876918,0.9985348
2245.208850895127,0.9959229
2245.215795302271,0.9931563
2245.222739709165,1.0004057
2245.229684116056,0.99787664
2245.236628522949,0.99434394
2245.24357292984,0.99088645
2245.250517336735,0.9903217
2245.257461743339,0.99242914
2245.2644061496903,1.0002488
2245.271350556042,0.9855803
2245.2782949623925,0.99729127
2245.285239368744,1.0007143
2245.2921837750955,0.9946339
2245.2991281811605,0.9877573
2245.306072586973,1.0023301
2245.313016992783,0.986957
2245.3199613985958,0.9933237
2245.3269058044057,0.9969426
2245.333850210219,1.0038617
2245.3407946157427,1.0004044
2245.347739021016,0.9976473
2245.3546834262897,1.0007335
2245.3616278315617,0.9888431
2245.3685722368346,0.99448454
2245.375516642107,1.0020474
2245.3824610470942,0.99296325
2245.3894054518278,0.9936091
2245.3963498565654,1.0014744
2245.403294261299,0.9933939
2245.410238666035,0.9930733
2245.4171830707687,0.99297327
2245.424127475219,0.9890343
2245.4310718794163,0.99304736
2245.4380162836146,0.99559057
2245.4449606878147,0.99727106
2245.4519050920126,0.9931065
2245.4588494962104,0.99247885
2245.465793900124,0.9975833
2245.4727383037866,0.9886029
2245.479682707449,0.98610175
2245.486627111111,0.987034
2245.4935715147753,0.9934191
2245.500515918436,0.986558
2245.5144047249423,1.0017276
2245.5213491280706,1.0076371
2245.528293531197,0.989537
2245.5352379343262,1.0054798
2245.542182337454,0.99469167
2245.549126740298,1.0024743
2245.5560711428916,0.9935932
2245.563015545485,0.99019456
2245.569959948079,0.99770284
2245.576904350673,0.9917073
2245.583848753267,0.99384993
2245.590793155579,0.9948877
2245.597737557638,0.9926456
2245.6046819597,0.9896218
2245.6116263617596,0.99529487
2245.618570763822,0.98858535
2245.6255151658816,1.0021844
2245.63245956766,1.000256
2245.6394039691895,0.9996559
2245.6463483707194,0.9932111
2245.6532927722465,0.99947596
2245.6602371737763,0.982901
2245.667181575305,0.9916373
2245.674125976551,0.98885316
2245.6810703775486,1.0021691
2245.6880147785473,0.9986252
2245.694959179545,0.9840187
2245.701903580544,0.99921536
2245.7088479815397,0.9911157
2245.715792382256,0.98919415
2245.722736782723,0.9965294
2245.7296811831916,0.9962192
2245.736625583658,1.000604
2245.7435699841267,0.9982941
2245.7505143845933,0.9972286
2245.75745878478,1.0036392
2245.7644031847162,0.991104
2245.7713475846554,0.98686206
2245.778291984593,0.98469293
2245.7852363845323,0.98967165
2245.7921807844705,0.9958965
2245.7991251841263,0.9887425
2245.8060695835356,0.98874426
2245.813013982946,0.99776715
2245.819958382355,1.0018
2245.8269027817623,1.0018893
2245.8338471811735,0.9879989
2245.840791580302,0.99960655
2245.847735979183,0.99879116
2245.8546803780646,0.9938196
2245.8616247769464,0.9879883
2245.868569175828,0.9861022
2245.8755135747087,1.0005751
2245.8824579733105,0.99224454
2245.8894023716657,0.988551
2245.8963467700196,0.99374676
2245.903291168375,0.99057233
2245.910235566728,0.9975695
2245.9171799650835,0.99008375
2245.9241243631564,0.98913884
2245.9310687609873,0.99228066
2245.9380131588136,0.99528205
2245.9449575566427,1.0027215
2245.951901954471,0.987624
2245.9588463522996,0.9951872
2245.9657907498467,0.9940902
2245.9727351471497,0.9962033
2245.979679544453,0.99074984
2245.9866239417565,0.9901588
2245.9935683390586,0.99568594
2246.0005127363615,0.98345643
2246.007457133384,0.99984515
2246.0144015301626,0.98653007
2246.021345926939,0.998668
2246.0282903237194,1.0028837
2246.0352347204957,0.9892481
2246.0421791172744,0.9906088
2246.049123513772,0.988932
2246.0560679100263,0.9951757
2246.0630123062797,0.9903327
2246.069956702534,0.99192554
2246.076901098786,0.99262583
2246.0838454950426,1.0086486
2246.090789891017,0.99675626
2246.0977342867454,0.98658407
2246.1046786824772,0.99890935
2246.111623078206,0.9921676
2246.118567473937,0.9966116
2246.125511869666,0.9891429
2246.1324562651207,1.00946
2246.139400660327,0.99673325
2246.1463450555348,1.0113666
2246.1532894507422,0.9958226
2246.1602338459493,0.9960109
2246.1671782411563,0.9902381
2246.1741226360864,0.9850028
2246.1810670307727,0.98712635
2246.1880114254586,0.99223113
2246.1949558201427,0.99863786
2246.2019002148286,0.9921887
2246.2088446095127,0.98865825
2246.215789003922,0.9924894
2246.2227333980845,0.9961839
2246.22967779225,0.98488575
2246.243566580578,0.9991753
2246.2505109747403,0.98751676
2246.2574553686277,0.9911072
2246.264399762271,0.99049693
2246.271344155913,0.9893069
2246.2782885495576,0.99947107
2246.2852329432003,0.986575
2246.292177336843,0.9928439
2246.2991217302097,0.9877113
2246.306066123332,0.9890281
2246.3130105164532,0.9940994
2246.3199549095766,0.98257947
2246.3268993027,0.99879265
2246.333843695822,1.0050646
2246.3407880886684,1.0008914
2246.3477324812716,0.9995188
2246.3546768738743,0.9859112
2246.361621266477,0.9939336
2246.3685656590796,0.9967762
2246.375510051684,0.9890925
2246.3824544440095,0.9939321
2246.389398836095,0.9950008
2246.3963432281776,1.0027835
2246.403287620262,1.0012118
2246.4102320123443,1.0005106
2246.41717640443,0.99418795
2246.4241207962373,0.99032855
2246.431065187803,0.994258
2246.438009579368,0.9970521
2246.4449539709326,0.9964334
2246.451898362498,1.0098307
2246.4588427540634,1.0052013
2246.465787145353,0.98857826
2246.4727315364016,1.0089266
2246.4796759274473,0.98889524
2246.486620318495,0.9951264
2246.4935647095417,0.98457474
2246.5005091005874,1.0007055
2246.5074534913597,1.005439
2246.514397881889,0.990059
2246.52134227242,1.0047747
2246.528286662949,0.9996519
2246.535231053478,0.9930003
2246.5421754440076,0.99506426
2246.549119834263,0.99183774
2246.556064224274,0.99217767
2246.5630086142864,1.0029955
2246.5699530043,1.0009933
2246.576897394313,1.0046722
2246.583841784324,0.986089
2246.5907861740634,1.0051273
2246.5977305635574,0.9967176
2246.604674953054,0.9968291
2246.6116193425487,0.99531156
2246.618563732046,0.99537945
2246.6255081215418,0.99804515
2246.6324525107634,1.0004792
2246.6393968997427,0.9786977
2246.646341288722,1.0017321
2246.6532856777017,0.99835956
2246.6602300666796,1.0014448
2246.667174455661,0.9924515
2246.6741188443657,0.9995721
2246.6810632328306,1.0059373
2246.688007621294,1.0017805
2246.694952009758,0.9984254
2246.7018963982214,0.9915752
2246.708840786686,0.99731284
2246.7157851748766,0.9948793
2246.722729562826,1.0022123
2246.729673950773,1.0019227
2246.7366183387226,0.9962046
2246.7435627266705,0.9908709
2246.75050711462,0.99747336
2246.7574515022934,1.0135852
2246.7643958897297,1.0044113
2246.771340277162,0.99601233
2246.7782846645964,0.99657804
2246.7852290520286,1.0009203
2246.7921734394636,0.9898828
2246.799117826623,1.0044435
2246.8060622135413,1.0065339
2246.8130066004633,1.0093815
2246.8199509873807,0.98776317
2246.826895374301,1.0097147
2246.8338397612188,0.9961519
2246.840784147865,1.0049194
2246.84772853427,0.9999839
2246.854672920676,1.0004883
2246.861617307082,1.0055571
2246.8685616934868,0.98625857
2246.8755060798917,0.9977764
2246.882450466024,0.9914142
2246.8893948519153,0.98971045
2246.896339237806,0.9992753
2246.9032836236975,0.9999957
2246.910228009591,1.0013461
2246.9171723954814,1.0007699
2246.9241167811006,0.9870583
2246.9310611664773,0.9882139
2246.938005551856,0.9954162
2246.9449499372326,0.99497944
2246.95189432261,0.9890648
2246.95883870799,0.999197
2246.9657830930946,0.99715513
2246.9727274779602,1.0059203
2246.979671862824,0.99083996
2246.986616247689,0.9968756
2246.9935606325544,0.99770015
2247.00050501742,0.99025816
2247.007449402012,0.9964379
2247.0143937863654,0.99010956
2247.0213381707163,0.9877478
2247.0282825550694,1.0036019
2247.03522693942,0.99971455
2247.0421713237733,0.9892137
2247.0491157078523,0.9929865
2247.056060091694,0.9903422
2247.0630044755335,0.9937684
2247.069948859372,0.9962431
2247.0768932432125,0.9973276
2247.083837627051,1.0113773
2247.0907820106186,0.99346936
2247.097726393946,0.9962658
2247.1046707772753,0.99762535
2247.1116151606025,0.9846095
2247.1185595439297,0.99240196
2247.125503927257,0.995992
2247.1324483103126,0.99469876
2247.139392693127,0.9976955
2247.146337075944,0.99546295
2247.1532814587604,0.9836739
2247.1602258415764,0.9981424
2247.167170224392,0.9972433
2247.174114606936,0.99847513
2247.181058989239,0.99035764
2247.1880033715415,0.9858952
2247.1949477538474,0.9972499
2247.2018921361514,0.996259
2247.208836518456,1.0000194
2247.2157809004875,1.0062016
2247.222725282281,0.9974283
2247.2296696640724,0.99842054
2247.2366140458653,0.98981327
2247.243558427658,0.993377
2247.2505028094524,1.0038741
2247.2574471909716,1.00851
2247.264391572254,0.9934322
2247.271335953535,1.0082355
2247.2782803348173,0.9961478
2247.285224716097,1.0040296
2247.29216909738,0.9976698
2247.29911347839,0.9989252
2247.3060578591603,1.0003194
2247.3130022399305,0.996909
2247.3199466207006,1.0013356
2247.326891001472,1.0017756
2247.3338353822414,1.0091177
2247.340779762741,0.99349713
2247.347724143001,1.0071718
2247.354668523262,1.0045003
2247.36161290352,0.98695725
2247.368557283781,0.9984179
2247.37550166404,1.0130906
2247.3824460440287,1.0114481
2247.3893904237766,1.0074294
2247.3963348035286,1.011389
2247.403279183277,1.0029619
2247.4102235630253,1.009426
2247.4171679427754,1.0106019
2247.424112322252,0.98882014
2247.4310567014913,0.9947339
2247.4380010807286,1.0025593
2247.4449454599703,1.0073282
2247.4518898392075,1.0044802
2247.458834218447,1.0091873
2247.4657785974146,1.0011722
2247.4727229761434,0.99404556
2247.479667354871,1.0038711
2247.4866117335996,0.9914242
2247.4935561123293,0.99668866
2247.5005004910586,1.0015459
2247.507444869514,0.9990078
2247.514389247732,0.9986105
2247.5213336259512,0.99514884
2247.5282780041684,0.99239224
2247.5352223823875,1.0076206
2247.542166760606,1.0099859
2247.5491111385545,1.0081973
2247.556055516263,1.0030907
2247.5629998939708,1.0011952
2247.569944271679,0.99126476
2247.5768886493884,0.99602395
2247.5838330270963,1.0093783
2247.590777404533,1.0044373
2247.597721781732,1.0030662
2247.6046661589316,0.98651785
2247.6116105361284,0.9976249
2247.618554913327,0.9982771
2247.625499290526,1.0055312
2247.632443667453,1.0025661
2247.6393880441415,1.0039163
2247.646332420831,0.99936646
2247.6532767975204,0.99122906
2247.660221174208,0.9947733
2247.6671655508985,0.99137706
2247.6741099273145,1.0010061
2247.6810543034944,0.988586
2247.687998679672,0.9912965
2247.694943055854,0.9989879
2247.701887432031,0.99897176
2247.70883180821,1.0004683
2247.715776184119,1.0060325
2247.722720559787,1.0049388
2247.729664935457,1.0098147
2247.736609311126,1.0007762
2247.743553686797,0.99420047
2247.750498062465,1.0023869
2247.757442437865,1.0015471
2247.7643868130235,0.99057525
2247.771331188184,1.0023091
2247.7782755633425,0.998947
2247.785219938503,1.007123
2247.7921643136638,1.0020411
2247.799108688551,0.9916725
2247.806053063203,0.9913371
2247.8129974378517,0.9894522
2247.8199418125027,1.0012248
2247.8268861871516,0.9866601
2247.8338305618026,0.9941489
2247.8407749361822,0.9996097
2247.847719310324,0.98956746
2247.8546636844644,1.0031481
2247.861608058605,1.0013798
2247.868552432745,0.9884917
2247.8754968068865,0.9957884
2247.882441180755,0.99498504
2247.8893855543865,1.0007546
2247.8963299280185,0.9990603
2247.903274301649,0.9987557
2247.910218675281,0.99539137
2247.917163048911,0.9994107
2247.924107422272,0.991522
2247.931051795393,0.99796224
2247.9379961685163,1.0013398
2247.944940541637,0.9932158
2247.951884914759,0.9938145
2247.9588292878807,0.9999152
2247.9657736607296,1.0024527
2247.9727180333425,1.0036699
2247.9796624059545,0.98841953
2247.9866067785683,0.99192417
2247.9935511511803,1.0005792
2248.000495523792,0.99684936
2248.007439896133,0.9975975
2248.0143842682355,0.9986307
2248.0213286403373,1.0016346
2248.035217384543,1.0011914
2248.0421617566467,0.99661916
2248.0491061284774,0.9933942
2248.056050500069,0.9911631
2248.062994871663,0.98817974
2248.069939243254,0.9930966
2248.0768836148477,1.0087599
2248.0838279864415,0.9940126
2248.0907723577634,0.9966417
2248.0977167288465,0.9848415
2248.1046610999306,0.9976022
2248.1116054710124,1.0006416
2248.118549842096,1.000449
2248.125494213179,1.0045494
2248.1324385839903,0.99816644
2248.1393829545646,1.0033754
2248.146327325138,0.99685735
2248.1532716957117,0.9945644
2248.160216066284,0.989348
2248.167160436858,0.99592704
2248.17410480716,0.98710555
2248.1810491772253,0.99582547
2248.1879935472875,0.9967222
2248.1949379173516,1.0031205
2248.2018822874147,1.0016701
2248.208826657477,0.9911379
2248.21577102727,0.992342
2248.2227153968233,1.0054791
2248.229659766378,0.9972922
2248.2366041359314,1.0040821
2248.2435485054843,1.0044798
2248.250492875038,0.9980837
2248.257437244321,0.99068195
2248.264381613364,1.0027939
2248.271325982407,0.99895066
2248.2782703514513,0.99713916
2248.2852147204944,0.995313
2248.292159089537,1.001179
2248.299103458309,0.9998545
2248.3060478268426,0.9967041
2248.312992195376,0.99846536
2248.3199365639084,1.0030701
2248.3268809324427,1.0012628
2248.3338253009765,1.0047479
2248.3407696692375,0.9983005
2248.3477140372615,0.9970841
2248.354658405283,1.0062239
2248.3616027733055,0.9842697
2248.368547141328,0.99945855
2248.3754915093523,1.0028783
2248.3824358771026,0.9914492
2248.389380244615,1.0031114
2248.396324612128,0.98638266
2248.4032689796386,0.9978314
2248.410213347152,1.0016482
2248.4171577146635,1.000754
2248.424102081906,1.0025197
2248.431046448906,1.007917
2248.437990815907,1.001909
2248.444935182909,1.0069467
2248.4518795499102,0.9995624
2248.4588239169116,1.0061866
2248.465768283641,1.0001826
2248.4727126501334,1.0053437
2248.4796570166222,0.9978571
2248.4866013831147,0.988968
2248.4935457496035,0.99413234
2248.500490116094,0.98636144
2248.5074344823124,0.99633133
2248.5143788482915,0.99846244
2248.5213232142723,1.0016012
2248.535211946232,0.990055
2248.5421563122095,1.0052384
2248.5491006779175,1.0000417
2248.556045043385,1.0093119
2248.562989408854,1.000917
2248.5699337743213,1.0109401
2248.576878139789,1.0065469
2248.5838225052576,0.99696463
2248.5907668704526,1.0024216
2248.5977112354094,1.0031369
2248.6046556003653,0.99301237
2248.611599965322,0.9920603
2248.6185443302784,1.0151589
2248.6254886952365,0.9961285
2248.632433059919,1.0071728
2248.639377424362,1.0010242
2248.646321788807,1.0027472
2248.653266153252,1.0062634
2248.6602105176967,0.99404824
2248.667154882142,1.0068126
2248.6740992463147,0.998469
2248.6810436102455,1.001593
2248.6879879741787,1.0027809
2248.6949323381104,0.9899939
2248.7018767020413,0.9961405
2248.7088210659745,1.0026572
2248.7157654296348,0.9963938
2248.722709793055,0.9959978
2248.7296541564738,1.0041554
2248.736598519894,1.0066131
2248.7435428833137,1.0034504
2248.750487246733,0.99995786
2248.75743160988,1.0072464
2248.7643759727875,1.0096716
2248.7713203356952,1.0006586
2248.7782646986007,0.9932309
2248.785209061509,1.0052183
2248.7921534244156,1.0017287
2248.79909778705,0.99083525
2248.8060421494433,0.99866647
2248.8129865118385,0.99692
2248.8199308742323,1.0008681
2248.826875236627,1.0038037
2248.8338195990204,1.0056677
2248.8407639611396,1.000792
2248.847708323021,0.99754393
2248.8546526849,0.9976086
2248.861597046782,0.9895675
2248.8685414086626,1.0055794
2248.8754857705435,0.9942968
2248.8824301321506,0.99923617
2248.889374493517,1.0003406
2248.8963188548837,1.0017389
2248.903263216249,1.0042149
2248.910207577618,0.9973273
2248.9171519389834,0.99187976
2248.9240963000775,0.99561006
2248.93104066093,1.0051029
2248.937985021782,0.9997892
2248.9449293826347,1.0085956
2248.9518737434873,1.0046638
2248.95881810434,0.99813175
2248.965762464918,0.99716645
2248.972706825257,0.99783784
2248.9796511855943,0.99823093
2248.986595545933,1.010706
2248.9935399062697,1.0017605
2249.0004842666085,0.9966832
2249.007428626672,0.99398446
2249.014372986495,1.0101026
2249.02131734632,1.001772
2249.028261706141,0.9918481
2249.035206065965,1.0024586
2249.0421504257865,1.0014675
2249.0490947853364,0.99888575
2249.0560391446434,0.9928276
2249.0629835039526,1.0033662
2249.0699278632605,0.98658186
2249.0768722225666,0.9875369
2249.083816581875,0.9997768
2249.090760940908,1.0020435
2249.0977052996996,0.9958418
2249.1046496584904,0.99713206
2249.111594017284,0.9882458
2249.1185383760753,0.98748195
2249.125482734868,1.0075693
2249.1324270933837,1.0019087
2249.139371451659,0.98747987
2249.146315809934,0.9942534
2249.1532601682093,0.9957132
2249.1602045264867,1.007449
2249.1671488847614,0.9879415
2249.174093242763,1.0091307
2249.18103760052,1.0077511
2249.1879819582796,0.98873377
2249.194926316038,1.0005329
2249.201870673796,1.0010227
2249.208815031556,1.0025004
2249.2157593890392,0.9988662
2249.2227037462812,0.99645823
2249.2365924607634,1.0057504
2249.2435368180045,1.001944
2249.2504811752447,0.98805034
2249.2574255322133,0.996387
2249.2643698889356,0.9950393
2249.2713142456596,1.0106086
2249.278258602383,1.001197
2249.2852029591063,0.98826444
2249.29214731583,0.9977881
2249.299091672279,0.98945785
2249.3060360284844,0.9854441
2249.312980384688,0.99678653
2249.3199247408943,0.9994033
2249.3268690970995,1.0004408
2249.3338134533046,0.9965415
2249.3407578092338,1.0019495
2249.3477021649205,0.99319476
2249.3546465206077,0.9897552
2249.3615908762927,0.9968518
2249.36853523198,1.0041273
2249.3754795876657,0.99956715
2249.382423943077,1.0051306
2249.3893682982425,1.0030891
2249.39631265341,0.99379617
2249.403257008578,0.9945866
2249.4102013637453,0.99515986
2249.4171457189123,0.99610937
2249.424090073801,0.9986474
2249.431034428449,0.9985155
2249.4379787830944,0.99371874
2249.444923137742,0.9940934
2249.4518674923893,0.9958635
2249.4588118470374,0.997502
2249.465756201407,1.0030042
2249.472700555532,1.0001363
2249.479644909659,0.9936132
2249.486589263785,0.9957723
2249.493533617911,0.99499875
2249.5004779720375,1.0014088
2249.5074223258875,0.9904505
2249.514366679492,1.0026364
2249.521311033097,0.9946598
2249.5282553867014,0.98076475
2249.5351997403063,1.0009435
2249.542144093911,0.99385464
2249.549088447239,0.9890922
2249.5560328003226,0.99663645
2249.562977153405,1.0139318
2249.569921506489,0.9928455
2249.5768658595707,0.9950003
2249.5838102126536,0.9957695
2249.590754565459,0.99253726
2249.5976989180203,1.0008863
2249.6046432705803,1.0075393
2249.6115876231406,0.9927799
2249.618531975702,1.0003285
2249.625476328261,1.0047667
2249.6324206805425,0.9892493
2249.6393650325804,0.9945377
2249.6463093846182,0.99365354
2249.6532537366556,0.9976815
2249.6601980886917,0.99142545
2249.6671424407295,0.9994342
2249.6740867924877,1.0025309
2249.6810311439995,0.9980073
2249.6879754955135,0.99668676
2249.694919847027,0.9972668
2249.7018641985405,0.98612046
2249.7088085500523,0.9896667
2249.715752901287,0.9980398
2249.7226972522753,1.0021411
2249.729641603263,0.99606127
2249.7365859542515,1.002382
2249.7435303052403,0.9897851
2249.7504746562295,1.0045359
2249.7574190069367,0.996407
2249.7643633574003,0.99541426
2249.7713077078624,1.0028622
2249.778252058325,0.9979422
2249.7851964087877,1.006986
2249.792140759251,0.9950849
2249.799085109435,1.0010803
2249.8060294593697,1.002424
2249.812973809308,1.0119725
2249.819918159243,0.99468863
2249.8268625091805,0.99548745
2249.8338068591156,0.98587525
2249.8407512087724,0.9994314
2249.8476955581827,1.0033841
2249.8546399075917,1.0010245
2249.8615842570016,0.9932684
2249.8685286064097,0.99718726
2249.87547295582,0.9944878
2249.882417304947,1.0071958
2249.8893616538294,1.0085435
2249.8963060027113,0.99339557
2249.9032503515923,1.0092554
2249.910194700474,0.9938243
2249.917139049355,1.0047207
2249.924083397955,1.0001969
2249.931027746308,1.0048252
2249.9379720946613,1.0031079
2249.9449164430134,1.001616
2249.951860791366,0.99364865
2249.958805139719,0.99733585
2249.965749487789,1.0007429
2249.9726938356125,1.0011088
2249.9796381834353,0.99797976
2249.9865825312586,0.9976015
2249.9935268790823,1.0012126
2250.0004712269038,0.99185824
2250.0074155744455,1.0063118
2250.0143599217363,0.9978471
2250.0213042690298,0.9948889
2250.0282486163214,0.9983264
2250.0351929636145,1.0064193
2250.042137310908,1.003794
2250.049081657916,1.0039703
2250.0560260046777,1.0014851
2250.0629703514373,1.008113
2250.0699146981997,1.011271
2250.0768590449593,1.0029756
2250.0838033917207,0.99870974
2250.0907477381993,1.0062399
2250.0976920844273,1.0059042
2250.104636430656,1.0072632
2250.1115807768833,1.0076023
2250.1185251231104,1.0043019
2250.12546946934,1.0043634
2250.1324138152854,0.9903676
2250.1393581609805,0.99255675
2250.1463025066755,0.993617
2250.1532468523696,1.0085913
2250.1601911980647,0.9904849
2250.1671355437584,1.0034028
2250.1740798891697,1.000215
2250.181024234331,1.0101506
2250.187968579492,1.0080148
2250.1949129246523,0.9990119
2250.2018572698125,0.9988148
2250.208801614973,1.001118
2250.215745959848,0.99766636
2250.222690304473,0.98979086
2250.2296346490984,0.9963555
2250.2365789937244,0.999662
2250.2435233383485,0.9774866
2250.2504676829744,1.0065321
2250.2574120273125,0.99976766
2250.264356371401,0.9962759
2250.27130071549,0.99766153
2250.2782450595782,0.9899232
2250.2851894036676,0.99821186
2250.2921337477555,1.0044034
2250.299078091559,0.9915681
2250.3060224351084,0.9937057
2250.312966778659,0.99045056
2250.31991112221,1.0035176
2250.326855465762,0.9972032
2250.3337998093134,0.996479
2250.3407441525765,1.0012872
2250.347688495587,0.9943612
2250.3546328386005,0.99178016
2250.361577181611,1.0034064
2250.368521524624,0.9865184
2250.375465867637,0.9953647
2250.382410210362,0.97764933
2250.3893545528335,0.9847627
2250.3962988953044,1.0046825
2250.403243237778,0.9985172
2250.410187580249,0.98858935
2250.4171319227216,0.9949136
2250.4240762649047,0.9974901
2250.4310206068385,0.9987812
2250.437964948768,0.99775046
2250.444909290699,1.0050898
2250.451853632631,1.0044501
2250.45879797456,0.99653983
2250.465742316204,0.99852234
2250.472686657592,0.99195635
2250.4796309989815,0.9900774
2250.4865753403697,0.99944985
2250.4935196817582,1.0096271
2250.5004640231473,0.9965777
2250.507408364246,0.996832
2250.5143527050914,0.9996845
2250.5212970459365,1.0119913
2250.528241386782,0.99540776
2250.5351857276273,1.0020798
2250.5421300684716,0.9811138
2250.549074409028,1.0042346
2250.5560187493284,0.9960137
2250.562963089627,0.9942692
2250.569907429928,0.9866749
2250.576851770229,0.99765146
2250.58379611053,0.99773216
2250.5907404505383,0.99065083
2250.5976847902934,0.9931497
2250.6046291300468,1.003999
2250.6115734698,0.9858394
2250.6185178095548,1.0007882
2250.6254621493094,0.98683435
2250.6324064887735,0.9972777
2250.6393508279784,1.0004898
2250.6462951671847,0.9973038
2250.6532395063923,0.99942
2250.660183845597,0.99204165
2250.667128184805,0.9958229
2250.6740725237205,0.99127567
2250.6810168623783,1.0014209
2250.687961201036,0.9978547
2250.6949055396926,0.9980988
2250.701849878351,1.013576
2250.7087942170074,0.9892149
2250.715738555374,1.0016797
2250.7226828934813,0.99029714
2250.7296272315884,1.0046412
2250.7365715696965,0.9951818
2250.7435159078027,0.99395543
2250.7504602459107,1.0051591
2250.7574045837237,0.99979645
2250.764348921281,1.0018542
2250.771293258836,1.0029624
2250.7782375963916,1.0049307
2250.7851819339476,0.99844617
2250.792126271502,0.9954229
2250.7990706087644,0.9956335
2250.8060149457665,1.0122486
2250.8129592827677,1.0078057
2250.8199036197716,1.0005535
2250.826847956774,0.99744195
2250.8337922937767,0.9915421
2250.840736630483,0.9927306
2250.847680966931,0.99527365
2250.8546253033787,1.0014899
2250.8615696398247,0.9960298
2250.868513976275,0.99871266
2250.875458312721,1.0116696
2250.8824026488737,1.0023654
2250.889346984765,0.99748796
2250.8962913206547,1.0040575
2250.9032356565463,0.9952447
2250.9101799924374,0.9954264
2250.917124328331,1.0035251
2250.9240686639237,0.9928718
2250.931012999257,0.99128294
2250.9379573345905,0.99621487
2250.9449016699227,0.9894129
2250.9518460052564,0.99295944
2250.9587903405895,1.000047
2250.965734675627,1.0008411
2250.9726790104,0.9961122
2250.979623345172,0.99696267
2250.986567679947,1.0013275
2250.993512014719,0.9999987
2251.0004563494936,0.9996804
2251.0074006839677,1.0067804
2251.01434501818,0.9974084
2251.021289352394,1.0106158
2251.028233686605,1.0035508
2251.035178020818,1.0043131
2251.042122355029,0.99625164
2251.049066688942,1.0020186
2251.056011022591,0.99248886
2251.062955356241,1.0002263
2251.0698996898914,1.0015415
2251.0768440235393,0.9988415
2251.083788357189,0.9939463
2251.090732690537,0.9987494
2251.0976770236202,0.9913107
2251.1115656897905,0.9910142
2251.1185100228754,1.003474
2251.1254543559585,0.99255544
2251.132398688741,0.9895314
2251.1393430212593,1.0013855
2251.1462873537757,1.0058081
2251.153231686294,0.99675137
2251.160176018812,0.9966385
2251.1671203513297,1.0009192
2251.1740646835456,1.0027236
2251.181009015493,0.9919403
2251.187953347443,0.99379784
2251.1948976793915,1.0000514
2251.201842011339,0.9981295
2251.20878634329,0.9939141
2251.215730674935,0.99568576
2251.222675006314,1.0074403
2251.2296193376915,0.9972142
2251.23656366907,0.9992245
2251.243508000449,1.0037966
2251.2504523318257,1.0064896
2251.2573966629016,1.0110203
2251.2643409937073,1.0034744
2251.271285324514,1.0006013
2251.2782296553182,1.0083475
2251.285173986124,0.9958952
2251.292118316931,1.0023594
2251.2990626474298,0.9949481
2251.306006977664,1.0076686
2251.312951307894,0.99981827
2251.319895638125,1.0034798
2251.326839968356,1.0014553
2251.3337842985875,1.0112417
2251.3407286285124,1.00273
2251.347672958166,0.99488926
2251.3546172878214,1.0050857
2251.361561617477,0.9892035
2251.3685059471313,0.99302435
2251.3754502767856,0.992566
2251.382394606132,1.0072746
2251.389338935208,1.0166241
2251.3962832642846,0.997825
2251.40322759336,0.9980278
2251.410171922437,1.0015361
2251.417116251512,1.0039271
2251.4240605802784,1.0048991
2251.4310049087735,0.9964267
2251.4379492372686,1.0104002
2251.444893565764,0.9975611
2251.4518378942585,1.0026549
2251.458782222753,0.99782383
2251.4657265509386,0.9922105
2251.472670878849,0.9984242
2251.4796152067615,0.9959153
2251.4865595346732,0.99706465
2251.493503862584,1.0041883
2251.5004481904975,1.0072887
2251.5073925180964,1.0024744
2251.5143368454233,0.99352455
2251.521281172748,0.9950381
2251.5282255000757,0.9974059
2251.5351698274003,1.0025749
2251.5421141547263,0.98926365
2251.5490584817417,0.9925748
2251.5560028084783,1.0089642
2251.562947135217,1.0049222
2251.5698914619547,0.99643564
2251.5768357886914,1.0013291
2251.5837801154303,1.0032023
2251.5907244418545,1.0108196
2251.5976687680036,0.99973017
2251.6046130941513,0.9959013
2251.6115574202972,1.003652
2251.618501746446,0.9952908
2251.6254460725922,0.9947948
2251.6323903984253,1.0031881
2251.6393347239796,0.99871975
2251.646279049535,1.0014356
2251.653223375091,1.00231
2251.6601677006443,0.99263585
2251.6671120262,1.0042373
2251.6740563514363,1.0008793
2251.6810006763953,1.0135658
2251.6879450013553,0.99450636
2251.694889326315,1.0000541
2251.701833651275,1.0064425
2251.7087779762333,1.0013835
2251.715722300874,1.005848
2251.722666625236,0.99606425
2251.7296109495956,0.9999126
2251.7365552739575,0.99594116
2251.7434995983194,1.0019728
2251.75044392268,1.0024878
2251.757388246721,1.003599
2251.764332570481,1.0042644
2251.771276894242,1.0029216
2251.778221218001,1.0040883
2251.7851655417608,0.9954056
2251.7921098655224,0.99860793
2251.7990541889617,1.001196
2251.8059985121176,0.9891782
2251.812942835274,1.0095594
2251.819887158429,1.0088667
2251.8268314815873,0.99500096
2251.833775804743,1.0026017
2251.8407201275772,1.0007887
2251.8476644501284,1.002067
2251.854608772677,0.98969185
2251.8615530952275,1.001731
2251.8684974177772,0.99957526
2251.8754417403256,0.996292
2251.8823860625525,1.0056503
2251.889330384492,1.0040331
2251.8962747064343,1.0003245
2251.9032190283747,1.0032176
2251.9101633503137,1.0055814
2251.917107672255,1.0033963
2251.9240519938685,1.0032105
2251.9309963151973,1.0051686
2251.9379406365247,1.0036863
2251.9448849578534,0.9925779
2251.951829279182,0.99837893
2251.9587736005087,1.0010055
2251.9657179215105,0.99728227
2251.972662242222,0.9928478
2251.979606562933,0.9967869
2251.986550883646,0.9857937
2251.993495204359,1.0051155
2252.000439525072,1.0052341
2252.007383845454,1.0052717
2252.0143281655473,0.9938425
2252.0212724856415,1.0009745
2252.028216805734,0.9941256
2252.035161125828,1.0112836
2252.0421054459216,1.0051152
2252.0490497656842,1.0041766
2252.0559940851554,1.0090618
2252.0629384046265,1.0033468
2252.0698827240985,1.0031952
2252.0768270435688,1.0055645
2252.0837713630394,0.9935917
2252.09071568218,0.9954223
2252.097660001026,0.9984035
2252.104604319871,1.0106779
2252.1115486387166,1.0086598
2252.118492957561,1.0025185
2252.125437276408,0.9913711
2252.132381594919,0.99867535
2252.1393259131364,1.0055214
2252.146270231354,1.0023363
2252.15321454957,1.0074716
2252.1601588677872,1.0007201
2252.1671031860037,0.9998638
2252.1740475038832,1.0052814
2252.180991821468,1.0034987
2252.1879361390534,0.9983502
2252.194880456638,0.99940926
2252.201824774221,1.001781
2252.2087690918056,1.0029266
2252.2157134090526,0.99329656
2252.2226577259994,1.0076652
2252.229602042948,1.0077248
2252.2365463598967,1.0093026
2252.243490676845,0.9998677
2252.2504349937926,0.9923819
2252.2573793104,0.9934685
2252.264323626709,1.0012599
2252.2712679430174,0.998137
2252.278212259324,1.0019063
2252.285156575634,1.0019531
2252.292100891942,1.0060954
2252.2990452079066,1.0026029
2252.305989523572,0.99557793
2252.312933839236,1.0033735
2252.3198781549013,0.9996874
2252.3268224705644,0.99663734
2252.3337667862293,1.0022457
2252.34071110155,0.9988464
2252.3476554165654,0.99221265
2252.3545997315828,0.9944138
2252.361544046599,1.0049853
2252.3684883616143,0.99553716
2252.375432676632,1.0031662
2252.3823769913024,0.9884711
2252.389321305668,0.9998784
2252.396265620033,0.9995902
2252.4032099343963,1.005738
2252.410154248762,1.0095146
2252.4170985631263,0.99459964
2252.4240428771404,0.9960985
2252.4309871908513,1.0031163
2252.43793150456,1.0017216
2252.444875818269,1.0099562
2252.4518201319765,1.0032842
2252.458764445685,0.99951345
2252.4657087590435,0.9953045
2252.4726530720905,0.9962724
2252.4795973851406,1.0101857
2252.4865416981884,0.9945423
2252.4934860112367,0.9924377
2252.500430324285,0.9932759
2252.50737463698,1.0039866
2252.514318949362,0.99296004
2252.5212632617463,0.9976214
2252.528207574131,0.990462
2252.535151886515,1.0003121
2252.5420961988984,1.0030082
2252.549040510925,0.999282
2252.55598482264,1.0001582
2252.562929134353,1.0036435
2252.569873446068,0.9989797
2252.576817757783,1.0003405
2252.583762069497,0.9991204
2252.5907063808536,1.0045775
2252.597650691893,1.0058335
2252.604595002934,1.0064596
2252.611539313974,1.002852
2252.618483625013,0.9953801
2252.625427936055,1.0083632
2252.6323722467346,1.002667
2252.6393165570958,0.99919665
2252.646260867457,1.0000677
2252.6532051778186,1.0044274
2252.660149488181,0.99500346
2252.6670937985414,0.99651635
2252.67403810854,1.0021452
2252.6809824182187,1.0093206
2252.6879267278964,1.010832
2252.694871037573,1.0042114
2252.701815347252,1.0021936
2252.7087596569286,1.0135163
2252.715703966242,1.0093006
2252.7226482752308,0.9996042
2252.72959258422,0.99891144
2252.7365368932105,1.0032465
2252.7434812021984,1.0051409
2252.7504255111885,1.0143133
2252.7573698198084,1.002277
2252.7643141281023,1.0077975
2252.7712584364,1.0180148
2252.778202744695,1.001519
2252.785147052989,1.0082576
2252.7920913612857,0.9977384
2252.799035669209,1.000327
2252.805979976806,1.0094593
2252.812924284401,0.99585027
2252.8198685919983,1.0002998
2252.826812899595,1.0125912
2252.8337572071914,0.99416405
2252.8407015144144,1.0063299
2252.8476458213045,1.0077801
2252.854590128195,0.9947941
2252.8615344350887,0.99975914
2252.86847874198,1.0035492
2252.875423048872,1.0050778
2252.882367355387,0.9910325
2252.8893116615677,0.9888178
2252.89625596775,0.99840397
2252.903200273931,0.9967555
2252.910144580112,1.0040666
2252.9170888862955,1.0097492
2252.924033192097,1.0011921
2252.930977497562,1.0114427
2252.9379218030294,0.9967586
2252.9448661084944,1.0030401
2252.9518104139615,1.0048417
2252.958754719426,1.0154468
2252.9656990245094,1.017122
2252.972643329255,1.0086104
2252.9795876339995,1.0051796
2252.9865319387427,1.0041718
2252.993476243488,1.0039632
2253.0004205482323,1.0139087
2253.0073648525904,1.005397
2253.0143091566083,1.0065687
2253.0212534606253,1.0032266
2253.0281977646437,0.99507636
2253.0351420686598,1.006033
2253.0420863726767,0.99438214
2253.049030676305,0.9926269
2253.0559749795875,1.0038524
2253.0629192828746,1.0030177
2253.069863586157,1.0096679
2253.07680788944,1.0028675
2253.0837521927256,1.0001918
2253.0906964956152,0.9993495
2253.0976407981607,0.99767995
2253.104585100704,0.9945261
2253.1115294032497,0.9948669
2253.118473705795,1.0024104
2253.1254180083383,1.0089736
2253.132362310486,0.99635935
2253.139306612286,0.99343336
2253.146250914085,1.0041245
2253.153195215884,1.0122331
2253.1601395176845,1.0066742
2253.1670838194823,1.0071782
2253.1740281208827,0.99515736
2253.1809724219283,0.99345094
2253.187916722976,1.0052745
2253.1948610240233,1.0012063
2253.20180532507,1.0036004
2253.2087496261197,1.0045712
2253.215693926763,0.9983405
2253.2226382270514,1.0012648
2253.229582527341,0.997392
2253.2365268276294,0.99338436
2253.243471127919,0.99972284
2253.2504154282074,0.996155
2253.257359728091,1.0013181
2253.264304027616,0.9998193
2253.2712483271416,0.99892944
2253.2781926266653,1.0001036
2253.2851369261907,1.0021205
2253.2920812257157,0.9996313
2253.2990255248296,1.0038564
2253.3059698235847,1.0025989
2253.3129141223394,0.9988476
2253.3198584210936,1.014477
2253.3268027198474,1.0098827
2253.3337470186016,1.0055182
2253.3406913169433,0.99687594
2253.34763561492,1.0050293
2253.354579912897,1.0058057
2253.361524210876,0.999953
2253.3684685088533,1.012192
2253.3754128068294,1.0107054
2253.3823571043913,0.98887104
2253.3893014015853,1.005953
2253.3962456987792,1.0003029
2253.4031899959737,1.003093
2253.410134293169,0.9952939
2253.4170785903634,1.016282
2253.4240228871377,1.005238
2253.4309671835426,1.0030642
2253.4379114799485,0.99919987
2253.4448557763526,0.9913611
2253.451800072759,1.0053657
2253.4587443691644,1.0118465
2253.4656886651474,1.0043696
2253.4726329607574,1.0009948
2253.479577256368,1.009763
2253.486521551977,1.001009
2253.4934658475895,0.9935592
2253.500410143198,0.99622726
2253.5073544383845,1.0003906
2253.5142987331956,1.000529
2253.5212430280044,1.0054276
2253.5281873228155,0.9956253
2253.5351316176243,0.99797815
2253.542075912434,0.9968772
2253.5490202068167,0.99788934
2253.5559645008225,0.9965151
2253.562908794826,1.0115235
2253.5698530888317,1.0029871
2253.5767973828356,1.0024813
2253.5837416768413,1.0049876
2253.590685970414,1.0059139
2253.597630263609,1.0036936
2253.604574556806,1.0014873
2253.61151885,1.0057982
2253.6184631431934,1.0020359
2253.625407436389,0.9860175
2253.63235172915,0.9917999
2253.6392960215308,1.002443
2253.646240313912,1.0086081
2253.653184606294,0.99864554
2253.6601288986753,1.0022997
2253.667073191055,0.99854934
2253.6740174830015,0.9901161
2253.6809617745653,0.9962168
2253.6879060661286,0.99763834
2253.6948503576923,1.0039016
2253.7017946492583,1.0082165
2253.7087389408207,1.0006201
2253.715683231951,0.99045587
2253.722627522695,0.99299884
2253.7295718134387,1.0105227
2253.7365161041844,0.9871549
2253.7434603949296,1.0008669
2253.7504046856748,1.0031235
2253.7573489759843,0.9895161
2253.764293265909,1.003223
2253.771237555835,0.9933008
2253.778181845761,0.9960462
2253.785126135685,0.9982274
2253.7920704256117,0.9966649
2253.799014715102,0.9881784
2253.805959004208,0.9928725
2253.8129032933157,0.9889055
2253.8198475824224,0.9980269
2253.8267918715283,0.99697864
2253.833736160636,1.0017056
2253.840680449309,1.0020188
2253.8476247376016,1.0040957
2253.8545690258925,1.0016466
2253.8615133141843,1.0007846
2253.868457602476,0.99764395
2253.8754018907675,1.010243
2253.8823461786274,1.0128456
2253.88929046611,1.0014865
2253.896234753593,0.9954135
2253.903179041073,1.0049154
2253.9101233285555,1.0047373
2253.9170676160375,0.99251395
2253.924011903092,1.0022523
2253.930956189774,0.9900203
2253.9379004764546,1.0003539
2253.9448447631353,0.9852429
2253.9517890498173,1.0057689
2253.958733336498,0.9930755
2253.9656776227607,0.9917734
2253.9726219086524,0.9874835
2253.979566194545,0.99214727
2253.9865104804385,0.9987639
2253.9934547663324,1.0101241
2254.0003990522237,0.998744
2254.007343337708,0.99075323
2254.0142876228288,0.9996039
2254.021231907951,0.9919872
2254.028176193074,1.0013927
2254.0351204781964,1.0003066
2254.0420647633205,0.99145675
2254.0490090480444,0.997321
2254.055953332419,0.99880844
2254.0628976167955,0.99686486
