time,flux_flat,trend
3690.1581176094337,1.0,1.0110620260238647
3690.160432442886,0.9969016918545198,1.0110620260238647
3690.162747276338,0.9999938689389007,1.0110620260238647
3690.165062109791,0.9908890073965357,1.0110620260238647
3690.167376943244,0.997282996692882,1.0110620260238647
3690.169691776697,0.9922529326810671,1.0110620260238647
3690.1720066101184,0.9986287646041581,1.0110620260238647
3690.1743214435273,0.9875009476616075,1.0110620260238647
3690.176636276936,0.991175988217987,1.0110620260238647
3690.1789511103448,0.9996412150206753,1.0110620260238647
3690.1812659437537,0.9845915233599912,1.0110620260238647
3690.183580777162,1.0012242078344822,1.0110620260238647
3690.18589561057,0.9938793145426529,1.0110620260238647
3690.1882104439787,1.002255051434297,1.0110620260238647
3690.1905252773877,0.9819920713589485,1.0110620260238647
3690.192840110796,0.9978130976679213,1.0110620260238647
3690.195154944205,0.9878237126569743,1.0110620260238647
3690.197469777613,1.0022944317113571,1.0110620260238647
3690.199784611022,0.9915963196183462,1.0110620260238647
3690.2020994444306,0.9964453994227135,1.0110620260238647
3690.2044142778404,0.9986640182054785,1.0110620260238647
3690.206729111247,1.004463530385244,1.0110620260238647
3690.209043944657,0.98963544121179,1.0110620260238647
3690.2113587780646,0.9931643384944684,1.0110620260238647
3690.2136736114494,0.9959562114900093,1.0110620260238647
3690.2159884448224,0.9825982210726221,1.0110620260238647
3690.2183032781963,0.9820769629741684,1.0110620260238647
3690.22061811157,0.991137669086117,1.0110620260238647
3690.2229329449447,0.9926898886894067,1.0110620260238647
3690.22524777832,0.9971534190746507,1.0110620260238647
3690.2275626116907,0.9840625424826529,1.0110620260238647
3690.2298774450655,0.9857778836826879,1.0110620260238647
3690.232192278438,0.9986598915297387,1.0110620260238647
3690.2345071118134,0.9776592976421472,1.0110620260238647
3690.236821945186,0.9967420484558982,1.0110620260238647
3690.239136778561,0.9904555885388302,1.0110620260238647
3690.2414516119334,1.006489728173511,1.0110620260238647
3690.2437664453087,0.9960940424597204,1.0110620260238647
3690.2460812786812,1.0000482231536456,1.0110620260238647
3690.248396112056,0.9944307563265181,1.0110620260238647
3690.250710945429,0.9963418788141537,1.0110620260238647
3690.253025778803,0.9916801500883757,1.0110620260238647
3690.2553406121588,0.9881231914106664,1.0110620260238647
3690.2576554455054,0.9817506018756567,1.0110620260238647
3690.259970278855,0.9938474801869455,1.0110620260238647
3690.262285112202,1.0112938861648244,1.0110620260238647
3690.264599945551,1.0066780224922693,1.0110620260238647
3690.266914778898,1.003262431934905,1.0110620260238647
3690.269229612247,0.9961485145794864,1.0110620260238647
3690.271544445594,1.0019523892450342,1.0110620260238647
3690.2738592789424,0.9982321321130478,1.0110620260238647
3690.27617411229,0.9944589356265703,1.0110620260238647
3690.2784889456384,1.000345461711936,1.0110620260238647
3690.2808037789864,1.0029183850832226,1.0110620260238647
3690.2831186123344,1.0065690782527372,1.0110620260238647
3690.285433445683,1.0025561808582848,1.0110620260238647
3690.287748279031,0.9879521701775048,1.0110620260238647
3690.29006311238,1.0036590644260153,1.0110620260238647
3690.292377945727,1.0081811936067653,1.0110620260238647
3690.2946927790745,1.0061496900925473,1.0110620260238647
3690.2970076124107,0.9951623569826832,1.0110620260238647
3690.299322445741,0.9930680100921981,1.0110620260238647
3690.301637279073,0.9693459325066855,1.0110620260238647
3690.3039521124033,0.994568469391208,1.0110620260238647
3690.306266945735,0.9906305595901999,1.0110620260238647
3690.308581779065,0.9838806739875466,1.0110620260238647
3690.3108966123973,0.9962297511390509,1.0110620260238647
3690.313211445727,0.9950955048356975,1.0110620260238647
3690.315526279057,0.9778429936650811,1.0110620260238647
3690.317841112389,1.001104298427984,1.0110620260238647
3690.320155945719,0.9929140261345911,1.0110620260238647
3690.3224707790514,0.9885157561785474,1.0110620260238647
3690.324785612381,0.9856955859779332,1.0110620260238647
3690.3271004457133,0.9866025703530418,1.0110620260238647
3690.3294152790436,0.9990718516735969,1.0110620260238647
3690.331730112375,0.9953789485065148,1.0110620260238647
3690.3340449457055,0.9960768283266341,1.0110620260238647
3690.3363597790353,0.981671723416515,1.0110620260238647
3690.338674612361,0.9981060916454506,1.0110620260238647
3690.340989445682,0.9996871979789193,1.0110620260238647
3690.3433042790057,1.005536230267563,1.0110620260238647
3690.3456191123264,1.0043932589926454,1.0110620260238647
3690.34793394565,0.9923629380657893,1.0110620260238647
3690.3502487789706,0.9858934895559143,1.0110620260238647
3690.352563612294,0.9835235396785178,1.0110620260238647
3690.354878445615,0.9952525543238542,1.0110620260238647
3690.357193278938,0.9919294013030627,1.0110620260238647
3690.3595081122608,0.9884470175512236,1.0110620260238647
3690.361822945582,1.0027054486150464,1.0110620260238647
3690.364137778905,0.9836353136385572,1.0110620260238647
3690.366452612226,0.9972095418647127,1.0110620260238647
3690.368767445549,1.003975167787688,1.0110620260238647
3690.3710822788703,0.9905843408219135,1.0110620260238647
3690.3733971121937,0.9848123594645839,1.0110620260238647
3690.3757119455145,1.000279906520183,1.0110620260238647
3690.378026778837,0.9716079992897402,1.0110620260238647
3690.3803416121564,0.9883468572357663,1.0110620260238647
3690.3826564454785,0.996944373472172,1.0110620260238647
3690.3849712788005,0.9995703541029709,1.0110620260238647
3690.3872861121204,0.9906359832211723,1.0110620260238647
3690.3896009454425,0.9916215512928698,1.0110620260238647
3690.3919157787623,0.9920129959630499,1.0110620260238647
3690.3942306120844,1.0024875601359822,1.0110620260238647
3690.396545445404,0.9811587776220514,1.0110620260238647
3690.3988602787263,0.9898474344397973,1.0110620260238647
3690.401175112046,0.9820908168141521,1.0110620260238647
3690.4034899453663,0.9897724468463531,1.0110620260238647
3690.405804778688,0.9987265078666819,1.0110620260238647
3690.4081196120082,1.0001083547144263,1.0110620260238647
3690.41043444533,1.001958284496091,1.0110620260238647
3690.41274927865,0.9935120404018062,1.0110620260238647
3690.4150641119722,1.0036304135058787,1.0110620260238647
3690.417378945292,0.9903860245763584,1.0110620260238647
3690.419693778614,1.002118989039903,1.0110620260238647
3690.4220086119385,0.9965847631576993,1.0110620260238647
3690.4243234452642,0.9976367117562979,1.0110620260238647
3690.4266382785922,0.9850682723129652,1.0110620260238647
3690.4289531119193,0.9881003178365655,1.0110620260238647
3690.431267945246,1.0046895543107668,1.0110620260238647
3690.4335827785735,0.9991418872561533,1.0110620260238647
3690.4358976119,0.9978448141186075,1.0110620260238647
3690.4382124452272,0.9964632030809054,1.0110620260238647
3690.440527278554,1.0046610212956513,1.0110620260238647
3690.442842111881,0.9957947995160706,1.0110620260238647
3690.445156945208,1.0114394988659305,1.0110620260238647
3690.4474717785333,1.0030262681775646,1.0110620260238647
3690.449786611861,1.0075601878604283,1.0110620260238647
3690.452101445188,1.000701770685817,1.0110620260238647
3690.454416278515,0.9923911173658415,1.0110620260238647
3690.4567311118417,0.9970560295271903,1.0110620260238647
3690.459045945169,1.0032864845592173,1.0110620260238647
3690.461360778496,1.002005210694504,1.0110620260238647
3690.463675611832,0.993700688435628,1.0110620260238647
3690.465990445171,0.9941378802540098,1.0110620260238647
3690.4683052785085,0.996616007988301,1.0110620260238647
3690.4706201118493,1.0078334916994276,1.0110620260238647
3690.4729349451895,0.9875353759277798,1.0110620260238647
3690.475249778528,0.9944497390349215,1.0110620260238647
3690.4775646118687,0.9862770345896782,1.0110620260238647
3690.479879445207,0.976566907621298,1.0110620260238647
3690.4821942785466,0.9921140405661658,1.0110620260238647
3690.484509111886,0.9822954999308487,1.0110620260238647
3690.4868239452258,1.0187423000652132,1.0110620260238647
3690.4891387785633,0.985129759781489,1.0110620260238647
3690.4914536119036,0.9835310266473601,1.0110620260238647
3690.493768445243,0.9937693091579306,1.0110620260238647
3690.496083278583,0.9826759794340629,1.0110620260238647
3690.4983981119235,0.9916944165959335,1.0110620260238647
3690.5007129452615,0.978326875871834,1.0110620260238647
3690.5030277786022,0.9993795837787687,1.0110620260238647
3690.505342611954,0.987846763088607,1.0110620260238647
3690.507657445313,0.9862456129015447,1.0110620260238647
3690.50997227867,0.9995674064774425,1.0110620260238647
3690.512287112028,0.9989252957323217,1.0110620260238647
3690.514601945385,0.9960182295311283,1.0110620260238647
3690.516916778744,0.9964359670210223,1.0110620260238647
3690.5192316121024,0.987113099094572,1.0110620260238647
3690.521546445459,0.993116351150865,1.0110620260238647
3690.5238612788185,1.004021858176059,1.0110620260238647
3690.526176112175,0.9936764000012733,1.0110620260238647
3690.5284909455345,0.9937981958881096,1.0110620260238647
3690.530805778891,1.001515786951758,1.0110620260238647
3690.5331206122496,0.993703282346093,1.0110620260238647
3690.5354354456063,0.9961816458904263,1.0110620260238647
3690.5377502789656,0.9906115768817966,1.0110620260238647
3690.540065112323,0.9987373551286267,1.0110620260238647
3690.5423799456817,0.988177722482943,1.0110620260238647
3690.544694779039,0.9935478835282323,1.0110620260238647
3690.5470096124145,0.9940151411270046,1.0110620260238647
3690.5493244457966,0.9985819563107661,1.0110620260238647
3690.5516392791783,0.9850624949669294,1.0110620260238647
3690.5539541125604,0.9956977636836736,1.0110620260238647
3690.5562689459402,0.9979772214573461,1.0110620260238647
3690.5585837793233,0.9769140200035301,1.0110620260238647
3690.560898612705,0.9922209804203385,1.0110620260238647
3690.563213446087,1.011644064077606,1.0110620260238647
3690.5655282794696,1.000520550668327,1.0110620260238647
3690.567843112851,0.9857165730716958,1.0110620260238647
3690.570157946234,0.9923741390427975,1.0110620260238647
3690.572472779615,0.9799224255703921,1.0110620260238647
3690.574787612998,0.995149387430358,1.0110620260238647
3690.577102446378,0.9871357368586305,1.0110620260238647
3690.5794172797596,1.005279197321481,1.0110620260238647
3690.5817321131417,0.9859938267289032,1.0110620260238647
3690.5840469465234,0.9911280008743837,1.0110620260238647
3690.5863617799064,0.9980515016206635,1.0110620260238647
3690.5886766133076,0.9923195490180103,1.0110620260238647
3690.5909914467193,1.0004375455334453,1.0110620260238647
3690.593306280129,1.0059912257441368,1.0110620260238647
3690.5956211135403,1.012540731763365,1.0110620260238647
3690.5979359469507,0.998858325680315,1.0110620260238647
3690.60025078036,1.003704575764175,1.0110620260238647
3690.602565613771,0.9844874721788365,1.0110620260238647
3690.604880447181,0.9941194870707123,1.0110620260238647
3690.607195280592,1.0006872683682169,1.0110620260238647
3690.609510114002,1.0023038641130482,1.0110620260238647
3690.6118249474143,0.9927824441310005,1.0110620260238647
3690.6141397808237,1.0028187553403605,1.0110620260238647
3690.6164546142354,1.0066992453960741,1.0110620260238647
3690.618769447645,1.0032765805374417,1.0110620260238647
3690.6210842810556,0.9954743336686159,1.0110620260238647
3690.623399114465,0.9960796580471415,1.0110620260238647
3690.625713947876,0.9972788700171422,1.0110620260238647
3690.6280287812865,1.0024052624312274,1.0110620260238647
3690.630343614722,0.9917513647211434,1.0110620260238647
3690.6326584481662,1.007592258026178,1.0110620260238647
3690.634973281609,0.989021686624253,1.0110620260238647
3690.6372881150533,1.00852028844756,1.0110620260238647
3690.639602948496,1.0096741069844222,1.0110620260238647
3690.6419177819384,1.0115503295858008,1.0110620260238647
3690.644232615381,1.0072139008133443,1.0110620260238647
3690.6465474488255,0.9935508311537607,1.0110620260238647
3690.648862282268,1.0025196303017319,1.0110620260238647
3690.6511771157125,1.0148759586120362,1.0110620260238647
3690.6534919491573,0.9846770045003167,1.0110620260238647
3690.6558067825995,0.9818433931272927,1.0110620260238647
3690.6581216160444,0.9997478011597846,1.0110620260238647
3690.6604364494865,0.9843570692254572,1.0110620260238647
3690.6627512829314,1.0059257884574049,1.0110620260238647
3690.6650661163726,0.9954773991991656,1.0110620260238647
3690.6673809498166,0.9919826943726173,1.0110620260238647
3690.6696957832587,0.9940285822994144,1.0110620260238647
3690.6720106167295,0.9965367758140958,1.0110620260238647
3690.6743254502085,0.996714694490994,1.0110620260238647
3690.6766402836897,0.9923866369750383,1.0110620260238647
3690.678955117171,1.0341508356577325,1.0110620260238647
3690.6812699506495,0.9880668917630727,1.0110620260238647
3690.6835847841307,1.0048598091612908,1.0110620260238647
3690.685899617609,0.9934998961846289,1.0110620260238647
3690.6882144510887,1.0005111182666357,1.0110620260238647
3690.690529284569,0.9894136618670284,1.0110620260238647
3690.692844118049,1.0084399951281646,1.0110620260238647
3690.695158951529,1.0212374061225484,1.0110620260238647
3690.69747378501,1.0083526275075008,1.0110620260238647
3690.69978861849,0.9929163842350139,1.0110620260238647
3690.7021034519703,0.9775678033457437,1.0110620260238647
3690.70441828545,1.007097174842417,1.0110620260238647
3690.7067331189305,0.9979147317961427,1.0110620260238647
3690.709047952409,1.0093084835138715,1.0110620260238647
3690.7113627858885,1.00397434245254,1.0110620260238647
3690.7136776193975,0.9897837657283824,1.0110620260238647
3690.7159924529165,1.0054985006607986,1.0110620260238647
3690.7183072864373,1.0094973673577354,1.0110620260238647
3690.720622119956,1.0104657212963468,1.0110620260238647
3690.7229369534766,1.0001867615534836,1.0110620260238647
3690.7252517869956,1.0169438947777862,1.0110620260238647
3690.7275666205155,0.9997863561016969,1.0110620260238647
3690.729881454034,0.9984964751704406,1.0110620260238647
3690.7321962875526,1.0003738768220305,1.0110620260238647
3690.7345111210734,0.9974788369329933,1.0110620260238647
3690.7368259545924,0.983715548005442,1.0110620260238647
3690.7391407881128,0.998550475670122,1.0110620260238647
3690.7414556216313,0.9975939122336246,1.0110620260238647
3690.7437704551517,0.9917709369546525,1.0110620260238647
3690.7460852886716,1.0017734094229458,1.0110620260238647
3690.748400122191,1.000318107747032,1.0110620260238647
3690.750714955711,1.0052058603983327,1.0110620260238647
3690.7530297892285,0.9939604331971963,1.0110620260238647
3690.7553446227794,1.0047681969598663,1.0110620260238647
3690.7576594563398,0.9990400173178895,1.0110620260238647
3690.7599742899024,1.0014787647751204,1.0110620260238647
3690.7622891234646,1.006102645989113,1.0110620260238647
3690.764603957026,1.005344045083107,1.0110620260238647
3690.766918790589,1.002504420554005,1.0110620260238647
3690.7692336241494,1.0038804900557137,1.0110620260238647
3690.7715484577125,1.0034507262536634,1.0110620260238647
3690.773863291272,0.9993137927769733,1.0110620260238647
3690.7761781248346,0.9895662309643817,1.0110620260238647
3690.7784929583954,0.9957125018113159,1.0110620260238647
3690.780807791958,0.9943708605757797,1.0110620260238647
3690.783122625519,1.0057117908440385,1.0110620260238647
3690.7854374590806,0.9904625449350773,1.0110620260238647
3690.787752292642,0.9982572458825504,1.0110620260238647
3690.790067126204,0.9902056298940164,1.0110620260238647
3690.7923819597668,1.0022155532522155,1.0110620260238647
3690.7946967933276,1.0149388019883032,1.0110620260238647
3690.7970116269207,0.995989106990907,1.0110620260238647
3690.7993264605257,0.9974933392505934,1.0110620260238647
3690.8016412941324,0.9964083772460759,1.0110620260238647
3690.803956127737,0.9946493522357092,1.0110620260238647
3690.806270961344,1.0082272944700306,1.0110620260238647
3690.8085857949486,0.9863634589701727,1.0110620260238647
3690.8109006285554,1.0057461012051898,1.0110620260238647
3690.8132154621617,1.0071741668212204,1.0110620260238647
3690.815530295767,1.0266393425710345,1.0110620260238647
3690.8178451293716,0.9958669573890074,1.0110620260238647
3690.820159962977,1.0141647555245281,1.0110620260238647
3690.8224747965837,1.003618623003765,1.0110620260238647
3690.824789630188,0.9891586333063056,1.0110620260238647
3690.8271044637954,0.9991275028435743,1.0110620260238647
3690.8294192974,1.0078189893818275,1.0110620260238647
3690.831734131007,1.0082441548880534,1.0110620260238647
3690.8340489646116,0.9919290475879993,1.0110620260238647
3690.8363637982184,1.0008693137208549,1.0110620260238647
3690.8386786318556,0.9971554234600101,1.0110620260238647
3690.8409934655074,1.0132462754098586,1.0110620260238647
3690.8433082991583,1.001621587462679,1.011110782623291
3690.84562313281,1.00756573494852,1.011171579360962
3690.8479379664614,0.9970193282154034,1.0112508535385132
3690.8502528001127,1.0154260459911104,1.0113130807876587
3690.852567633764,1.007922179001169,1.0113450288772583
3690.8548824674153,0.996839977368632,1.011347770690918
3690.857197301067,1.0114804673046904,1.0113478899002075
3690.859512134719,1.0018456875984856,1.0113836526870728
3690.8618269683684,1.0023797981526656,1.0114113092422485
3690.86414180202,0.9968684344081388,1.0114400386810303
3690.8664566356715,1.0039564583339717,1.0115044116973877
3690.868771469323,1.0031384553524911,1.011574625968933
3690.871086302974,0.992259693060451,1.01157546043396
3690.8734011366255,1.0040208641841168,1.0115787982940674
3690.8757159702773,1.0059104496466929,1.0115883350372314
3690.878030803928,1.018558089046965,1.0116682052612305
3690.880345637613,0.9995613410826992,1.0117568969726562
3690.88266047131,1.004112942135683,1.011771559715271
3690.884975305009,1.0189607448992828,1.0117868185043335
3690.887290138706,1.0113671989086621,1.0118402242660522
3690.889604972404,0.9949121051138586,1.0119409561157227
3690.891919806102,0.9963707645326354,1.0121785402297974
3690.8942346398003,0.9931661019248483,1.0122997760772705
3690.8965494734985,0.9923476928026483,1.0123035907745361
3690.898864307197,1.0000163686088237,1.0123090744018555
3690.9011791408943,1.001093028346787,1.012325644493103
3690.903493974593,1.003416667814622,1.012487769126892
3690.90580880829,0.9918561712961415,1.012509822845459
3690.908123641987,1.0107663949548586,1.0125110149383545
3690.910438475686,1.002069121003256,1.0125571489334106
3690.9127533093833,1.0014223955604118,1.0125781297683716
3690.9150681430824,0.9842463875419156,1.0125812292099
3690.917382976779,0.9857576158202852,1.0125945806503296
3690.9196978104783,1.0053414762238264,1.0125972032546997
3690.9220126442087,1.012708895921068,1.012635350227356
3690.924327477955,1.0221385993900236,1.0126538276672363
3690.9266423116983,0.9945627210009236,1.0126678943634033
3690.9289571454447,1.007560479421265,1.0127416849136353
3690.93127197919,1.0052944543653912,1.0127416849136353
3690.933586812934,1.0051200826407565,1.0127503871917725
3690.9359016466806,0.9757116624319538,1.012855052947998
3690.9382164804247,0.9996573866830877,1.0128568410873413
3690.940531314171,0.9894134373433201,1.012876033782959
3690.942846147915,1.0009227196139758,1.0130054950714111
3690.9451609816615,0.9973151209666505,1.0130360126495361
3690.9474758154056,1.0105055158783018,1.0130419731140137
3690.949790649151,0.9965846652127018,1.0130574703216553
3690.952105482896,1.003235781752116,1.0130894184112549
3690.954420316641,0.9943494668725642,1.0132044553756714
3690.956735150386,1.0047506047229569,1.0132503509521484
3690.9590499841315,0.992625586328358,1.013270616531372
3690.961364817877,0.9844792365915414,1.0133020877838135
3690.963679651656,0.9983780524747728,1.013311743736267
3690.9659944854498,0.9992649869202258,1.013342022895813
3690.968309319241,1.000569722211308,1.0133545398712158
3690.9706241530334,1.0061130264068483,1.013381838798523
3690.9729389868266,1.0045579649222445,1.013391375541687
3690.9752538206185,0.9951493616649353,1.013391375541687
3690.9775686544117,0.9714507620560604,1.0133999586105347
3690.9798834882035,0.9957534655055089,1.0134321451187134
3690.9821983219977,1.002143692943657,1.0134797096252441
3690.984513155789,0.9951183296060847,1.0134938955307007
3690.9868279895827,1.0003461334494403,1.0135771036148071
3690.989142823374,1.000811865109253,1.013594150543213
3690.991457657168,1.0034310354581102,1.0135985612869263
3690.9937724909587,1.000518771934756,1.013609528541565
3690.996087324751,1.0137819160703245,1.0136138200759888
3690.9984021585446,0.9996415373531485,1.0136339664459229
3691.000716992337,1.0038299522826002,1.0136339664459229
3691.00303182613,0.9915685875346625,1.0136464834213257
3691.0053466599556,1.0035249567715616,1.0136464834213257
3691.007661493796,0.9969088756823127,1.013797402381897
3691.0099763276357,1.0033600939923268,1.0138182640075684
3691.0122911614767,0.9870908722121459,1.013818383216858
3691.0146059953145,1.0069064741095701,1.0138307809829712
3691.016920829154,1.0045139773158296,1.0138914585113525
3691.019235662995,0.995310106274786,1.0139119625091553
3691.0215504968337,0.9903832180894966,1.013927936553955
3691.023865330675,0.9985986676584981,1.0139318704605103
3691.026180164514,1.0107012222830065,1.0139318704605103
3691.0284949983547,1.0022103404665017,1.0139318704605103
3691.030809832195,1.0054921818648894,1.0139399766921997
3691.0331246660344,0.9978762094901128,1.0139402151107788
3691.035439499872,1.001017513697345,1.0139975547790527
3691.0377543337136,0.9887079886885909,1.0140063762664795
3691.0400691675527,0.9953017550232743,1.0140126943588257
3691.042384001393,0.9955601811995317,1.0140184164047241
3691.044698835234,1.014826739432786,1.0140565633773804
3691.0470136691065,1.0090217013607257,1.0141053199768066
3691.049328502993,1.0072768885174332,1.0141217708587646
3691.0516433368794,0.9862018971260055,1.0141353607177734
3691.0539581707662,0.999748386222565,1.0143605470657349
3691.056273004653,0.9948165472330925,1.014374852180481
3691.0585878385386,0.990914386733444,1.0143848657608032
3691.060902672424,0.9971987933082689,1.014417052268982
3691.063217506312,1.0032758909607877,1.0144407749176025
3691.0655323401998,0.9900657948233698,1.014482021331787
3691.0678471740853,1.012990634109888,1.0145509243011475
3691.070162007973,0.9979042908168061,1.0146141052246094
3691.0724768418586,1.0197438295392598,1.0146522521972656
3691.0747916757464,0.997685254807602,1.0146522521972656
3691.077106509632,0.9992136826964727,1.014689326286316
3691.079421343518,0.9956477219354015,1.0147206783294678
3691.0817361774034,1.0008588955902038,1.0147206783294678
3691.084051011291,0.992873668923299,1.0147206783294678
3691.0863658451767,1.0096550900978056,1.0147325992584229
3691.0886806790973,0.9968845972297246,1.0147359371185303
3691.090995513031,1.0008988133103314,1.0147494077682495
3691.0933103469624,1.0003734580464703,1.0147494077682495
3691.0956251808957,0.9991976387318463,1.0147541761398315
3691.097940014827,0.9948664524624382,1.0147615671157837
3691.100254848761,1.0172164003957853,1.014792561531067
3691.1025696826914,0.9959919870283178,1.014792561531067
3691.104884516625,1.0023707764157672,1.0148075819015503
3691.1071993505566,1.0052371949496925,1.0148459672927856
3691.1095141844903,0.9986486288092465,1.01498544216156
3691.1118290184227,0.982364230123034,1.01498544216156
3691.1141438523555,1.0003054723235145,1.0150293111801147
3691.116458686288,1.0088045556129335,1.0150293111801147
3691.1187735202207,1.0090534798667299,1.0150357484817505
3691.1210883541535,1.0020016180646383,1.0150803327560425
3691.123403188084,0.984157399709763,1.0150803327560425
3691.1257180220173,1.0055535388792936,1.0150803327560425
3691.128032855949,0.9910671819227872,1.0150811672210693
3691.1303476899147,0.9948772179942093,1.0151022672653198
3691.1326625238908,0.9958062521615516,1.0151022672653198
3691.1349773578695,1.0013722013726947,1.0151283740997314
3691.1372921918464,0.996275856043452,1.0151283740997314
3691.1396070258243,1.0022493901884177,1.0153025388717651
3691.141921859801,0.9942071909308179,1.0153393745422363
3691.144236693779,1.0043334510131599,1.0153604745864868
3691.1465515277555,1.0018592737116683,1.015470027923584
3691.148866361732,1.008085305395306,1.0155038833618164
3691.1511811957103,1.004384479529411,1.015506386756897
3691.1534960296867,0.9995842155449154,1.0155245065689087
3691.155810863665,0.9920874583003688,1.0155749320983887
3691.1581256976424,1.0008466553708857,1.0155922174453735
3691.16044053162,1.0041258711134207,1.01559317111969
3691.162755365598,0.9913942227675625,1.01564621925354
3691.165070199575,0.9991535120856337,1.0156522989273071
3691.167385033551,1.0084444974440099,1.0156614780426025
3691.169699867529,1.0078753094584103,1.0157746076583862
3691.1720147015367,0.9977407408928715,1.0157746076583862
3691.174329535558,0.9945482883409181,1.0158034563064575
3691.1766443695788,1.0015477587247286,1.015824556350708
3691.1789592036,1.003741624208041,1.0158339738845825
3691.1812740376204,0.9994702803700152,1.0158406496047974
3691.1835888716423,1.008860142887436,1.0158458948135376
3691.185903705662,1.0083388809698406,1.0158594846725464
3691.188218539684,0.9917916826452116,1.015882968902588
3691.1905333737027,1.0065687951662605,1.0159329175949097
3691.192848207725,0.996844896180434,1.0159471035003662
3691.1951630417448,0.9849833852739083,1.0159683227539062
3691.197477875766,0.9916674694322322,1.0159755945205688
3691.199792709787,1.0045042814726548,1.0160210132598877
3691.2021075438074,0.9925625919952921,1.0160844326019287
3691.2044223778294,1.0083578008839995,1.0160844326019287
3691.206737211849,0.9982953392997436,1.016173005104065
3691.209052045871,1.002075835874409,1.016173005104065
3691.21136687989,0.992691199972973,1.0162343978881836
3691.2136817139417,1.000115542440674,1.0162599086761475
3691.2159965480037,1.0022966552750814,1.0162599086761475
3691.2183113820674,0.9890612452496169,1.0162713527679443
3691.220626216129,1.0029970315897687,1.0162713527679443
3691.222941050193,0.9827970973250525,1.0162713527679443
3691.2252558842547,0.9865535377592537,1.0162761211395264
3691.2275707183176,1.0038103086766423,1.0163254737854004
3691.2298855523823,0.9962715998962691,1.0163675546646118
3691.2322003864424,0.9928075223161742,1.016377329826355
3691.234515220506,1.0096672858577431,1.016399621963501
3691.2368300545677,1.0000945275137223,1.0164520740509033
3691.239144888632,1.030345286022962,1.016465187072754
3691.2414597226934,1.0080470579791372,1.0164788961410522
3691.243774556757,1.0027078017033972,1.0164788961410522
3691.2460893908187,0.9882731715302997,1.0165213346481323
3691.248404224883,0.9899671627224836,1.0165213346481323
3691.2507190589445,0.9822342564584634,1.0165379047393799
3691.2530338930083,0.9897079252634292,1.0165379047393799
3691.2553487270984,0.993475220520167,1.0165379047393799
3691.2576635612018,1.0055563647178052,1.0165379047393799
3691.2599783953046,0.9924708798342853,1.0165481567382812
3691.2622932294075,1.0063022083762778,1.016555666923523
3691.264608063511,1.00664603768965,1.016555666923523
3691.2669228976124,0.993325466224692,1.016555666923523
3691.2692377317167,0.9988675003558849,1.0166213512420654
3691.271552565818,0.9972550544451139,1.0166213512420654
3691.2738673999224,1.0086552147164447,1.0166213512420654
3691.276182234024,1.011279076230149,1.0166594982147217
3691.2784970681273,0.9894539654794591,1.0167232751846313
3691.2808119022297,1.0084685588864293,1.0167312622070312
3691.283126736333,0.9938903665826945,1.0168323516845703
3691.285441570436,1.001400148748952,1.0168323516845703
3691.287756404539,0.9987092382782481,1.0168370008468628
3691.2900712386418,0.996197951310987,1.016871690750122
3691.2923860727446,1.0017483398742706,1.0169003009796143
3691.294700906848,0.9926862561072909,1.0169003009796143
3691.2970157409777,1.005079167535156,1.016871690750122
3691.299330575118,1.006490985257214,1.016871690750122
3691.30164540926,0.9945677314950825,1.016871690750122
3691.3039602434005,1.0008544756164381,1.0169003009796143
3691.306275077542,1.008401713260206,1.016903281211853
3691.3085899116827,1.007105158431295,1.0169726610183716
3691.3109047458242,1.0068819633856714,1.0169912576675415
3691.313219579965,1.0059302110094077,1.017001986503601
3691.315534414107,1.0024296457098785,1.0170084238052368
3691.317849248247,1.0020111187038259,1.0170423984527588
3691.3201640823872,0.9963631939474396,1.0170533657073975
3691.3224789165292,0.9999558116577989,1.0170533657073975
3691.3247937506694,0.9948518809628013,1.0170762538909912
3691.3271085848114,1.00099134373373,1.0170762538909912
3691.3294234189516,1.0054051995070412,1.017112135887146
3691.3317382530936,1.005743759212875,1.0171195268630981
3691.3340530872338,1.0096131364491108,1.0171645879745483
3691.3363679213758,1.00105816906164,1.0171726942062378
3691.3386827555423,0.9973470386789501,1.0171805620193481
3691.3409975897202,0.9913732970435992,1.0171899795532227
3691.3433124238954,0.9955543356887908,1.0171899795532227
3691.3456272580725,1.0058804606349112,1.0172134637832642
3691.347942092251,0.9867250373137127,1.0172195434570312
3691.350256926427,1.008412695287597,1.0172195434570312
3691.3525717606053,0.9916046923158055,1.0172247886657715
3691.3548865947814,0.9810110249869861,1.0172321796417236
3691.35720142896,0.9871892459409801,1.0173416137695312
3691.359516263136,1.0002197037853966,1.0173580646514893
3691.3618310973143,1.0046977942208648,1.0173580646514893
3691.3641459314895,1.0021698531722532,1.0173580646514893
3691.366460765668,1.0141489237795425,1.0173580646514893
3691.3687755998462,1.0075022691006956,1.0173580646514893
3691.3710904340223,0.9772885459452758,1.0173580646514893
3691.3734052682007,0.9955376638210154,1.0173968076705933
3691.375720102377,1.0082154369601277,1.0173968076705933
3691.378034936555,0.9907315807873522,1.0175161361694336
3691.3803497707554,0.9952032348494718,1.0175161361694336
3691.3826646049674,1.0088413672283065,1.017558217048645
3691.3849794391776,1.010945208003821,1.0175672769546509
3691.387294273388,1.0084590239448976,1.0175672769546509
3691.389609107598,0.9994015997716988,1.017581582069397
3691.39192394181,0.9929024067455369,1.017586350440979
3691.3942387760226,1.0013292314237947,1.0176315307617188
3691.3965536102323,0.9991500590835444,1.0176973342895508
3691.398868444445,1.012724501890046,1.0177639722824097
3691.4011832786546,1.0005413656915876,1.01776921749115
3691.4034981128666,0.9888077400657889,1.0178353786468506
3691.405812947077,1.0119972284627876,1.0178353786468506
3691.408127781287,1.0125430864464726,1.0178861618041992
3691.410442615498,0.9979352537936242,1.0179357528686523
3691.4127574497093,0.9848819047748416,1.0180037021636963
3691.4150722839213,1.0064494567331574,1.0180037021636963
3691.4173871181315,1.0128303808128971,1.0180059671401978
3691.4197019523435,1.0086836875811651,1.0180103778839111
3691.4220167865765,0.996995307363312,1.018044352531433
3691.4243316208203,0.9967502246786437,1.018044352531433
3691.426646455062,0.9844649428130644,1.018044352531433
3691.428961289303,1.0011319629715674,1.0180511474609375
3691.431276123546,0.9846038552422348,1.018054485321045
3691.4335909577885,1.0013872139551827,1.0180639028549194
3691.4359057920315,1.0057285516833088,1.0180716514587402
3691.4382206262753,0.9955937206977918,1.0180845260620117
3691.440535460518,1.0183557770577552,1.0181035995483398
3691.442850294761,1.0162554247587252,1.0181035995483398
3691.4451651290033,1.0078953931538368,1.0181128978729248
3691.4474799632458,0.9957909820440838,1.0181035995483398
3691.4497947974883,1.007750671795142,1.0181128978729248
3691.4521096317294,0.9850851334680332,1.0181035995483398
3691.454424465973,1.0056996329276218,1.0181128978729248
3691.456739300215,1.00685919512439,1.0181424617767334
3691.4590541344583,0.9903952387358008,1.0182377099990845
3691.4613689687003,1.00180680498038,1.0182377099990845
3691.4636838029646,1.0025033681851323,1.0182490348815918
3691.465998637236,1.0090280084259071,1.0182560682296753
3691.4683134715083,1.0006463378713955,1.018282413482666
3691.47062830578,1.00939448037695,1.0183155536651611
3691.4729431400497,1.004795926131874,1.0183155536651611
3691.4752579743226,1.0079442769762066,1.0183155536651611
3691.4775728085933,0.9892711188009744,1.0183179378509521
3691.4798876428663,1.0169657102446428,1.0183202028274536
3691.4822024771374,0.998267209175433,1.0183202028274536
3691.48451731141,1.0127983478541103,1.0183557271957397
3691.486832145683,0.9920956028235307,1.0184462070465088
3691.4891469799536,1.0014406533458904,1.0184462070465088
3691.4914618142257,0.9952534842155408,1.0184681415557861
3691.4937766484973,1.00992587373135,1.0184681415557861
3691.4960914827684,1.0050626215316485,1.0185939073562622
3691.498406317039,1.014035321785669,1.0185939073562622
3691.500721151312,0.9916812811856867,1.0185939073562622
3691.5030359855837,1.0032674495016434,1.0185939073562622
3691.5053508198744,1.010368672088814,1.0185939073562622
3691.5076656541733,0.9886208633889182,1.0185939073562622
3691.5099804884717,1.0175472536114978,1.0185939073562622
3691.512295322771,1.0103263879104425,1.0186781883239746
3691.5146101570685,1.0036478446681927,1.018681526184082
3691.516924991367,1.0285270768092944,1.018681526184082
3691.5192398256645,1.0068848211652695,1.018681526184082
3691.521554659964,1.0019167319229245,1.0187382698059082
3691.5238694942614,1.019366832533798,1.0187382698059082
3691.526184328561,1.012159399444995,1.0187897682189941
3691.528499162858,1.0168335390717784,1.0188162326812744
3691.530813997157,1.0053454649314215,1.0188218355178833
3691.5331288314565,1.0051511853236847,1.018900752067566
3691.535443665754,1.0069242891117387,1.018900752067566
3691.5377585000533,1.0133672486963212,1.018900752067566
3691.54007333435,1.0047587708906989,1.0189014673233032
3691.5423881686497,1.0150915595953105,1.0189405679702759
3691.544703002947,1.0069886774440366,1.0189461708068848
3691.547017837264,1.0160901265159332,1.0189461708068848
3691.549332671585,1.0089157588368485,1.0189621448516846
3691.551647505909,0.9941999731156347,1.0189675092697144
3691.55396234023,0.9998351634017361,1.0189841985702515
3691.556277174554,1.0197270450998315,1.0189841985702515
3691.558592008877,1.0182032717198541,1.0189841985702515
3691.5609068431972,1.0099335985771407,1.0189841985702515
3691.5632216775207,1.000386880504229,1.0189841985702515
3691.5655365118423,0.9990843321117019,1.0189841985702515
3691.567851346166,1.01430315658895,1.019022822380066
3691.5701661804883,1.0096583253077345,1.0190829038619995
3691.5724810148113,1.001043318114232,1.0190829038619995
3691.574795849133,0.9972298669959492,1.0190829038619995
3691.5771106834563,0.9957475544899779,1.019087791442871
3691.57942551778,1.0037007844909793,1.019087791442871
3691.5817403521014,1.0110641130168994,1.0190975666046143
3691.584055186423,0.9899789561354153,1.0190975666046143
3691.5863700207456,0.9967883249247557,1.0190975666046143
3691.5886848550836,1.0151056111903294,1.0190975666046143
3691.590999689428,1.0006598566867544,1.019099473953247
3691.593314523772,1.015445980535807,1.019099473953247
3691.5956293581157,0.9981170513939575,1.019099473953247
3691.5979441924596,1.0049833836522277,1.0190975666046143
3691.600259026804,0.9938950567388911,1.0190975666046143
3691.6025738611484,0.997941822654947,1.019099473953247
3691.6048886954914,1.008417513143701,1.019115686416626
3691.6072035298353,1.0089141816281322,1.019115686416626
3691.6095183641796,0.9976524635388483,1.019115686416626
3691.611833198524,1.0105924074820962,1.0191259384155273
3691.6141480328674,0.9915644408593799,1.0191259384155273
3691.616462867212,0.9997171789902588,1.0191890001296997
3691.6187777015557,0.9908915961573304,1.0191890001296997
3691.6210925359,0.9994878182261153,1.019203543663025
3691.623407370244,0.9915833294248136,1.019203543663025
3691.625722204586,1.0044979361261723,1.019203543663025
3691.6280370389313,0.999747476490108,1.019203543663025
3691.63035187329,1.002590617517646,1.019203543663025
3691.632666707652,1.0058284960391304,1.019226312637329
3691.634981542016,1.0046088312247292,1.019226312637329
3691.6372963763774,1.0159849224531845,1.0192313194274902
3691.639611210742,0.9956973926810179,1.0192313194274902
3691.641926045104,1.0010939268288916,1.0192313194274902
3691.6442408794674,1.0045656503466929,1.0192313194274902
3691.64655571383,1.0059617843274202,1.0193142890930176
3691.6488705481916,1.0122271720860736,1.0193142890930176
3691.651185382556,1.0046363715889737,1.0193171501159668
3691.6535002169176,0.9994854179131638,1.0193142890930176
3691.6558150512815,0.9947898709946329,1.0193171501159668
3691.6581298856436,1.0099094993361586,1.0193570852279663
3691.6604447200075,1.011476336006592,1.0193570852279663
3691.6627595543696,1.0153995969829503,1.0193589925765991
3691.6650743887335,0.997855222363973,1.0193589925765991
3691.667389223095,1.0042272234029155,1.0193589925765991
3691.6697040574586,0.9967686278105231,1.019378423690796
3691.672018891832,0.9957398792164718,1.019378423690796
3691.6743337262124,1.0129772702767874,1.0193803310394287
3691.6766485605917,1.0083467993079787,1.0193803310394287
3691.6789633949697,0.9887015804572834,1.0193819999694824
3691.68127822935,0.9965327600324727,1.0193803310394287
3691.683593063728,1.0031237735633705,1.0193819999694824
3691.6859078981083,0.9900967335768152,1.019384741783142
3691.6882227324863,0.9883225000002923,1.0193861722946167
3691.6905375668666,1.0119373456289509,1.0193861722946167
3691.6928524012437,0.9981958351483542,1.0193973779678345
3691.695167235624,1.0142151463339022,1.0193861722946167
3691.697482070002,1.0163032667460392,1.0193861722946167
3691.6997969043823,1.0027451018455706,1.0193861722946167
3691.7021117387626,1.0077473056218456,1.0193861722946167
3691.704426573141,1.0002155221559232,1.0193973779678345
3691.7067414075213,0.9996803005502245,1.0194518566131592
3691.7090562418994,0.9973298003518559,1.0194534063339233
3691.7113710762796,1.0093468096463958,1.0194534063339233
3691.7136859106663,0.9986040550225429,1.0194674730300903
3691.7160007450593,1.003800670095685,1.0194674730300903
3691.718315579451,0.9929782962010956,1.0194674730300903
3691.720630413845,0.9939618188351542,1.0194674730300903
3691.7229452482384,1.0062854640458523,1.0194534063339233
3691.7252600826305,1.0056356981180703,1.0194674730300903
3691.7275749170244,0.9933301722036134,1.0194534063339233
3691.7298897514156,1.0094415132614187,1.0194674730300903
3691.7322045858095,0.9850783093794336,1.0194674730300903
3691.734519420201,0.9986627667538277,1.0194761753082275
3691.736834254593,1.0225114961600732,1.0194761753082275
3691.739149088986,1.0046408956581334,1.0194793939590454
3691.7414639233784,1.0145943417064498,1.0194793939590454
3691.7437787577715,1.0050620881031576,1.0195019245147705
3691.7460935921645,1.0047077933846744,1.0195019245147705
3691.748408426558,0.9862876251052068,1.0195019245147705
3691.75072326095,1.0053272829617448,1.0195019245147705
3691.753038095343,1.0018896761662621,1.019508719444275
3691.755352929743,1.0002288281624443,1.0195099115371704
3691.7576677641455,1.002167845749473,1.0195099115371704
3691.7599825985494,0.997724463531257,1.0195099115371704
3691.762297432953,0.9909493437555137,1.0195409059524536
3691.764612267357,1.012177216820896,1.0195409059524536
3691.7669271017603,1.0085010575167759,1.0195473432540894
3691.769241936165,0.9931674442680065,1.0195473432540894
3691.771556770569,0.9891680677053938,1.0195473432540894
3691.773871604972,0.9896116763789372,1.0195473432540894
3691.776186439376,1.0032907017681092,1.0195473432540894
3691.7785012737795,1.0043927080275046,1.0195473432540894
3691.780816108181,1.01883384236084,1.0195473432540894
3691.783130942586,0.9945566152354207,1.0195473432540894
3691.785445776989,0.9908265612314001,1.0195655822753906
3691.7877606113934,1.013515761860783,1.0195766687393188
3691.790075445796,1.0214594492652664,1.0195766687393188
3691.7923902802004,1.0033008961128533,1.0195766687393188
3691.7947051146043,1.0136734874507605,1.0195766687393188
3691.7970199490137,0.9996197749306107,1.0195766687393188
3691.799334783426,1.0022396098413753,1.0195766687393188
3691.8016496178357,0.998725852222241,1.0196170806884766
3691.8039644522487,1.0103216097333936,1.0196348428726196
3691.8062792866594,0.9966650364998748,1.0196348428726196
3691.8085941210725,0.9863164197001,1.0196348428726196
3691.8109089554832,1.0127674389214987,1.0197006464004517
3691.8132237898963,1.0091923315636468,1.0197006464004517
3691.815538624307,1.0005719030084297,1.0197041034698486
3691.81785345872,0.9944649608264985,1.0197006464004517
3691.820168293133,1.005692258663828,1.0197041034698486
3691.822483127542,1.0120222382824766,1.0197041034698486
3691.824797961955,1.0130231854529947,1.0197041034698486
3691.827112796366,1.0190475444534666,1.0197432041168213
3691.829427630779,1.0093233308071003,1.0197447538375854
3691.8317424651896,1.00948570644332,1.0197447538375854
3691.8340572996026,1.0054013322545865,1.0197604894638062
3691.8363721340133,0.9965672905161712,1.019771933555603
3691.83868696843,1.0020085187285428,1.0197833776474
3691.841001802849,0.997410210701657,1.019805669784546
3691.843316637265,0.9992323562932873,1.019805669784546
3691.8456314716827,1.009925084680505,1.019882321357727
3691.847946306099,1.0070315881456293,1.019882321357727
3691.850261140518,1.0055213780267411,1.0199134349822998
3691.852575974934,0.9981941766228508,1.0199134349822998
3691.8548908093526,1.000619445806381,1.0199588537216187
3691.8572056437692,1.0090017163323899,1.0199588537216187
3691.8595204781877,1.0094850726782547,1.0199134349822998
3691.861835312604,1.0109277443898503,1.0199134349822998
3691.8641501470224,1.0017502265944447,1.0199588537216187
3691.866464981439,1.0092445858391181,1.0199588537216187
3691.8687798158558,1.0114030622829382,1.0199588537216187
3691.871094650274,1.0080244986675115,1.0200198888778687
3691.8734094846905,0.9959028621414434,1.0200387239456177
3691.8757243191094,0.9995119616721624,1.0200387239456177
3691.8780391535256,1.0262499956176383,1.0200774669647217
3691.8803539879464,1.0090477654045855,1.0200774669647217
3691.8826688223658,1.010550038973803,1.0200774669647217
3691.884983656787,1.0052309021939079,1.020146131515503
3691.8872984912064,1.0066457838792766,1.020146131515503
3691.889613325626,1.0008190374737982,1.020146131515503
3691.8919281600474,1.016085222899956,1.020146131515503
3691.894242994467,1.0165436455008563,1.020146131515503
3691.896557828888,0.9945772217136428,1.020146131515503
3691.898872663308,1.0116443262407204,1.0201609134674072
3691.901187497729,1.004876293129136,1.0201609134674072
3691.9035023321485,1.0043368977520908,1.0201609134674072
3691.90581716657,0.9933692921242583,1.0201643705368042
3691.9081320009896,0.9995690545151881,1.0201843976974487
3691.91044683541,1.000322858561425,1.0201843976974487
3691.91276166983,1.0018656138712119,1.0201979875564575
3691.915076504251,1.0046826136962888,1.0201979875564575
3691.917391338671,1.0055960013039227,1.020287275314331
3691.919706173092,1.0094034320271907,1.020287275314331
3691.9220210075123,1.003777921097706,1.0203051567077637
3691.9243358419335,0.9988020712845282,1.0203051567077637
3691.926650676354,1.019691807630384,1.0203051567077637
3691.928965510775,0.9977941193652485,1.0203051567077637
3691.9312803451953,0.9849997780098938,1.0203051567077637
3691.9335951796147,1.0073469378217397,1.0203051567077637
3691.935910014036,1.0023166219847286,1.0203139781951904
3691.938224848458,0.9974354522612068,1.0203139781951904
3691.9405396828774,0.9953731820043757,1.0203139781951904
3691.9428545172987,0.9944873323025293,1.0203139781951904
3691.9451693517194,1.001833739260153,1.0203139781951904
3691.94748418614,1.0086206967053908,1.0203462839126587
3691.949799020561,1.022038052513993,1.0203139781951904
3691.9521138549817,1.0215236436221016,1.0203462839126587
3691.9544286894,0.9960034348402624,1.0203540325164795
3691.9567435238223,0.9986358777243599,1.0203540325164795
3691.9590583582417,1.0031493566349352,1.0203750133514404
3691.961373192664,1.0046855398301262,1.0203750133514404
3691.963688027084,1.0209193417820293,1.0205137729644775
3691.9660028615012,1.0116275674040294,1.0205137729644775
3691.968317695921,1.0101644710636664,1.020538568496704
3691.970632530338,1.0024424032032744,1.0205793380737305
3691.972947364758,1.003891916389208,1.0205906629562378
3691.9752621991756,0.989189653249172,1.0205906629562378
3691.977577033594,1.0118866184377493,1.0205974578857422
3691.9798918680117,1.0101294275510337,1.0205974578857422
3691.98220670243,1.0052570884200738,1.0205975770950317
3691.9845215368487,1.0183286761862234,1.0205975770950317
3691.9868363712676,1.003696711504775,1.0205975770950317
3691.989151205687,0.9955157998236969,1.0205975770950317
3691.9914660401046,1.0095402699070117,1.0205975770950317
3691.993780874524,0.9954447553950448,1.0206174850463867
3691.9960957089415,1.0074349768032929,1.0206174850463867
3691.99841054336,1.0056723307434627,1.0206174850463867
3692.0007253777776,0.9925824551575857,1.020621418952942
3692.0030402121974,1.0088413452963718,1.020621418952942
3692.0053550466114,0.987000107337706,1.0206416845321655
3692.0076698810262,0.9959792159628805,1.0206416845321655
3692.00998471544,1.0153732356291572,1.0206416845321655
3692.0122995498537,1.0122178357814204,1.020668864250183
3692.0146143842676,1.012396065354425,1.020668864250183
3692.01692921868,1.0174502611202856,1.0206416845321655
3692.019244053094,1.013923067013184,1.0206416845321655
3692.0215588875067,1.0001059361255387,1.0206416845321655
3692.0238737219215,1.0015144077218676,1.0206416845321655
3692.026188556334,0.991984828358365,1.0206416845321655
3692.028503390749,0.9795104719413782,1.020621418952942
3692.0308182251615,0.9983147995939541,1.020621418952942
3692.0331330595764,1.0037865616830886,1.020621418952942
3692.03544789399,0.99998014427636,1.0206416845321655
3692.037762728404,1.003815818073156,1.020668864250183
3692.0400775628186,1.0164154575728939,1.020668864250183
3692.0423923972303,1.0000197383996317,1.020668864250183
3692.0447072316438,1.005772839518285,1.020668864250183
3692.0470220660527,1.0001471659516854,1.0206416845321655
3692.049336900459,1.0011496463987615,1.0206416845321655
3692.051651734865,1.0009618537111027,1.020621418952942
3692.0539665692713,1.0009553128722657,1.020621418952942
3692.0562814036766,1.003551325086348,1.020621418952942
3692.058596238084,1.0091355662433381,1.020621418952942
3692.060911072491,1.00457263035045,1.020621418952942
3692.0632259068957,1.0037549509370909,1.0206416845321655
3692.065540741302,1.0035371219689215,1.0206416845321655
3692.067855575708,0.9990513888650432,1.020668864250183
3692.0701704101143,1.0137488038386486,1.0206416845321655
3692.072485244521,0.9988566911598015,1.020668864250183
3692.0748000789267,0.9903375040864831,1.0206416845321655
3692.0771149133334,1.0156037956201311,1.0206416845321655
3692.0794297477396,1.002535809505589,1.0206416845321655
3692.0817445821467,0.9931861642928613,1.020668864250183
3692.0840594165525,0.9852818112048938,1.020668864250183
3692.0863742509578,1.0139328411664517,1.0206700563430786
3692.0886890853567,0.9970230089905385,1.0206700563430786
3692.0910039197533,0.9963957023597638,1.0206700563430786
3692.0933187541505,0.9853771711811038,1.0206890106201172
3692.0956335885467,1.0101994122978313,1.0206890106201172
3692.097948422944,1.0022494281827423,1.02069091796875
3692.10026325734,0.9952480537657717,1.02069091796875
3692.102578091737,0.9889112093210125,1.0206890106201172
3692.1048929261333,0.999134564175395,1.0206890106201172
3692.10720776053,1.0010361851940441,1.02069091796875
3692.1095225949257,1.0074423838052382,1.02069091796875
3692.1118374293233,1.00282864617397,1.0207176208496094
3692.114152263719,1.0205443567224142,1.0207176208496094
3692.1164670981166,0.9796264481920957,1.0207176208496094
3692.1187819325123,0.9958733620986067,1.02069091796875
3692.12109676691,1.0178041522232708,1.0206890106201172
3692.1234116013056,0.9918516040782156,1.02069091796875
3692.125726435703,0.9927943100065402,1.0207176208496094
3692.128041270099,1.0104062956313389,1.0207306146621704
3692.130356104486,0.9986599974073508,1.020749807357788
3692.1326709388713,0.9905044048112448,1.0207918882369995
3692.134985773255,0.9946739883415617,1.0207972526550293
3692.13730060764,1.0056553282553289,1.0207980871200562
3692.1396154420236,0.9963061710217943,1.0208131074905396
3692.141930276409,1.003086812980333,1.0208131074905396
3692.1442451107923,1.0084548136274643,1.0209503173828125
3692.1465599451776,0.9992301811041863,1.0209503173828125
3692.148874779561,1.0111687982630413,1.0209554433822632
3692.1511896139455,1.015428293533869,1.0209554433822632
3692.153504448329,1.003099343269431,1.0209554433822632
3692.155819282714,0.999631614375563,1.0209554433822632
3692.158134117099,1.010382136266487,1.0209816694259644
3692.160448951482,0.996967058915838,1.0209827423095703
3692.162763785868,1.0066354343167896,1.0209827423095703
3692.165078620251,1.001456339472696,1.0209827423095703
3692.1673934546366,1.0013524236440503,1.0209827423095703
3692.1697082890196,1.0171787056394246,1.0209816694259644
3692.172023123395,0.9939083846553084,1.0209554433822632
3692.1743379577624,1.0109642303980608,1.0209554433822632
3692.1766527921336,1.0012773815313283,1.0209554433822632
3692.1789676265043,0.9964603454184446,1.0209554433822632
3692.181282460873,0.9984629387131256,1.0209554433822632
3692.183597295244,1.0060533952781299,1.0209816694259644
3692.1859121296125,1.00577740751098,1.0209554433822632
3692.188226963983,1.0094889841052772,1.0209503173828125
3692.190541798352,1.0021534612309255,1.0209503173828125
3692.192856632723,1.0101703790440046,1.0208131074905396
3692.1951714670904,1.0031554051024525,1.0209503173828125
3692.1974863014602,1.0007693479807973,1.0209554433822632
3692.199801135829,1.006541968230097,1.0209554433822632
3692.2021159702,0.9960280907174413,1.0209554433822632
3692.20443080457,0.994768708225647,1.0209816694259644
3692.2067456389395,1.0022041854771055,1.0209816694259644
3692.2090604733103,0.9802697494283164,1.0209816694259644
3692.2113753076787,1.0056209122548754,1.0209827423095703
3692.2136901420376,0.9985492768334747,1.0209910869598389
3692.2160049763884,0.9950081112063082,1.0209910869598389
3692.218319810741,1.0004555892700437,1.0209956169128418
3692.220634645094,0.9888803062296951,1.0210363864898682
3692.2229494794465,0.983082107638533,1.0210363864898682
3692.2252643137995,1.0008282473683239,1.0210363864898682
3692.2275791481525,1.0017888928922272,1.0210363864898682
3692.229893982506,0.9993522531153847,1.0210363864898682
3692.232208816858,1.0042460505005408,1.0210437774658203
3692.2345236512115,0.9970917760573001,1.021112084388733
3692.2368384855636,1.013831420773704,1.0210437774658203
3692.239153319915,1.0314188819629526,1.021112084388733
3692.241468154268,1.0029565561940057,1.021112084388733
3692.243782988621,0.9995629958473514,1.0210437774658203
3692.2460978229733,1.009609187758373,1.0210437774658203
3692.2484126573268,0.9916218493203144,1.0210437774658203
3692.250727491679,1.0125576523244932,1.0210437774658203
3692.2530423260328,0.9953405293272635,1.0210437774658203
3692.2553571603717,0.985520603525735,1.0210437774658203
3692.257671994705,0.9952102336728804,1.0210437774658203
3692.2599868290376,1.0067324091526393,1.0210437774658203
3692.2623016633697,1.001204884545908,1.0210437774658203
3692.2646164977045,1.0030210845455343,1.0210437774658203
3692.266931332037,0.9959520489840484,1.0210363864898682
3692.2692461663714,1.0068164034543077,1.0210363864898682
3692.271561000704,0.9867633158422703,1.0210437774658203
3692.2738758350383,0.9914818632185175,1.0210437774658203
3692.2761906693718,1.0123202947390444,1.0210437774658203
3692.278505503705,1.0009727878591592,1.0210363864898682
3692.2808203380387,0.9992766022629413,1.0210437774658203
3692.2831351723703,1.0076894283990354,1.0210437774658203
3692.2854500067047,1.0096390763672638,1.0210437774658203
3692.287764841037,1.00154336319387,1.021112084388733
3692.2900796753715,1.013856646309138,1.021112084388733
3692.292394509704,1.0141132501355876,1.0211966037750244
3692.2947093440384,1.014669958902309,1.0211966037750244
3692.2970241783555,0.9947167004399851,1.0211976766586304
3692.2993390126685,0.9880806656878056,1.0211966037750244
3692.3016538469815,0.9925798319788823,1.021112084388733
3692.3039686812904,1.0002006839130304,1.021112084388733
3692.3062835156034,1.001551885547361,1.021112084388733
3692.308598349914,1.009943800075095,1.0210437774658203
3692.310913184228,1.001216559783756,1.0210437774658203
3692.3132280185387,1.000709042327013,1.0210363864898682
3692.3155428528516,0.9995897291722173,1.0210363864898682
3692.3178576871624,1.0021968286555376,1.0210363864898682
3692.3201725214744,0.9981011255711276,1.0210363864898682
3692.3224873557865,0.9922614795855821,1.0210363864898682
3692.324802190098,1.000975589936526,1.0210363864898682
3692.32711702441,0.9959904898182586,1.0210437774658203
3692.329431858721,1.0082680531867796,1.0210437774658203
3692.331746693034,0.9984424065187056,1.0210437774658203
3692.3340615273446,0.998118872061117,1.0210363864898682
3692.3363763616576,0.9970696105844292,1.0209956169128418
3692.3386911959515,0.9995523502661846,1.0209956169128418
3692.341006030241,1.0095814700491788,1.0210363864898682
3692.3433208645274,0.9955756686175211,1.0210437774658203
3692.3456356988167,1.0075883208392722,1.0210437774658203
3692.347950533102,0.9984561832993661,1.0210437774658203
3692.350265367391,0.9886639856665689,1.021112084388733
3692.3525802016798,1.0054334221896768,1.0210437774658203
3692.3548950359673,0.9995671111404788,1.021112084388733
3692.357209870256,1.0090517901086764,1.021112084388733
3692.359524704543,1.0114973553269204,1.021112084388733
3692.3618395388326,0.9832372311503929,1.021112084388733
3692.364154373119,0.9816962028478904,1.021112084388733
3692.3664692074085,0.9853538101749663,1.021112084388733
3692.3687840416947,0.9883067472873523,1.021112084388733
3692.371098875982,0.9930473939752098,1.021112084388733
3692.3734137102715,1.0152383411596306,1.0211966037750244
3692.375728544559,0.994970131654656,1.0211976766586304
3692.3780433788475,0.9990077543414542,1.0211976766586304
3692.3803582131172,0.9939333117218994,1.0212007761001587
3692.3826730473793,0.9994481987371724,1.021205186843872
3692.3849878816413,1.0032460202486666,1.021205186843872
3692.387302715904,0.9876123758573122,1.0212007761001587
3692.3896175501654,1.0014476280484268,1.0211976766586304
3692.3919323844266,1.0122562979099985,1.0212007761001587
3692.3942472186877,1.0086489705832742,1.0212007761001587
3692.396562052951,1.0089770722898177,1.021205186843872
3692.3988768872127,1.003624541694427,1.0213170051574707
3692.4011917214752,1.0115586430381638,1.021205186843872
3692.4035065557373,1.0007187307753818,1.021205186843872
3692.4058213899993,0.9936309940392846,1.0213170051574707
3692.4081362242614,1.0013124395172353,1.021205186843872
3692.4104510585234,0.9973026175477762,1.0212007761001587
3692.4127658927846,1.0065051427936393,1.0212007761001587
3692.4150807270457,0.9895035903424673,1.0212007761001587
3692.4173955613087,1.0061441999389946,1.0212007761001587
3692.41971039557,1.0157560439142246,1.0211976766586304
3692.422025229813,1.0026425280671571,1.0211966037750244
3692.4243400640466,0.9855708652087722,1.0211966037750244
3692.426654898281,0.9763105185854811,1.0211966037750244
3692.428969732515,0.9982005314239861,1.0211966037750244
3692.4312845667487,1.0099055404487616,1.0211966037750244
3692.4335994009825,1.0156224993220628,1.0211976766586304
3692.4359142352146,1.0030179443541631,1.0211976766586304
3692.43822906945,1.0105577383685924,1.0211966037750244
3692.4405439036823,1.0002625365277729,1.0211976766586304
3692.4428587379175,0.9881223400492481,1.0211966037750244
3692.445173572151,1.002529504562903,1.021112084388733
3692.447488406385,0.9850953913633128,1.0210437774658203
3692.4498032406204,1.0078004050803033,1.021112084388733
3692.4521180748534,0.9904866659443586,1.0210437774658203
3692.454432909088,1.0076012803532834,1.0210437774658203
3692.45674774332,1.002197062161985,1.0210363864898682
3692.4590625775554,1.000161002695365,1.0210363864898682
3692.4613774117884,0.9925655587955637,1.0210437774658203
3692.463692246001,1.0065934738222486,1.0210437774658203
3692.4660070802042,1.003142273514396,1.0210437774658203
3692.468321914408,1.012359613005095,1.0210363864898682
3692.4706367486124,1.0146273108673667,1.0210363864898682
3692.4729515828158,0.9996799666352666,1.0209956169128418
3692.4752664170205,0.980133674361279,1.0209910869598389
3692.477581251223,1.0052043890885067,1.0209910869598389
3692.4798960854273,1.0017601329364483,1.0209910869598389
3692.48221091963,0.992473925300165,1.0209827423095703
3692.4845257538345,1.0034449848586464,1.0209827423095703
3692.4868405880375,0.9987486886450821,1.0209816694259644
3692.489155422242,1.0052464705068471,1.0209816694259644
3692.4914702564447,1.0041172895687664,1.0209816694259644
3692.4937850906495,0.9897249321773366,1.0209816694259644
3692.4960999248524,0.9981821249486975,1.0209554433822632
3692.4984147590562,0.9973952495180021,1.0209503173828125
3692.50072959326,0.9930244576589099,1.0209503173828125
3692.5030444274626,0.9966748380942262,1.0209554433822632
3692.5053592616446,0.9912081355425573,1.0209554433822632
3692.5076740958148,0.9918707218012525,1.0209503173828125
3692.5099889299877,0.9934463226172862,1.0209503173828125
3692.512303764158,0.9986185735645192,1.020862102508545
3692.514618598331,1.0184286723873057,1.020862102508545
3692.516933432501,0.9950926061410914,1.0208131074905396
3692.5192482666735,0.9824709241322258,1.0208131074905396
3692.5215631008464,1.0143204515017281,1.0207972526550293
3692.5238779350157,0.9948911627789655,1.0208131074905396
3692.5261927691868,1.0189453125912349,1.0207972526550293
3692.528507603359,1.00082949677935,1.0207918882369995
3692.5308224375303,1.0067539555729534,1.020787000656128
3692.5331372717014,0.9996122704717103,1.020749807357788
3692.5354521058734,0.9942416325748861,1.020749807357788
3692.5377669400436,0.9969684604501926,1.0207469463348389
3692.5400817742166,1.0046303017024567,1.0207306146621704
3692.5423966083868,1.0159379175348278,1.0206890106201172
3692.5447114425583,1.0171465758997225,1.0206700563430786
3692.5470262767053,0.9852669954138057,1.0206700563430786
3692.5493411108428,1.0014337769874122,1.0206700563430786
3692.5516559449798,0.9985854942086552,1.0206700563430786
3692.553970779117,1.0005057135115438,1.0206890106201172
3692.556285613254,0.9983015967933325,1.0206890106201172
3692.5586004473917,0.9908465322533833,1.0206700563430786
3692.5609152815287,0.989794324948105,1.0206700563430786
3692.563230115666,0.9913941846070796,1.0206700563430786
3692.565544949802,1.0092041027030563,1.0206890106201172
3692.5678597839387,0.9987221682379213,1.0206890106201172
3692.570174618077,1.0059938146449028,1.0206890106201172
3692.5724894522145,0.9964386829667504,1.0206700563430786
3692.574804286352,0.9943082230427209,1.0206700563430786
3692.577119120489,1.007265474507653,1.0206700563430786
3692.5794339546264,0.9949236165704722,1.0206700563430786
3692.5817487887643,1.012863581772532,1.0206700563430786
3692.584063622901,0.9981271879402817,1.020668864250183
3692.5863784570392,0.9901026525255633,1.020668864250183
3692.5886932911485,0.9912835796211656,1.0206700563430786
3692.5910081252496,1.0108298408629488,1.020668864250183
3692.5933229593506,0.9974305041899717,1.020668864250183
3692.5956377934517,0.9875246687753017,1.0206624269485474
3692.5979526275537,0.9946411658950539,1.0206624269485474
3692.600267461654,0.9957387281100867,1.0206416845321655
3692.602582295756,1.004760117746777,1.0206416845321655
3692.6048971298565,1.0055269035499794,1.0206624269485474
3692.607211963958,0.9938101623499449,1.0206624269485474
3692.609526798057,0.9964896961984187,1.0206624269485474
3692.6118416321583,0.9986791540278794,1.0206624269485474
3692.6141564662594,0.9857063886361229,1.0206624269485474
3692.6164713003604,1.0031581638594165,1.0206624269485474
3692.6187861344615,0.9922002954686591,1.020668864250183
3692.6211009685626,1.0129134532920516,1.0206700563430786
3692.6234158026646,0.9976862146934885,1.0206890106201172
3692.6257306367647,0.9984683227778213,1.0207306146621704
3692.6280454708667,0.9888689168093138,1.0207306146621704
3692.6303603049396,0.9894057921574155,1.0207306146621704
3692.632675139003,1.0015915895679643,1.0207306146621704
3692.6349899730644,0.997230605361264,1.0206890106201172
3692.6373048071287,1.0168879914870368,1.0206700563430786
3692.6396196411906,1.0015184552284626,1.020668864250183
3692.6419344752535,1.0035814057952108,1.0206700563430786
3692.644249309317,0.9992096620478944,1.0206890106201172
3692.6465641433797,0.9989000234875002,1.0206700563430786
3692.6488789774444,0.9968601929154095,1.020668864250183
3692.6511938115063,1.0040553907369325,1.0206624269485474
3692.6535086455688,0.9927677278616566,1.0206416845321655
3692.6558234796307,1.004348403477181,1.0206416845321655
3692.6581383136945,1.0022913039420869,1.0206624269485474
3692.6604531477565,0.9912683871300806,1.0206416845321655
3692.6627679818207,1.0001069894352606,1.020621418952942
3692.665082815882,0.9964220443555306,1.020621418952942
3692.6673976499465,0.9957112804921135,1.0206416845321655
3692.6697124840084,1.001223487264578,1.020621418952942
3692.672027318044,0.9978505168372288,1.020621418952942
3692.6743421520678,1.0027998906300022,1.0206416845321655
3692.676656986089,0.9868298153078986,1.0206416845321655
3692.678971820112,1.009806936629667,1.020621418952942
3692.681286654134,0.9950356018964785,1.0206416845321655
3692.6836014881583,0.99940923382252,1.0206416845321655
3692.68591632218,1.0003423360352302,1.0206416845321655
3692.688231156204,1.004984721020659,1.0206416845321655
3692.690545990226,0.99476578722782,1.0206624269485474
3692.69286082425,1.000326444822007,1.0206624269485474
3692.6951756582744,0.9925450750882593,1.020668864250183
3692.6974904922954,1.0048972563101084,1.0206624269485474
3692.699805326318,1.0054949014457826,1.0206624269485474
3692.702120160341,0.9956205281552409,1.0206416845321655
3692.704434994364,1.0070508842629724,1.0206416845321655
3692.7067498283873,1.0070645228994326,1.0206624269485474
3692.7090646624106,1.0032498487199801,1.0206624269485474
3692.7113794964334,1.012541709048748,1.020668864250183
3692.7136943304267,1.0041219644573418,1.0206624269485474
3692.7160091644078,0.9979213946849512,1.020668864250183
3692.71832399839,0.9964332837300718,1.0206624269485474
3692.7206388323702,1.0049507488784373,1.0206624269485474
3692.722953666351,0.9884008723726886,1.0206624269485474
3692.7252685003327,1.0026338033416715,1.0206416845321655
3692.727583334313,0.9984380243256132,1.020621418952942
3692.7298981682948,1.0026716990634803,1.020621418952942
3692.7322130022753,0.9920038245219085,1.020621418952942
3692.7345278362577,1.0106850442435187,1.020621418952942
3692.736842670238,0.9956374940971849,1.020621418952942
3692.73915750422,1.0045934208738958,1.020621418952942
3692.7414723381994,0.9969900345264181,1.0206174850463867
3692.7437871721804,1.0063910081807521,1.0206174850463867
3692.746102006163,0.9946967785642535,1.0205984115600586
3692.748416840143,0.9920458037611403,1.0205975770950317
3692.7507316741253,0.9939695561224674,1.0205975770950317
3692.753046508106,1.001219894939994,1.0205975770950317
3692.7553613420564,1.0005041235696106,1.0205975770950317
3692.7576761759938,0.9931958502547424,1.0205975770950317
3692.759991009932,0.9889185089389075,1.0205975770950317
3692.762305843868,1.0004371952087703,1.0205975770950317
3692.7646206778054,0.996392879669213,1.0205984115600586
3692.766935511743,1.0010476090359053,1.0205984115600586
3692.7692503456806,0.9925375461680126,1.0205975770950317
3692.7715651796198,0.9898111206902895,1.0205975770950317
3692.773880013556,0.9939780827722778,1.0205975770950317
3692.776194847495,0.9967250656522835,1.0205975770950317
3692.7785096814314,0.9943098827460904,1.0205906629562378
3692.78082451537,0.9864534810377936,1.0205793380737305
3692.783139349308,0.9977181132166275,1.020538568496704
3692.785454183245,1.0056239516705523,1.0205793380737305
3692.7877690171813,1.0013159162677316,1.0205906629562378
3692.79008385112,0.984366106454192,1.0205906629562378
3692.792398685057,0.9910344763141787,1.0205793380737305
3692.794713518995,0.9861168769911755,1.020538568496704
3692.7970283529016,1.0034773777705044,1.0205222368240356
3692.799343186793,0.9796503824715584,1.020538568496704
3692.801658020686,1.01448866520161,1.0205222368240356
3692.803972854578,1.0045666500910375,1.0205222368240356
3692.8062876884696,0.9913321958176382,1.0205222368240356
3692.8086025223606,0.9971245546978826,1.0205222368240356
3692.8109173562543,1.0015688774705644,1.020538568496704
3692.8132321901453,0.9944753743271189,1.0205222368240356
3692.815547024039,1.0005121082529562,1.0205137729644775
3692.8178618579304,0.99409510214714,1.0205137729644775
3692.8201766918237,1.0054837414570972,1.0205222368240356
3692.8224915257174,1.00757859471608,1.0205137729644775
3692.8248063596084,0.9914531272377338,1.0204980373382568
3692.827121193502,1.0103125286926389,1.0204980373382568
3692.8294360273912,1.0079675354820743,1.0204598903656006
3692.831750861285,0.9939148888150072,1.0204598903656006
3692.8340656951764,1.001888655983988,1.0203750133514404
3692.8363805290696,1.01841635170895,1.0203540325164795
3692.8386953629274,1.003350020737556,1.0203540325164795
3692.841010196774,1.0027384866201579,1.0203250646591187
3692.8433250306184,0.9996725218620572,1.0203540325164795
3692.845639864465,1.0056493782482816,1.0203750133514404
3692.8479546983112,0.9938558418571504,1.0203540325164795
3692.8502695321545,1.0110017318395481,1.0203250646591187
3692.8525843660013,1.0018661028010938,1.0203139781951904
3692.8548991998455,1.003494795078031,1.0203139781951904
3692.857214033692,0.9955593800166843,1.0203051567077637
3692.859528867536,0.9908043881880204,1.0202443599700928
3692.861843701383,0.9836974664430569,1.0202363729476929
3692.864158535227,1.0040647138528382,1.0201983451843262
3692.8664733690734,0.994820007228386,1.0201843976974487
3692.8687882029176,0.9881376654799463,1.0201643705368042
3692.8711030367645,1.0061163319631372,1.0200650691986084
3692.8734178706086,1.007075036477242,1.0200387239456177
3692.875732704453,0.9997752639596668,1.0200387239456177
3692.8780475382996,1.0113757573738957,1.0200387239456177
3692.880362372109,1.003237053451585,1.0200198888778687
3692.8826772059074,0.9888528631935288,1.0200198888778687
3692.884992039703,1.0025967590474303,1.020006537437439
3692.8873068735006,1.0065899670226983,1.019940972328186
3692.8896217072966,1.0061933682523605,1.0199073553085327
3692.8919365410943,0.9975503170923884,1.019882321357727
3692.894251374889,0.9916829800494381,1.0198769569396973
3692.896566208686,0.9912765675925749,1.0198769569396973
3692.8988810424835,1.0010842340954453,1.0198769569396973
3692.9011958762794,0.9958030287250458,1.0198613405227661
3692.903510710077,0.9928470658206242,1.0198129415512085
3692.905825543873,1.0120414115519325,1.0198129415512085
3692.908140377671,1.0030373552378888,1.0198129415512085
3692.910455211467,1.000491302496338,1.0198129415512085
3692.9127700452646,1.0087703866280622,1.0198129415512085
3692.91508487906,0.9872402791832572,1.0198129415512085
3692.9173997128555,1.0118984913934685,1.0198094844818115
3692.919714546653,0.9978461088868757,1.019805669784546
3692.9220293804146,1.0068816579295194,1.0197041034698486
3692.924344214161,1.0117602524603404,1.0197041034698486
3692.926659047908,1.016228411116631,1.019805669784546
3692.928973881654,0.9989123001841083,1.019805669784546
3692.931288715401,1.0077741314740691,1.0198094844818115
3692.933603549147,1.0002506200625567,1.0198094844818115
3692.9359183828938,1.0038375171688243,1.019805669784546
3692.938233216639,0.9975757251255509,1.0197041034698486
3692.940548050385,0.9934538616195797,1.0197041034698486
3692.9428628841324,0.9933463083146421,1.0197041034698486
3692.9451777178783,0.9962597387416348,1.019805669784546
3692.947492551625,1.0033546109621603,1.0197041034698486
3692.949807385372,0.9966389478258318,1.0197006464004517
3692.952122219119,1.0015053397121265,1.0196627378463745
3692.954437052865,1.002569133291064,1.0196064710617065
3692.956751886612,0.9991361005785168,1.0196064710617065
3692.959066720357,1.005737816755814,1.0196064710617065
3692.9613815541024,0.9972083737330147,1.0196064710617065
3692.9636963878133,1.0017708242844476,1.0196064710617065
3692.966011221507,0.9998077773697139,1.0195473432540894
3692.968326055203,1.0029698551343509,1.0195099115371704
3692.9706408888965,1.0045001275694845,1.0195019245147705
3692.972955722592,1.009792448775181,1.0195019245147705
3692.975270556288,0.9728847026765738,1.0195019245147705
3692.9775853899814,1.0040638338200072,1.0195099115371704
3692.9799002236764,0.9915745675792036,1.0195019245147705
3692.982215057369,1.0077624489049481,1.0195014476776123
3692.984529891065,0.9853461063459943,1.0195014476776123
3692.9868447247595,0.9996165897936413,1.0195014476776123
3692.989159558454,0.9960905028592744,1.0194772481918335
3692.991474392149,1.000963868664563,1.0194772481918335
3692.9937892258436,1.0038272954418106,1.0194768905639648
3692.9961040595385,0.996075300351076,1.0194768905639648
3692.998418893233,1.0057829166409902,1.0194674730300903
3693.000733726929,1.0063375293925465,1.0194674730300903
3693.0030485606217,1.0007620517187208,1.0194674730300903
3693.0053633942794,1.0013199385915175,1.0194674730300903
3693.0076782279193,0.9961605081810351,1.0194674730300903
3693.009993061562,0.9967033107095453,1.0194674730300903
3693.012307895202,1.0157499678138953,1.019457221031189
3693.0146227288446,0.9859483301458933,1.0194534063339233
3693.016937562485,0.9964103388042399,1.0194518566131592
3693.0192523961264,1.0009210369828625,1.0193861722946167
3693.021567229769,0.9934761348060435,1.019384741783142
3693.023882063409,0.9976736650061236,1.019384741783142
3693.026196897051,0.9967487588870609,1.0193819999694824
3693.0285117306908,0.9853807584342588,1.0193819999694824
3693.0308265643334,0.9798866146910912,1.0193819999694824
3693.0331413979734,0.9897852885140277,1.0193819999694824
3693.035456231616,1.0128732869647707,1.0193819999694824
3693.037771065256,1.0075319819207174,1.0193589925765991
3693.0400858988987,0.9976359321473349,1.0193513631820679
3693.042400732539,1.0005213492396698,1.0193455219268799
3693.0447155661814,0.9988472299603729,1.0193238258361816
3693.0470303997827,0.9899143080484849,1.0193142890930176
3693.049345233368,1.0118242887650253,1.0193133354187012
3693.0516600669553,1.0004233952297392,1.0192312002182007
3693.053974900542,1.0009536964803056,1.019226312637329
3693.0562897341288,0.9904058988796901,1.0191702842712402
3693.058604567714,0.989069527903823,1.0191681385040283
3693.060919401302,0.9939672973618505,1.0191681385040283
3693.063234234887,1.0033839793707209,1.0191681385040283
3693.065549068475,0.997202959648368,1.019167184829712
3693.0678639020603,1.0036210244003891,1.019115686416626
3693.070178735647,1.0000535737555039,1.019115686416626
3693.0724935692333,1.0027206948621223,1.0191105604171753
3693.07480840282,0.9985256615485537,1.0191105604171753
3693.077123236406,0.9866187760113296,1.0191105604171753
3693.0794380699926,0.9981949568279902,1.019099473953247
3693.081752903579,1.0135239875491442,1.0190975666046143
3693.0840677371657,0.9877072949334469,1.0190975666046143
3693.0863825707524,1.0016678344705285,1.0190975666046143
3693.0886974042987,1.0150075858511303,1.0190975666046143
3693.0910122378277,1.000891937006437,1.0190975666046143
3693.093327071357,1.0087946578863578,1.019099473953247
3693.0956419048885,0.9996269663226273,1.019099473953247
3693.0979567384184,1.0088592447369868,1.0190975666046143
3693.1002715719487,0.9956194389007302,1.0190272331237793
3693.1025864054786,0.9932289997215794,1.0190272331237793
3693.104901239009,0.9851161996298644,1.0190272331237793
3693.107216072539,1.0035144886379257,1.0190061330795288
3693.1095309060693,0.9961039820995163,1.018965482711792
3693.111845739599,1.0041229030122778,1.0189554691314697
3693.1141605731277,1.0000989837666623,1.018864631652832
3693.116475406659,0.9947521050608629,1.0188418626785278
3693.1187902401884,0.9874294827280583,1.0188418626785278
3693.1211050737193,0.9948901706104076,1.0188418626785278
3693.1234199072505,1.0111717260475286,1.0188418626785278
3693.1257347407795,1.0107178592923527,1.018864631652832
3693.128049574311,1.0019577384015055,1.0189554691314697
3693.130364407799,1.0082960330675983,1.018864631652832
3693.132679241272,1.0053173957327215,1.0188418626785278
3693.1349940747427,1.002987364077099,1.0188418626785278
3693.1373089082153,1.0066299233308715,1.018864631652832
3693.139623741688,1.0020520996258742,1.018864631652832
3693.14193857516,0.9850401129959367,1.018864631652832
3693.1442534086327,1.003997844353526,1.018864631652832
3693.146568242105,0.9895895051934886,1.018864631652832
3693.1488830755784,1.0131809308075137,1.0188418626785278
3693.1511979090496,1.0071120138673975,1.0188418626785278
3693.153512742523,1.0017868958242777,1.0188418626785278
3693.1558275759935,0.995263086274101,1.018821358680725
3693.158142409467,1.0023841443344013,1.0187677145004272
3693.1604572429383,1.0061189722541766,1.0187677145004272
3693.1627720764113,0.9948195907743502,1.0187677145004272
3693.1650869098835,0.9986624082782547,1.0187573432922363
3693.167401743356,0.9935428268518984,1.0187256336212158
3693.1697165768287,0.9937852497128067,1.0187193155288696
3693.1720314102586,0.998359476890905,1.0186964273452759
3693.174346243673,1.0007468306214597,1.0186964273452759
3693.176661077085,0.9877064331195954,1.0186673402786255
3693.1789759104986,0.9977297186718965,1.0186142921447754
3693.1812907439107,0.9950238485452364,1.0186142921447754
3693.183605577325,1.0112123739987426,1.0186142921447754
3693.1859204107373,0.9942812878448489,1.0186142921447754
3693.1882352441517,0.996600525592497,1.0185554027557373
3693.190550077564,0.9934037078277951,1.0185472965240479
3693.192864910978,0.9904872244239773,1.0185472965240479
3693.1951797443903,1.0121910855488534,1.0185472965240479
3693.1974945778047,1.0073017091746266,1.0185110569000244
3693.1998094112173,0.9990706617754292,1.0184900760650635
3693.2021242446303,0.9930048943032296,1.0184528827667236
3693.2044390780443,1.0159462266644226,1.0184900760650635
3693.2067539114564,1.0064606563375131,1.0184900760650635
3693.209068744871,0.99390499260626,1.0184900760650635
3693.211383578283,1.0069871252712814,1.0184900760650635
3693.213698411654,1.0078342327798693,1.0184528827667236
3693.216013245006,0.9908041884292174,1.0184462070465088
3693.2183280783597,1.0090359210548185,1.0184462070465088
3693.2206429117114,1.015001148262051,1.0184462070465088
3693.2229577450644,0.9945012176727948,1.0184462070465088
3693.225272578416,0.9897239325201157,1.0184462070465088
3693.22758741177,0.9954161987586596,1.0184462070465088
3693.2299022451225,0.9993417067516611,1.0184413194656372
3693.2322170784755,1.007370314835559,1.0184276103973389
3693.2345319118285,1.0138611988393533,1.0183428525924683
3693.23684674518,0.9987206289883768,1.0183428525924683
3693.239161578534,1.0068774993857077,1.0183273553848267
3693.2414764118857,1.0056022891008287,1.0182909965515137
3693.2437912452388,0.9918630716488934,1.0182909965515137
3693.2461060785904,0.995637815650734,1.0182098150253296
3693.2484209119443,0.9934670895180143,1.0181740522384644
3693.250735745296,0.9973396754010596,1.0181740522384644
3693.2530505786494,0.996017727039144,1.0181487798690796
3693.2553654119592,0.9927408872956571,1.0181487798690796
3693.257680245249,0.995591071662531,1.0181487798690796
3693.2599950785416,1.0115840915618362,1.0181487798690796
3693.2623099118314,0.9991953963369692,1.0181487798690796
3693.2646247451235,1.0108525630495087,1.0181034803390503
3693.2669395784123,0.9969522547624167,1.0180964469909668
3693.269254411703,0.9913130654586687,1.0180964469909668
3693.271569244994,1.0072017487284763,1.0180649757385254
3693.2738840782854,0.9951484776144289,1.0180964469909668
3693.276198911575,1.008511942725407,1.0181034803390503
3693.2785137448673,1.0026427296481715,1.0180964469909668
3693.280828578159,1.009000034190388,1.0180964469909668
3693.283143411449,1.0097891061930033,1.0180964469909668
3693.285458244741,0.9929351341452162,1.0180649757385254
3693.28777307803,1.005117803988318,1.018046259880066
3693.290087911321,0.9899776649118506,1.0180385112762451
3693.292402744612,1.0085789390973898,1.0180037021636963
3693.2947175779027,1.0014215495100467,1.0178768634796143
3693.297032411149,1.0071024617120115,1.017862319946289
3693.2993472443763,1.0004720998476537,1.017862319946289
3693.3016620776043,0.9953625061603701,1.017862319946289
3693.3039769108323,0.9930651331483192,1.017862319946289
3693.306291744061,0.9959218278306528,1.0178546905517578
3693.308606577288,0.991454145661695,1.0178158283233643
3693.3109214105148,1.0081914727023333,1.0177828073501587
3693.3132362437427,1.0008690782768965,1.0177828073501587
3693.31555107697,1.0072770345952256,1.0177708864212036
3693.3178659101986,0.9941013423472898,1.0176525115966797
3693.320180743426,1.0031539163666283,1.0176525115966797
3693.322495576654,1.0016796008505542,1.0176362991333008
3693.3248104098825,0.9920060230406843,1.0176362991333008
3693.3271252431095,1.0074555511248167,1.0176091194152832
3693.329440076339,1.0025550128435932,1.0176362991333008
3693.3317549095655,1.008194979478286,1.0176091194152832
3693.334069742792,0.9893099071437734,1.0176080465316772
3693.336384576021,1.001373894941787,1.0176080465316772
3693.3386994092016,0.9988764472726229,1.0176080465316772
3693.3410142423663,1.0042177450105814,1.0176080465316772
3693.343329075529,1.005186533265309,1.0175877809524536
3693.345643908693,0.9982676020615864,1.0175877809524536
3693.347958741856,1.0078571523129853,1.017560601234436
3693.35027357502,1.0093629295003743,1.017545461654663
3693.3525884081814,0.9899559707527615,1.017560601234436
3693.3549032413453,1.0084560334876733,1.017560601234436
3693.3572180745095,0.9999096744413816,1.017545461654663
3693.359532907672,1.0019000034443273,1.0175435543060303
3693.3618477408363,0.9955452233293357,1.0174641609191895
3693.364162573999,1.0158824495587628,1.0175435543060303
3693.3664774071635,1.002925446853777,1.017545461654663
3693.3687922403255,1.0249768126845658,1.017560601234436
3693.3711070734903,1.0095794998796295,1.0175877809524536
3693.3734219066523,1.0099090397363213,1.0175877809524536
3693.375736739816,1.0039542439825002,1.0175877809524536
3693.3780515729786,1.0070180391734207,1.0175877809524536
3693.380366406096,1.0085720193365975,1.0175877809524536
3693.3826812391944,1.0063267435124403,1.0175877809524536
3693.384996072291,1.0068976101038583,1.0175877809524536
3693.3873109053898,0.9987638117849552,1.017560601234436
3693.3896257384863,1.0002622963878893,1.0175877809524536
3693.3919405715865,1.0128253355790597,1.017560601234436
3693.394255404683,1.0023542050589342,1.017545461654663
3693.39657023778,1.012136545064956,1.017545461654663
3693.398885070877,1.017552948332512,1.0175435543060303
3693.401199903976,0.9980651680095906,1.0174641609191895
3693.4035147370723,0.9849741795885887,1.0174641609191895
3693.405829570171,1.0060576315061514,1.0174535512924194
3693.4081444032704,1.003236899648378,1.0174535512924194
3693.410459236367,0.9925615877080366,1.01740562915802
3693.4127740694657,0.9833998963035435,1.0173946619033813
3693.4150889025623,0.9999587557596937,1.0173946619033813
3693.4174037356615,1.0125116512049588,1.0173946619033813
3693.419718568757,1.0024350762528509,1.0173839330673218
3693.4220334018073,0.9950770027541366,1.0173839330673218
3693.4243482348375,0.9966232093864444,1.0173839330673218
3693.4266630678694,0.9997955342093531,1.0173839330673218
3693.428977900899,1.0023769336899242,1.0173946619033813
3693.4312927339315,0.9974709515041125,1.0173839330673218
3693.4336075669635,1.0148006139552128,1.0173527002334595
3693.435922399993,0.9869510496213283,1.0173527002334595
3693.4382372330256,0.9996984993752621,1.0173295736312866
3693.4405520660544,1.004099882637842,1.01726233959198
3693.442866899085,0.9964665963157775,1.01726233959198
3693.445181732116,0.9840225747839523,1.01726233959198
3693.447496565147,0.992481187147671,1.017259955406189
3693.449811398178,1.0092789563825417,1.017259955406189
3693.452126231209,0.9952699901305296,1.017258882522583
3693.4544410642393,0.9894352605167515,1.017258882522583
3693.4567558972713,1.0015561232083021,1.017258882522583
3693.4590707303028,1.0067750609226969,1.017255187034607
3693.4613855633343,1.012940748392631,1.017255187034607
3693.4637003963153,0.9998648831555701,1.017255187034607
3693.4660152292777,0.9972450460575002,1.017255187034607
3693.4683300622414,0.9884681933424778,1.017255187034607
3693.4706448952033,0.9928705200804251,1.017232060432434
3693.4729597281676,0.9987321700425071,1.0171759128570557
3693.4752745611295,0.990948526579144,1.0171440839767456
3693.4775893940937,1.0181794784435794,1.0171440839767456
3693.479904227055,0.99806160847937,1.0171332359313965
3693.4822190600194,0.9987113722250845,1.0171332359313965
3693.4845338929813,0.9967262174045736,1.0171332359313965
3693.486848725943,1.002000625385885,1.0171332359313965
3693.489163558907,0.9961382770825163,1.0171177387237549
3693.4914783918694,0.9950311771802871,1.0171177387237549
3693.493793224833,0.987368193308355,1.0171165466308594
3693.496108057795,1.0021598201259418,1.0171165466308594
3693.498422890759,0.9954311857961002,1.0171165466308594
3693.500737723721,1.0066492877797406,1.0171165466308594
3693.503052556685,1.01014310256602,1.0171177387237549
3693.5053673895977,1.0059021175332201,1.0171165466308594
3693.5076822224905,1.002743843551575,1.0171165466308594
3693.509997055385,0.9987008027948738,1.0171165466308594
3693.512311888278,0.9940458442566693,1.0171165466308594
3693.5146267211726,1.0051291625879961,1.0171165466308594
3693.5169415540654,0.9965876227542763,1.0170795917510986
3693.5192563869605,1.0051592368483295,1.0170795917510986
3693.5215712198533,0.9953659036271101,1.0171165466308594
3693.523886052748,1.0090500548413586,1.0170795917510986
3693.526200885642,0.9976776518943886,1.0170795917510986
3693.5285157185344,0.9984261121911957,1.0170625448226929
3693.5308305514277,1.000985613835585,1.0170625448226929
3693.533145384322,0.9938763949530102,1.0170625448226929
3693.535460217215,1.0069076545293645,1.0170400142669678
3693.5377750501098,0.9947029556342499,1.0170625448226929
3693.5400898830035,0.9876707433267707,1.0170625448226929
3693.542404715897,0.9981360189288491,1.0170625448226929
3693.5447195487914,0.9815457917963324,1.0170400142669678
3693.547034381635,1.0058279256342577,1.0170351266860962
3693.5493492144574,1.0047797879635,1.0170400142669678
3693.5516640472797,1.0088959216086175,1.0170400142669678
3693.5539788801043,1.0047366539491651,1.0170400142669678
3693.5562937129266,0.9903484834863329,1.0170351266860962
3693.558608545751,0.9970973199556558,1.0170252323150635
3693.5609233785735,1.0074767546983776,1.0170351266860962
3693.563238211398,1.004917535690345,1.0170351266860962
3693.5655530442227,1.006994307806509,1.0170351266860962
3693.567867877045,0.9965075345990961,1.0170351266860962
3693.5701827098696,1.0057226072171288,1.0170252323150635
3693.5724975426906,0.9884620424816262,1.0170228481292725
3693.574812375515,0.9972231986805447,1.0170220136642456
3693.5771272083375,1.0024133185081099,1.0170228481292725
3693.579442041162,0.9961578431503553,1.0170228481292725
3693.5817568739844,1.0095755387200218,1.0170252323150635
3693.584071706809,0.9924897490519148,1.0170228481292725
3693.5863865396313,0.9997632277727727,1.0170228481292725
3693.588701372405,1.012704236558429,1.0170228481292725
3693.591016205158,0.9894473431460183,1.0170228481292725
3693.5933310379082,0.993683919835422,1.0170220136642456
3693.5956458706614,0.9906309992139557,1.0170133113861084
3693.5979607034124,0.9921259602551818,1.0170133113861084
3693.6002755361656,0.9989778933091747,1.0170220136642456
3693.6025903689165,0.9926568901536548,1.0170220136642456
3693.6049052016697,1.0218995735634917,1.0170220136642456
3693.6072200344206,1.0107692771138708,1.0170220136642456
3693.609534867174,1.0085837035637415,1.0170220136642456
3693.611849699925,1.0006125659715734,1.0170133113861084
3693.6141645326775,1.0085801597944428,1.0169696807861328
3693.6164793654293,0.9882173870232659,1.0169696807861328
3693.6187941981807,1.0208228616709023,1.0169696807861328
3693.621109030934,1.0055500164921607,1.0170133113861084
3693.623423863685,1.0066852444743057,1.0170133113861084
3693.625738696438,1.0080545509572603,1.0170133113861084
3693.628053529189,1.004948094938905,1.0169696807861328
3693.6303683618903,1.0003857548052906,1.0170133113861084
3693.632683194569,1.0044902365954282,1.0170220136642456
3693.63499802725,0.996548866135554,1.0170220136642456
3693.637312859927,0.9991126818972806,1.0170133113861084
3693.639627692607,0.9947879253917495,1.0169696807861328
3693.6419425252875,1.0038604096139239,1.0169696807861328
3693.644257357966,1.007667015201103,1.0169696807861328
3693.6465721906466,0.9928459764962505,1.0169415473937988
3693.6488870233256,0.9970329599222763,1.0169415473937988
3693.6512018560065,0.9945382127003523,1.0169415473937988
3693.6535166886847,0.9945046868237678,1.0169415473937988
3693.6558315213656,0.9903206339813596,1.0169415473937988
3693.658146354044,1.0097655265483292,1.0169169902801514
3693.6604611867224,0.9859988749483257,1.0167820453643799
3693.6627760194024,0.9963757062935128,1.0167820453643799
3693.6650908520833,1.0048367324351601,1.0167732238769531
3693.667405684763,1.0066144523250826,1.0167601108551025
3693.6697205174423,0.9992355674071267,1.0167601108551025
3693.6720353500696,0.9998954161067168,1.0167405605316162
3693.674350182676,1.006813672274241,1.0167218446731567
3693.6766650152817,1.0096542671760076,1.016634225845337
3693.678979847888,0.9927915164679404,1.016634225845337
3693.681294680493,1.009724270667974,1.016634225845337
3693.6836095130984,1.0020649836713633,1.0167218446731567
3693.685924345705,1.005064908280465,1.0167218446731567
3693.6882391783106,0.9968922905400541,1.016634225845337
3693.690554010918,1.0064589654070182,1.016634225845337
3693.6928688435237,1.0070212212595797,1.016634225845337
3693.69518367613,1.013647049828934,1.0166164636611938
3693.697498508736,0.9855399808419257,1.0166164636611938
3693.699813341342,1.0099361647761886,1.0165854692459106
3693.702128173948,0.9906834020739331,1.016553521156311
3693.704443006552,1.0054064107415694,1.016553521156311
3693.7067578391593,1.0106783149841998,1.016553521156311
3693.7090726717647,0.9991671620266225,1.016553521156311
3693.7113875043715,1.012033934101666,1.016553521156311
3693.7137023369237,1.001889719604029,1.016520380973816
3693.716017169456,1.0172565619792027,1.016520380973816
3693.7183320019867,0.994595229151565,1.0164870023727417
3693.7206468345194,1.0013072729385823,1.0164870023727417
3693.722961667051,0.9995756927039434,1.016478419303894
3693.7252764995806,1.0040532018958022,1.016478419303894
3693.727591332113,1.0030773420255736,1.016478419303894
3693.7299061646436,0.9926470001843616,1.0164647102355957
3693.7322209971762,1.0107995755462473,1.0164647102355957
3693.734535829708,1.0007712119344578,1.016478419303894
3693.7368506622392,0.9906226588312229,1.0164647102355957
3693.739165494771,1.0072629300537932,1.0164647102355957
3693.7414803273027,0.9947444059406637,1.0164647102355957
3693.7437951598345,1.0047199651535335,1.0164434909820557
3693.746109992365,0.9862072734881461,1.0163888931274414
3693.7484248248975,0.9966916263631252,1.0164434909820557
3693.750739657428,0.9963422469074816,1.0164434909820557
3693.7530544899605,1.006059546268794,1.0164434909820557
3693.755369322437,1.0083039255517887,1.0163888931274414
3693.7576841548944,0.9925828820908252,1.0163888931274414
3693.7599989873493,1.0105431906424946,1.0164434909820557
3693.7623138198055,1.0006576969068073,1.0164647102355957
3693.7646286522618,1.0097570575471007,1.0164434909820557
3693.7669434847176,1.0062730996912066,1.0163888931274414
3693.7692583171715,0.9844302276593488,1.0163869857788086
3693.7715731496287,1.0006646671527053,1.0163869857788086
3693.773887982086,1.0016888198926774,1.0163869857788086
3693.7762028145407,0.9985104540323768,1.0163888931274414
3693.778517646998,1.0016818999417316,1.0163869857788086
3693.780832479453,0.998075315338646,1.0163869857788086
3693.78314731191,0.9940008716792446,1.0163869857788086
3693.7854621443644,1.0043246174791862,1.0163869857788086
3693.7877769768215,1.0060258196802547,1.0163756608963013
3693.7900918092746,1.0102868555438358,1.0163699388504028
3693.7924066417318,1.0040559574580132,1.0163756608963013
3693.7947214741866,0.9961431986035149,1.0163756608963013
3693.7970363065892,0.9985859842609821,1.0163869857788086
3693.79935113897,1.0099252035403876,1.0163869857788086
3693.8016659713485,0.9932314796657037,1.0163888931274414
3693.803980803729,0.9848928087869772,1.0163869857788086
3693.8062956361073,1.0045228330232256,1.0163869857788086
3693.808610468488,0.9920461614680242,1.0163869857788086
3693.8109253008665,1.010063719846607,1.0163869857788086
3693.813240133246,0.9857414997199179,1.0163869857788086
3693.8155549656244,0.9952770748358681,1.0163869857788086
3693.817869798005,0.9947461152099114,1.0163869857788086
3693.820184630383,1.0074593552576145,1.0163869857788086
3693.822499462764,1.000089959362295,1.0163869857788086
3693.8248142951434,0.9930021702842763,1.0163869857788086
3693.8271291275228,1.004366254472165,1.0163869857788086
3693.8294439599026,0.9950483094195539,1.0163756608963013
3693.831758792281,1.004575219896858,1.0163699388504028
3693.83407362466,1.0022082051117245,1.0163699388504028
3693.836388457039,0.9915799204989861,1.0163699388504028
3693.8387032893643,1.0002492413679211,1.0163631439208984
3693.8410181216655,0.9926305624280906,1.016316533088684
3693.8433329539685,1.0054172460651245,1.0163027048110962
3693.845647786269,1.006277039190265,1.0163017511367798
3693.847962618572,0.99889893173975,1.0163017511367798
3693.8502774508734,1.0014572996767173,1.0163017511367798
3693.8525922831764,0.9909413679135013,1.0163007974624634
3693.854907115478,0.9909638610746572,1.016284465789795
3693.8572219477787,0.9963937486012052,1.016282558441162
3693.8595367800813,0.9851277319606494,1.016282558441162
3693.8618516123825,1.000432248126612,1.016282558441162
3693.8641664446855,0.9988789700553512,1.016282558441162
3693.8664812769875,0.9943141309792063,1.0162794589996338
3693.8687961092896,0.9855436313879958,1.0162794589996338
3693.8711109415913,0.9912928688091159,1.016282558441162
3693.873425773894,0.9945906064043297,1.0162794589996338
3693.8757406061945,0.9945751228421251,1.0162794589996338
3693.8780554384966,0.9927830178166535,1.0162794589996338
3693.880370270743,0.9914112635847078,1.0162733793258667
3693.882685102966,1.009351854599746,1.016264796257019
3693.8849999351896,1.0022539465178315,1.016264796257019
3693.8873147674135,1.0022842615179124,1.0161898136138916
3693.889629599637,0.9893489502743765,1.0161898136138916
3693.891944431861,1.0033337314351776,1.0161139965057373
3693.894259264084,0.9996275119771031,1.0161118507385254
3693.8965740963076,1.0057657504614737,1.0161139965057373
3693.8988889285315,0.9986101103911141,1.0161898136138916
3693.901203760753,0.9952714651782507,1.0161139965057373
3693.9035185929774,0.9959643500971752,1.0161139965057373
3693.9058334252013,1.0056680702424494,1.0161898136138916
3693.908148257425,0.9991308497542002,1.0161898136138916
3693.910463089648,1.0010137518768076,1.0161139965057373
3693.912777921872,1.0044913256631696,1.0161118507385254
3693.9150927540954,1.004796359726862,1.016110897064209
3693.9174075863193,0.9942848018786067,1.0161118507385254
3693.9197224185427,1.0001708167150725,1.016110897064209
3693.9220372507075,0.980956612840403,1.0161066055297852
3693.9243520828527,1.0145076328175961,1.0161066055297852
3693.9266669149965,1.0055549891602098,1.016102910041809
3693.9289817471413,1.007116187696255,1.0161000490188599
3693.931296579287,1.008375270496905,1.0161000490188599
3693.93361141143,0.9975190249734123,1.0161000490188599
3693.935926243575,0.9872888663835088,1.0160677433013916
3693.9382410757185,0.993318006033775,1.0160629749298096
3693.9405559078637,0.9989228392226375,1.016060471534729
3693.9428707400057,0.9950738754428579,1.016060471534729
3693.9451855721504,1.0075104422178507,1.016060471534729
3693.9475004042943,1.0001986307268242,1.0160629749298096
3693.9498152364386,0.9871850916904308,1.0160629749298096
3693.9521300685833,0.9889375708201255,1.0160629749298096
3693.954444900727,0.9924756146465347,1.0160629749298096
3693.9567597328714,0.9985256977476238,1.0160629749298096
3693.9590745650157,0.9916039887213136,1.016060471534729
3693.961389397161,1.0040934055329551,1.0160471200942993
3693.963704229247,1.0064718357815081,1.0160307884216309
3693.966019061311,0.9987363728903763,1.0160307884216309
3693.9683338933737,0.98995023397634,1.0160307884216309
3693.970648725439,0.9963023947669646,1.0160307884216309
3693.9729635575018,1.0046914809211467,1.0159828662872314
3693.975278389567,1.0038530138234703,1.0159825086593628
3693.97759322163,1.006465453011153,1.0159828662872314
3693.979908053694,0.9942168419108592,1.0159825086593628
3693.9822228857583,0.9951412008567256,1.0159828662872314
3693.984537717822,1.0037315731356302,1.0159825086593628
3693.9868525498864,1.0039586144215922,1.0159825086593628
3693.989167381949,0.9946519628008748,1.0159690380096436
3693.991482214014,0.9946971369890242,1.0159690380096436
3693.993797046077,0.9951655337120774,1.015967607498169
3693.996111878142,0.9906919920953273,1.015967607498169
3693.998426710205,1.0032122999748667,1.015967607498169
3694.00074154227,1.0068486512376453,1.015967607498169
3694.003056374333,0.9999033076300606,1.0158863067626953
3694.00537120634,1.0054948994626092,1.0158249139785767
3694.007686038322,0.990985590675288,1.0158249139785767
3694.010000870305,0.9975167428001734,1.0158863067626953
3694.0123157022877,0.9971007543882378,1.0158863067626953
3694.0146305342705,0.9948462433858832,1.0158249139785767
3694.016945366254,0.9859590709646895,1.0158863067626953
3694.0192601982353,0.9933556302488667,1.015967607498169
3694.0215750302195,1.0025264401999936,1.0158863067626953
3694.023889862201,1.011310777725833,1.0158863067626953
3694.0262046941853,0.9985123261471148,1.0158249139785767
3694.0285195261667,1.0006089405713199,1.0158249139785767
3694.03083435815,0.9959457264788769,1.0158863067626953
3694.0331491901316,0.9984321519966505,1.0158863067626953
3694.035464022116,1.005199263037817,1.015967607498169
3694.0377788540973,0.9887823942908319,1.0158863067626953
3694.0400936860815,0.9965493497203431,1.0158863067626953
3694.042408518064,0.9981845614495438,1.0158249139785767
3694.044723350047,1.0023148949513438,1.0158225297927856
3694.047038181972,0.9985277734453986,1.015795111656189
3694.0493530138715,0.9980010179153811,1.0158225297927856
3694.0516678457734,0.9987195325677756,1.015795111656189
3694.0539826776726,0.9915602515025337,1.015795111656189
3694.0562975095745,0.9972300355543121,1.0157880783081055
3694.058612341474,1.0003954912588218,1.0157880783081055
3694.060927173376,1.0041628394057251,1.015795111656189
3694.0632420052757,1.0096602471955816,1.015795111656189
3694.065556837178,0.9941447748514366,1.015795111656189
3694.06787166908,0.9941095681582217,1.015795111656189
3694.0701865009796,1.0081170204763301,1.015795111656189
3694.0725013328815,0.9970474289078057,1.0157880783081055
3694.0748161647807,1.0059491192451602,1.0157333612442017
3694.0771309966813,0.9819782410781132,1.0157068967819214
3694.0794458285823,1.001361760319621,1.0157333612442017
3694.081760660483,1.002110300121271,1.0157333612442017
3694.084075492384,0.994188161143763,1.0157068967819214
3694.0863903242853,1.002987352165443,1.0157333612442017
3694.0887051561267,1.0056888394596148,1.0157068967819214
3694.091019987945,0.9976661803417622,1.0157068967819214
3694.0933348197636,1.0057463514171874,1.0157064199447632
3694.09564965158,0.9985140618342768,1.0156476497650146
3694.097964483398,0.9945006203146293,1.0156476497650146
3694.100279315216,1.003249493818238,1.0155645608901978
3694.102594147034,0.9879751238764608,1.0155645608901978
3694.104908978852,0.9993686523385921,1.0156476497650146
3694.1072238106703,0.9951721540502441,1.0157064199447632
3694.1095386424886,0.9982685010016592,1.0157064199447632
3694.1118534743064,0.994175952362593,1.0157064199447632
3694.1141683061246,0.9906457492896018,1.0156476497650146
3694.1164831379424,0.9991044905415115,1.0155645608901978
3694.118797969759,0.9913971696548479,1.0155645608901978
3694.1211128015775,0.9966004176120058,1.0156476497650146
3694.1234276333957,1.0033410134192189,1.0156476497650146
3694.1257424652135,1.0136454559615118,1.0155645608901978
3694.128057297032,1.0078755971874964,1.0155558586120605
3694.1303721287904,0.9998938855043373,1.0155558586120605
3694.1326869605246,0.9945164631709829,1.015516757965088
3694.135001792259,0.9938856210730842,1.015516757965088
3694.1373166239946,1.0033332965510506,1.0154955387115479
3694.1396314557273,1.0046573622727712,1.0154653787612915
3694.1419462874615,0.9741012038654142,1.015461802482605
3694.144261119196,1.00464914471022,1.0154653787612915
3694.14657595093,1.0080975861379582,1.0154653787612915
3694.1488907826656,0.9951867643885833,1.0154955387115479
3694.151205614399,1.0037294820669893,1.0154653787612915
3694.1535204461343,1.0082024476448441,1.015461802482605
3694.155835277868,0.9977024477952844,1.0154480934143066
3694.1581501096034,0.9975800366997636,1.015461802482605
3694.160464941337,1.006751220987353,1.015461802482605
3694.1627797730703,0.994966539863605,1.0154480934143066
3694.1650946048044,0.996870154189017,1.015461802482605
3694.167409436539,0.993168129221861,1.015461802482605
3694.1697242682735,0.9820023593879115,1.015461802482605
3694.1720390999476,0.99480108204549,1.015461802482605
3694.1743539315985,0.9934573884423802,1.015461802482605
3694.1766687632476,0.9950062196267848,1.0154480934143066
3694.1789835948985,0.9925967718248371,1.015461802482605
3694.1812984265475,1.0029957047243336,1.0154480934143066
3694.1836132581975,1.0067720911798694,1.0154480934143066
3694.185928089846,1.0037838997834754,1.0154480934143066
3694.1882429214975,0.9920071104257286,1.0154480934143066
3694.190557753146,0.9980310650785115,1.015461802482605
3694.1928725847974,1.006290566287143,1.015461802482605
3694.195187416446,1.0094548085882284,1.015461802482605
3694.197502248096,0.9803549953534763,1.0154480934143066
3694.1998170797465,0.9915985732190243,1.0154480934143066
3694.202131911396,0.9907992050411726,1.0154458284378052
3694.2044467430483,1.004832606788988,1.0154458284378052
3694.206761574695,0.976857131485171,1.0153270959854126
3694.209076406346,1.00657578264858,1.0153065919876099
3694.211391237995,0.9968492460205219,1.0153065919876099
3694.213706069585,0.9975600589361828,1.0153065919876099
3694.2160209011486,1.0002455087226043,1.0153065919876099
3694.2183357327144,1.001064105955506,1.0153065919876099
3694.220650564278,1.003824706471919,1.0152735710144043
3694.222965395844,0.9940410241862724,1.0152735710144043
3694.2252802274074,0.9922056957997504,1.0152735710144043
3694.2275950589724,1.0053792358326732,1.0153065919876099
3694.229909890537,1.0014123502746093,1.0153065919876099
3694.232224722102,0.9942062283984044,1.0152735710144043
3694.2345395536668,0.9989472487804008,1.0152735710144043
3694.2368543852303,0.9985586020553423,1.0152735710144043
3694.239169216796,0.997805887056906,1.0151827335357666
3694.24148404836,0.9868924305174814,1.0151766538619995
3694.243798879925,1.0057915629187786,1.0151667594909668
3694.2461137114888,0.9969078784513934,1.0151667594909668
3694.2484285430546,0.9978578732610632,1.0151667594909668
3694.2507433746173,0.9943959700492119,1.0151667594909668
3694.253058206183,0.9897899295052214,1.0151634216308594
3694.2553730376862,0.986388255817886,1.0151634216308594
3694.2576878691652,0.9998325467178217,1.0151634216308594
3694.260002700644,0.9946493626911269,1.0151634216308594
3694.2623175321223,1.0066937982170303,1.0151616334915161
3694.2646323636013,1.0013565629073755,1.0151432752609253
3694.26694719508,1.001122288063174,1.0151432752609253
3694.269262026559,1.0028520466872775,1.0151432752609253
3694.271576858035,0.9890462712193413,1.0151432752609253
3694.273891689515,1.0029195695120472,1.0151432752609253
3694.2762065209927,1.0180982557936766,1.0151616334915161
3694.2785213524726,0.9944756759587745,1.0151616334915161
3694.2808361839498,1.011077418157064,1.0151616334915161
3694.2831510154297,1.0070878895247923,1.0151616334915161
3694.2854658469096,0.9965363726668075,1.0151432752609253
3694.287780678387,0.998953337500568,1.0151432752609253
3694.2900955098667,0.9850837082380707,1.015073299407959
3694.2924103413434,0.9866319078262822,1.015073299407959
3694.294725172822,0.9934148411651937,1.0150195360183716
3694.2970400042386,0.9975169390630632,1.015006422996521
3694.2993548356303,1.0015242249947764,1.015006422996521
3694.3016696670225,0.9910734566525204,1.01499342918396
3694.3039844984146,0.993073601818664,1.01499342918396
3694.3062993298063,0.9977789345133916,1.01499342918396
3694.3086141611984,0.9999802689321065,1.015006422996521
3694.310928992591,0.9934362488609125,1.015006422996521
3694.3132438239822,1.0061343655187374,1.015006422996521
3694.315558655373,0.9958021615661594,1.01499342918396
3694.3178734867647,0.9957308408431299,1.0149863958358765
3694.3201883181564,1.0115066483979696,1.01499342918396
3694.3225031495485,0.9876462285962136,1.0149863958358765
3694.32481798094,1.001100028739807,1.0149863958358765
3694.3271328123324,0.9840755395349695,1.0149863958358765
3694.329447643724,1.0061017375952164,1.0149831771850586
3694.331762475116,0.9950434306164264,1.014966368675232
3694.334077306508,0.9954212703743133,1.0149660110473633
3694.3363921379,1.018749723988954,1.0149660110473633
3694.338706969228,1.0103913358866132,1.0149497985839844
3694.341021800534,1.0027626775314835,1.0149290561676025
3694.343336631837,0.9962865178846401,1.0149290561676025
3694.345651463142,0.999519602620926,1.0149222612380981
3694.347966294446,0.9990713883425527,1.0149222612380981
3694.350281125751,0.9942684716609592,1.0149222612380981
3694.3525959570547,1.0064585278761504,1.0148942470550537
3694.3549107883596,1.0075128471671628,1.0148942470550537
3694.357225619663,0.9791076126214382,1.0148749351501465
3694.3595404509665,0.9997400530958878,1.0148617029190063
3694.361855282271,0.995713656917054,1.0148109197616577
3694.3641701135753,1.0107618819961248,1.0148519277572632
3694.3664849448805,1.0076964814725407,1.0148109197616577
3694.3687997761836,1.015720223209267,1.0147963762283325
3694.3711146074893,1.0156188400165214,1.0147814750671387
3694.3734294387923,0.9918149278067611,1.014777421951294
3694.375744270098,1.0060891492424835,1.0147517919540405
3694.3780591014015,0.9951677064544376,1.014746904373169
3694.3803739326427,1.0195826892663968,1.014746904373169
3694.3826887638575,0.9928048037210229,1.0147175788879395
3694.385003595074,1.0053754598205642,1.0147113800048828
3694.38731842629,0.9973967389159043,1.0147113800048828
3694.389633257506,1.0029287862836604,1.0146757364273071
3694.391948088723,0.9876190500806904,1.0146551132202148
3694.3942629199382,1.0025761740730936,1.014644980430603
3694.3965777511553,1.0029386455089517,1.0145978927612305
3694.39889258237,0.995160142633091,1.0145649909973145
3694.4012074135876,0.9992597190081363,1.0145046710968018
3694.4035222448015,1.0068494309649272,1.0144944190979004
3694.4058370760185,0.9906971590313549,1.0144944190979004
3694.408151907234,0.9789003252530644,1.0144697427749634
3694.410466738451,0.9964288425430966,1.0144526958465576
3694.4127815696656,0.9925485138038925,1.0144526958465576
3694.415096400883,1.0029997017572352,1.0144526958465576
3694.4174112320984,0.9952380376009712,1.014438509941101
3694.419726063315,0.9971122349273388,1.0144346952438354
3694.422040894469,1.0271437460449522,1.0144346952438354
3694.4243557255927,1.0047707937828558,1.0144346952438354
3694.426670556721,1.0019077064454132,1.0144346952438354
3694.428985387847,1.020824211349405,1.0144307613372803
3694.431300218975,0.9996694296845328,1.0144157409667969
3694.4336150501013,1.0016213574982231,1.0144157409667969
3694.4359298812296,1.005804542823649,1.0143548250198364
3694.4382447123553,0.9902457666316942,1.0144157409667969
3694.4405595434837,0.9917179700376952,1.0143548250198364
3694.4428743746093,1.0032744234061455,1.014349341392517
3694.4451892057377,0.9962445756123646,1.0143548250198364
3694.447504036864,0.989217978512577,1.0144157409667969
3694.449818867991,0.9967091037631194,1.0144157409667969
3694.4521336991183,0.9910083705242375,1.0143548250198364
3694.4544485302445,0.9975631755694689,1.0143548250198364
3694.4567633613724,1.0029586233440377,1.0143548250198364
3694.4590781924985,0.9939300918730407,1.0143548250198364
3694.4613930236264,1.004805511918645,1.014349341392517
3694.4637078546884,0.9950851513396136,1.0143409967422485
3694.4660226857272,1.0168935177758307,1.0143381357192993
3694.4683375167624,1.013050247719891,1.0143284797668457
3694.470652347801,0.9865559353546323,1.0143381357192993
3694.4729671788373,0.9979613132541434,1.0143409967422485
3694.4752820098756,0.9932625910090236,1.0143409967422485
3694.4775968409144,1.001603613342204,1.0143409967422485
3694.4799116719505,0.9987836244114241,1.0143381357192993
3694.4822265029893,1.011665564279069,1.0143284797668457
3694.4845413340254,0.9953153720671126,1.0143136978149414
3694.4868561650637,1.008103019504788,1.0143136978149414
3694.4891709960993,0.9946469215362126,1.0142996311187744
3694.491485827137,1.0103471983903496,1.0143136978149414
3694.493800658174,0.9878254335156856,1.0143284797668457
3694.4961154892117,0.998309515649908,1.0143284797668457
3694.4984303202477,1.0057339093725466,1.0143136978149414
3694.5007451512865,1.005954507632206,1.0143136978149414
3694.5030599823244,1.009565071042557,1.0142996311187744
3694.505374813297,0.9909984249888142,1.0142935514450073
3694.5076896442447,1.0011629844897008,1.0142662525177002
3694.5100044751907,0.9827825541981291,1.014204740524292
3694.5123193061368,0.9955059581845124,1.0141979455947876
3694.5146341370837,1.005781188622254,1.014204740524292
3694.5169489680306,0.9937852075386182,1.014204740524292
3694.519263798978,0.9929744189015072,1.014204740524292
3694.521578629925,1.0096311474687252,1.0141979455947876
3694.523893460872,1.0021472290601383,1.0141979455947876
3694.5262082918193,0.9896311481672605,1.0141384601593018
3694.528523122765,0.9853894437998248,1.0141338109970093
3694.530837953713,1.0032912779840328,1.0140807628631592
3694.5331527846593,1.0093841038256082,1.0140807628631592
3694.535467615606,1.0026550755249435,1.0140807628631592
3694.537782446553,1.0035138090190547,1.0140804052352905
3694.5400972775005,1.003147744502409,1.0140807628631592
3694.542412108447,1.0031534572421315,1.0141338109970093
3694.5447269393944,1.002168166695389,1.0140807628631592
3694.5470417702777,0.9851789043164197,1.0140807628631592
3694.5493566011323,1.003169258009224,1.0140804052352905
3694.5516714319897,1.0046734800228008,1.0140804052352905
3694.5539862628443,1.0079812167388076,1.0140804052352905
3694.556301093699,1.0011765987913324,1.0140804052352905
3694.5586159245563,0.9950526189697255,1.0140804052352905
3694.560930755411,1.0066587309853403,1.0140807628631592
3694.5632455862683,0.9962841155166331,1.0140804052352905
3694.5655604171234,0.9926267729653357,1.0140804052352905
3694.5678752479803,1.0039076151885984,1.0140804052352905
3694.5701900788354,0.9963252607407362,1.0140807628631592
3694.572504909692,0.9875304509151174,1.0140804052352905
3694.5748197405474,0.9893299687788117,1.0140804052352905
3694.577134571402,1.0123250010315408,1.014076828956604
3694.5794494022584,1.0208440577319529,1.014076828956604
3694.581764233114,1.0126601042493097,1.0140804052352905
3694.5840790639704,0.9994926347994456,1.014076828956604
3694.586393894826,1.0054706335352646,1.014076828956604
3694.588708725618,1.0014755083367808,1.014020562171936
3694.5910235563806,0.9997327838061109,1.014020562171936
3694.593338387146,1.0019824314463497,1.014020562171936
3694.59565321791,0.9950460184703974,1.014076828956604
3694.5979680486744,0.9995658727808582,1.0140804052352905
3694.6002828794367,1.007440467968688,1.0140804052352905
3694.6025977102013,1.0023731817763433,1.0140804052352905
3694.604912540966,1.004868972458607,1.0140804052352905
3694.6072273717296,1.0066492349024467,1.014076828956604
3694.609542202494,0.9913923072103342,1.014076828956604
3694.611857033259,1.002529442863053,1.014020562171936
3694.614171864024,0.9975626828546283,1.014003038406372
3694.6164866947875,0.9929786276257844,1.013980746269226
3694.618801525552,1.015855489262907,1.013980746269226
3694.6211163563144,1.0275837193698905,1.013980746269226
3694.6234311870794,1.0145560499978896,1.0139797925949097
3694.6257460178426,1.0117801033270617,1.0139480829238892
3694.628060848608,0.9934510282037384,1.0139477252960205
3694.6303756793054,1.003190024990665,1.0139436721801758
3694.632690509978,1.0037133999254357,1.013924241065979
3694.635005340649,1.0096763918543632,1.013853907585144
3694.6373201713222,0.9940089288160376,1.013853907585144
3694.639635001993,0.992998258795154,1.013810157775879
3694.641949832666,1.0076471903060182,1.013853907585144
3694.644264663337,1.004168873352981,1.013810157775879
3694.6465794940077,0.9902004313973757,1.013810157775879
3694.648894324681,1.0070350178776868,1.013810157775879
3694.6512091553514,1.0119474811751181,1.0137919187545776
3694.6535239860245,1.004896139153404,1.013810157775879
3694.655838816695,1.0024567121048071,1.013810157775879
3694.658153647368,0.9976780407823851,1.013810157775879
3694.6604684780386,0.9990600052702732,1.0137919187545776
3694.662783308712,0.989251399501626,1.013810157775879
3694.665098139382,1.0013478816281722,1.013810157775879
3694.6674129700546,0.9956870069187328,1.0137919187545776
3694.669727800727,0.9987349455819639,1.0137536525726318
3694.6720426313314,0.9991930838988136,1.0137536525726318
3694.6743574619113,0.9963278293106201,1.0137512683868408
3694.676672292489,0.9999261520688827,1.0137512683868408
3694.67898712307,0.991543118372354,1.0137512683868408
3694.6813019536476,1.009812814749608,1.0137536525726318
3694.6836167842275,1.0205978107616192,1.0137512683868408
3694.6859316148034,1.0046784152490114,1.013749599456787
3694.6882464453834,1.0011291226145786,1.013749599456787
3694.690561275961,1.016393417562308,1.0137512683868408
3694.692876106541,1.0013946463454386,1.013749599456787
3694.6951909371187,0.993526300960448,1.013749599456787
3694.6975057676987,1.0001028933855194,1.013749599456787
3694.6998205982786,1.000948735810708,1.013749599456787
3694.7021354288563,0.9993893424559981,1.013749599456787
3694.7044502594363,1.0023185701511816,1.013749599456787
3694.706765090014,1.0038775702441376,1.013698697090149
3694.709079920592,1.014081535548292,1.013676404953003
3694.711394751171,1.0065936490322502,1.013676404953003
3694.7137095816834,0.992417797536825,1.013676404953003
3694.7160244121674,1.0036478881786266,1.013669490814209
3694.7183392426537,0.9988618174932936,1.0136401653289795
3694.7206540731377,1.0058677906581537,1.0136401653289795
3694.722968903624,1.00127226178815,1.0136326551437378
3694.7252837341102,0.9974841904817462,1.0135926008224487
3694.7275985645942,1.0119441087922425,1.0135791301727295
3694.7299133950787,1.0027735352377287,1.0135776996612549
3694.732228225564,1.0063341236090297,1.0135791301727295
3694.734543056049,1.006762006401407,1.0135776996612549
3694.7368578865344,0.9971763618867191,1.0135776996612549
3694.7391727170193,1.0027467157376204,1.0135791301727295
3694.7414875475047,1.005731478604338,1.0135791301727295
3694.74380237799,1.001186236830078,1.0135791301727295
3694.746117208474,0.999938606335591,1.0135776996612549
3694.7484320389617,1.016469709326108,1.0135791301727295
3694.7507468694457,0.995716210186206,1.0135791301727295
3694.75306169993,0.9987991792548984,1.0135791301727295
3694.7553765303487,0.9975157947328074,1.0135791301727295
3694.757691360739,1.0145221686093462,1.0135791301727295
3694.7600061911307,1.0089915716732385,1.0135791301727295
3694.762321021521,1.005669152129972,1.0135776996612549
3694.764635851913,1.0009297400009434,1.0135623216629028
3694.7669506823026,1.0019754475718967,1.0135623216629028
3694.769265512695,0.9988076275610926,1.0135623216629028
3694.7715803430847,0.9954582801823368,1.0135776996612549
3694.7738951734746,0.9940769504810243,1.0135623216629028
3694.776210003866,1.005982679902338,1.0135623216629028
3694.7785248342566,0.9859308755657389,1.0135623216629028
3694.7808396646483,0.9885410868043136,1.0135623216629028
3694.7831544950386,1.0011432608127244,1.0135170221328735
3694.7854693254303,1.016016354745832,1.0135170221328735
3694.7877841558206,0.9952381702906051,1.0135154724121094
3694.7900989862123,0.9937843954603256,1.0134776830673218
3694.7924138166027,1.0055954574812866,1.0134624242782593
3694.7947286469944,0.9933069765368364,1.0134624242782593
3694.7970434773156,1.0070185059000782,1.0134776830673218
3694.799358307612,1.003428438074565,1.0134624242782593
3694.801673137908,1.0079720859952532,1.0134624242782593
3694.8039879682037,0.9954455305092408,1.0134624242782593
3694.8063027985,1.010957262852097,1.0134776830673218
3694.808617628796,0.9949671465366448,1.0134624242782593
3694.8109324590932,1.0102836674630322,1.0134624242782593
3694.8132472893885,1.0071438763018874,1.0134466886520386
3694.815562119685,1.000662468289565,1.0134624242782593
3694.817876949979,1.0114979182004575,1.0134624242782593
3694.8201917802767,0.9994668104502329,1.0134776830673218
3694.822506610572,1.0045941093724324,1.0134624242782593
3694.8248214408686,1.004357161114625,1.0134466886520386
3694.827136271164,0.9964701685188999,1.0134624242782593
3694.8294511014606,0.9891421502346611,1.0134466886520386
3694.8317659317563,0.9962347993698553,1.0134624242782593
3694.834080762053,0.996079001981672,1.0134466886520386
3694.836395592349,1.0040220401164184,1.0134466886520386
3694.8387104225776,1.0002850072204574,1.0134624242782593
3694.841025252777,0.9922572816476143,1.0134466886520386
3694.8433400829763,1.0014471497454756,1.0134624242782593
3694.845654913178,0.9989967698789596,1.0134624242782593
3694.8479697433777,1.0171351636264445,1.0134466886520386
3694.8502845735793,0.9950544656902087,1.0134466886520386
3694.8525994037786,1.002631917281457,1.0134466886520386
3694.8549142339803,0.9985577681435556,1.0134466886520386
3694.8572290641805,1.0025815726737939,1.0134466886520386
3694.8595438943817,1.00012927271921,1.0134466886520386
3694.86185872458,1.00049474163512,1.0134466886520386
3694.8641735547812,0.999016750991924,1.0134466886520386
3694.866488384983,0.9990956326160426,1.0133945941925049
3694.868803215182,1.0009475389279106,1.0133945941925049
3694.871118045384,1.007019434252797,1.0133945941925049
3694.8734328755836,0.9892788334919149,1.0134466886520386
3694.875747705785,1.0054100456547956,1.0134466886520386
3694.8780625359846,1.0093990041097265,1.0134624242782593
3694.880377366118,0.9927973041116438,1.0134624242782593
3694.8826921962204,0.9947505975094627,1.0134624242782593
3694.885007026326,1.0009561946628365,1.0134466886520386
3694.8873218564295,1.002629799984873,1.0134466886520386
3694.889636686535,1.0072595042208896,1.0134466886520386
3694.8919515166385,0.9988240770027832,1.0134466886520386
3694.894266346744,0.9924312166729209,1.0133945941925049
3694.89658117685,1.0033822022663297,1.0133945941925049
3694.8988960069532,1.0098482879012631,1.0133945941925049
3694.901210837059,1.0023119245333625,1.0133635997772217
3694.9035256671623,1.0002349143685956,1.0133945941925049
3694.905840497266,1.0110234479124147,1.0133945941925049
3694.9081553273695,1.0033177390344867,1.0133945941925049
3694.910470157475,0.996701199980708,1.0133945941925049
3694.9127849875786,0.9987740222586363,1.0133945941925049
3694.915099817684,1.0012644826138053,1.0133635997772217
3694.9174146477876,1.0142672788508253,1.0133635997772217
3694.9197294778933,1.0025404159760591,1.0133945941925049
3694.9220443079303,0.9980365169497607,1.0133635997772217
3694.924359137937,1.0074553845031802,1.0133945941925049
3694.926673967944,0.9876683484355315,1.0133945941925049
3694.9289887979517,1.0019376028590552,1.0133635997772217
3694.93130362796,1.0035141189421974,1.0133464336395264
3694.9336184579665,1.011393824491364,1.013336420059204
3694.935933287976,0.9914920674507848,1.013329029083252
3694.9382481179828,0.9964374961325723,1.013336420059204
3694.9405629479916,1.0022709076077994,1.0133464336395264
3694.9428777779985,1.000917595025788,1.013336420059204
3694.9451926080073,0.9958029438801235,1.013336420059204
3694.9475074380143,1.0121931622202196,1.013329029083252
3694.949822268022,1.0061640610827336,1.0132882595062256
3694.9521370980315,1.0106029615257648,1.0132882595062256
3694.954451928038,1.0151019790641922,1.0132882595062256
3694.9567667580473,1.0040157278556738,1.0132882595062256
3694.959081588054,0.9985893974927276,1.0132687091827393
3694.961396418063,1.0010471668612924,1.0132882595062256
3694.9637112480004,1.0000574112378733,1.0132882595062256
3694.9660260779124,1.011712480756059,1.0132882595062256
3694.9683409078216,1.0055704194714448,1.0132882595062256
3694.9706557377317,1.0026798675830135,1.013329029083252
3694.9729705676414,1.001094887076168,1.013329029083252
3694.9752853975533,1.0003003501850218,1.0132882595062256
3694.9776002274625,1.0094393251450162,1.0132882595062256
3694.9799150573745,1.0010554224430976,1.0132687091827393
3694.9822298872864,1.004304396491541,1.0132687091827393
3694.984544717196,0.9972524958006268,1.0132882595062256
3694.986859547108,0.9957394508615097,1.0132882595062256
3694.989174377017,1.000405055106553,1.0132882595062256
3694.991489206929,0.9905831711844827,1.013329029083252
3694.993804036838,1.0017213267109155,1.013329029083252
3694.9961188667485,1.0040364769903636,1.013336420059204
3694.998433696659,0.9931630935751643,1.013336420059204
3695.00074852657,1.0128810105853594,1.013329029083252
3695.0030633564807,0.991905576430341,1.013329029083252
3695.0053781863216,0.9892248047606151,1.0132882595062256
3695.0076930161354,1.0043694559733192,1.0132687091827393
3695.0100078459477,1.0054095841440278,1.0132687091827393
3695.0123226757614,1.0068355152666704,1.0132461786270142
3695.0146375055724,0.999188091379427,1.0132461786270142
3695.016952335385,1.0030023833182313,1.0132687091827393
3695.0192671651985,1.0144664993081107,1.0132687091827393
3695.0215819950126,0.9961540787353849,1.0132687091827393
3695.0238968248245,0.992369635488207,1.0132461786270142
3695.0262116546382,0.9929545955898573,1.0132461786270142
3695.02852648445,1.011545432352223,1.0132461786270142
3695.0308413142643,1.0040443661412575,1.0132461786270142
3695.033156144076,1.0011853061101559,1.0132687091827393
3695.03547097389,1.0094269189076501,1.0132687091827393
3695.037785803702,0.9925386303908487,1.0132687091827393
3695.040100633514,1.00450039847462,1.0132687091827393
3695.042415463328,0.9935634708293265,1.0132882595062256
3695.04473029314,0.9969350869486139,1.0132882595062256
3695.0470451228834,1.0006661243866704,1.0132687091827393
3695.0493599525976,1.0149950928915281,1.0132687091827393
3695.0516747823126,0.9993531699261898,1.0132687091827393
3695.0539896120267,1.007044188917676,1.0132687091827393
3695.056304441742,0.990842319329305,1.0132882595062256
3695.058619271455,1.001512513499333,1.013329029083252
3695.0609341011696,1.0088672127479301,1.0132882595062256
3695.063248930884,0.9939677024140249,1.0132882595062256
3695.0655637605987,1.0044229005898535,1.0132882595062256
3695.067878590314,1.0089081480679778,1.013329029083252
3695.070193420028,1.0067137369386818,1.013336420059204
3695.0725082497434,0.9976841144319928,1.013329029083252
3695.0748230794575,0.9964697038499274,1.013329029083252
3695.077137909173,0.9962253287558067,1.0132882595062256
3695.0794527388853,1.0114417773578077,1.0132882595062256
3695.0817675686003,1.0113271901740195,1.0132882595062256
3695.084082398315,0.9892747150147637,1.0132687091827393
3695.0863972280295,1.0027930331933426,1.0132882595062256
3695.0887120576735,0.9999584709693252,1.0132882595062256
3695.0910268872904,1.0086366756181298,1.0132687091827393
3695.0933417169063,0.9856837963301747,1.0132687091827393
3695.095656546522,0.9934348747528504,1.0132687091827393
3695.0979713761376,1.0126989990852646,1.0132461786270142
3695.1002862057535,0.9963689413481024,1.0132461786270142
3695.102601035368,0.9984218153265098,1.0132359266281128
3695.104915864983,1.0051530423821529,1.0132359266281128
3695.1072306946,1.0069950219266535,1.0132161378860474
3695.1095455242144,1.0171190613818057,1.0132161378860474
3695.111860353831,0.9951591686707862,1.013178825378418
3695.114175183446,1.001743990480351,1.0132161378860474
3695.1164900130625,1.0,1.0132161378860474
3695.118804842678,1.0004474395059553,1.0132161378860474
3695.1211196722943,1.0109030512942963,1.0132359266281128
3695.1234345019093,0.9973462402344382,1.0132359266281128
3695.125749331524,0.9941050462775751,1.0132161378860474
3695.1280641611406,1.0017642920006213,1.013178825378418
3695.1303789906847,1.00323655514192,1.013178825378418
3695.132693820202,0.9928140899937803,1.0131423473358154
3695.1350086497173,1.007986841520045,1.0131423473358154
3695.1373234792345,0.9963143416525868,1.013178825378418
3695.13963830875,0.999228013565123,1.0131423473358154
3695.1419531382676,0.998918560078806,1.0131423473358154
3695.144267967783,1.0106477581313917,1.013178825378418
3695.1465827972993,1.0043494099322097,1.0131423473358154
3695.1488976268142,1.002431504294579,1.0131423473358154
3695.151212456331,0.99901457302361,1.0131423473358154
3695.1535272858496,0.9958101237360155,1.0131381750106812
3695.1558421153645,0.9969213137688991,1.01313054561615
3695.158156944882,1.0137620297596643,1.0131381750106812
3695.160471774397,1.0033371558094775,1.0131423473358154
3695.162786603914,1.0008536480186248,1.0131381750106812
3695.16510143343,1.0062025088426991,1.0131381750106812
3695.1674162629456,1.0024153844741892,1.0131423473358154
3695.169731092461,0.9919099680968751,1.0131423473358154
3695.1720459219073,0.9979272499562882,1.0131423473358154
3695.1743607513226,1.0126088764438124,1.0131423473358154
3695.1766755807403,1.0008307879837537,1.013178825378418
3695.1789904101574,1.0092249248865195,1.0132161378860474
3695.181305239573,0.9933724244053188,1.0132359266281128
3695.1836200689904,1.000071180883803,1.0132161378860474
3695.185934898406,1.0079903190432937,1.013178825378418
3695.1882497278234,0.9893553009944512,1.013178825378418
3695.190564557237,1.0077354207725584,1.0132161378860474
3695.1928793866546,1.001552506365335,1.013178825378418
3695.1951942160695,1.0001842601367197,1.0131423473358154
3695.197509045487,0.9957884736691063,1.0131381750106812
3695.1998238749024,1.0126772386018161,1.0131423473358154
3695.20213870432,0.9959037128375039,1.013178825378418
3695.2044535337354,0.9949110265014425,1.013178825378418
3695.206768363153,0.9912958853040656,1.0131423473358154
3695.2090831925707,0.9920057982200594,1.013178825378418
3695.211398021985,0.9937633836755633,1.013178825378418
3695.2137128513295,1.0047066447531512,1.0132161378860474
3695.2160276806458,1.0027574112265238,1.0132359266281128
3695.218342509962,0.9922274004517692,1.0132161378860474
3695.2206573392777,0.992128869205898,1.013178825378418
3695.222972168595,1.0074058220084732,1.0131423473358154
3695.2252869979097,0.9880024614197168,1.013178825378418
3695.227601827227,1.0066372441511866,1.013178825378418
3695.2299166565417,1.0000563585107234,1.013178825378418
3695.232231485859,0.992244836774464,1.0131423473358154
3695.234546315172,1.008750120898653,1.0131423473358154
3695.236861144489,1.014418061541003,1.0131423473358154
3695.2391759738057,0.9975182434171148,1.0131381750106812
3695.241490803121,0.989992180122167,1.0131423473358154
3695.243805632438,1.0011831006862808,1.0131423473358154
3695.246120461753,0.99505931353521,1.0131381750106812
3695.24843529107,0.984489497054544,1.0131423473358154
3695.250750120385,0.9941282671757863,1.0131423473358154
3695.253064949702,0.9902689233160141,1.0131423473358154
3695.255379778944,1.0003337976929485,1.013178825378418
3695.257694608159,1.0015596261085835,1.0132161378860474
3695.2600094373743,0.9919710889076097,1.013178825378418
3695.2623242665895,0.9870737868100763,1.0132161378860474
3695.2646390958034,0.9995522075309846,1.0132161378860474
3695.2669539250196,1.0041439039808704,1.0132161378860474
3695.2692687542353,0.9907104828734675,1.0132161378860474
3695.2715835834497,0.9946015476488954,1.0132161378860474
3695.273898412666,1.0056464677280579,1.0132161378860474
3695.276213241879,1.0061636679389492,1.013178825378418
3695.2785280710937,1.007916361429435,1.0131423473358154
3695.280842900309,1.0089727391481251,1.0131423473358154
3695.2831577295237,1.0057117112495402,1.0131423473358154
3695.285472558739,0.997732037827844,1.0131381750106812
3695.287787387954,0.9913706833855386,1.0131381750106812
3695.290102217169,0.9888815479443753,1.01313054561615
3695.2924170463853,1.0018645083897582,1.01313054561615
3695.294731875599,0.9991751795161187,1.0131381750106812
3695.297046704743,0.9996777212551246,1.0131423473358154
3695.299361533855,1.0119201953581036,1.0131423473358154
3695.301676362968,0.9991394098403554,1.0131381750106812
3695.3039911920823,0.9986885290652128,1.0131423473358154
3695.3063060211953,0.9947752955869109,1.0131423473358154
3695.3086208503096,1.0093728086069682,1.013178825378418
3695.3109356794225,0.990662858780725,1.0131423473358154
3695.3132505085373,1.003967333242344,1.013178825378418
3695.31556533765,0.9986642905031666,1.0131423473358154
3695.3178801667646,0.9973139908039367,1.0131423473358154
3695.320194995876,1.0045825001817892,1.0131423473358154
3695.322509824989,0.9881324687583063,1.0131381750106812
3695.324824654104,1.0060037506233193,1.0131423473358154
3695.3271394832163,0.9981360939678795,1.0131381750106812
3695.329454312331,0.98630444763494,1.0131423473358154
3695.331769141444,0.9965490641444129,1.0131423473358154
3695.3340839705584,0.9987001068340872,1.013178825378418
3695.3363987996713,0.9975358472225277,1.0132161378860474
3695.338713628713,0.9916802366351498,1.013178825378418
3695.341028457724,0.9978651239331797,1.0131423473358154
3695.343343286734,1.006091669913196,1.0131381750106812
3695.345658115746,0.993314718197905,1.0131381750106812
3695.3479729447577,1.0113057736103699,1.01313054561615
3695.350287773769,1.0070851034913664,1.0131043195724487
3695.3526026027807,0.9954672184337588,1.01313054561615
3695.3549174317936,0.9950562067462215,1.0131043195724487
3695.357232260804,0.9894494757037536,1.0131043195724487
3695.3595470898167,0.9821610930071523,1.01313054561615
3695.3618619188287,0.9850472463783464,1.0131043195724487
3695.3641767478393,1.0017250031917266,1.0131043195724487
3695.3664915768495,0.9889909260831425,1.0131043195724487
3695.3688064058624,0.9863220795395495,1.0130538940429688
3695.371121234873,0.9892682045141321,1.0130538940429688
3695.3734360638855,0.9944380587123351,1.0130538940429688
3695.3757508928966,0.9963040688777537,1.0131043195724487
3695.378065721909,0.9966116003178118,1.0130538940429688
3695.380380550847,1.0031634864126582,1.0131043195724487
3695.3826953797566,0.9890870602992162,1.0131043195724487
3695.3850102086662,0.9991426757670587,1.0131043195724487
3695.387325037573,1.0060736350441577,1.0131043195724487
3695.3896398664833,0.9940818390458367,1.01313054561615
3695.3919546953916,0.9929657932250077,1.01313054561615
3695.3942695243018,0.9973850287483285,1.01313054561615
3695.39658435321,0.997260469010247,1.0131043195724487
3695.39889918212,0.9986077600433486,1.0131043195724487
3695.4012140110285,0.9825339308480815,1.0131043195724487
3695.4035288399386,0.9983838763245295,1.0130538940429688
3695.405843668847,0.9876071296777449,1.0130538940429688
3695.4081584977553,0.9873298162565666,1.0131043195724487
3695.410473326664,0.9911758839971266,1.01313054561615
3695.4127881555737,0.9845660334954943,1.01313054561615
3695.415102984484,0.9931290453414763,1.0131381750106812
3695.4174178133917,0.9941478487143117,1.01313054561615
3695.4197326423023,0.9993575529592276,1.01313054561615
3695.422047471137,1.0031653809782277,1.0131381750106812
3695.4243622999443,0.9973289028804807,1.01313054561615
3695.4266771287507,0.9985969346481481,1.0131043195724487
3695.4289919575567,0.9932915687625675,1.0130538940429688
3695.431306786361,0.9998720892358208,1.0130538940429688
3695.4336216151682,1.0153420560430926,1.0130188465118408
3695.4359364439733,0.9914178525284243,1.0129698514938354
3695.4382512727807,1.0035980235760986,1.0129410028457642
3695.4405661015862,1.0013412326842765,1.0129698514938354
3695.4428809303936,0.9972044413078013,1.0129698514938354
3695.445195759201,1.0051641636089692,1.0129698514938354
3695.447510588006,1.0117072184491105,1.0129698514938354
3695.4498254168134,0.9945207991096578,1.0129698514938354
3695.4521402456166,0.9996434206340828,1.0129698514938354
3695.454455074424,0.9948958662094198,1.0130188465118408
3695.456769903229,0.9932015489152627,1.0130188465118408
3695.4590847320364,1.0048714860898154,1.0129698514938354
3695.4613995608415,0.9962069605469056,1.0129698514938354
3695.463714389575,0.9987287524721481,1.0129410028457642
3695.466029218277,0.991985915302339,1.0129410028457642
3695.468344046981,0.9880594208017056,1.0129402875900269
3695.4706588756826,1.0020805777554591,1.0129402875900269
3695.472973704386,1.007418714890471,1.0129402875900269
3695.4752885330886,1.0031579944605054,1.0129410028457642
3695.4776033617914,0.9995015984743146,1.0129410028457642
3695.4799181904946,0.9896643174517619,1.0129410028457642
3695.4822330191964,0.9876857751967862,1.0129410028457642
3695.4845478479,0.9909988738588981,1.0129402875900269
3695.486862676602,0.9844372689742537,1.0129402875900269
3695.489177505306,0.9878470787915078,1.012937307357788
3695.4914923340075,1.0100393850444163,1.012937307357788
3695.4938071627125,1.006254108738311,1.012937307357788
3695.4961219914126,0.9957381049360144,1.0129402875900269
3695.4984368201162,0.9924550076090138,1.0129402875900269
3695.5007516488204,0.9840105969536406,1.0129402875900269
3695.503066477522,0.9775287834439723,1.0129402875900269
3695.5053813061522,0.9991417131302357,1.0129402875900269
3695.50769613475,0.9966248742963094,1.0129410028457642
3695.51001096335,0.9903051194133573,1.0129410028457642
3695.5123257919477,0.9952322921821573,1.0129410028457642
3695.514640620548,1.0049350577516147,1.0129410028457642
3695.516955449145,1.002665359564043,1.0129410028457642
3695.519270277744,0.993478295407939,1.0129410028457642
3695.5215851063417,0.998028667929813,1.0129570960998535
3695.523899934942,0.9987154539190424,1.0129410028457642
3695.52621476354,1.0011220220782029,1.0129402875900269
3695.52852959214,0.9946942266232749,1.0129402875900269
3695.53084442074,0.997247079876933,1.0129402875900269
3695.533159249338,1.0021005906226734,1.012937307357788
3695.535474077938,0.9811543515731305,1.012937307357788
3695.5377889065358,0.9916350481104186,1.0129356384277344
3695.540103735134,1.0045774844725066,1.012924313545227
3695.542418563733,1.0088779727761785,1.0128389596939087
3695.5447333923316,0.9911453314609909,1.0128389596939087
3695.5470482208566,0.9983344532313974,1.0128389596939087
3695.549363049351,0.9963801928578634,1.0128389596939087
3695.5516778778456,1.0096036996771187,1.0128389596939087
3695.5539927063405,1.0078920152268473,1.0128389596939087
3695.556307534834,1.0079553368409742,1.0128389596939087
3695.55862236333,1.000571437651209,1.0128158330917358
3695.560937191823,1.0046807384241792,1.0128389596939087
3695.563252020318,0.9890369892592085,1.0128158330917358
3695.5655668488134,1.0065347199589845,1.0128389596939087
3695.5678816773075,1.0027849740399037,1.0128389596939087
3695.570196505803,1.005210381450816,1.0128158330917358
3695.572511334297,0.9958458660222937,1.0128158330917358
3695.5748261627923,0.9943486047882675,1.0128389596939087
3695.577140991286,0.9879101619303159,1.0128389596939087
3695.5794558197817,1.0095017546254965,1.0128158330917358
3695.5817706482753,1.0032207741581014,1.0128133296966553
3695.584085476769,0.9944824056795982,1.0128133296966553
3695.5864003052634,0.9940852820131227,1.0128133296966553
3695.5887151336833,1.0006525528954504,1.012785792350769
3695.591029962074,1.0091097026284104,1.012762427330017
3695.5933447904636,0.9918798606395471,1.012762427330017
3695.595659618854,1.0027698825766123,1.012762427330017
3695.597974447243,1.0052051239767283,1.012762427330017
3695.6002892756337,0.9932811632094337,1.012762427330017
3695.6026041040227,1.0105165374301983,1.012762427330017
3695.6049189324112,0.9982793397410605,1.012751579284668
3695.6072337608016,0.9957309378399122,1.0126638412475586
3695.609548589191,1.0194595778142967,1.0126638412475586
3695.611863417581,0.9985685490895496,1.012751579284668
3695.614178245971,0.9953898358392651,1.012751579284668
3695.6164930743607,0.9979078746848247,1.012762427330017
3695.61880790275,0.9970887512422509,1.012762427330017
3695.6211227311414,1.0131083292224141,1.012762427330017
3695.6234375595304,0.9922412559195516,1.012751579284668
3695.62575238792,0.9968242294577789,1.012751579284668
3695.628067216309,0.9849853558160012,1.0126638412475586
3695.6303820446246,0.9970385763131305,1.012751579284668
3695.6326968729086,0.9983969091825156,1.0126638412475586
3695.635011701194,0.994080288739988,1.0126638412475586
3695.637326529478,0.9947131005650417,1.0126556158065796
3695.6396413577627,0.9898604682810166,1.0126556158065796
3695.6419561860466,1.0042765961454247,1.0126638412475586
3695.6442710143324,0.9896612869258041,1.0126556158065796
3695.646585842616,1.002921561982071,1.0126556158065796
3695.6489006708994,0.9937368529416508,1.0126556158065796
3695.651215499185,0.997859624467805,1.0126556158065796
3695.6535303274686,1.0014766731204408,1.0126556158065796
3695.6558451557544,0.9948436714189651,1.012613296508789
3695.6581599840374,0.9979581880614277,1.012613296508789
3695.660474812323,0.9998529683731321,1.0126556158065796
3695.662789640607,1.0041324245232743,1.0126556158065796
3695.6651044688924,0.9923449378447047,1.0126556158065796
3695.6674192971764,0.9964441654754437,1.0126556158065796
3695.66973412546,0.9791119148473808,1.0126556158065796
3695.672048953669,1.003189491511896,1.0126556158065796
3695.6743637818477,0.9933063085207977,1.012613296508789
3695.676678610027,1.0037093780196307,1.012613296508789
3695.6789934382055,1.0059283923941684,1.0126086473464966
3695.6813082663857,1.0027223766766309,1.012613296508789
3695.6836230945632,0.9926238263265217,1.0126086473464966
3695.685937922743,0.9964998021632429,1.0126086473464966
3695.688252750921,1.0124902521078052,1.0125808715820312
3695.690567579101,1.0052504547070138,1.012555480003357
3695.692882407278,0.9976443116643128,1.0125527381896973
3695.6951972354577,1.0036832280264867,1.0125527381896973
3695.6975120636357,1.0055060489660206,1.012555480003357
3695.6998268918155,0.9921610876877875,1.0125527381896973
3695.702141719993,1.0081553918386272,1.0125067234039307
3695.7044565481733,0.9990738824247468,1.0125067234039307
3695.7067713763513,0.9947992128589295,1.0125067234039307
3695.709086204531,0.9974390561654508,1.0124865770339966
3695.711401032711,1.002835158270238,1.0124865770339966
3695.713715860811,1.0099979360330367,1.0124865770339966
3695.716030688885,0.9940736008499823,1.0124865770339966
3695.7183455169566,0.9961860763352236,1.0124865770339966
3695.7206603450304,1.000772486437335,1.0124865770339966
3695.722975173102,0.9862467982096466,1.0124796628952026
3695.725290001176,0.9992621226988577,1.0124781131744385
3695.7276048292474,0.991243078941686,1.0124781131744385
3695.7299196573213,1.0010148300115578,1.0124502182006836
3695.732234485393,1.007829497433772,1.0124456882476807
3695.7345493134667,0.9986362903140347,1.0124456882476807
3695.7368641415374,1.0097648536855603,1.0124456882476807
3695.739178969611,1.0065381709840802,1.0124502182006836
3695.741493797684,1.0016726696424472,1.0124456882476807
3695.7438086257557,0.990770174531762,1.0124456882476807
3695.7461234538296,0.9989875107883852,1.0124361515045166
3695.748438281901,1.0062350285370332,1.0124235153198242
3695.750753109975,0.9924704868873196,1.0123945474624634
3695.7530679380466,0.9991432767239731,1.0124235153198242
3695.7553827660445,1.0088744332862662,1.0124235153198242
3695.7576975940087,1.0014079946496675,1.0124361515045166
3695.7600124219757,0.9986967821304198,1.0124235153198242
3695.762327249941,0.997341326506041,1.0123945474624634
3695.764642077908,0.9968184767852662,1.012381672859192
3695.766956905873,1.0061977371718098,1.0123602151870728
3695.7692717338405,1.0015153836343984,1.012353777885437
3695.7715865618075,1.015356749177807,1.0123523473739624
3695.7739013897726,0.9963691502829588,1.0123523473739624
3695.7762162177396,1.0064944768156256,1.0123602151870728
3695.7785310457048,1.0056989319610146,1.0123602151870728
3695.7808458736704,1.0081845974932802,1.0123602151870728
3695.783160701635,0.9837381965035827,1.0123602151870728
3695.7854755296025,0.9857463772459215,1.0123523473739624
3695.7877903575672,1.0006649654134379,1.0123456716537476
3695.7901051855347,0.9892612854828289,1.0123456716537476
3695.7924200135,0.990028933708471,1.0123456716537476
3695.794734841467,1.0033851378236367,1.01233971118927
3695.7970496693556,1.0103014311736727,1.01233971118927
3695.7993644972157,0.9978635425062956,1.0123366117477417
3695.8016793250736,1.0033771681810677,1.0123283863067627
3695.8039941529332,0.9922139371443645,1.0123062133789062
3695.806308980792,1.0055351961412367,1.0123062133789062
3695.808623808651,0.9982211093066271,1.0123025178909302
3695.8109386365104,0.9966087320145802,1.0123025178909302
3695.8132534643687,0.9864831381480668,1.0122662782669067
3695.815568292229,1.0071933871995347,1.0122549533843994
3695.8178831200867,0.9947456493149595,1.0122357606887817
3695.820197947947,1.0056704091744082,1.0122177600860596
3695.822512775804,0.9997164081776669,1.012215256690979
3695.8248276036643,0.9947075994947033,1.0121886730194092
3695.827142431522,1.002811977119297,1.012184977531433
3695.8294572593827,0.9941203579441004,1.012184977531433
3695.8317720872415,1.0081475023092579,1.012184977531433
3695.8340869151007,0.9956500094278258,1.012184977531433
3695.836401742961,1.0084616061364133,1.012184977531433
3695.8387165707422,1.0015133298816519,1.0121521949768066
3695.841031398495,0.9902667446677625,1.0121439695358276
3695.8433462262456,1.0118215945178122,1.0121439695358276
3695.845661053996,1.0133053118186583,1.0121039152145386
3695.847975881748,0.9973851177391964,1.012070894241333
3695.8502907095,1.0065937835223848,1.0120466947555542
3695.8526055372513,1.0025456840866358,1.0120466947555542
3695.854920365003,0.9980418334300402,1.0120360851287842
3695.8572351927537,0.996155166325189,1.0120360851287842
3695.8595500205065,1.0003784734034382,1.0120115280151367
3695.861864848259,0.991889893100578,1.0119574069976807
3695.86417967601,1.0064083761245581,1.0119545459747314
3695.8664945037604,0.9971369482110874,1.011949062347412
3695.8688093315122,0.9897250087145582,1.0119282007217407
3695.871124159263,1.0007718870990239,1.0118827819824219
3695.873438987015,1.0062128068055654,1.011861801147461
3695.8757538147665,0.9996869739701832,1.011861801147461
3695.8780686425184,1.002446253176365,1.011858344078064
3695.880383470193,0.9850387444562416,1.0118393898010254
3695.882698297837,0.9982232404531426,1.0118393898010254
3695.8850131254812,0.9851394758011499,1.0118393898010254
3695.8873279531235,1.003540795134358,1.0118393898010254
3695.8896427807676,1.005818885381071,1.0118136405944824
3695.8919576084113,0.9860182065347378,1.011789083480835
3695.8942724360554,0.9969040506672445,1.011755347251892
3695.8965872636986,1.0125640683950774,1.011755347251892
3695.8989020913427,1.006950433929344,1.0117406845092773
3695.9012169189864,0.9986513515058003,1.0117310285568237
3695.90353174663,1.0092550664256779,1.0116938352584839
3695.905846574275,0.997032266472447,1.0116828680038452
3695.908161401918,1.0056486782985974,1.0116589069366455
3695.9104762295606,1.0107288599368187,1.0116533041000366
3695.9127910572042,1.0035355546304112,1.0116533041000366
3695.915105884848,1.0003139195757844,1.0116398334503174
3695.917420712492,1.0056253516728582,1.0116368532180786
3695.9197355401357,1.0038698338678282,1.0115973949432373
3695.9220503677034,1.001534800216126,1.0115855932235718
3695.924365195238,1.00243418560076,1.0115855932235718
3695.9266800227742,1.0042584804286199,1.0115690231323242
3695.9289948503088,0.990736367347439,1.0115690231323242
3695.931309677845,0.9947081791299749,1.0115561485290527
3695.9336245053787,1.0006650203200653,1.0115450620651245
3695.935939332914,0.9906551109686421,1.0115242004394531
3695.93825416045,1.0046603058473027,1.0115242004394531
3695.940568987985,1.0032891077253785,1.0115242004394531
3695.942883815521,0.9917210086212485,1.0114729404449463
3695.945198643056,0.9990328145309304,1.011420726776123
3695.9475134705917,1.0015031094671027,1.011420726776123
3695.9498282981267,1.0009095540061983,1.0114166736602783
3695.9521431256635,0.9890559432440813,1.0114110708236694
3695.954457953197,1.0007930768446434,1.011301875114441
3695.9567727807334,0.9926676693019834,1.0112497806549072
3695.959087608268,0.9974625561089525,1.0111520290374756
3695.9614024358034,1.0031294000556699,1.011149525642395
3695.9637172632615,1.002837852400078,1.0111052989959717
3695.9660320906883,1.0060946105971451,1.0111041069030762
3695.968346918115,1.0107852034135085,1.0110989809036255
3695.9706617455427,1.0067405119256754,1.0110974311828613
3695.9729765729685,1.0016674067144777,1.0110657215118408
3695.975291400396,0.99645837941441,1.0110650062561035
3695.977606227821,1.0183342337521952,1.0110423564910889
3695.979921055248,1.0011320302663933,1.011040449142456
3695.9822358826755,0.9996733859547471,1.0110089778900146
3695.9845507101013,1.0085189554068388,1.0109963417053223
3695.986865537529,1.0025579977106074,1.0109963417053223
3695.989180364955,1.002435604347299,1.0109963417053223
3695.9914951923824,1.0062234000028771,1.0109822750091553
3695.9938100198083,0.9977676460551645,1.0109822750091553
3695.996124847236,1.0069799580459655,1.010979413986206
3695.998439674661,0.9949705025688724,1.0109626054763794
3696.0007545020876,0.9917426531167897,1.0109626054763794
3696.0030693295143,1.0076131863632884,1.0109602212905884
3696.0053841568633,1.000630265800009,1.0109602212905884
3696.0076989841814,0.9971232994467694,1.0109602212905884
3696.0100138114985,0.9896788175374136,1.0109106302261353
3696.0123286388166,0.9942797631570754,1.0108404159545898
3696.0146434661337,1.0023528135286188,1.0108006000518799
3696.0169582934527,1.0085182357637346,1.010745882987976
3696.019273120768,0.9942827346583352,1.0107194185256958
3696.021587948087,0.9981788561423738,1.010678768157959
3696.0239027754033,0.9987520918384919,1.010678768157959
3696.026217602722,1.0126712217280391,1.010678768157959
3696.028532430039,1.0124705892343977,1.010678768157959
3696.0308472573565,1.010108510197859,1.0106569528579712
3696.033162084674,1.0123180370405713,1.0106436014175415
3696.0354769119917,1.0027475524984468,1.010623812675476
3696.03779173931,1.00370500777627,1.0106223821640015
3696.040106566628,1.001910066568645,1.0106223821640015
3696.0424213939436,1.0036085015830176,1.010594367980957
3696.0447362212612,1.0088435478467659,1.010594367980957
3696.047051048502,1.001134299343673,1.010594367980957
3696.049365875709,1.005268677298234,1.0105693340301514
3696.051680702918,1.0116803150328952,1.0105470418930054
3696.053995530125,1.0045393031933667,1.0105457305908203
3696.056310357334,1.0136570787014716,1.010501742362976
3696.058625184541,1.0072703974646746,1.010501742362976
3696.0609400117505,1.0012540421624783,1.0104881525039673
3696.0632548389563,1.0050993737886407,1.0104812383651733
3696.0655696661656,1.008968999228576,1.0104812383651733
3696.0678844933727,1.0061356460661763,1.0104424953460693
3696.0701993205817,1.0085066706748211,1.0104243755340576
3696.0725141477888,0.9944813760599601,1.0104210376739502
3696.074828974997,0.9943819701072577,1.0103665590286255
3696.077143802206,1.0027473081748257,1.0103665590286255
3696.0794586294132,0.9855332426648877,1.0103665590286255
3696.081773456622,1.0070638599225297,1.0103288888931274
3696.0840882838293,0.9994069498259022,1.010278582572937
3696.0864031110377,1.0053238819747556,1.010278582572937
3696.088717938166,1.0162246310548235,1.0101903676986694
3696.0910327652655,0.9993314807541983,1.0101737976074219
3696.0933475923625,1.0059357563737779,1.0101674795150757
3696.095662419462,1.0207573868888453,1.0101674795150757
3696.0979772465585,0.9907815752819333,1.0101674795150757
3696.100292073658,0.9980082057956042,1.010151743888855
3696.102606900755,1.0021784880325362,1.010151743888855
3696.1049217278533,0.9986977299669033,1.0101395845413208
3696.107236554951,0.9853012018902829,1.0101380348205566
3696.1095513820496,0.9967226575988531,1.0101358890533447
3696.111866209148,1.0000273797938537,1.010108232498169
3696.1141810362446,1.0065398761914046,1.010108232498169
3696.116495863344,1.0001776162040739,1.010099172592163
3696.118810690441,1.0047157129453141,1.010054349899292
3696.1211255175403,1.0040810386785168,1.01004159450531
3696.1234403446374,1.002929092520705,1.0100114345550537
3696.1257551717367,0.9913493925477374,1.0099831819534302
3696.128069998834,0.9911900507450527,1.0099831819534302
3696.1303848258535,1.0049346473506593,1.00990891456604
3696.13269965284,0.9918734378692483,1.0098936557769775
3696.135014479829,1.0031292782640167,1.0098936557769775
3696.1373293068164,1.0059596733961096,1.0098140239715576
3696.1396441338043,1.0012724688918602,1.0098140239715576
3696.1419589607926,1.0041556052208096,1.0097607374191284
3696.144273787779,1.0045472377570077,1.0097523927688599
3696.146588614768,0.9892793145486053,1.009728193283081
3696.1489034417546,1.005430207110543,1.0097278356552124
3696.1512182687425,1.0012475793984463,1.0097029209136963
3696.1535330957295,1.00262355508775,1.0096794366836548
3696.1558479227183,1.0028736198767267,1.0096794366836548
3696.158162749705,1.0067956585522801,1.0096460580825806
3696.1604775766937,1.0089812437059564,1.009621262550354
3696.16279240368,1.0001571585173303,1.0096020698547363
3696.1651072306695,1.0020309151599627,1.009535312652588
3696.167422057656,1.0045380012436698,1.0095221996307373
3696.169736884645,0.9996288505573796,1.0094984769821167
3696.172051711554,1.0012898712573157,1.0094984769821167
3696.174366538429,0.9988421839028606,1.0094244480133057
3696.1766813653066,1.0043439658519855,1.0094175338745117
3696.178996192184,1.003934658939932,1.0094130039215088
3696.181311019061,1.0142083647046667,1.0093599557876587
3696.183625845938,0.999012297562632,1.0093599557876587
3696.185940672815,0.9949929318301026,1.0093249082565308
3696.188255499691,1.0055711260598978,1.009201169013977
3696.1905703265693,1.0058814336707738,1.009201169013977
3696.192885153445,1.0013839614040616,1.0091726779937744
3696.1951999803223,0.9905839663176954,1.0091607570648193
3696.1975148071983,0.9928465751922937,1.0091276168823242
3696.199829634076,1.0072923469045416,1.0091276168823242
3696.202144460953,1.0052817766596764,1.0091238021850586
3696.2044592878306,1.0020074082614543,1.0091238021850586
3696.206774114707,0.9904042979068046,1.0091238021850586
3696.2090889415845,1.0119740432058806,1.0091238021850586
3696.2114037684614,1.005347812157714,1.0091238021850586
3696.2137185952593,1.0070570565604082,1.0091238021850586
3696.216033422024,1.0086189084125796,1.0090643167495728
3696.2183482487894,1.0010750700124578,1.0090547800064087
3696.220663075556,0.9941639056466576,1.0090547800064087
3696.222977902321,0.9957822995038729,1.0090547800064087
3696.2252927290883,1.0131311329381159,1.00905179977417
3696.227607555853,0.999817355698006,1.00905179977417
3696.22992238262,1.0118798244767364,1.0090492963790894
3696.2322372093854,0.9906216330185629,1.00894296169281
3696.234552036152,0.9858328468397769,1.00894296169281
3696.2368668629174,1.010968588725896,1.0088772773742676
3696.239181689681,1.0017096751971608,1.0088695287704468
3696.241496516448,1.0085442575050863,1.0088675022125244
3696.2438113432136,1.0031163911967798,1.0088675022125244
3696.24612616998,0.9973559415924945,1.008838176727295
3696.248440996746,1.0090990538770621,1.008838176727295
3696.2507558235116,1.0022472605824964,1.008838176727295
3696.253070650278,1.0031698923328451,1.008838176727295
3696.2553854769644,1.014977758997432,1.008838176727295
3696.2577003036176,1.008451746088391,1.008824110031128
3696.2600151302718,0.9973147294487112,1.0088040828704834
3696.2623299569264,1.0064730571316007,1.0088040828704834
3696.264644783581,1.0127532625848128,1.0088040828704834
3696.266959610235,1.0049527275632306,1.0087254047393799
3696.2692744368896,1.0058309327329615,1.0086804628372192
3696.271589263544,1.0141881538866089,1.0086804628372192
3696.2739040901984,0.9944041340554339,1.0086804628372192
3696.2762189168525,0.9984422186748683,1.0086766481399536
3696.278533743507,0.9970606731661207,1.0086442232131958
3696.280848570161,0.9853907830789886,1.0086250305175781
3696.283163396814,1.0069292496287354,1.0086232423782349
3696.285478223469,1.0041545014545068,1.0086230039596558
3696.2877930501227,0.9943920567847981,1.0086126327514648
3696.2901078767777,0.9933587098043035,1.0086126327514648
3696.2924227034314,0.9970309150752595,1.0086126327514648
3696.294737530087,1.0074924171070396,1.0086084604263306
3696.297052356661,1.0073366833576913,1.0085862874984741
3696.2993671832037,0.9992052227409367,1.0085382461547852
3696.301682009746,0.9958333200335321,1.0083643198013306
3696.3039968362864,1.0077351744853442,1.0083630084991455
3696.30631166283,1.0039659162447576,1.0083407163619995
3696.308626489371,1.010967213744632,1.0083407163619995
3696.3109413159145,1.003585716717739,1.0083389282226562
3696.3132561424572,1.0082329616388606,1.0083389282226562
3696.3155709689995,1.0045729261726606,1.0083292722702026
3696.317885795542,0.9894508909021951,1.0083189010620117
3696.3202006220845,1.003865973134803,1.0082906484603882
3696.322515448627,0.9792441635959537,1.0082557201385498
3696.324830275169,1.0102657149052563,1.0082557201385498
3696.3271451017117,0.9950017198141867,1.0081897974014282
3696.329459928253,1.008845523710246,1.0081853866577148
3696.331774754796,1.0066293244440998,1.0081853866577148
3696.334089581338,1.0081594592271217,1.0081449747085571
3696.3364044078808,1.0050356579115558,1.008139729499817
3696.338719234343,1.0029554056916008,1.0081180334091187
3696.341034060773,0.9963443217318514,1.0081180334091187
3696.3433488872033,0.9952860783101778,1.008111596107483
3696.3456637136333,0.9916018645967845,1.0080957412719727
3696.3479785400614,0.9953976340149376,1.0080957412719727
3696.3502933664927,1.0008521335444391,1.0080839395523071
3696.3526081929217,1.0074144938573224,1.008082628250122
3696.3549230193526,1.0021212955820453,1.0080519914627075
3696.357237845784,1.0062841506786253,1.0078482627868652
3696.359552672213,1.01223238334774,1.0078482627868652
3696.361867498644,0.9947700877786878,1.0078482627868652
3696.364182325073,0.9970909973500327,1.0078482627868652
3696.3664971515036,1.0089234810494605,1.0078339576721191
3696.368811977934,1.0003486973056628,1.0078339576721191
3696.371126804363,1.0070385284500571,1.0078339576721191
3696.3734416307916,1.0066007642952883,1.0078339576721191
3696.375756457223,1.0080785879509704,1.0078339576721191
3696.378071283652,0.9940849701344517,1.007781982421875
3696.3803861100027,1.0148786752198022,1.0077366828918457
3696.3827009363204,1.013115255262766,1.0076102018356323
3696.3850157626375,1.0043060902955085,1.0076102018356323
3696.387330588956,1.0159634883638387,1.0075688362121582
3696.3896454152723,1.0096090013399077,1.0075658559799194
3696.3919602415904,1.0114648769680818,1.0075658559799194
3696.3942750679066,1.0007576837640462,1.0075658559799194
3696.396589894225,0.998243520786562,1.007505178451538
3696.3989047205414,1.007014448820365,1.007503867149353
3696.40121954686,1.0031381474706864,1.0074952840805054
3696.403534373176,0.9933072101073859,1.0074952840805054
3696.405849199494,1.022292782607358,1.0074841976165771
3696.4081640258114,1.0082051591513348,1.0074841976165771
3696.4104788521286,1.0067549834997556,1.0074841976165771
3696.412793678444,0.9985924208917113,1.0074841976165771
3696.4151085047624,1.0093994005719769,1.0074841976165771
3696.4174233310787,1.0013100803536459,1.0074841976165771
3696.419738157397,1.0043228392015988,1.0074841976165771
3696.4220529836352,1.0119275604057723,1.0074195861816406
3696.4243678098383,1.0009201696065706,1.0073919296264648
3696.4266826360436,0.9887925362077005,1.0073018074035645
3696.428997462247,1.0033571817189704,1.007240891456604
3696.4313122884523,1.014658999172599,1.007240891456604
3696.433627114656,0.9987976399230414,1.0072250366210938
3696.4359419408593,1.005193711913164,1.0071150064468384
3696.4382567670623,1.0019206246753043,1.0071150064468384
3696.440571593268,1.0082771360377794,1.0071053504943848
3696.442886419471,0.99199060004387,1.0070441961288452
3696.4452012456763,1.0063779259735803,1.006917119026184
3696.44751607188,0.9963758819794227,1.0068317651748657
3696.449830898085,0.9951880583428834,1.00682532787323
3696.4521457242904,1.000677729940958,1.0068228244781494
3696.454460550494,1.010410261347103,1.0067378282546997
3696.4567753766983,1.0028934048983495,1.0066893100738525
3696.4590902029017,1.0057587449296732,1.0066893100738525
3696.461405029107,0.9946955155589644,1.0066691637039185
3696.463719855229,1.0043139714815328,1.0066536664962769
3696.466034681321,1.0034966480143244,1.0065795183181763
3696.468349507411,0.9965058390172862,1.0065795183181763
3696.470664333503,1.007175678346754,1.0065795183181763
3696.472979159593,0.9986053565206185,1.006486177444458
3696.475293985685,1.0101738036135723,1.006385326385498
3696.4776088117746,1.0017380284583206,1.006334900856018
3696.4799236378644,1.0161964005024187,1.0063132047653198
3696.482238463954,1.0119003971655973,1.0063132047653198
3696.4845532900463,1.0058650248229979,1.0063132047653198
3696.4868681161383,1.0003737457749253,1.0063132047653198
3696.489182942228,1.0028698463211865,1.0063132047653198
3696.49149776832,1.004404869380294,1.0063132047653198
3696.49381259441,1.00806288428959,1.0062336921691895
3696.4961274205016,1.0067122840389904,1.0062031745910645
3696.4984422465914,1.0065744732578137,1.0061707496643066
3696.5007570726816,1.0287698219936279,1.0061707496643066
3696.5030718987714,1.0147793248923151,1.0061707496643066
3696.505386724782,1.0215701393256127,1.0061707496643066
3696.507701550758,1.0100838438349626,1.0060951709747314
3696.510016376736,1.0078637061865516,1.006070613861084
3696.512331202712,1.0025580802347809,1.006070613861084
3696.5146460286905,0.991700094816111,1.006066083908081
3696.5169608546685,1.0109087100118337,1.006055235862732
3696.5192756806446,0.9907833896607169,1.0060139894485474
3696.5215905066225,1.0101912548880199,1.006007194519043
3696.5239053325977,1.0023922254273405,1.005957841873169
3696.5262201585756,1.004007387606134,1.00587797164917
3696.5285349845517,0.9976612898733602,1.0058351755142212
3696.5308498105296,0.9983914712420373,1.005831241607666
3696.5331646365057,0.9985790371895444,1.005797028541565
3696.5354794624836,1.01199221830377,1.0057355165481567
3696.5377942884597,1.005652788565605,1.0057355165481567
3696.5401091144377,0.9970985173031086,1.0057355165481567
3696.5424239404138,0.9951026824593057,1.0056794881820679
3696.54473876639,1.017440467645876,1.0056647062301636
3696.5470535922864,1.0132904589985428,1.0056647062301636
3696.5493684181483,1.0069983232047948,1.0056179761886597
3696.5516832440117,1.0102489159686379,1.0051394701004028
3696.553998069874,1.0141489461882716,1.0051229000091553
3696.556312895738,1.0092305488051998,1.0050824880599976
3696.5586277216,1.0010073491535267,1.0050581693649292
3696.5609425474636,1.0106824925816025,1.0049408674240112
3696.563257373325,0.9838600924097107,1.0049164295196533
3696.5655721991893,1.0241013778418357,1.0049164295196533
3696.56788702505,1.0051664027236547,1.0049164295196533
3696.5702018509123,0.9979529625043136,1.0049036741256714
3696.5725166767756,1.0025972574697843,1.0048938989639282
3696.5748315026385,1.0097951775068956,1.0048449039459229
3696.5771463285,1.0034750827632288,1.0047988891601562
3696.5794611543643,1.000322463382966,1.0047988891601562
3696.5817759802276,1.0077468050583749,1.0047717094421387
3696.5840908060904,1.0090308999112834,1.0046902894973755
3696.5864056319538,1.0140281609787332,1.0046420097351074
3696.588720457733,1.0068260094395316,1.0046154260635376
3696.5910352834817,1.0001028874832214,1.004538655281067
3696.593350109229,1.0083208578615053,1.0045212507247925
3696.5956649349787,1.0149874338222449,1.0044326782226562
3696.5979797607256,1.0066037708977387,1.0044326782226562
3696.600294586475,1.0108742016411176,1.0044243335723877
3696.602609412222,1.0121601168297953,1.0043678283691406
3696.6049242379713,0.9989607614134927,1.004271149635315
3696.607239063718,1.0017286615117427,1.004271149635315
3696.6095538894656,1.013606796429989,1.0042133331298828
3696.6118687152148,1.014707970342118,1.0041627883911133
3696.6141835409626,1.0120213391889152,1.004122257232666
3696.6164983667113,1.0164036394224463,1.004071831703186
3696.6188131924587,0.9982195534256262,1.0040528774261475
3696.621128018208,1.0186366148032426,1.0040409564971924
3696.623442843955,1.0,1.0039373636245728
3696.625757669704,1.0109690577283952,1.0038349628448486
3696.6280724954518,0.9946142952764752,1.0037503242492676
3696.630387321119,1.0093021814075611,1.0037503242492676
3696.63270214675,1.0078838024936017,1.0036119222640991
3696.6350169723833,1.01831340260856,1.0034828186035156
3696.637331798017,1.008894815624406,1.0034561157226562
3696.6396466236497,1.0059366104202172,1.0034558773040771
3696.6419614492834,1.0139090747740627,1.0034558773040771
3696.6442762749166,1.005233457295623,1.0033615827560425
3696.6465911005507,1.0120189283180665,1.0033615827560425
3696.648905926183,1.0084704511423537,1.0033594369888306
3696.651220751817,1.010390839387705,1.0032274723052979
3696.653535577449,1.0175428444183134,1.0032274723052979
3696.6558504030827,1.0012896162188638,1.0032274723052979
3696.6581652287155,1.0105451874132236,1.0031828880310059
3696.660480054349,1.0116562182678532,1.0031658411026
3696.662794879982,1.024848732097078,1.0031505823135376
3696.6651097056156,1.0009678391932328,1.0031009912490845
3696.6674245312483,1.009707884054912,1.003098964691162
3696.6697393568825,0.9997713499054739,1.003098964691162
3696.6720541824325,1.0026897284768244,1.003098964691162
3696.6743690079516,1.0044927104427144,1.00306236743927
3696.6766838334684,1.0003245751523995,1.0030360221862793
3696.678998658985,1.0051464281774996,1.0029563903808594
3696.6813134845042,1.0101221013993162,1.0028696060180664
3696.683628310021,1.0089873857082403,1.0028696060180664
3696.68594313554,1.011707218383503,1.0028687715530396
3696.6882579610574,0.9982090908431716,1.002846598625183
3696.690572786576,1.0038015116417431,1.0028413534164429
3696.6928876120933,1.0012320140100581,1.0028173923492432
3696.695202437612,1.0180046660488706,1.0026147365570068
3696.6975172631282,1.0175214037003515,1.002577304840088
3696.699832088646,1.0097038986339015,1.002577304840088
3696.7021469141637,1.0002907174454723,1.002577304840088
3696.7044617396814,1.0109858894345787,1.002568244934082
3696.7067765651996,1.017769223872625,1.00254225730896
3696.7090913907173,1.007016309422671,1.002292513847351
3696.7114062162364,1.018952234939537,1.002265214920044
3696.713721041671,1.0125780627880243,1.0022515058517456
3696.716035867074,1.004371689087537,1.0021982192993164
3696.7183506924757,1.0133802269002115,1.0020716190338135
3696.7206655178775,0.99948758045891,1.0019805431365967
3696.722980343279,1.0077987641387254,1.001914143562317
3696.725295168682,0.9993112158545284,1.001914143562317
3696.7276099940837,1.0056904410085832,1.0019088983535767
3696.7299248194863,0.9993379539325882,1.0018645524978638
3696.732239644888,0.9962480883181829,1.0018645524978638
3696.7345544702907,1.0163473242071552,1.0018209218978882
3696.7368692956925,1.014073536040485,1.0018010139465332
3696.739184121095,1.0110284016028892,1.0017842054367065
3696.741498946497,1.0071784772545487,1.001686692237854
3696.7438137718977,1.0174814022065033,1.0016050338745117
3696.7461285973013,1.01011278055878,1.001530647277832
3696.748443422702,1.0084962747185564,1.001474380493164
3696.7507582481057,1.009429687123367,1.0014671087265015
3696.7530730735066,1.0158483927048423,1.0014671087265015
3696.7553878988274,0.9963876254982879,1.0013598203659058
3696.7577027241127,1.0170175120500482,1.0013293027877808
3696.7600175493994,1.0061968468585916,1.0012904405593872
3696.7623323746852,0.9955878107161927,1.0012799501419067
3696.76464719997,0.9997590207096936,1.0012462139129639
3696.7669620252564,1.0071061889710005,1.0012240409851074
3696.7692768505426,1.0048252885267028,1.0012240409851074
3696.771591675829,1.0066035136664944,1.0012223720550537
3696.7739065011147,1.0046032426774008,1.0012223720550537
3696.776221326402,1.0182548815677692,1.0012012720108032
3696.778536151687,1.0148775047298597,1.0010852813720703
3696.7808509769743,1.003062827985769,1.00105619430542
3696.9984445362134,0.9917221608872534,1.001050591468811
3697.00075936092,0.984439746441199,1.001050591468811
3697.003074185629,0.9901184542254104,1.001050591468811
3697.0053890102545,1.0071776500237346,1.001004934310913
3697.0077038348422,0.9966794542879063,1.000960111618042
3697.0100186594336,0.9955018434706554,1.000960111618042
3697.0123334840227,0.9801443176890112,1.0008553266525269
3697.0146483086123,1.000225118508815,1.000830888748169
3697.0169631332024,0.9891383750931002,1.0008240938186646
3697.0192779577915,0.9871526890194353,1.0007789134979248
3697.0215927823815,0.9848255098007872,1.0007789134979248
3697.0239076069724,0.9876408229913843,1.0007543563842773
3697.0262224315607,0.9977050999539125,1.000752329826355
3697.028537256152,0.9918634120076453,1.0007303953170776
3697.030852080742,0.994795368763874,1.0007303953170776
3697.033166905332,0.9908570073980894,1.0007303953170776
3697.0354817299212,0.9913285074253643,1.0006426572799683
3697.037796554512,0.9816784008022298,1.0004768371582031
3697.0401113791013,0.991524333158533,1.00045645236969
3697.0424262036913,0.9954112851845061,1.00045645236969
3697.0447410282827,0.9940491816582094,1.000378966331482
3697.047055852786,0.9867251037302368,1.0003421306610107
3697.0493706772586,0.9975658907208403,1.0002552270889282
3697.0516855017277,0.9966699039620897,1.0002552270889282
3697.0540003262017,1.0054088177888418,1.000254511833191
3697.056315150672,0.9842126320396097,1.0002450942993164
3697.0586299751435,0.9966845907932275,1.0002096891403198
3697.060944799614,0.9926513345602165,1.0002096891403198
3697.063259624086,0.9975662200883145,1.0001946687698364
3697.0655744485557,1.0001151401282775,1.0001393556594849
3697.067889273028,0.99477673840437,1.0001393556594849
3697.0702040975,1.00690963915521,1.0001336336135864
3697.0725189219716,0.9909494981280372,1.0001170635223389
3697.074833746444,0.9961431814601382,0.9999740719795227
3697.0771485709142,0.9913483048953133,0.999942421913147
3697.0794633953847,1.0097937986398051,0.9999350309371948
3697.081778219856,1.0041061923354653,0.9999350309371948
3697.0840930443283,0.9864721608109217,0.9999141693115234
3697.0864078687982,0.9910794008980519,0.9997072219848633
3697.0887226931854,0.9886320150760642,0.999658465385437
3697.0910375175363,0.9837849879214134,0.9996296167373657
3697.0933523418907,1.00174255258549,0.9994807243347168
3697.0956671662425,0.9856309969745638,0.9994405508041382
3697.0979819905947,0.9928943101164551,0.9994405508041382
3697.1002968149464,0.9852625667429853,0.9993646144866943
3697.1026116392995,1.0015965115316467,0.9993646144866943
3697.1049264636504,0.9906031881986784,0.9993064403533936
3697.1072412880035,0.9931443628298583,0.9989783763885498
3697.1095561123575,0.9878541631127584,0.9993064403533936
3697.1118709367074,0.99021179856225,0.9989783763885498
3697.1141857610623,0.994057694413358,0.998903214931488
3697.1165005854136,0.9957446333623131,0.9987645149230957
3697.1188154097663,1.0019698071126346,0.9987630248069763
3697.1211302341176,0.9872070919100814,0.9987215995788574
3697.12344505847,0.9910637917166244,0.9986746907234192
3697.1257598828215,0.9909969100783254,0.998644232749939
3697.128074707175,0.9916107366524896,0.9984903335571289
3697.1303895314404,1.0014468816887983,0.9984903335571289
3697.1327043556757,0.9902929892564318,0.9984734058380127
3697.135019179908,0.9858494623732942,0.9984557032585144
3697.1373340041414,0.9949295618241565,0.9983444213867188
3697.1396488283754,1.0016323530816553,0.9983444213867188
3697.1419636526075,0.9931202848606863,0.9983325004577637
3697.1442784768406,1.0006171234498908,0.9981056451797485
3697.1465933010727,0.993549117984315,0.9980795979499817
3697.1489081253067,0.9897201534285136,0.9980795979499817
3697.151222949538,0.9956440592563696,0.9980356097221375
3697.153537773773,0.9931874560707643,0.9980356097221375
3697.1558525980054,0.9906919516728525,0.9979884028434753
3697.1581674222384,0.9906013924964645,0.9979105591773987
3697.1604822464706,0.9884401529844122,0.9978444576263428
3697.1627970707036,0.990652214818421,0.9978204965591431
3697.165111894937,0.98865465272082,0.9977811574935913
3697.16742671917,0.9811272288693124,0.9977811574935913
3697.1697415434014,0.9940350576195118,0.9977604150772095
3697.17205636755,0.9934820867454103,0.9977555274963379
3697.1743711916656,0.9992070178146787,0.9977425336837769
3697.1766860157772,0.985524133195419,0.9977158308029175
3697.1790008398916,0.98963379076057,0.9976820349693298
3697.181315664004,1.002508907958573,0.9976363778114319
3697.1836304881176,0.9972672242986896,0.9976363778114319
3697.1859453122297,0.9855167621857226,0.9975702166557312
3697.188260136344,0.9844891451443786,0.9974754452705383
3697.1905749604557,0.9985200952669998,0.9974754452705383
3697.1928897845714,1.0031813424979708,0.9974693655967712
3697.1952046086835,0.9913013979038284,0.997448742389679
3697.1975194327974,0.9843055358426125,0.9973779320716858
3697.19983425691,0.9977816486515643,0.997292697429657
3697.2021490810234,0.9840132286507444,0.99724280834198
3697.2044639051364,0.9859675100493349,0.99724280834198
3697.20677872925,0.9888775507276454,0.9971933364868164
3697.2090935533633,1.0041329269625217,0.9971587657928467
3697.211408377476,0.9934141953385207,0.9970815181732178
3697.213723201506,0.9957406008393604,0.9969513416290283
3697.2160380254973,0.9956406371180603,0.9969513416290283
3697.2183528494916,0.9889654275173396,0.9969242811203003
3697.220667673484,0.9786997972328894,0.996893584728241
3697.2229824974775,1.0017561032075206,0.996893584728241
3697.225297321471,0.9982615398625172,0.9968621134757996
3697.2276121454643,0.9863220407865768,0.9968621134757996
3697.2299269694568,0.9982519536803605,0.9967487454414368
3697.23224179345,0.985355168513424,0.9967419505119324
3697.2345566174436,0.9812166849127165,0.9967291951179504
3697.2368714414365,0.9916090281165832,0.9965466856956482
3697.239186265429,0.9958939026604845,0.9964888095855713
3697.241501089423,0.9730902748181054,0.9964576363563538
3697.243815913417,0.9929461349096187,0.9964576363563538
3697.2461307374106,0.9778364976705547,0.9962998628616333
3697.248445561403,0.9914300096716462,0.9962819814682007
3697.2507603853956,0.9875423859926132,0.9962819814682007
3697.2530752093903,0.9849064645436587,0.9962819814682007
3697.2553900332964,1.0008996374467671,0.9962624907493591
3697.2577048571707,0.995680531398625,0.996209979057312
3697.260019681042,0.9891610114745768,0.996117353439331
3697.2623345049155,0.9816241960103311,0.9961016774177551
3697.2646493287884,0.9912566637743014,0.9961016774177551
3697.2669641526613,0.9816058925292003,0.9960728883743286
3697.2692789765333,0.992677363202091,0.9960728883743286
3697.271593800406,0.9950909951511938,0.9960728883743286
3697.273908624279,0.9911147242362369,0.9960341453552246
3697.276223448152,0.9902476582315447,0.9960203170776367
3697.2785382720263,0.9978796931261089,0.9960125088691711
3697.280853095897,0.9963375919200097,0.9960125088691711
3697.283167919771,1.0017890383028942,0.995999276638031
3697.285482743644,0.9813436355083921,0.9959781169891357
3697.2877975675165,0.988969406003459,0.9959221482276917
3697.2901123913894,0.98937590885948,0.9959006905555725
3697.2924272152623,0.996095189489637,0.9958656430244446
3697.2947420391342,0.9830583066865576,0.9958609938621521
3697.297056862922,0.9844232999307209,0.9958609938621521
3697.299371686673,0.9842539775643375,0.9958609938621521
3697.301686510425,0.9868320532102194,0.9958605766296387
3697.304001334178,0.9871754862768025,0.9958605766296387
3697.3063161579307,1.0047714685553146,0.9956283569335938
3697.3086309816813,0.988038266483492,0.995587170124054
3697.310945805434,0.9903055827693868,0.9955219626426697
3697.3132606291856,0.9970158115108451,0.9954984784126282
3697.3155754529375,0.9750372387732538,0.9954975843429565
3697.317890276691,0.992680729791817,0.9954560995101929
3697.320205100441,0.9904993716007113,0.9954195618629456
3697.3225199241947,0.9911246208834767,0.9953785538673401
3697.3248347479466,0.9958305711688167,0.9954195618629456
3697.327149571698,0.9922190342021784,0.9954195618629456
3697.32946439545,0.9820933106446764,0.9953785538673401
3697.3317792192024,0.9868953402220694,0.995311975479126
3697.3340940429534,0.9960628259006911,0.9952642321586609
3697.3364088667067,0.9965355527644962,0.9951692819595337
3697.3387236903714,0.9893129382367334,0.9951692819595337
3697.3410385140023,0.9925334972032508,0.9951692819595337
3697.343353337635,0.9826875864344936,0.9951692819595337
3697.345668161266,0.9881863259367051,0.9951636791229248
3697.347982984896,1.0011417053923328,0.9951636791229248
3697.350297808527,0.985589128846802,0.9951636791229248
3697.352612632157,0.9961767890226749,0.99513840675354
3697.354927455788,0.9974992057738207,0.9951291084289551
3697.35724227942,0.989234042522606,0.9951291084289551
3697.359557103049,0.9794284567006,0.9951229691505432
3697.361871926681,0.9905118864826263,0.9950803518295288
3697.3641867503125,0.9889808791323201,0.9950063824653625
3697.366501573942,0.9885480445188749,0.9949621558189392
3697.368816397574,0.9989394263448581,0.9949153661727905
3697.371131221206,0.9897526406504707,0.9949153661727905
3697.373446044835,0.9934715080539016,0.9949153661727905
3697.375760868467,0.9875439743285357,0.994911253452301
3697.3780756920987,0.9922769453651038,0.994911253452301
3697.3803905156415,0.9906082146459634,0.9949100613594055
3697.382705339152,0.9937365132300424,0.9949100613594055
3697.385020162662,0.9827607062078029,0.9948886036872864
3697.38733498617,0.9809449582458206,0.9948839545249939
3697.3896498096797,0.9987294793327699,0.994848906993866
3697.3919646331883,0.9887336906534524,0.9947448968887329
3697.394279456698,0.9963213004934374,0.9947448968887329
3697.3965942802083,0.9927556326903243,0.9947316646575928
3697.398909103716,0.9844489978565302,0.9947316646575928
3697.4012239272265,0.9861622112131425,0.994720995426178
3697.403538750735,0.9805882782640816,0.9946491122245789
3697.4058535742447,1.0002189110633803,0.9946311712265015
3697.4081683977543,0.9903304027291759,0.9945144057273865
3697.410483221265,0.9881353659714108,0.9944712519645691
3697.412798044774,0.9904399963222456,0.9944494962692261
3697.4151128682834,0.9898393152926037,0.9944388270378113
3697.4174276917934,0.9931341360890134,0.994425892829895
3697.419742515301,0.9919440522119257,0.994425892829895
3697.4220573387247,0.9854393754967943,0.994396984577179
3697.4243721621124,0.9978651777797705,0.994377613067627
3697.426686985499,0.9800702313346938,0.9943593740463257
3697.4290018088873,1.0124486725136432,0.9943593740463257
3697.4313166322736,0.991738386247392,0.9943445920944214
3697.4336314556617,0.9940396323533731,0.994266152381897
3697.4359462790503,0.989168999164803,0.9941994547843933
3697.438261102436,1.0083954072924226,0.9941955804824829
3697.4405759258248,0.9925421978576318,0.9941803812980652
3697.4428907492115,0.9812524835971672,0.9941718578338623
3697.445205572599,1.0061088396514126,0.9941718578338623
3697.447520395988,0.9833644854658156,0.9941718578338623
3697.449835219376,0.9959165450528245,0.9940736889839172
3697.4521500427627,0.9887470600844537,0.9940728545188904
3697.4544648661504,0.9818389237331703,0.9939634203910828
3697.456779689539,0.9870299957321743,0.9939634203910828
3697.459094512925,0.9805712614766902,0.9939006567001343
3697.4614093363134,1.0038894843350743,0.9938898086547852
3697.463724159612,0.9771031617712674,0.9938898086547852
3697.466038982878,0.9809516858590114,0.9938898086547852
3697.4683538061436,0.9914947815565421,0.9938898086547852
3697.4706686294085,0.9754579633082401,0.9938601851463318
3697.472983452674,0.9937513992884462,0.9938271641731262
3697.4752982759405,0.9823739233157395,0.9936882257461548
3697.477613099204,0.9821243930145431,0.9936882257461548
3697.4799279224703,0.9979143662912646,0.993680477142334
3697.482242745737,0.993334429835611,0.993680477142334
3697.4845575690006,0.982695813460106,0.9936618208885193
3697.486872392267,0.9902805964820451,0.9936618208885193
3697.489187215532,0.9886043785929988,0.9936564564704895
3697.4915020387966,0.9875721820210372,0.9936203360557556
3697.493816862063,0.9890122665891763,0.993584930896759
3697.496131685329,0.9885963158814202,0.9935340881347656
3697.4984465085927,0.9988245059493414,0.9935340881347656
3697.500761331859,0.9849812834474836,0.9935300350189209
3697.5030761551225,1.01294277397882,0.9935263395309448
3697.5053909783014,0.998663163124517,0.9934725165367126
3697.5077058014444,0.9874390610391846,0.9934725165367126
3697.5100206245866,0.975239829834358,0.9933637976646423
3697.512335447729,0.991131220861498,0.9933637976646423
3697.5146502708735,0.9828705981069764,0.9933480024337769
3697.5169650940165,0.9861979164947694,0.9932823777198792
3697.519279917158,1.001357915469837,0.9932823777198792
3697.521594740302,0.9868363389917245,0.9932823777198792
3697.5239095634433,0.9857189346007291,0.9932823777198792
3697.526224386587,1.0009270811017437,0.9932595491409302
3697.52853920973,0.985959016997968,0.9932478070259094
3697.5308540328715,0.9894311865032103,0.9932478070259094
3697.5331688560145,0.9924648040771648,0.9932478070259094
3697.535483679159,0.983936409464755,0.9930711984634399
3697.537798502299,0.993308640064931,0.9930217862129211
3697.5401133254436,0.9924224700002461,0.9930711984634399
3697.542428148585,0.9822673769687783,0.9930217862129211
3697.5447429717283,0.9919400814905366,0.9930189847946167
3697.5470577947835,0.9964496598878734,0.9930189847946167
3697.5493726178024,0.9837855053721978,0.9929932355880737
3697.5516874408227,0.9913508663419826,0.9929819107055664
3697.5540022638434,0.9966010327338105,0.9929819107055664
3697.5563170868636,0.9861262709886603,0.9929819107055664
3697.558631909883,0.9964149524066549,0.9929819107055664
3697.5609467329036,0.9975938012921418,0.9929819107055664
3697.5632615559216,0.9878068186709,0.992967426776886
3697.5655763789423,0.9976432726358981,0.9929355382919312
3697.5678912019625,0.9940318553569683,0.9929305911064148
3697.5702060249814,0.9948713010946711,0.9929305911064148
3697.572520848001,0.990172432672303,0.9928722381591797
3697.5748356710224,0.9977918229914072,0.9928722381591797
3697.5771504940403,0.9878360861855995,0.9928722381591797
3697.5794653170615,1.003361702311589,0.9928722381591797
3697.581780140079,0.9804008156741606,0.9928722381591797
3697.5840949631006,1.001898973778529,0.9928594827651978
3697.5864097861204,1.0056780247373105,0.992836058139801
3697.5887246090524,0.9878273969484018,0.9927706718444824
3697.591039431949,0.9971217863404719,0.9927640557289124
3697.5933542548455,0.9836017650770299,0.9927640557289124
3697.595669077742,0.9870730554058659,0.9927049279212952
3697.5979839006377,1.001377979054118,0.9927049279212952
3697.600298723536,0.99916705530814,0.992665708065033
3697.6026135464303,1.009202801917382,0.992665708065033
3697.6049283693283,1.0108712275532608,0.9926643967628479
3697.607243192225,0.9910263180727681,0.9926643967628479
3697.6095580151205,0.993171970101137,0.9926643967628479
3697.611872838017,0.9994146202041594,0.9926643967628479
3697.6141876609126,0.9885948620766059,0.9926444292068481
3697.616502483809,0.9899641786255391,0.992640495300293
3697.6188173067067,0.9938421054148545,0.992640495300293
3697.621132129602,0.9927343473222167,0.9926378726959229
3697.6234469524998,1.0017721587394994,0.9926378726959229
3697.625761775397,0.9897103649840516,0.9926060438156128
3697.628076598293,1.0018579664763785,0.9926052689552307
3697.630391421101,0.9899663487253031,0.9925878643989563
3697.632706243874,0.9983332410558831,0.9925769567489624
3697.6350210666465,1.000497782468881,0.9925277233123779
3697.6373358894193,1.0002447775778935,0.9925277233123779
3697.6396507121935,1.0029773463560583,0.9925010800361633
3697.641965534964,0.9929172256981939,0.9924662113189697
3697.6442803577384,0.990678717324432,0.9924662113189697
3697.646595180511,1.0017489759202753,0.9924361109733582
3697.6489100032845,1.0050716157622244,0.9924361109733582
3697.6512248260565,1.008451912171031,0.9924361109733582
3697.6535396488293,0.9983325786633134,0.992397129535675
3697.6558544716013,1.0029684412566124,0.9923661947250366
3697.658169294375,0.9890480242165032,0.9923661947250366
3697.660484117148,0.9921242788367112,0.9923661947250366
3697.66279893992,0.9929874359102648,0.9923647046089172
3697.6651137626945,0.9882574495532169,0.9923388361930847
3697.6674285854665,0.9985628045751191,0.992321789264679
3697.6697434082403,1.0026543686764793,0.9922547936439514
3697.672058230924,0.9966350044238477,0.9922547936439514
3697.674373053572,1.0006433255262006,0.9921977519989014
3697.676687876221,0.9972908720464035,0.9921977519989014
3697.6790026988706,0.9968763513072695,0.9921740293502808
3697.6813175215175,0.9896866006428723,0.9921740293502808
3697.6836323441676,0.9987083534865234,0.9921444058418274
3697.6859471668167,0.997887856390816,0.9921297430992126
3697.6882619894654,0.9937650400191046,0.9921297430992126
3697.6905768121137,1.007887430696756,0.992117166519165
3697.6928916347624,1.0038352140623434,0.992117166519165
3697.6952064574116,0.9775715807357787,0.9920952916145325
3697.6975212800603,1.0015856988742637,0.9920833110809326
3697.699836102709,1.008191225443086,0.9920833110809326
3697.7021509253573,1.0031049489569943,0.9920833110809326
3697.7044657480074,0.9884548270465278,0.9919829964637756
3697.7067805706556,0.9973218747153392,0.9919769763946533
3697.7090953933052,0.9882452338758624,0.9919769167900085
3697.711410215953,0.9943318943800304,0.9919655919075012
3697.7137250385135,0.9905502931334329,0.9919655919075012
3697.716039861037,0.988822296305078,0.9919599890708923
3697.718354683562,0.9977601445006037,0.9919491410255432
3697.720669506085,0.995327987320325,0.9919068813323975
3697.7229843286104,1.0082938756006392,0.9919068813323975
3697.725299151135,1.0005638936447552,0.9919068813323975
3697.72761397366,0.994744203565125,0.9919068813323975
3697.7299287961855,0.988647794577343,0.9919068813323975
3697.732243618708,1.0064780467262562,0.9919068813323975
3697.7345584412333,0.9969512616494736,0.9918993711471558
3697.736873263757,0.9913106821874964,0.9918676018714905
3697.7391880862815,0.9957238174635715,0.9918676018714905
3697.741502908805,0.9887606209734077,0.9918676018714905
3697.74381773133,0.986526109928641,0.9918676018714905
3697.746132553853,0.9994440764394595,0.9918676018714905
3697.7484473763798,1.0041442175446496,0.9918676018714905
3697.7507621989034,0.986497187319661,0.9918530583381653
3697.753077021428,1.0042835166397615,0.9918530583381653
3697.7553918438625,0.9992374643288169,0.9918530583381653
3697.757706666263,0.9957181648522457,0.9918388724327087
3697.760021488662,0.9941018762889224,0.9918134212493896
3697.7623363110615,0.9908343199743314,0.9918088316917419
3697.7646511334615,0.9979868168235905,0.9917215704917908
3697.766965955861,1.008543827753836,0.9917215704917908
3697.7692807782623,1.0006052291194902,0.9917215704917908
3697.77159560066,0.9982745856222761,0.9917212724685669
3697.773910423061,1.0063247093216319,0.9917160868644714
3697.7762252454595,1.0076537565432873,0.9917160868644714
3697.778540067859,0.9921611276676883,0.9917160868644714
3697.780854890258,0.9985257450685123,0.9917160868644714
3697.7831697126585,1.0152627367025409,0.9917160868644714
3697.7854845350566,1.0007915503056664,0.9917160868644714
3697.7877993574584,1.0056231926042636,0.9917160868644714
3697.790114179857,0.9914060595970666,0.9917160868644714
3697.792429002257,0.988836135563658,0.9917160868644714
3697.7947438246556,0.9984340107266209,0.9917047619819641
3697.7970586469673,1.0016898304363495,0.9916880130767822
3697.799373469241,1.0009257253558832,0.9916880130767822
3697.8016882915153,1.0030860435387947,0.9916713237762451
3697.80400311379,0.9991763177653544,0.9916713237762451
3697.806317936064,0.9882467793461014,0.9916560053825378
3697.8086327583405,0.9967116515270243,0.9916560053825378
3697.8109475806127,1.0048813203409224,0.991648256778717
3697.8132624028885,1.0134724061240932,0.9916450381278992
3697.8155772251625,0.9996375543465619,0.991641104221344
3697.817892047437,1.0028442717488601,0.9916183948516846
3697.8202068697115,1.0013864615093135,0.9916183948516846
3697.822521691986,1.0175883973128357,0.9916080236434937
3697.82483651426,0.9924191030980098,0.9916080236434937
3697.8271513365344,0.9885864280191978,0.9916080236434937
3697.829466158809,1.002510997825441,0.9915838241577148
3697.8317809810833,1.0029119351652462,0.9915838241577148
3697.8340958033573,1.0103711453090425,0.9915807247161865
3697.836410625633,1.009862127617011,0.9915807247161865
3697.838725447818,1.0001680167115012,0.9915381669998169
3697.8410402699674,1.0047842984024886,0.9915381669998169
3697.8433550921154,0.9917040621571662,0.9915381669998169
3697.8456699142635,1.0036882826448963,0.9914815425872803
3697.847984736414,1.000962769698755,0.9914815425872803
3697.8502995585613,0.9923129317133874,0.9914815425872803
3697.852614380712,1.004068952705932,0.9914642572402954
3697.8549292028597,1.0111995844658024,0.9914642572402954
3697.857244025009,1.0028214443962804,0.991402268409729
3697.859558847158,0.9957251868742675,0.9913626909255981
3697.8618736693074,1.006261609183958,0.9913626909255981
3697.8641884914555,1.0038397561949617,0.9913626909255981
3697.8665033136044,1.0080847931970542,0.9913497567176819
3697.8688181357534,1.0151627976497721,0.9913497567176819
3697.8711329579023,1.0149090712537674,0.9913497567176819
3697.873447780053,1.0115960050795991,0.9913457036018372
3697.875762602201,1.0067559349069966,0.9913381934165955
3697.87807742435,0.9983880970869525,0.9913381934165955
3697.8803922464094,1.0030659765468697,0.9913381934165955
3697.8827070684315,0.9995986025645304,0.9913381934165955
3697.885021890455,1.0126146178772775,0.9913381934165955
3697.887336712478,0.9978560470710043,0.9913381934165955
3697.8896515345004,0.9916366715879339,0.9913381934165955
3697.8919663565243,0.9987404922890627,0.9913381934165955
3697.8942811785464,1.0086553961830156,0.9913337826728821
3697.89659600057,1.0103610422454643,0.9913337826728821
3697.8989108225933,1.0143060835187343,0.9913161993026733
3697.901225644617,1.0006746393971249,0.9912912249565125
3697.903540466639,0.99580208340912,0.9912912249565125
3697.9058552886627,0.9980919907928274,0.9912816882133484
3697.908170110685,1.0062482310838943,0.9912816882133484
3697.910484932708,0.9905269387323641,0.9912692308425903
3697.912799754732,0.9994392816599764,0.9912522435188293
3697.9151145767537,1.01517752815691,0.9912476539611816
3697.917429398778,1.0114527777363542,0.9912476539611816
3697.9197442208015,1.0075931192118814,0.9912364482879639
3697.9220590427335,1.0066664309507505,0.9912364482879639
3697.9243738646305,1.0101428799241476,0.9912364482879639
3697.9266886865275,1.0106520707208404,0.9912256002426147
3697.929003508423,0.990454783960992,0.9912256002426147
3697.931318330321,0.9950434774347044,0.9912256002426147
3697.933633152217,1.0085567016632466,0.9912256002426147
3697.935947974114,1.0048854326887053,0.9911917448043823
3697.938262796011,1.004352800545832,0.9911831617355347
3697.940577617909,1.0048801831274377,0.9911831617355347
3697.9428924398044,0.9917517243967182,0.9911831617355347
3697.945207261702,1.0056227106491438,0.991175651550293
3697.947522083599,1.0115151374469042,0.9911593198776245
3697.949836905495,1.0060885027575213,0.991158664226532
3697.9521517273924,1.0093807262941232,0.991158664226532
3697.9544665492876,1.0002552946732,0.9910967350006104
3697.9567813711856,1.0064090690290335,0.9910967350006104
3697.959096193083,1.0097691558809427,0.9910967350006104
3697.9614110149782,0.9982550156197603,0.9910855293273926
3697.9637258367857,1.0098330155495159,0.9910855293273926
3697.9660406585567,0.9923725869719701,0.9910855293273926
3697.968355480325,1.011104872508789,0.9910855293273926
3697.970670302096,1.002005036075193,0.9910840392112732
3697.972985123866,1.001914945069445,0.9910840392112732
3697.975299945636,1.0031532885803032,0.9910704493522644
3697.977614767405,0.9980590474651995,0.9910704493522644
3697.9799295891776,1.0029240430809054,0.991065502166748
3697.982244410947,1.0077684196851928,0.991065502166748
3697.9845592327174,1.0103429777017583,0.991065502166748
3697.9868740544885,0.9984394358200841,0.991065502166748
3697.989188876257,1.011725401327454,0.991065502166748
3697.991503698028,0.9928201297623429,0.991065502166748
3697.9938185197966,0.9961336523264122,0.991065502166748
3697.9961333415677,1.0074917665625007,0.991065502166748
3697.998448163337,1.0045624309870742,0.991065502166748
3698.000762985107,0.9929639893861428,0.991065502166748
3698.0030778068776,1.00409404522196,0.991065502166748
3698.0053926285586,0.999313358977875,0.991065502166748
3698.0077074502,1.0092762733773497,0.9910618662834167
3698.0100222718443,1.0104604733708664,0.9910618662834167
3698.012337093487,1.000158779820384,0.9910343885421753
3698.0146519151294,1.0076814825582496,0.9910618662834167
3698.016966736772,1.0070810227951583,0.9910618662834167
3698.019281558417,0.9890262129193994,0.9910618662834167
3698.0215963800592,1.0105847484741979,0.991065502166748
3698.023911201703,0.9967170897053764,0.991065502166748
3698.026226023347,0.9887677629347363,0.991065502166748
3698.0285408449886,1.0046076746624324,0.9910618662834167
3698.0308556666328,1.001528754679289,0.9910618662834167
3698.033170488274,1.0141375677133555,0.9910618662834167
3698.035485309918,1.0052475275690358,0.9910618662834167
3698.0378001315603,1.0057184410250661,0.9910618662834167
3698.0401149532036,1.0069104595050813,0.9910618662834167
3698.042429774847,1.018169019920842,0.9910618662834167
3698.0447445964915,0.9893415436935001,0.9910343885421753
3698.0470594180415,0.9911474150148714,0.9910199642181396
3698.049374239559,0.9943144795528279,0.9910343885421753
3698.0516890610747,1.0153276656154722,0.9910343885421753
3698.0540038825898,1.0025182238937407,0.9910343885421753
3698.056318704106,1.0091648434052065,0.9910343885421753
3698.058633525621,0.9893037733422876,0.9910343885421753
3698.060948347137,1.0174067317368671,0.9910199642181396
3698.063263168653,1.0039178421777042,0.9910013675689697
3698.0655779901676,0.9927634637474549,0.990940272808075
3698.0678928116836,1.013813051124319,0.990940272808075
3698.070207633201,0.9974860260763968,0.9909315705299377
3698.0725224547145,0.9982825940072564,0.9909315705299377
3698.0748372762314,1.000435065758809,0.9909315705299377
3698.0771520977473,1.0050145945223818,0.9909315705299377
3698.0794669192624,1.0034442555530434,0.9909315705299377
3698.081781740778,1.0159315390675276,0.9909315705299377
3698.0840965622947,0.9981391961406726,0.9909315705299377
3698.086411383809,0.9991979584089645,0.9909315705299377
3698.0887262052347,0.9926089394672034,0.990940272808075
3698.091041026623,1.004903332346139,0.9910013675689697
3698.09335584801,1.0043015728627585,0.9910013675689697
3698.095670669399,0.9996483270665341,0.9910013675689697
3698.097985490786,0.993635482898563,0.9910199642181396
3698.100300312174,1.0055956715178727,0.9910013675689697
3698.1026151335623,1.002474775894659,0.9910199642181396
3698.104929954949,1.0004657609188579,0.9910199642181396
3698.107244776337,0.9936479651704435,0.9910343885421753
3698.1095595977267,1.015886031959956,0.9910199642181396
3698.1118744191126,0.9969670648551814,0.9910343885421753
3698.1141892405017,0.9981122041658291,0.9910343885421753
3698.11650406189,1.0048848961865584,0.9910199642181396
3698.118818883277,1.0003857684056758,0.9910199642181396
3698.121133704665,1.0064155799914305,0.9910199642181396
3698.123448526054,0.994772354845473,0.9910343885421753
3698.12576334744,1.0004805963508476,0.9910618662834167
3698.1280781688292,0.994396539255108,0.9910704493522644
3698.1303929901273,1.0103251629772154,0.9910840392112732
3698.132707811385,1.0062279719809522,0.9910704493522644
3698.135022632646,0.9958656802869336,0.9910704493522644
3698.1373374539057,0.9935391277326276,0.9910840392112732
3698.1396522751647,1.0089389161931728,0.9910840392112732
3698.1419670964247,1.000637733661518,0.9910840392112732
3698.1442819176837,1.000609407317254,0.9910840392112732
3698.1465967389436,1.0050337296996787,0.9910840392112732
3698.1489115602044,1.0173654899685778,0.9910704493522644
3698.151226381462,0.9903152168820681,0.9910840392112732
3698.1535412027233,1.0127196652417698,0.9910704493522644
3698.1558560239832,0.9962764157339463,0.9910618662834167
3698.1581708452422,1.0011135232603672,0.9910704493522644
3698.160485666502,1.0005528824916314,0.9910704493522644
3698.162800487763,1.0025728611978673,0.9910704493522644
3698.165115309021,1.0015678120352802,0.9910840392112732
3698.167430130282,1.0161884513367367,0.9910855293273926
3698.1697449515427,1.0007744326680803,0.9910855293273926
3698.172059772709,0.9963278648535909,0.9910855293273926
3698.1743745938415,1.0060499206863553,0.9910855293273926
3698.1766894149728,1.004333148841227,0.9910840392112732
3698.179004236103,0.992574780233606,0.9910855293273926
3698.1813190572343,0.9983884260641368,0.9910967350006104
3698.183633878366,1.0156559649778658,0.9910855293273926
3698.1859486994963,1.001595897816111,0.9910840392112732
3698.1882635206284,1.0,0.9910840392112732
3698.190578341758,1.0086252214762284,0.9910840392112732
3698.19289316289,0.9987903703302313,0.9910704493522644
3698.1952079840216,1.0036834375157684,0.9910704493522644
3698.1975228051515,1.0033048003049863,0.9910840392112732
3698.1998376262836,1.0018616574699404,0.9910855293273926
3698.2021524474158,0.996723049839376,0.9910855293273926
3698.204467268545,1.0080302358913367,0.9910855293273926
3698.2067820896773,1.004361659876049,0.9910967350006104
3698.2090969108094,1.003836755469125,0.9911593198776245
3698.211411731939,0.9912165535482997,0.9911593198776245
3698.2137265529796,0.9963476223974967,0.9911593198776245
3698.21604137398,1.0066798197048277,0.9910967350006104
3698.2183561949837,1.0021935743679085,0.9910855293273926
3698.2206710159858,0.9940601970596457,0.9910855293273926
3698.2229858369883,1.0065843172452182,0.9910967350006104
3698.2253006579895,0.9989332831999892,0.9910855293273926
3698.227615478993,1.0070525274277986,0.9910855293273926
3698.2299302999936,0.9947963788931385,0.9910967350006104
3698.2322451209966,0.9966091432249982,0.9910855293273926
3698.234559941999,0.9985063607765384,0.9910967350006104
3698.2368747630003,1.0038487852063083,0.9910967350006104
3698.239189584003,0.9995226079821292,0.9910967350006104
3698.2415044050063,0.9942488033926707,0.9910967350006104
3698.243819226009,1.0054686739839702,0.9911593198776245
3698.2461340470104,0.997627262522691,0.9911593198776245
3698.2484488680134,1.000165673029393,0.9911739826202393
3698.250763689014,1.0070739677457763,0.9911739826202393
3698.253078510017,1.0083235813758258,0.9911739826202393
3698.2553933309255,1.0004134910163724,0.9911739826202393
3698.2577081517993,0.997077797236545,0.9911593198776245
3698.2600229726727,0.9865413177809661,0.9911593198776245
3698.262337793546,0.9901737552272697,0.9911739826202393
3698.264652614418,1.0060065542665755,0.991175651550293
3698.266967435292,0.9893981466781742,0.991175651550293
3698.269282256163,1.0084037843097848,0.9911831617355347
3698.271597077037,1.0110105945853372,0.9911917448043823
3698.27391189791,0.9926215786727128,0.9911917448043823
3698.276226718782,1.0023553411726842,0.9911917448043823
3698.278541539655,0.9941587322433867,0.9911917448043823
3698.2808563605295,1.007739653601431,0.991175651550293
3698.2831711814024,0.9991513692229423,0.9911739826202393
3698.2854860022744,0.9941371927682021,0.9911593198776245
3698.2878008231482,0.9875670058704178,0.9911739826202393
3698.2901156440194,1.00311801528495,0.991175651550293
3698.292430464893,0.9876486505436924,0.9911917448043823
3698.2947452857643,0.9912164577325817,0.991175651550293
3698.297060106546,0.9976025046667242,0.9911917448043823
3698.299374927289,1.0076042257110553,0.9911917448043823
3698.301689748033,1.001662960808665,0.9912238717079163
3698.304004568775,1.0086778080537073,0.9912256002426147
3698.3063193895196,0.9978109935698387,0.9912476539611816
3698.3086342102606,0.9933319927846087,0.9912256002426147
3698.310949031005,0.9928857892329073,0.9912476539611816
3698.313263851748,0.9838674627668357,0.9912692308425903
3698.3155786724906,0.995043166793102,0.9912476539611816
3698.317893493235,0.9985569491865003,0.9912692308425903
3698.3202083139777,1.0005364096223746,0.9912816882133484
3698.3225231347215,0.9949474314361052,0.9912816882133484
3698.324837955464,1.0069591930409754,0.9913161993026733
3698.327152776208,1.0093029346795959,0.9913161993026733
3698.3294675969496,1.0003139764431086,0.9913337826728821
3698.331782417694,1.0016954772742372,0.9913381934165955
3698.334097238436,1.0006162857569747,0.9913381934165955
3698.336412059179,0.9918777985886211,0.9913337826728821
3698.3387268798297,1.0055814481485343,0.9913161993026733
3698.341041700442,1.0038921864415808,0.9913161993026733
3698.343356521055,1.0091690924813514,0.9913161993026733
3698.3456713416695,0.98976846852789,0.9913337826728821
3698.34798616228,1.0075271974127187,0.9913337826728821
3698.3503009828946,1.00717847538464,0.9913161993026733
3698.352615803508,0.9949014001533566,0.9913337826728821
3698.3549306241207,0.9982598495240621,0.9913381934165955
3698.357245444734,1.0046351302722871,0.9913381934165955
3698.359560265347,1.0003360410825104,0.9913381934165955
3698.36187508596,0.999309046506425,0.9913497567176819
3698.3641899065724,0.9890506463745917,0.9913626909255981
3698.3665047271857,0.9890622660895799,0.991402268409729
3698.3688195477976,0.9945612980407952,0.9914815425872803
3698.371134368412,1.0088976392153561,0.9914815425872803
3698.373449189024,1.0164120725149228,0.9915021061897278
3698.3757640096374,0.998773235604169,0.9915122985839844
3698.37807883025,1.0045599542549795,0.9915122985839844
3698.3803936507697,1.0001371220457143,0.9915122985839844
3698.382708471252,1.009285945813888,0.9915122985839844
3698.3850232917357,1.001851418134111,0.9915122985839844
3698.387338112216,0.9975841661531988,0.9915381669998169
3698.3896529327003,0.993002831928029,0.9915838241577148
3698.3919677531826,1.00201295441908,0.9915381669998169
3698.3942825736654,1.0092884017423402,0.9915838241577148
3698.3965973941476,1.0004025603245392,0.9915838241577148
3698.3989122146304,1.008343524074514,0.9915838241577148
3698.401227035112,0.9952259566389936,0.9916080236434937
3698.4035418555945,0.9881908501719902,0.9916080236434937
3698.405856676077,0.9943826850156126,0.9916183948516846
3698.4081714965587,1.002237921110681,0.9916080236434937
3698.4104863170423,0.9964977445270383,0.9916080236434937
3698.412801137524,0.9993178220653456,0.9916080236434937
3698.4151159580074,0.9966568532584711,0.9916080236434937
3698.4174307784892,1.0005029875101854,0.9916183948516846
3698.4197455989715,1.0111391789995374,0.9916450381278992
3698.42206041936,0.9918080660345973,0.991648256778717
3698.4243752397124,1.0020493358907507,0.991648256778717
3698.4266900600624,0.9967923490498373,0.991648256778717
3698.4290048804146,1.0054730461971597,0.9916526079177856
3698.431319700767,0.9928696094036117,0.991648256778717
3698.4336345211186,0.996335674877398,0.9916526079177856
3698.435949341471,0.9948654905051184,0.9916560053825378
3698.4382641618217,1.0012902991586279,0.9916560053825378
3698.440578982172,0.9928655534565073,0.9916526079177856
3698.442893802524,0.9873394333291059,0.9916526079177856
3698.4452086228753,1.0037024325651538,0.9916526079177856
3698.447523443226,1.0078697879507152,0.9916526079177856
3698.4498382635784,0.995463050506787,0.9916526079177856
3698.4521530839284,1.0020261258375072,0.9916526079177856
3698.454467904282,1.000549732917317,0.9916526079177856
3698.456782724633,1.0046103393786323,0.9916526079177856
3698.4590975449846,1.0002488403977359,0.9916526079177856
3698.461412365335,0.9964326865686892,0.9916526079177856
3698.463727185594,1.0051748584645106,0.9916526079177856
3698.466042005813,1.0027471619271788,0.9916526079177856
3698.4683568260334,1.0086251447812338,0.9916526079177856
3698.470671646254,1.0009967406227012,0.9916560053825378
3698.472986466474,0.9988505473543956,0.9916713237762451
3698.4753012866954,1.0009845673973978,0.9916880130767822
3698.477616106915,1.0028737034615949,0.9916880130767822
3698.479930927135,0.9897333490803757,0.9917047619819641
3698.482245747355,1.0033354279303848,0.9917047619819641
3698.4845605675746,0.996176818033884,0.9917160868644714
3698.4868753877936,1.0027340039373167,0.9917160868644714
3698.489190208015,0.9985360903581503,0.9917212724685669
3698.4915050282334,0.9921212978282483,0.9917486310005188
3698.4938198484556,0.9927828847558003,0.9917486310005188
3698.496134668675,0.9977854391633395,0.9918134212493896
3698.4984494888954,1.0120935956964705,0.9918388724327087
3698.5007643091144,0.9988805800622937,0.9918134212493896
3698.5030791293357,0.9856094498324699,0.9918388724327087
3698.505393949461,0.9847861172937189,0.9918134212493896
3698.5077087695495,1.0057188554620746,0.9918134212493896
3698.510023589639,1.001446225414769,0.9918134212493896
3698.5123384097255,1.0117377125826195,0.9918388724327087
3698.5146532298163,0.9908090684354882,0.9918530583381653
3698.516968049902,1.0002367093897369,0.9918605089187622
3698.519282869992,1.0041711994578137,0.9918676018714905
3698.5215976900795,1.0093916888616439,0.9918676018714905
3698.523912510168,1.010723958382472,0.9918676018714905
3698.5262273302565,0.9963063623771895,0.9918676018714905
3698.528542150345,0.9864077260334658,0.9918676018714905
3698.5308569704316,1.0037802922303447,0.9918676018714905
3698.5331717905215,1.0024620657868881,0.9918993711471558
3698.535486610609,0.9929679737798223,0.9919491410255432
3698.537801430698,0.9983791752805903,0.9919491410255432
3698.540116250785,1.0159567772063036,0.9919491410255432
3698.542431070875,0.9977186834990321,0.9919491410255432
3698.5447458909625,0.9924722065610175,0.9919599890708923
3698.5470607109564,1.0031010065037076,0.9919798970222473
3698.549375530914,0.9946769930601843,0.9919798970222473
3698.5516903508683,0.9978525068797592,0.9919798970222473
3698.5540051708267,1.001924031259184,0.9919798970222473
3698.5563199907806,1.005995476819194,0.9919829964637756
3698.558634810738,1.0025224853664183,0.9919829964637756
3698.5609496306934,1.0058606512366084,0.9920833110809326
3698.5632644506495,0.9916323187696328,0.9920833110809326
3698.5655792706057,0.9947454973636466,0.9920943975448608
3698.5678940905623,0.9986759054688186,0.9920943975448608
3698.5702089105175,1.0023613690028383,0.9920943975448608
3698.5725237304737,0.9965410997935246,0.9920952916145325
3698.57483855043,1.0087539424643082,0.9921031594276428
3698.577153370386,1.0016758822668526,0.992117166519165
3698.5794681903412,1.0094981194385562,0.9921368956565857
3698.5817830102988,1.0061427588548704,0.992117166519165
3698.5840978302544,0.9874002130614401,0.992117166519165
3698.5864126502115,0.993028401863771,0.992117166519165
3698.588727470073,0.9965087338128217,0.992117166519165
3698.591042289896,0.9954393412926577,0.992117166519165
3698.5933571097203,1.0022269355995193,0.9921368956565857
3698.5956719295423,0.995138866568601,0.9921368956565857
3698.5979867493666,1.0006113811205846,0.9921740293502808
3698.6003015691895,0.9901475461984903,0.9921368956565857
3698.6026163890133,1.0028334733628932,0.9921368956565857
3698.604931208837,0.998908618847118,0.992117166519165
3698.6072460286614,1.007522862042392,0.9921031594276428
3698.609560848483,1.0043782629323674,0.9921031594276428
3698.6118756683068,1.0034279320498398,0.9921031594276428
3698.61419048813,0.9920169922862667,0.9921031594276428
3698.616505307954,0.9925187126807532,0.9921031594276428
3698.6188201277764,1.0021732699451917,0.992117166519165
3698.621134947601,0.99463091522259,0.9921368956565857
3698.6234497674227,1.008415651389777,0.9921368956565857
3698.625764587249,0.9874806664585999,0.9921368956565857
3698.628079407072,0.9886072969961764,0.9921740293502808
3698.6303942268,0.9994778900148372,0.9921740293502808
3698.6327090464906,0.993725188361495,0.9921740293502808
3698.6350238661803,0.9892568421745689,0.9921977519989014
3698.637338685872,1.0019356234736863,0.9921977519989014
3698.6396535055615,0.9908856934174493,0.9921740293502808
3698.641968325252,0.9918158313647827,0.9921740293502808
3698.644283144943,1.0055271208232552,0.9921740293502808
3698.6465979646346,0.9989698621604924,0.9921977519989014
3698.6489127843233,1.0077222491751328,0.9921977519989014
3698.651227604015,1.008043293256641,0.9921740293502808
3698.653542423705,0.9959422767815169,0.9921368956565857
3698.6558572433946,0.9943717132332384,0.9921740293502808
3698.6581720630843,1.0076413785397014,0.9921368956565857
3698.660486882776,1.0033140256968704,0.9921740293502808
3698.6628017024645,0.9953051552939285,0.9921740293502808
3698.6651165221574,0.9955628160609706,0.9921740293502808
3698.667431341847,0.989008416357692,0.9921740293502808
3698.6697461615377,0.9958297884202001,0.9921740293502808
3698.672060981134,1.0078295471598502,0.9921740293502808
3698.674375800689,0.9966418395517663,0.9921977519989014
3698.676690620247,1.0146004564001818,0.9921740293502808
3698.6790054398034,0.9958136283021459,0.9921740293502808
3698.6813202593603,1.0173006447793014,0.9921977519989014
3698.6836350789163,0.993424040081721,0.9922022223472595
3698.685949898476,0.9943454410027975,0.9922022223472595
3698.6882647180305,1.000595384308827,0.9922022223472595
3698.690579537589,0.9924784652150265,0.9923020005226135
3698.692894357145,1.000925966475256,0.9922022223472595
3698.695209176702,0.9935354465216207,0.9921977519989014
3698.6975239962594,0.9981989489493549,0.9922022223472595
3698.6998388158163,1.0029116352230727,0.9921977519989014
3698.7021536353714,1.007982497570876,0.9921740293502808
3698.7044684549305,0.9911170414272136,0.9921740293502808
3698.7067832744865,0.9976295055314341,0.9921977519989014
3698.709098094044,0.9915435343171426,0.9921977519989014
3698.711412913602,0.9979838782346797,0.9921977519989014
3698.7137277330617,1.004923589743867,0.9922022223472595
3698.7160425524858,0.9934606245882366,0.9922022223472595
3698.718357371908,0.9971160115126456,0.9922022223472595
3698.7206721913312,0.9940667019055361,0.9922022223472595
3698.7229870107535,1.0,0.9922022223472595
3698.725301830179,1.0008599461589,0.9922022223472595
3698.7276166496,1.0043768242775157,0.9921977519989014
3698.7299314690245,1.0060737763238425,0.9921977519989014
3698.7322462884463,1.0116401731169828,0.9921977519989014
3698.7345611078695,0.9987942076793448,0.9921977519989014
3698.7368759272927,0.9996627497215462,0.9922022223472595
3698.739190746716,1.014643113933825,0.9922022223472595
3698.741505566138,1.0022503976988164,0.9922022223472595
3698.7438203855613,1.0018191931211997,0.9922022223472595
3698.7461352049845,1.008630492492671,0.9923020005226135
3698.7484500244077,1.0033157546639475,0.992321789264679
3698.7507648438323,0.9868429754448941,0.9923020005226135
3698.7530796632527,1.001254740415778,0.9923020005226135
3698.755394482582,1.004576487480079,0.9922022223472595
3698.7577093018704,0.9995152703069392,0.9922022223472595
3698.7600241211585,0.9983221588391141,0.9922022223472595
3698.762338940447,0.9973961322907771,0.9922022223472595
3698.7646537597366,0.9947432449472081,0.9922022223472595
3698.766968579024,1.0036084097748275,0.9922022223472595
3698.7692833983133,0.9999386651076431,0.9921977519989014
3698.7715982176014,0.988019345043031,0.9921740293502808
3698.7739130368905,0.9940277249954013,0.9921740293502808
3698.7762278561795,1.0043525986370954,0.9921740293502808
3698.778542675469,1.0014025585007655,0.9921368956565857
3698.7808574947558,0.9952081353920131,0.9921368956565857
3698.783172314045,1.0007768871623661,0.9921740293502808
3698.7854871333334,1.0036559113171168,0.9921740293502808
3698.7878019526224,0.9999285710767049,0.9921740293502808
3698.7901167719124,1.0124239912840236,0.9921368956565857
3698.792431591199,1.0134668084885248,0.9921368956565857
3698.794746410489,0.9950529012578339,0.9921740293502808
3698.7970612296817,0.9990663176401566,0.9921740293502808
3698.799376048835,1.0019197016334045,0.9921368956565857
3698.801690867989,0.9960041561294047,0.9921368956565857
3698.8040056871428,1.0045988083843258,0.992117166519165
3698.806320506296,0.9888271912153129,0.992117166519165
3698.8086353254507,1.00583047220769,0.992117166519165
3698.810950144604,0.9877128000997779,0.992117166519165
3698.813264963758,0.9931995288117939,0.9921031594276428
3698.815579782912,0.9931572932187721,0.9921031594276428
3698.817894602065,0.9991154557097325,0.9921031594276428
3698.8202094212193,1.015940962451236,0.9921031594276428
3698.822524240374,0.99184047532061,0.9920952916145325
3698.8248390595263,1.013089544693883,0.9920943975448608
3698.827153878681,1.0054886328776536,0.9920943975448608
3698.829468697836,0.995481476661766,0.9920952916145325
3698.8317835169883,1.0070517841781788,0.9920943975448608
3698.834098336143,0.9949989837066822,0.9920487999916077
3698.8364131552976,1.0087282654809715,0.992030680179596
3698.8387279743542,0.9972910065804776,0.9919829964637756
3698.841042793373,1.0123502099687713,0.9919829964637756
3698.8433576123925,1.012684530460869,0.9919829964637756
3698.8456724314096,0.9948442901106328,0.9919829964637756
3698.847987250429,1.0092520661209166,0.9919798970222473
3698.850302069447,1.0139801963992174,0.9919599890708923
3698.8526168884655,0.98954304887772,0.9919599890708923
3698.8549317074835,1.0074223605190316,0.9919491410255432
3698.8572465265024,0.9885786635787688,0.9918993711471558
3698.859561345521,0.9947878635715147,0.9918676018714905
3698.861876164541,0.999880053677782,0.9918676018714905
3698.864190983558,1.0015140026313862,0.9918605089187622
3698.8665058025776,0.9993005632692173,0.9918530583381653
3698.868820621597,0.9996963918223389,0.9918134212493896
3698.871135440614,1.002937162722685,0.9918134212493896
3698.8734502596335,0.9989362814563209,0.9918057918548584
3698.8757650786524,0.9894239848460052,0.9917486310005188
3698.8780798976704,1.0078953500259424,0.9917486310005188
3698.880394716593,1.0060684734055938,0.9917486310005188
3698.882709535477,1.0096950010941306,0.9917486310005188
3698.885024354358,1.0087259776895552,0.9918057918548584
3698.887339173242,1.0016003855829478,0.9918057918548584
3698.889653992124,1.006199135323028,0.9918057918548584
3698.891968811007,1.0081819158661596,0.9918134212493896
3698.894283629889,0.9904659099459202,0.9918134212493896
3698.896598448772,1.003856881556993,0.9918134212493896
3698.898913267655,0.9912451228579457,0.9918134212493896
3698.9012280865395,0.9967967648532969,0.9918057918548584
3698.90354290542,1.0068190692575376,0.9917486310005188
3698.9058577243045,0.997307074358392,0.9917486310005188
3698.9081725431884,1.0023768568142102,0.9917486310005188
3698.9104873620695,0.9993427228523232,0.9917222857475281
3698.9128021809533,0.9993075213863323,0.9917486310005188
3698.915116999836,0.9894764581658126,0.9918057918548584
3698.917431818719,1.0068112565191254,0.991757333278656
3698.9197466376017,0.9976648133620636,0.991757333278656
3698.922061456389,1.0022163282274104,0.9917486310005188
3698.9243762751335,1.006863665898381,0.9917222857475281
3698.926691093882,0.9989934682115179,0.9917212724685669
3698.929005912629,1.0052803401689185,0.9917212724685669
3698.9313207313744,1.0108786210532528,0.9917212724685669
3698.9336355501214,1.0015752173338937,0.9917222857475281
3698.9359503688675,0.991715939914435,0.9917222857475281
3698.9382651876144,0.9973852531523311,0.9917212724685669
3698.940580006362,1.0069438855744013,0.9917160868644714
3698.942894825107,1.0012144660784947,0.9916880130767822
3698.9452096438554,0.9959794477190564,0.9916880130767822
3698.947524462603,0.9935876121653971,0.9916713237762451
3698.949839281348,0.9928208589087593,0.9916560053825378
3698.952154100096,1.0017692311853519,0.9916526079177856
3698.9544689188415,0.9975819699794982,0.991648256778717
3698.9567837375885,1.006145964046492,0.991648256778717
3698.9590985563354,1.0040207134694232,0.991648256778717
3698.961413375084,0.9924860689337809,0.991648256778717
3698.9637281937307,1.0202999668813866,0.9916526079177856
3698.966043012342,1.00919194790941,0.9916526079177856
3698.9683578309505,1.0069459529475264,0.9916526079177856
3698.970672649562,0.9944587931721561,0.9916526079177856
3698.972987468172,1.009993887181534,0.9916526079177856
3698.9753022867812,0.9970405293663913,0.991648256778717
3698.977617105392,1.0029331534455972,0.9916450381278992
3698.979931924003,0.9912735694678435,0.9916450381278992
3698.982246742611,1.008113017831292,0.9916183948516846
3698.984561561222,1.0046162087484722,0.9916183948516846
3698.986876379833,1.0098046599740218,0.9915991425514221
3698.989191198442,1.0002635806709832,0.9915991425514221
3698.9915060170533,1.0055245799234624,0.9915838241577148
3698.9938208356634,1.005357472606422,0.9915838241577148
3698.996135654273,1.005527019182722,0.9915991425514221
3698.998450472883,1.0108476692977453,0.9915838241577148
3699.000765291494,1.0062054973625283,0.9915381669998169
3699.0030801101025,0.9980092875069506,0.9915381669998169
3699.005394928616,1.0093993224812345,0.9915122985839844
3699.0077097470876,0.9979399768563743,0.9915381669998169
3699.0100245655617,1.0073899825522568,0.9915122985839844
3699.012339384035,0.994852730551208,0.9915021061897278
3699.0146542025072,1.007301613675799,0.9915122985839844
3699.01696902098,1.0067981613073198,0.9915021061897278
3699.019283839454,0.9995344559133837,0.9914815425872803
3699.0215986579256,1.0109851331285356,0.9914815425872803
3699.0239134763997,0.9976719731954065,0.991402268409729
3699.0262282948715,0.9941287094247149,0.991402268409729
3699.0285431133448,0.9981119734524446,0.9914815425872803
3699.0308579318194,1.0093199230203627,0.991402268409729
3699.0331727502926,1.009151621541462,0.9913654923439026
3699.0354875687644,1.0013604208616784,0.9913654923439026
3699.0378023872377,1.001239812550876,0.9913654923439026
3699.040117205712,0.9961836983422591,0.9913643002510071
3699.042432024183,1.0011739182951664,0.9913643002510071
3699.044746842657,0.9927609674481626,0.9913643002510071
3699.0470616610305,0.9811495476912349,0.9913643002510071
3699.049376479367,1.0069743673362,0.9913643002510071
3699.0516912977027,1.0142776551219181,0.9913654923439026
3699.054006116037,1.001651662457696,0.9913643002510071
3699.0563209343727,1.0087660724856793,0.9913626909255981
3699.0586357527095,0.9984013848091273,0.9913381934165955
3699.060950571043,0.9981578767783226,0.9913381934165955
3699.0632653893795,0.9921460801199157,0.9913262724876404
3699.065580207714,0.9990872247236376,0.9913262724876404
3699.0678950260494,1.0024566948828728,0.9913262724876404
3699.070209844386,0.9971164888710913,0.9913122653961182
3699.072524662722,1.0033329004188447,0.9913122653961182
3699.0748394810566,1.0193547650055979,0.9913122653961182
3699.077154299392,1.0075497280455235,0.9913122653961182
3699.0794691177284,1.004507944055579,0.9912766814231873
3699.0817839360625,1.0015771280179506,0.9912766814231873
3699.084098754399,1.0031994731722582,0.9912766814231873
3699.0864135727325,0.9912143010896217,0.9913122653961182
3699.0887283909706,1.0001773721800453,0.9913262724876404
3699.091043209168,1.0148498995442137,0.9913262724876404
3699.0933580273645,0.9934816907234842,0.9913122653961182
3699.095672845562,0.9998605053314622,0.9913122653961182
3699.0979876637607,1.0048053430513246,0.9913262724876404
3699.1003024819565,0.9980392858334644,0.9913262724876404
3699.102617300155,1.0050618526575539,0.9913122653961182
3699.1049321183523,1.0082155087201428,0.9912766814231873
3699.107246936549,1.0064613091129149,0.9912476539611816
3699.109561754746,0.9890764947226689,0.9912476539611816
3699.1118765729448,1.0084409487757269,0.9912465810775757
3699.114191391141,0.9897222296717846,0.9912465810775757
3699.116506209339,0.9986319611775465,0.9912476539611816
3699.118821027537,1.004711078089876,0.9912476539611816
3699.121135845733,1.006989085863335,0.9912465810775757
3699.1234506639316,1.0059257894508344,0.9912465810775757
3699.125765482127,1.006710491693032,0.9912476539611816
3699.1280803003256,1.0155479515233528,0.9912465810775757
3699.1303951184245,1.0063680460381654,0.9912476539611816
3699.1327099364826,0.9986564931434428,0.9912465810775757
3699.135024754541,0.999160390894772,0.9912465810775757
3699.1373395726014,1.0050378951553538,0.9912465810775757
3699.139654390658,1.0011787479259315,0.9912465810775757
3699.1419692087184,1.0016752248916807,0.9912256002426147
3699.1442840267773,1.0073889931248372,0.9912256002426147
3699.1465988448354,1.0040849053211407,0.9912256002426147
3699.1489136628943,0.9939968046858995,0.9912238717079163
3699.151228480954,1.0069684642714665,0.9911776781082153
3699.153543299012,0.9870433951069931,0.9911776781082153
3699.155858117071,0.9964093286015769,0.9911776781082153
3699.1581729351306,1.0083656158995289,0.9912238717079163
3699.1604877531877,0.9835114624632373,0.9912238717079163
3699.162802571248,0.9966348355140553,0.9911776781082153
3699.165117389305,1.0035651813728745,0.991175651550293
3699.167432207365,1.00380536175953,0.991175651550293
3699.169747025424,0.9863890736382038,0.9911739826202393
3699.172061843383,1.0159682236348713,0.991163432598114
3699.1743766613026,1.0076511084906496,0.991163432598114
3699.1766914792233,0.995691655740905,0.9911593198776245
3699.1790062971418,1.0105372077388763,0.9911304116249084
3699.181321115063,1.0000942964537376,0.9911304116249084
3699.1836359329827,0.9936954882454478,0.9911304116249084
3699.1859507509016,0.9945409277067133,0.9911119937896729
3699.1882655688214,0.9915028184111134,0.9910840392112732
3699.190580386742,0.9913621520197737,0.9911119937896729
3699.19289520466,0.991397393568718,0.9911119937896729
3699.1952100225813,1.009140310678911,0.9911119937896729
3699.1975248405,1.0219728050709342,0.9911119937896729
3699.19983965842,1.0083660088108768,0.9910704493522644
3699.202154476341,1.0114416332842353,0.9910618662834167
3699.2044692942586,0.9921093510513939,0.9910704493522644
3699.20678411218,1.0005874038176616,0.9910704493522644
3699.2090989300996,1.0071646204584892,0.9910618662834167
3699.21141374802,1.0019659227230644,0.9910343885421753
3699.213728565839,0.9990413066905606,0.9910343885421753
3699.21604338362,0.9922310105351699,0.9910618662834167
3699.218358201399,0.991169797095027,0.9910343885421753
3699.22067301918,0.9974888966783019,0.9910199642181396
3699.222987836961,1.0024393506388214,0.9910199642181396
3699.2253026547396,0.9998234117098246,0.9910013675689697
3699.2276174725207,1.0021207037705222,0.9910199642181396
3699.229932290302,1.0036489216407776,0.9910199642181396
3699.23224710808,0.9992663049133093,0.9910343885421753
3699.2345619258613,1.0017867647337424,0.9910618662834167
3699.23687674364,0.9919092497446512,0.9910618662834167
3699.239191561421,0.9928312715412794,0.9910343885421753
3699.2415063792023,1.0043450336582838,0.9910618662834167
3699.2438211969807,1.0121125950937737,0.9910704493522644
3699.2461360147627,0.9946624857772437,0.9910704493522644
3699.248450832543,1.012613455029628,0.9910704493522644
3699.250765650323,0.9972547125970304,0.9910704493522644
3699.253080468103,0.9914699710878383,0.9910618662834167
3699.255395285784,0.9969053829016556,0.9910618662834167
3699.2577101034226,0.9994718766656093,0.9910343885421753
3699.2600249210636,1.0103145536500775,0.9910343885421753
3699.2623397387038,1.0019158830220949,0.9910343885421753
3699.264654556343,1.0053320549152038,0.9910343885421753
3699.2669693739836,0.9931536031875754,0.9910199642181396
3699.269284191624,1.0019149207201532,0.9910343885421753
3699.2715990092634,1.0025083968080943,0.9910199642181396
3699.273913826905,0.999211307135875,0.9910013675689697
3699.276228644543,0.996804329348228,0.9910013675689697
3699.278543462184,0.9915808405073329,0.9910013675689697
3699.280858279825,0.9823546139080156,0.9910199642181396
3699.283173097464,0.9947920287949581,0.9910013675689697
3699.285487915105,0.9898058154325174,0.9910013675689697
3699.2878027327456,1.0045840178936385,0.9910013675689697
3699.2901175503857,1.0096185283940258,0.9910013675689697
3699.2924323680254,1.0029174959780454,0.9910013675689697
3699.2947471856664,0.9858671026360494,0.9910013675689697
3699.2970620032047,1.0116968089726097,0.9910013675689697
3699.299376820705,0.9988883839308506,0.9910013675689697
3699.301691638205,1.00975832884491,0.990993082523346
3699.3040064557035,1.0022309421834652,0.9909695982933044
3699.3063212732036,1.0059821802508175,0.9909695982933044
3699.3086360907023,0.9904094327153888,0.9909695982933044
3699.310950908202,1.0018443121019005,0.9909695982933044
3699.313265725703,1.0019836144150467,0.9909695982933044
3699.3155805432,0.9993175028725088,0.9909695982933044
3699.317895360701,1.0017811569081165,0.9909695982933044
3699.320210178201,1.0118078768298409,0.990993082523346
3699.322524995701,0.9941125525398583,0.9909695982933044
3699.3248398132005,1.0048678218934517,0.9909695982933044
3699.3271546307,0.9940569750860312,0.9909493923187256
3699.3294694482,1.0068115769078732,0.9909493923187256
3699.3317842656984,1.0109167450521506,0.9909332990646362
3699.3340990831994,0.9991759434680377,0.9909315705299377
3699.336413900697,0.9890143395963115,0.9909239411354065
3699.338728718097,0.9970693436880543,0.9909239411354065
3699.341043535456,0.9985453658717919,0.9909152388572693
3699.3433583528135,0.9885132445811826,0.9909152388572693
3699.345673170172,1.0193560611984884,0.9908640384674072
3699.34798798753,0.9964382125762844,0.9909152388572693
3699.3503028048885,0.9899532842394764,0.9908640384674072
3699.3526176222485,1.010878949326293,0.9908585548400879
3699.3549324396045,1.0088604034396849,0.9908585548400879
3699.3572472569645,1.0011261469904247,0.9908640384674072
3699.359562074323,1.0000572069715747,0.9908585548400879
3699.3618768916817,1.0090350603436182,0.9908554553985596
3699.3641917090395,1.011934698909924,0.9908554553985596
3699.366506526399,1.0127768651636486,0.9908554553985596
3699.3688213437567,1.0063712884830878,0.9908554553985596
3699.371136161115,1.0042700101685242,0.9908585548400879
3699.373450978475,1.0059736055471327,0.9908554553985596
3699.3757657958313,1.0018332161318206,0.9908550977706909
3699.3780806131913,0.9981008542576633,0.9908550977706909
3699.380395430449,0.9976131180754317,0.9908545017242432
3699.3827102476657,0.9952102202821039,0.9908514618873596
3699.385025064882,0.9932816621096114,0.9908263683319092
3699.387339882099,1.0020516975321638,0.9908263683319092
3699.389654699315,1.004469928608674,0.9908263683319092
3699.3919695165328,0.9899555491602514,0.9908263683319092
3699.394284333748,1.0030306127500979,0.9908104538917542
3699.396599150966,0.9954149785228827,0.9908104538917542
3699.398913968183,0.9919706028133,0.990780770778656
3699.4012287854002,1.0100176609559681,0.990780770778656
3699.403543602616,0.9966801108590906,0.990780770778656
3699.405858419834,1.004898862969778,0.9908104538917542
3699.408173237049,0.9914865757715451,0.9908104538917542
3699.410488054267,0.9882732046440841,0.9908104538917542
3699.412802871485,0.9864855654269276,0.9908104538917542
3699.4151176887,0.9982863031246182,0.990780770778656
3699.4174325059184,1.0131460631505058,0.990780770778656
3699.419747323135,1.0040190601401964,0.990780770778656
3699.422062140251,1.014824123112197,0.9907702207565308
3699.424376957325,0.9948092828662297,0.9907702207565308
3699.4266917743994,1.003027080267169,0.9907655715942383
3699.4290065914734,1.0042592211132426,0.9907655715942383
3699.431321408549,0.9996334991851794,0.9907522201538086
3699.433636225622,1.0048490367983183,0.9907522201538086
3699.4359510426975,1.0096087946719492,0.9907522201538086
3699.4382658597724,1.0004989753378402,0.9907522201538086
3699.4405806768477,0.9893868021013065,0.990750789642334
3699.4428954939217,0.9989626438690165,0.9907522201538086
3699.4452103109975,1.0000897590030926,0.9907655715942383
3699.44752512807,1.0059686330169346,0.9907522201538086
3699.449839945146,1.0005667174426243,0.990750789642334
3699.4521547622217,0.9930038069936061,0.990750789642334
3699.4544695792947,0.9883140095920837,0.990750789642334
3699.45678439637,0.989227976830762,0.990750789642334
3699.459099213443,1.0000294195947135,0.9907230734825134
3699.4614140305202,0.9986531962223797,0.9907230734825134
3699.4637288474923,1.0040242877104004,0.9907230734825134
3699.4660436644244,0.9975025330539399,0.9907031655311584
3699.4683584813556,0.9937356906677794,0.9906975030899048
3699.4706732982886,1.0040974941902279,0.9906967878341675
3699.47298811522,1.0139627378342502,0.9906560778617859
3699.475302932152,1.0046468654791618,0.9906560778617859
3699.477617749084,0.9969216815521353,0.9906165599822998
3699.479932566015,1.002748509624327,0.9905374646186829
3699.482247382947,0.9988699916315957,0.9905374646186829
3699.4845621998807,1.0041678859758056,0.9905110001564026
3699.4868770168105,0.9929391175271886,0.9905374646186829
3699.489191833744,1.0142628930997002,0.9905110001564026
3699.491506650676,1.005317541798158,0.9905110001564026
3699.4938214676076,0.9941151590390951,0.9905374646186829
3699.4961362845397,1.0023086335397298,0.9906165599822998
3699.49845110147,1.0170626725202512,0.9906165599822998
3699.5007659184043,0.9965678262562675,0.9906165599822998
3699.503080735335,1.010171399144602,0.9905374646186829
3699.5053955521657,1.000241158310804,0.9906165599822998
3699.5077103689537,1.011181851417118,0.9906165599822998
3699.5100251857434,0.9901158717404698,0.9905374646186829
3699.5123400025313,1.0082933070637528,0.9905374646186829
3699.5146548193197,1.0147906335635593,0.9905110001564026
3699.5169696361086,1.004899862600935,0.9905110001564026
3699.5192844528965,1.001824857050357,0.9904944896697998
3699.5215992696853,1.0095937380735713,0.9904805421829224
3699.5239140864755,0.9865970064212422,0.9904524087905884
3699.526228903262,0.9970676475717628,0.9904524087905884
3699.5285437200523,1.002193050817613,0.9904524087905884
3699.530858536841,0.9871386193227986,0.9904524087905884
3699.53317335363,1.001671379866014,0.9904389977455139
3699.5354881704175,1.004112294552275,0.9904214143753052
3699.5378029872063,0.9977983950183534,0.9904214143753052
3699.540117803995,0.9865225642394067,0.9904214143753052
3699.542432620784,0.9880061938770167,0.9904152154922485
3699.544747437573,1.009478823295909,0.9904214143753052
3699.5470622542584,1.0114602858337194,0.9904214143753052
3699.5493770709045,1.0013197194821264,0.9904152154922485
3699.5516918875487,0.9947400519748005,0.9904214143753052
3699.5540067041943,0.9920024139840643,0.9904214143753052
3699.5563215208385,1.0046260895103094,0.9904152154922485
3699.5586363374837,0.9880856828451658,0.9904143214225769
3699.5609511541275,1.009468239049445,0.9904143214225769
3699.5632659707735,0.9941861637256456,0.9904143214225769
3699.5655807874164,1.0056563962973952,0.9904152154922485
3699.5678956040624,0.9986908122753351,0.9904152154922485
3699.570210420708,0.9900974398200333,0.9904152154922485
3699.5725252373527,1.0066770800766351,0.9904143214225769
3699.574840053997,1.0087972070982842,0.9904152154922485
3699.577154870642,1.0039136046055719,0.9904143214225769
3699.579469687286,1.0039756326021734,0.9903891086578369
3699.581784503932,0.991900022460317,0.9903891086578369
3699.5840993205766,0.9872115215408404,0.9903891086578369
3699.586414137221,1.0079315639764221,0.9904143214225769
3699.588728953764,1.0040527442926097,0.9904143214225769
3699.5910437702623,1.0005240005428373,0.9904143214225769
3699.5933585867656,1.002456068238628,0.9904143214225769
3699.595673403265,0.9952362100754624,0.9903891086578369
3699.5979882197657,1.0047254533850454,0.9904143214225769
3699.6003030362654,0.9929141671639793,0.9903891086578369
3699.602617852767,0.9966379938531432,0.9903891086578369
3699.6049326692655,0.9917818779276545,0.9903087019920349
3699.607247485767,0.9948084286956135,0.9903087019920349
3699.6095623022657,0.9958393879897245,0.9903087019920349
3699.6118771187685,0.998109975449904,0.9903072714805603
3699.614191935268,0.9999363812512116,0.9903072714805603
3699.6165067517686,0.9999280152188827,0.9903087019920349
3699.6188215682682,1.0140195176261297,0.9903087019920349
3699.6211363847697,1.0039424364078844,0.9903072714805603
3699.6234512012693,0.9949441525095093,0.9903087019920349
3699.62576601777,1.0027131560623281,0.9903072714805603
3699.6280808342713,1.0111998328219665,0.9903087019920349
3699.6303956506667,1.0086233294085956,0.9903891086578369
3699.632710467025,0.9990091258766449,0.9903087019920349
3699.6350252833795,1.0037175083659737,0.9903087019920349
3699.637340099735,1.0068584162276808,0.9903087019920349
3699.6396549160895,1.0003123156929639,0.9903072714805603
3699.6419697324463,1.0101832731563367,0.9903072714805603
3699.644284548801,0.9925971838181342,0.9903087019920349
3699.6465993651564,1.0047348118362651,0.9903072714805603
3699.648914181511,1.004498453438449,0.9903072714805603
3699.651228997867,0.9993925222029132,0.9903072714805603
3699.6535438142223,0.992759420445472,0.9903045892715454
3699.6558586305778,1.0076433589490275,0.9903045892715454
3699.6581734469323,0.9936149527292233,0.9903072714805603
3699.6604882632896,1.0026204735920086,0.9903045892715454
3699.662803079644,0.9988508845095596,0.9903024435043335
3699.6651178960005,0.9962698968627145,0.9903045892715454
3699.667432712355,0.9940408432367221,0.9903072714805603
3699.6697475287096,1.0017585738903478,0.9903072714805603
3699.672062344962,1.0097585262214273,0.9903072714805603
3699.6743771611727,1.0068654079463488,0.9903072714805603
3699.676691977383,0.9881766802653301,0.9903087019920349
3699.679006793592,0.9934218093376794,0.9903072714805603
3699.681321609803,1.007428396058099,0.9903087019920349
3699.683636426012,1.0076370786920588,0.9903072714805603
3699.685951242222,0.9997297557407193,0.9903072714805603
3699.6882660584315,0.9891878221075333,0.9903072714805603
3699.6905808746415,1.002498284791586,0.9903072714805603
3699.6928956908514,0.998489463167476,0.9903087019920349
3699.6952105070613,0.9912727355020726,0.9903072714805603
3699.6975253232704,1.0063899826893203,0.9903072714805603
3699.6998401394817,0.9976159456341711,0.9903045892715454
3699.7021549556894,1.001072255000115,0.9903024435043335
3699.7044697719016,1.0052847644363636,0.9902932643890381
3699.706784588111,1.0028379998745676,0.9903024435043335
3699.709099404321,1.000981609256559,0.9903045892715454
3699.71141422053,0.9990561914855725,0.9903072714805603
3699.713729036637,1.0182355890744037,0.9903072714805603
3699.716043852699,0.9940162101251709,0.9903045892715454
3699.7183586687634,0.9876804730586637,0.9903072714805603
3699.7206734848287,1.0010671322485019,0.9903087019920349
3699.7229883008918,1.0016575015894345,0.9903891086578369
3699.7253031169566,1.0025537476832531,0.9903891086578369
3699.7276179330183,0.9953454423250111,0.9903891086578369
3699.729932749083,0.9895401177625276,0.9903087019920349
3699.7322475651463,0.9989104778363012,0.9903087019920349
3699.73456238121,1.0069956548454766,0.9903072714805603
3699.736877197273,1.0058549871395885,0.9903045892715454
3699.7391920133377,1.0003967605750959,0.9903045892715454
3699.7415068293994,1.0008672516878876,0.9903045892715454
3699.7438216454657,0.9882548503664085,0.9903024435043335
3699.7461364615287,1.0034135808213034,0.9903024435043335
3699.7484512775923,1.0048593645629684,0.9903024435043335
3699.7507660936553,0.9986876537736454,0.9903024435043335
3699.75308090972,0.9907155296349855,0.9903024435043335
3699.7553957256787,0.9977590475326049,0.9902932643890381
3699.7577105415958,0.9893383434832649,0.990256130695343
3699.7600253575106,0.990606458273618,0.9902442693710327
3699.7623401734286,0.9918686815851792,0.9902442693710327
3699.764654989348,1.00052643801063,0.9902442693710327
3699.766969805263,0.9877120390886074,0.990256130695343
3699.769284621181,0.9819555035283867,0.9902442693710327
3699.7715994370974,0.9886161356112739,0.9902374148368835
3699.7739142530145,1.0000656697742134,0.9902374148368835
3699.7762290689307,1.015555021319355,0.9902442693710327
3699.7785438848487,0.992866131713824,0.9902374148368835
3699.780858700764,0.9883004594377784,0.99021977186203
3699.7831735166833,1.0041440713373053,0.99021977186203
3699.7854883325995,1.005865141826904,0.9902160167694092
3699.7878031485166,1.0113916496709874,0.9902147054672241
3699.7901179644323,0.993491775316155,0.9902107119560242
3699.7924327803503,1.0005014204706202,0.9902002811431885
3699.7947475962665,1.0037787720844717,0.9902002811431885
3699.7970624120785,0.9967929893849863,0.9902107119560242
3699.7993772278473,0.9888154943620595,0.9902002811431885
3699.801692043617,1.0089430417646534,0.9902002811431885
3699.804006859387,1.0,0.9902107119560242
3699.8063216751566,0.9925904741908711,0.9902002811431885
3699.8086364909273,1.0016108489633315,0.9902107119560242
3699.810951306696,0.9985441951882416,0.9902002811431885
3699.813266122466,0.9979845878334043,0.9902107119560242
3699.8155809382356,1.0030943151544875,0.9902147054672241
3699.817895754005,1.0002251841742897,0.9902160167694092
3699.8202105697737,1.0096629480228971,0.9902147054672241
3699.8225253855435,0.9845037425256482,0.9902107119560242
3699.8248402013132,0.9835458167978182,0.9902107119560242
3699.827155017083,0.997915463277602,0.9902002811431885
3699.8294698328514,1.0075433614915401,0.9901577234268188
3699.8317846486225,0.9986116135898614,0.9901577234268188
3699.8340994643913,0.9974230865964986,0.9901365041732788
3699.836414280162,0.9964167061459455,0.9901577234268188
3699.8387290958244,1.0009637559151197,0.9901577234268188
3699.841043911446,0.9937027189233866,0.9901577234268188
3699.8433587270674,1.0076986544571445,0.9901365041732788
3699.8456735426894,1.0014989730228803,0.9901149868965149
3699.84798835831,0.9965951176439497,0.9901365041732788
3699.850303173933,0.993397595731551,0.9901149868965149
3699.852617989552,0.9954870482909431,0.9900842905044556
3699.8549328051763,0.9945194281957018,0.9900842905044556
3699.857247620798,0.9926898131734114,0.9900396466255188
3699.8595624364184,0.999697172366539,0.9900396466255188
3699.8618772520404,1.0012995700389444,0.9900396466255188
3699.864192067662,0.9996788571891647,0.9899993538856506
3699.8665068832834,0.9997274440373732,0.9899993538856506
3699.868821698904,0.9930669140840669,0.9899681806564331
3699.8711365145273,1.0039240383625416,0.9899681806564331
3699.8734513301465,1.0012217538658468,0.9899681806564331
3699.8757661457703,0.9969778269615526,0.9899681806564331
3699.8780809613904,1.0058090483883466,0.9899993538856506
3699.880395776907,0.9946293169670511,0.9899993538856506
3699.8827105923788,1.0066243682129306,0.9899993538856506
3699.885025407852,1.0102281035120224,0.9899993538856506
3699.887340223324,1.005898881985633,0.9899681806564331
3699.889655038798,1.0005175535300028,0.9899681806564331
3699.891969854269,1.0024845553730286,0.9899260401725769
3699.894284669744,0.9890386094148776,0.9899260401725769
3699.8965994852165,1.0091636644855557,0.9899260401725769
3699.8989143006893,1.0022230230403815,0.9899148344993591
3699.901229116163,0.999828636956313,0.9899148344993591
3699.9035439316353,0.990046183804473,0.9899260401725769
3699.905858747108,0.9965378554199994,0.9899260401725769
3699.90817356258,0.9995808273992695,0.9899681806564331
3699.9104883780533,0.9949423787751149,0.9899260401725769
3699.912803193525,1.003093531551848,0.9899260401725769
3699.9151180090007,1.0051266232716447,0.9899260401725769
3699.9174328244712,1.001807282958364,0.9899681806564331
3699.9197476399454,1.006059036986774,0.9899681806564331
3699.9220624553113,1.0001700292192564,0.9899681806564331
3699.924377270635,0.9919680654192389,0.9899260401725769
3699.9266920859586,1.000904743884203,0.9899148344993591
3699.9290069012823,1.0052860621814226,0.9899148344993591
3699.931321716604,0.9987090570426388,0.9899148344993591
3699.9336365319286,1.0086797850315044,0.9899148344993591
3699.9359513472523,1.0019385218522503,0.9899148344993591
3699.9382661625764,1.001045097803681,0.9899148344993591
3699.940580977899,0.9858080571338598,0.9899148344993591
3699.9428957932237,0.9874672560206623,0.9899148344993591
3699.9452106085464,0.9958849988996277,0.9899148344993591
3699.94752542387,0.9972133334417147,0.9899148344993591
3699.9498402391937,0.9971545386337101,0.9899260401725769
3699.9521550545164,0.9987630208999734,0.9899260401725769
3699.9544698698423,0.9953986072387339,0.9899148344993591
3699.9567846851637,0.9951885824131605,0.9899260401725769
3699.9590995004887,1.0030062593271984,0.9899148344993591
3699.9614143158115,1.0094465232600043,0.9899148344993591
3699.9637291310282,1.0032877729155887,0.9899260401725769
3699.9660439462023,1.002404534674823,0.9899260401725769
3699.968358761376,0.995730434973716,0.9899148344993591
3699.9706735765485,1.0019459575588812,0.989899754524231
3699.972988391722,1.0040203480066703,0.9899148344993591
3699.9753032068957,0.9932359767256954,0.9899148344993591
3699.9776180220697,0.9884079464041909,0.9899148344993591
3699.9799328372424,0.9994324942758693,0.989899754524231
3699.9822476524173,0.9905739256138184,0.989899754524231
3699.98456246759,1.004412009543809,0.9898915886878967
3699.986877282765,0.985336193465351,0.9898915886878967
3699.9891920979367,1.0007722958580771,0.9898915886878967
3699.991506913111,1.000368264577265,0.9898915886878967
3699.9938217282847,0.987032226508578,0.98988276720047
3699.9961365434574,1.0071713335505643,0.9897933602333069
3699.9984513586323,0.993537487744129,0.9897534251213074
3700.000766173805,0.9995296082150122,0.9897534251213074
3700.003080988979,0.9969226012628049,0.9897505044937134
3700.0053958040453,1.0011195249119285,0.9897505044937134
3700.0077106190693,1.0083372231863463,0.9897451996803284
3700.0100254340905,0.9986637895705849,0.9897451996803284
3700.0123402491135,1.0011213978008895,0.9897451996803284
3700.0146550641366,1.0017852176702102,0.9897505044937134
3700.0169698791597,1.0005651854552038,0.9897451996803284
3700.019284694182,0.9798033973637967,0.9897451996803284
3700.021599509206,0.9934033559548837,0.9897416830062866
3700.023914324227,0.9943496806007367,0.9897398352622986
3700.0262291392523,0.9949426317092499,0.9897398352622986
3700.0285439542736,1.0058573042621477,0.9897398352622986
3700.0308587692975,0.991716088794278,0.9897398352622986
3700.0331735843197,0.9994900355487619,0.9897398352622986
3700.0354883993427,1.00207396536903,0.9897295236587524
3700.037803214365,1.0016775248585938,0.9897244572639465
3700.040118029389,1.0012580683646033,0.9897244572639465
3700.042432844412,1.0031408187435689,0.9897295236587524
3700.044747659434,1.005046881927546,0.9897295236587524
3700.0470624743516,0.9904651673427118,0.9897295236587524
3700.0493772892214,0.9988034986162968,0.9897398352622986
3700.051692104094,1.0032436799100217,0.9897295236587524
3700.0540069189647,0.9993484422385522,0.9897244572639465
3700.0563217338363,0.9981362890290142,0.9897056818008423
3700.058636548707,0.9866078851975045,0.9896814227104187
3700.060951363579,0.9947129320296151,0.9896814227104187
3700.06326617845,0.9924207871803221,0.9896814227104187
3700.0655809933237,1.0018553250013746,0.9896814227104187
3700.067895808193,0.9942564677900256,0.9896692037582397
3700.070210623066,0.9890868405996681,0.9896149039268494
3700.0725254379367,0.9901406271391111,0.9896149039268494
3700.074840252809,0.9876480049726237,0.9896102547645569
3700.0771550676805,1.0041557787628128,0.9896102547645569
3700.079469882552,0.9905189844978657,0.9895700216293335
3700.081784697423,1.0031221709372777,0.9895700216293335
3700.0840995122944,1.0063987187263397,0.9895700216293335
3700.086414327166,1.0028713010240191,0.9895700216293335
3700.08872914193,1.0102662112258414,0.9895700216293335
3700.0910439566505,0.9872879375360049,0.9895532131195068
3700.0933587713694,0.997556199991278,0.9895327091217041
3700.095673586089,1.008137406481928,0.9895327091217041
3700.097988400809,1.0039909236679754,0.9895217418670654
3700.1003032155277,0.9978185338721198,0.9894825220108032
3700.1026180302465,0.9999648811301554,0.9894825220108032
3700.104932844967,0.993138869167572,0.9894825220108032
3700.1072476596855,1.0016742149809381,0.989473819732666
3700.1095624744066,0.9919495446404524,0.9894477725028992
3700.1118772891255,1.0015354249504957,0.989473819732666
3700.114192103845,0.9979991706331861,0.989473819732666
3700.116506918565,1.007912658180877,0.989473819732666
3700.1188217332847,1.0105309105401816,0.9894477725028992
3700.1211365480035,0.9997733089103755,0.9894181489944458
3700.1234513627232,1.0075410480754994,0.9894181489944458
3700.1257661774425,1.0087753012742793,0.9894167184829712
3700.1280809921623,0.9923625534935719,0.9894167184829712
3700.1303958067724,1.0027698161010306,0.9894167184829712
3700.1327106213407,0.9954752006257656,0.9893887639045715
3700.1350254359077,1.0033463626966528,0.9893726110458374
3700.1373402504746,0.9974211572103676,0.9893726110458374
3700.1396550650406,0.9946094679183306,0.9893726110458374
3700.1419698796076,0.9970815357765807,0.9893450736999512
3700.1442846941745,1.0034885422557693,0.9893379807472229
3700.1465995087406,1.0113667411379827,0.9893379807472229
3700.1489143233084,0.9923557791948023,0.9893274307250977
3700.1512291378745,0.9950124592123464,0.9893274307250977
3700.1535439524414,0.9909774944365102,0.9892878532409668
3700.155858767009,1.0218215754035387,0.9893274307250977
3700.1581735815766,1.0057523835068538,0.9893379807472229
3700.160488396142,1.0143584590099144,0.9893274307250977
3700.1628032107096,0.99800869493968,0.9893274307250977
3700.1651180252757,0.9960446218135022,0.9893274307250977
3700.1674328398426,1.0113538813324612,0.9892878532409668
3700.1697476544086,0.9971013479846506,0.9892803430557251
3700.1720624688674,1.0010395020415885,0.9892803430557251
3700.174377283279,1.0017072160093408,0.9892351031303406
3700.1766920976947,0.9761526012750434,0.9892351031303406
3700.1790069121057,0.9931421062493636,0.9892803430557251
3700.1813217265208,0.9945766638743295,0.9892351031303406
3700.183636540934,0.9954404902087612,0.9892297387123108
3700.185951355347,0.9929540654936055,0.9892297387123108
3700.1882661697614,0.9984987899035532,0.9892351031303406
3700.1905809841737,1.0062834653924086,0.9892803430557251
3700.1928957985874,1.008726015056729,0.9892878532409668
3700.1952106129997,0.9935745729355802,0.9892878532409668
3700.1975254274157,1.0039001666275442,0.9892878532409668
3700.199840241827,0.9735073290573469,0.9892878532409668
3700.2021550562417,1.0015805396187474,0.9892878532409668
3700.204469870654,1.0149869594787069,0.9892878532409668
3700.2067846850678,1.005477091243161,0.9892878532409668
3700.2090994994805,0.9966104870831946,0.9892803430557251
3700.211414313894,0.9927913277826548,0.9892803430557251
3700.2137291281965,1.000886887500851,0.9892803430557251
3700.216043942457,1.0056920463904824,0.9892803430557251
3700.218358756715,0.9883616781712133,0.9892878532409668
3700.220673570976,0.9913291137410125,0.9892878532409668
3700.222988385234,1.0015932523797566,0.9892878532409668
3700.2253031994937,0.9994781703366257,0.9892803430557251
3700.227618013753,1.008919170305311,0.9892351031303406
3700.2299328280124,1.002057358888649,0.9892297387123108
3700.2322476422714,1.0064925052666158,0.9892297387123108
3700.23456245653,1.0065195401223974,0.9892234802246094
3700.2368772707914,0.9980444573093371,0.9892234802246094
3700.2391920850487,0.9957005175093225,0.9892234802246094
3700.241506899309,1.0038875014829916,0.9892297387123108
3700.2438217135677,1.0030936604123237,0.9892297387123108
3700.246136527827,1.0088397398570872,0.9892234802246094
3700.2484513420864,0.9964075603555709,0.9892297387123108
3700.2507661563445,1.007286466844467,0.9892297387123108
3700.253080970604,0.9949087196175171,0.9892351031303406
3700.2553957847526,1.009476862900568,0.9892803430557251
3700.257710598856,1.0006526937701576,0.9892803430557251
3700.2600254129616,0.9952731065222984,0.9892803430557251
3700.262340227065,0.9893296890551933,0.9892351031303406
3700.26465504117,0.9938093987983451,0.9892351031303406
3700.266969855274,0.9968243947029621,0.9892297387123108
3700.2692846693794,1.0062990570785806,0.9892351031303406
3700.271599483482,0.9885715222222176,0.9892351031303406
3700.2739142975865,0.9934354067827462,0.9892351031303406
3700.276229111691,0.9999264303645324,0.9892297387123108
3700.278543925795,1.0064838890030026,0.9892297387123108
3700.280858739901,1.0103897075778714,0.9892297387123108
3700.2831735540044,0.9946040498487605,0.9892297387123108
3700.285488368109,1.000338563095803,0.9892351031303406
3700.2878031822133,0.9924073053227553,0.9892351031303406
3700.2901179963164,0.9885892953107461,0.9892297387123108
3700.292432810421,1.0024611940312897,0.9892234802246094
3700.2947476245254,0.9963823636401214,0.989193856716156
3700.297062438518,0.9976499041722245,0.989193856716156
3700.2993772524674,1.0,0.9891667366027832
3700.3016920664154,0.9917332832634267,0.9891667366027832
3700.304006880364,1.0016210453651673,0.9891667366027832
3700.306321694312,1.0029946203249016,0.9891644716262817
3700.3086365082627,0.993489120413611,0.98915696144104
3700.3109513222093,0.999949925961527,0.9891644716262817
3700.313266136159,0.9885285592908836,0.98915696144104
3700.315580950107,0.9890390652775183,0.98915696144104
3700.3178957640557,0.9976652425686791,0.98915696144104
3700.3202105780033,1.0054910727736166,0.98915696144104
3700.3225253919527,0.9896197718631179,0.98915696144104
3700.3248402059,0.9958091464479429,0.9891644716262817
3700.327155019849,0.9879986502202431,0.98915696144104
3700.3294698337986,1.00346332997897,0.98915696144104
3700.331784647747,0.995475104397028,0.98915696144104
3700.334099461697,0.9870420935510805,0.9891185760498047
3700.3364142756436,0.997428741105161,0.9891149401664734
3700.3387290894816,1.000505465785697,0.9891149401664734
3700.341043903273,1.0013485064107386,0.9891185760498047
3700.3433587170653,1.0076289017380053,0.9891185760498047
3700.3456735308564,0.997701730002719,0.9891185760498047
3700.347988344651,1.0028308012337752,0.9891149401664734
3700.350303158441,0.9958621466808922,0.9891149401664734
3700.3526179722344,0.9907859155345461,0.9891149401664734
3700.354932786026,1.0014271977009601,0.9890828728675842
3700.357247599818,1.0036397970671067,0.9890828728675842
3700.35956241361,0.9962433538706056,0.9890828728675842
3700.3618772274017,0.9990426090497339,0.9890828728675842
3700.364192041193,0.996366880032918,0.9890795946121216
3700.366506854986,1.0006783173823892,0.9890795946121216
3700.3688216687774,0.9962693749223364,0.9890795946121216
3700.371136482571,1.0096432084588451,0.9890028238296509
3700.3734512963615,0.9898081142733229,0.9889733195304871
3700.3757661101545,0.9826445154804189,0.9889733195304871
3700.3780809239474,0.9963509401605656,0.9889733195304871
3700.3803957376267,0.9924900170038488,0.9890028238296509
3700.382710551262,0.9908595286417345,0.9890795946121216
3700.3850253648957,0.987707064275393,0.9890795946121216
3700.3873401785318,1.0063619975458602,0.9890795946121216
3700.3896549921656,0.9891510800107172,0.9890795946121216
3700.391969805802,0.9928557799525743,0.9890028238296509
3700.394284619436,0.9983786257028235,0.9890028238296509
3700.396599433071,1.0045224495759077,0.9889407157897949
3700.3989142467058,0.9943778938153216,0.9890028238296509
3700.40122906034,1.0019725525311893,0.9890028238296509
3700.403543873975,0.9890010482367299,0.9889407157897949
3700.40585868761,1.0087096707311958,0.9889407157897949
3700.408173501244,0.9958728013965512,0.9889100193977356
3700.41048831488,1.0031409503267312,0.9889100193977356
3700.412803128514,0.9938293031643303,0.9889100193977356
3700.4151179421488,0.9930459943209506,0.9889100193977356
3700.417432755783,1.0013206432800317,0.9889100193977356
3700.41974756942,1.00901380160957,0.9888941645622253
3700.4220623829406,0.9918782877558174,0.9888615608215332
3700.4243771964184,0.9915543699078563,0.9888128042221069
3700.4266920098944,0.9962558303353574,0.9888128042221069
3700.4290068233713,0.9930986575505533,0.9888128042221069
3700.431321636849,0.9996965531109816,0.9888049364089966
3700.433636450325,0.9848442871198594,0.988784909248352
3700.4359512638025,0.9895114396710211,0.9887830018997192
3700.4382660772794,1.0000019289860658,0.9887830018997192
3700.4405808907554,0.994645818352184,0.9887756705284119
3700.4428957042323,1.0100976995273863,0.9887830018997192
3700.4452105177093,1.0054543889436305,0.9887830018997192
3700.4475253311853,0.9999834830568112,0.9887830018997192
3700.449840144663,0.9967699491642094,0.9887756705284119
3700.452154958139,0.9915991228573049,0.9887732863426208
3700.454469771616,1.0122555114235376,0.9887732863426208
3700.4567845850916,1.0062857834198764,0.9887732863426208
3700.4590993985707,0.9962047429049237,0.9887732863426208
3700.461414212046,1.0058441618331528,0.9887732863426208
3700.463729025411,0.9997708703724902,0.9887732863426208
3700.4660438387277,0.9927847495700701,0.9887666702270508
3700.468358652046,0.9919555732703702,0.9887666702270508
3700.470673465363,0.9940950142273163,0.9887732863426208
3700.472988278682,0.9989040237417115,0.9887732863426208
3700.475303091998,1.000986089851726,0.9887666702270508
3700.477617905317,1.001128776896538,0.9887666702270508
3700.479932718635,0.9891140092997954,0.9887666702270508
3700.4822475319534,0.9850950210118278,0.9887666702270508
3700.4845623452725,0.9916623022636061,0.9887666702270508
3700.4868771585884,1.002397715217019,0.9887641072273254
3700.4891919719075,0.9964088224104721,0.9887641072273254
3700.4915067852244,0.9940436874220814,0.9887587428092957
3700.4938215985426,1.001944706789637,0.9887587428092957
3700.49613641186,1.0025595861837564,0.9887587428092957
3700.4984512251785,0.9916386859030122,0.9887326955795288
3700.500766038496,1.0053703780623897,0.9887015223503113
3700.503080851815,0.9955642927070059,0.9887015223503113
3700.5053956650186,1.0061729935751238,0.9886676073074341
3700.5077104781767,0.991858066816436,0.9886531233787537
3700.5100252913353,0.9926592439970278,0.9886369109153748
3700.5123401044925,1.0099819281557525,0.9886369109153748
3700.5146549176507,0.9944566614867747,0.9886369109153748
3700.5169697308093,0.9941042665012139,0.9886265397071838
3700.5192845439665,0.9994101371396481,0.9885556101799011
3700.5215993571255,0.9972751383142252,0.9885467290878296
3700.523914170283,0.9973028987597555,0.9885115623474121
3700.526228983442,1.0020703704043155,0.9885115623474121
3700.528543796601,1.0001222787108062,0.9885467290878296
3700.5308586097594,0.9834198388887543,0.9885467290878296
3700.5331734229167,0.9951323501401339,0.9885556101799011
3700.5354882360743,0.9950180917203887,0.9885556101799011
3700.5378030492334,0.9994197842885447,0.9885556101799011
3700.5401178623906,0.9925007285104784,0.9885556101799011
3700.5424326755506,0.987412700319979,0.9886265397071838
3700.5447474887073,1.0045922681445687,0.9886369109153748
3700.547062301752,0.9971585155815297,0.9886265397071838
3700.5493771147494,0.9911209188780616,0.9886265397071838
3700.551691927746,1.0046961717882275,0.9885556101799011
3700.554006740744,0.9919219365310172,0.9886265397071838
3700.556321553742,0.9996848623158212,0.9886265397071838
3700.5586363667385,0.9944045124677741,0.9886265397071838
3700.5609511797375,1.0053203268305844,0.9886369109153748
3700.563265992734,1.0022769255367696,0.9886265397071838
3700.5655808057318,1.007800366095092,0.9886265397071838
3700.5678956187285,1.000071750669919,0.9885556101799011
3700.570210431729,1.002330449700037,0.9885556101799011
3700.5725252447246,0.9991743246438046,0.9885556101799011
3700.574840057723,1.0019975627684206,0.9885556101799011
3700.5771548707203,0.9999644258188483,0.9885467290878296
3700.579469683718,0.9923150121476785,0.9885467290878296
3700.5817844967164,1.0158954713782868,0.9885115623474121
3700.584099309713,1.0030269278394874,0.9885115623474121
3700.586414122711,1.0021408580267133,0.9885115623474121
3700.588728935593,0.9934015542354363,0.9885048866271973
3700.59104374843,0.9995669891223881,0.9884762167930603
3700.593358561266,0.9952029756385334,0.9884355664253235
3700.595673374103,1.0002331305812868,0.988422691822052
3700.5979881869375,1.0069841780206796,0.9884355664253235
3700.600302999775,0.9953065133464243,0.988422691822052
3700.6026178126103,0.9993783988536199,0.988422691822052
3700.6049326254465,0.9988605185038806,0.988422691822052
3700.6072474382822,1.0043844348612592,0.988422691822052
3700.6095622511207,1.0075809869472092,0.9884355664253235
3700.6118770639546,0.9917857817162758,0.9884355664253235
3700.6141918767926,1.0064324984753947,0.988422691822052
3700.616506689628,1.0076958151204871,0.988387405872345
3700.618821502464,1.0008581498241547,0.9883753061294556
3700.6211363153006,1.0005720596789833,0.9883753061294556
3700.623451128137,1.0086564459229335,0.9883698225021362
3700.625765940971,0.9962770685053408,0.9883698225021362
3700.6280807538083,1.0096078336065397,0.9883698225021362
3700.6303955665285,1.0035968750011308,0.9883579015731812
3700.6327103792037,0.9956610505410298,0.9883579015731812
3700.6350251918784,0.9912252225054188,0.9883481860160828
3700.637340004551,1.001361049170615,0.9883240461349487
3700.6396548172256,0.9971661837696173,0.9883149862289429
3700.6419696298985,1.001934990261723,0.9883023500442505
3700.644284442573,1.0063259297017868,0.9883023500442505
3700.6465992552457,0.995437476260728,0.9883149862289429
3700.648914067921,1.0048527341175983,0.9883023500442505
3700.651228880594,1.003734237646826,0.9882504343986511
3700.653543693269,1.0011416489058071,0.9882168769836426
3700.6558585059424,0.9958876582764232,0.9882504343986511
3700.6581733186163,1.0152280571557888,0.9882168769836426
3700.6604881312905,0.9932303862932648,0.9882168769836426
3700.6628029439635,0.9981998884407325,0.9882168769836426
3700.6651177566373,1.005070409724571,0.9882168769836426
3700.6674325693116,1.0076097461881905,0.9882168769836426
3700.6697473819845,0.9965720332898053,0.9882504343986511
3700.6720621945433,0.9951887653255268,0.9882168769836426
3700.674377007053,1.0050822918481153,0.9882168769836426
3700.676691819564,1.0025305954698143,0.9882150292396545
3700.6790066320737,0.9935898537814507,0.9882150292396545
3700.681321444587,1.0035929249614344,0.9882168769836426
3700.6836362570966,0.9913932411103621,0.9882168769836426
3700.6859510696077,0.9949230064096637,0.9882150292396545
3700.6882658821182,1.0013028402762456,0.9881950616836548
3700.6905806946284,1.007725747047694,0.9882150292396545
3700.69289550714,1.0053185438443752,0.9881950616836548
3700.69521031965,0.9946554929049733,0.9881900548934937
3700.697525132161,0.9980220251089958,0.9881900548934937
3700.6998399446707,0.9970950133656408,0.9881900548934937
3700.7021547571817,0.9966703383440008,0.9881950616836548
3700.7044695696927,0.9943559270366017,0.9881950616836548
3700.7067843822033,1.006066832569704,0.9881950616836548
3700.7090991947134,1.005019881081445,0.9881900548934937
3700.711414007225,1.00998264197804,0.9881900548934937
3700.713728819618,0.9963439278656383,0.9881361722946167
3700.7160436319646,0.993616062569029,0.9881359338760376
3700.7183584443105,1.004363026799701,0.9881359338760376
3700.720673256659,1.0031394893068442,0.9881361722946167
3700.7229880690043,1.021407791089125,0.9881359338760376
3700.7253028813516,1.0091808521342203,0.9881117343902588
3700.7276176936975,1.012559836175735,0.9881117343902588
3700.7299325060444,0.9922896194212028,0.9881359338760376
3700.732247318391,1.008169176694412,0.9881359338760376
3700.7345621307377,0.9984493463391918,0.9881359338760376
3700.736876943084,0.9992415930105675,0.9881359338760376
3700.73919175543,1.003340800363668,0.9881117343902588
3700.7415065677765,1.0147448111820148,0.9881117343902588
3700.743821380124,0.994001724237358,0.9881117343902588
3700.746136192471,1.005907708751931,0.9881359338760376
3700.748451004816,1.0098783527139124,0.9881117343902588
3700.750765817164,1.0076207503014278,0.9881117343902588
3700.7530806295094,1.0014486425016327,0.9881013035774231
3700.7553954417385,1.0017018579827774,0.9881117343902588
3700.7577102539194,0.992191960873848,0.9881359338760376
3700.760025066102,0.9970795932241013,0.9881359338760376
3700.7623398782825,1.007802849698646,0.9881361722946167
3700.7646546904657,1.0014022050920686,0.9881361722946167
3700.766969502646,1.0032966847366145,0.9881359338760376
3700.769284314828,0.9949188601636972,0.9881359338760376
3700.7715991270093,0.987489994372117,0.9881359338760376
3700.773913939191,0.9997603474931189,0.9881359338760376
3700.776228751372,1.0027977756290352,0.9881359338760376
3700.7785435635533,0.9976624109258643,0.9881117343902588
3700.780858375734,0.9983844624642986,0.9881117343902588
3700.7831731879164,0.999093967075415,0.9881117343902588
3700.7854880000973,0.9991782882299712,0.9881013035774231
3700.7878028122796,1.0021781177409397,0.9880481958389282
3700.790117624462,1.001385076810834,0.9880481958389282
3700.7924324366436,0.9982045278257468,0.9880481958389282
3700.794747248824,1.011684112239965,0.9880481958389282
3700.7970620608876,1.003745558976824,0.9880481958389282
3700.7993768729034,1.0019747599914048,0.9880481958389282
3700.801691684918,1.0105311081857196,0.9880481958389282
3700.804006496935,1.0054889144536427,0.987993061542511
3700.806321308949,1.0016480260006462,0.9879820346832275
3700.8086361209653,1.0173454957424912,0.987993061542511
3700.8109509329797,0.9983073300325757,0.9879820346832275
3700.8132657449955,1.0059888013812246,0.9879730343818665
3700.815580557011,1.0095019515925885,0.9879730343818665
3700.8178953690267,1.0140760166192995,0.9879724979400635
3700.820210181041,0.9886313644510416,0.9879724979400635
3700.822524993058,0.9947795013196643,0.9879724979400635
3700.8248398050728,0.9963454357191307,0.9879730343818665
3700.827154617088,0.9964517699160959,0.9879820346832275
3700.829469429103,1.00028077691104,0.9879730343818665
3700.8317842411207,0.9964122816188798,0.9879730343818665
3700.8340990531347,0.9991125417696605,0.9879724979400635
3700.836413865151,1.0069172874450059,0.9879724979400635
3700.8387286770467,1.0045499856202886,0.9879730343818665
3700.8410434888956,1.0020199780059977,0.9879724979400635
3700.843358300745,0.9992338060227312,0.9879730343818665
3700.8456731125925,0.998163245015453,0.9879724979400635
3700.8479879244414,1.0056936091685167,0.987899124622345
3700.850302736289,0.9945856601711883,0.9879724979400635
3700.852617548138,0.9893261278079818,0.9879724979400635
3700.854932359987,1.0005093078390632,0.9879730343818665
3700.857247171836,0.9889599693235619,0.9879820346832275
3700.859561983683,0.9987176322191406,0.9879820346832275
3700.8618767955327,1.0008008765661889,0.9879820346832275
3700.8641916073802,0.9981719938967522,0.9879730343818665
3700.8665064192287,1.0067298979809702,0.9879730343818665
3700.8688212310767,0.9926094216089021,0.9879724979400635
3700.871136042926,1.0061007172786127,0.9879724979400635
3700.8734508547736,1.007796902740611,0.9879724979400635
3700.875765666624,1.0073097961633328,0.9879724979400635
3700.8780804784715,1.0033068226051236,0.9879724979400635
3700.8803952902003,1.0040249941057329,0.9879724979400635
3700.882710101881,1.0148265774229663,0.9879730343818665
3700.8850249135617,1.0103695059940534,0.9879724979400635
3700.8873397252414,0.996314966949873,0.9879724979400635
3700.889654536922,1.00548818407585,0.9879724979400635
3700.891969348601,0.9948966456715822,0.987899124622345
3700.894284160284,1.0120711730408418,0.987899124622345
3700.8965989719654,1.000402161561077,0.9879724979400635
3700.8989137836443,0.9918348985474228,0.987899124622345
3700.901228595326,0.9912709761813394,0.987861156463623
3700.9035434070065,1.0038953799149386,0.9878410696983337
3700.9058582186863,1.0169099878762267,0.9878410696983337
3700.908173030366,1.0114960817108696,0.987861156463623
3700.9104878420476,0.9958451292299301,0.987861156463623
3700.9128026537273,1.008513474287774,0.987899124622345
3700.9151174654094,1.0081327016928785,0.987899124622345
3700.917432277089,1.0065968806814594,0.987899124622345
3700.91974708877,1.0185923844967526,0.987861156463623
3700.922061900329,0.9992373998103002,0.987861156463623
3700.924376711842,1.0003329399356566,0.987861156463623
3700.9266915233525,0.9954621632649835,0.987899124622345
3700.929006334864,1.0135868422464147,0.987899124622345
3700.931321146375,1.0032473409454576,0.987861156463623
3700.9336359578874,1.0078943606804784,0.9878410696983337
3700.9359507693985,1.0137625011139957,0.9878410696983337
3700.93826558091,0.992704436548039,0.9878410696983337
3700.9405803924205,0.9983704436970408,0.9878410696983337
3700.9428952039348,1.0030359815951309,0.9878410696983337
3700.9452100154444,1.0051919895122392,0.9878410696983337
3700.947524826957,1.000532715964464,0.987861156463623
3700.949839638469,1.0212889348425145,0.987899124622345
3700.9521544499794,0.9957928580190039,0.987899124622345
3700.9544692614922,0.989024747851397,0.987861156463623
3700.956784073003,1.006553741336609,0.987899124622345
3700.959098884515,0.9975535473352483,0.9879724979400635
3700.9614136960254,1.0241824223181446,0.9879724979400635
3700.9637285074164,1.0022392785272272,0.9879724979400635
3700.966043318758,1.011175639024223,0.9879724979400635
3700.9683581301006,0.9957803804523178,0.9879724979400635
3700.97067294144,0.9947343771388953,0.9879730343818665
3700.972987752783,1.0040963044815494,0.9879724979400635
3700.975302564124,1.0174401812648903,0.987899124622345
3700.9776173754653,0.9905389684942203,0.987899124622345
3700.9799321868063,0.9992275945555613,0.987899124622345
3700.982246998149,0.9961875420851042,0.987861156463623
3700.9845618094896,1.000321644541814,0.987899124622345
3700.9868766208324,1.0025159350193924,0.987861156463623
3700.9891914321734,1.0026345771080192,0.987899124622345
3700.991506243515,1.0042709592869608,0.987861156463623
3700.9938210548567,0.9981409771653951,0.9878410696983337
3700.996135866198,0.9931183161614041,0.987861156463623
3700.998450677538,1.0004466149698676,0.987861156463623
3701.0007654888805,1.0038881809339695,0.987861156463623
3701.0030803002205,0.9951536885734296,0.9878410696983337
3701.005395111443,0.9984349453332041,0.9878410696983337
3701.007709922614,0.9996884733886704,0.9878410696983337
3701.0100247337828,0.998223456826103,0.9878395199775696
3701.0123395449546,1.0116110348577838,0.987808883190155
3701.014654356124,1.0052795313830598,0.987808883190155
3701.0169691672945,0.9929372932554131,0.987808883190155
3701.0192839784645,1.0091943526551208,0.9878082871437073
3701.021598789636,0.9990019117604555,0.987808883190155
3701.0239136008054,0.9926071716933221,0.987808883190155
3701.0262284119776,0.9910870798651009,0.987808883190155
3701.028543223147,0.9977717548812103,0.987808883190155
3701.030858034318,1.0009787190161061,0.987808883190155
3701.0331728454876,1.006404014868103,0.9878395199775696
3701.035487656659,1.0003065888607174,0.987808883190155
3701.037802467829,0.9938230882712232,0.987808883190155
3701.0401172789993,1.0041582308418202,0.9878082871437073
3701.042432090169,1.0025908030173858,0.9877500534057617
3701.0447469013407,1.004668140183117,0.9877500534057617
3701.047061712388,0.9927236777696139,0.9877500534057617
3701.049376523387,1.0095031742917995,0.9878082871437073
3701.0516913343836,0.9958921533056254,0.9878082871437073
3701.0540061453844,0.9875316925919954,0.9877500534057617
3701.056320956381,0.9977002957331585,0.9877500534057617
3701.0586357673806,1.0006153866206573,0.9877500534057617
3701.060950578379,1.0123715762104253,0.9877500534057617
3701.063265389376,0.9963283178740426,0.9877500534057617
3701.0655802003766,0.9919013117305555,0.9877500534057617
3701.0678950113734,0.9966606557504663,0.9877393841743469
3701.0702098223724,0.9993167191633693,0.9877393841743469
3701.07252463337,0.9993362707831758,0.9877393841743469
3701.0748394443704,0.9990081280757263,0.9877500534057617
3701.077154255367,1.0107865845475321,0.9877500534057617
3701.0794690663656,1.0015492681014666,0.9877500534057617
3701.0817838773633,1.009291082819767,0.9877500534057617
3701.0840986883622,1.015196013738513,0.9877393841743469
3701.08641349936,1.0118465078036012,0.9877011179924011
3701.088728310235,0.9979370191281204,0.9876896142959595
3701.0910431210596,1.0010560820610763,0.9876896142959595
3701.093357931886,0.995291322348712,0.9876896142959595
3701.0956727427106,0.9950524036902095,0.9877011179924011
3701.0979875535368,0.9949086585573244,0.9876896142959595
3701.100302364361,1.001219563564131,0.9876896142959595
3701.1026171751864,1.00063068486124,0.9877011179924011
3701.104931986011,1.007252845730838,0.9877011179924011
3701.107246796837,0.9918994742605641,0.9877393841743469
3701.1095616076605,0.995059414295022,0.9877393841743469
3701.1118764184866,1.0056146338322556,0.9877393841743469
3701.11419122931,1.0020663165599142,0.9877393841743469
3701.1165060401377,0.9937557387004927,0.9877500534057617
3701.118820850964,0.9928586669704779,0.9877500534057617
3701.121135661787,0.9856119991911423,0.9877393841743469
3701.123450472613,1.0022777637074505,0.9877393841743469
3701.1257652834374,0.9830829090195901,0.9877011179924011
3701.1280800942627,1.002454455405034,0.9876896142959595
3701.130394904963,1.003352668284866,0.9876896142959595
3701.132709715615,0.9908401615922371,0.9876846075057983
3701.135024526265,0.996383673285143,0.9876896142959595
3701.137339336917,1.0019234573447249,0.9876896142959595
3701.1396541475674,1.0031044226692918,0.9877011179924011
3701.1419689582185,1.0011361060064687,0.9877393841743469
3701.1442837688683,1.0002460218917846,0.9877500534057617
3701.1465985795203,1.0046615527111973,0.9877393841743469
3701.14891339017,0.9995348645510245,0.9877393841743469
3701.151228200821,1.0011851660895017,0.9877393841743469
3701.1535430114704,0.9948315534419692,0.9877393841743469
3701.155857822123,1.0052572168835345,0.9877500534057617
3701.158172632773,1.004435092219891,0.9877500534057617
3701.1604874434247,0.9972000149412996,0.9877393841743469
3701.1628022540744,0.9985277180595472,0.9877011179924011
3701.1651170647274,0.988954602043977,0.9877393841743469
3701.167431875376,0.9984221118682134,0.9877393841743469
3701.1697466860273,0.9959358814787994,0.9877011179924011
3701.1720614965543,0.9920409755067249,0.9877011179924011
3701.174376307028,0.9935125332850558,0.9877011179924011
3701.176691117506,1.0043449629894532,0.9876896142959595
3701.17900592798,1.0029911516440744,0.9877011179924011
3701.1813207384557,0.9984553616907854,0.9877393841743469
3701.1836355489304,0.9953417662366095,0.9877393841743469
3701.185950359407,0.9900238334084815,0.9877500534057617
3701.188265169881,1.0096715237185938,0.9878082871437073
3701.1905799803567,1.0097155721349236,0.9878082871437073
3701.1928947908314,1.012372373633627,0.9877393841743469
3701.195209601308,0.9974244361575346,0.9877393841743469
3701.1975244117825,1.0020616469051191,0.9878082871437073
3701.1998392222577,1.0073432330439394,0.9878082871437073
3701.2021540327323,1.0189070773875297,0.987808883190155
3701.2044688432093,1.0105161005010475,0.987808883190155
3701.206783653684,0.9975942323848422,0.9878082871437073
3701.2090984641604,0.9856017795077475,0.9878082871437073
3701.2114132746347,1.001627860514716,0.9878082871437073
3701.2137280849847,1.005074374499289,0.987808883190155
3701.2160428952825,1.004635821490099,0.987808883190155
3701.2183577055825,1.0020126505844893,0.9878082871437073
3701.2206725158794,0.9868182398820033,0.9878082871437073
3701.222987326179,0.994851464214614,0.9878082871437073
3701.2253021364786,0.9974692676311178,0.9878082871437073
3701.2276169467773,0.985559016715247,0.9877393841743469
3701.2299317570773,0.9862678947249316,0.9877011179924011
3701.232246567374,1.0086841326144573,0.9876896142959595
3701.2345613776733,0.998885923946884,0.9876896142959595
3701.236876187972,1.0092759610014845,0.9876896142959595
3701.2391909982707,0.9924256866339285,0.9877011179924011
3701.241505808569,1.0030895169989515,0.9877011179924011
3701.243820618869,1.0084351386382286,0.9876896142959595
3701.2461354291668,0.9902349933297518,0.9876846075057983
3701.248450239467,1.002314242901361,0.9876745939254761
3701.250765049765,1.0055739086784918,0.9876846075057983
3701.2530798600637,1.0043033886266077,0.9876745939254761
3701.255394670235,1.0031756850295928,0.9876846075057983
3701.2577094803573,0.9983421069942059,0.9876745939254761
3701.2600242904764,1.0056265287020312,0.9876745939254761
3701.2623391005986,0.9914345879370196,0.9876846075057983
3701.2646539107177,1.0076424520104827,0.9876846075057983
3701.2669687208413,0.988420997238603,0.9876846075057983
3701.2692835309613,1.0044251873106813,0.9876846075057983
3701.2715983410826,1.0044867421199886,0.9876846075057983
3701.2739131512026,1.007394988329388,0.9876896142959595
3701.276227961325,1.0001207554402407,0.9876896142959595
3701.278542771445,0.9960383445425446,0.9876846075057983
3701.280857581566,0.9978674059755842,0.9876745939254761
3701.283172391687,0.9994401472985311,0.9876745939254761
3701.2854872018074,1.0016127360038545,0.9876846075057983
3701.2878020119306,0.9957658136417286,0.9876846075057983
3701.2901168220505,0.9979985132778482,0.9876896142959595
3701.292431632172,0.9921287801639925,0.9877011179924011
3701.294746442292,0.9912670272390565,0.9877011179924011
3701.2970612522868,0.9962058995564498,0.9877393841743469
3701.299376062228,0.9969467810050919,0.9878082871437073
3701.30169087217,1.0068923703496715,0.9878082871437073
3701.3040056821114,1.003449290618785,0.987808883190155
3701.306320492054,0.9930017366530212,0.987808883190155
3701.3086353019953,1.0010083460837331,0.987808883190155
3701.3109501119375,1.010526358345236,0.987808883190155
3701.3132649218787,1.0001667805790895,0.9878082871437073
3701.3155797318223,1.0112569650049814,0.9878082871437073
3701.3178945417635,1.0137622337688073,0.9878082871437073
3701.3202093517066,1.0067017513096703,0.987808883190155
3701.322524161648,1.0032054556283976,0.987808883190155
3701.324838971589,1.0137153380847401,0.9878395199775696
3701.3271537815313,0.995829236111769,0.9878410696983337
3701.3294685914743,0.9976882589463739,0.9878410696983337
3701.331783401414,1.0014883670302115,0.9878395199775696
3701.3340982113577,1.0,0.9878410696983337
3701.3364130213,0.9959686399492196,0.9878465533256531
3701.338727831114,0.9969076192662724,0.9878465533256531
3701.341042640875,1.0020365984335093,0.9878410696983337
3701.3433574506366,1.004602001674629,0.9878410696983337
3701.3456722603987,0.9923811923553434,0.9878395199775696
3701.347987070161,0.9903232309372778,0.9878395199775696
3701.3503018799224,0.9966042158311399,0.9878395199775696
3701.3526166896836,0.9941468746193025,0.9878395199775696
3701.354931499447,0.9948277933340199,0.9878395199775696
3701.3572463092078,1.0084837802062587,0.987808883190155
3701.3595611189708,1.0090010169144006,0.987808883190155
3701.361875928732,1.0091451878596507,0.9878395199775696
3701.3641907384936,0.9992677333166317,0.9878395199775696
3701.3665055482547,1.0186944619073797,0.9878395199775696
3701.3688203580177,1.0130512965221141,0.987808883190155
3701.3711351677775,0.9965379039421302,0.9878395199775696
3701.3734499775405,0.9951684035373501,0.9878395199775696
3701.3757647873026,1.012736388088183,0.9878410696983337
3701.3780795970647,1.0034998623985207,0.9878410696983337
3701.3803944066967,1.0061268106994035,0.9878410696983337
3701.3827092162774,1.0071035275682625,0.9878465533256531
3701.3850240258566,0.9993315220854145,0.9878559112548828
3701.387338835438,0.9988141725625692,0.987892210483551
3701.389653645018,1.0082990456073417,0.9878559112548828
3701.391968454598,0.9874848566264398,0.987892210483551
3701.3942832641787,0.9868351993161418,0.987899124622345
3701.3965980737585,0.9945501256438144,0.9879724979400635
3701.3989128833387,1.0077506897559447,0.9879724979400635
3701.4012276929207,0.9958395041141622,0.9879724979400635
3701.4035425025013,0.998451623692613,0.9879724979400635
3701.4058573120806,0.9916207291902206,0.9879724979400635
3701.408172121662,0.9909707308915341,0.9879724979400635
3701.410486931242,0.995517342921336,0.9879730343818665
3701.412801740822,0.9965383718088398,0.9879730343818665
3701.415116550401,0.9901658098064021,0.9879730343818665
3701.4174313599833,1.0038763985528707,0.9879730343818665
3701.4197461695626,0.9858104495223866,0.9879730343818665
3701.4220609790136,0.989155393151839,0.9879724979400635
3701.4243757884105,0.9971832416846687,0.9879730343818665
3701.4266905978093,0.9983332717970548,0.9879820346832275
3701.429005407206,1.014439447258357,0.987993061542511
3701.431320216604,0.9935889523957063,0.9880481958389282
3701.4336350260014,0.9913823626807631,0.987993061542511
3701.4359498353983,0.9982962831319,0.9880481958389282
3701.438264644796,1.0043251573915593,0.9880643486976624
3701.4405794541954,0.9860505862078888,0.9880643486976624
3701.442894263591,1.0065912479794257,0.9881013035774231
3701.44520907299,1.0017186455762657,0.9881013035774231
3701.447523882388,1.0043879722196032,0.9881013035774231
3701.4498386917858,0.9939043608814285,0.9881013035774231
3701.4521535011827,0.996944039015153,0.9881117343902588
3701.4544683105805,0.9903031398971643,0.9881900548934937
3701.4567831199774,0.9933737746538074,0.9881117343902588
3701.4590979293757,0.9901588825733344,0.9881013035774231
3701.4614127387717,1.0085154427340142,0.9881117343902588
3701.4637275480395,1.003600704541535,0.9881013035774231
3701.466042357255,0.9994187719118013,0.9880643486976624
3701.4683571664677,0.99435134988568,0.9881013035774231
3701.4706719756823,1.0023527298373893,0.9881117343902588
3701.4729867848955,1.0025230181826692,0.9881117343902588
3701.475301594109,0.9966011982089715,0.9881900548934937
3701.477616403322,1.010018178567387,0.9881117343902588
3701.4799312125365,1.00024985539212,0.9881013035774231
3701.482246021749,1.0125028924286774,0.9881117343902588
3701.4845608309633,1.0059672100531774,0.9881117343902588
3701.4868756401775,0.993327192260028,0.9881900548934937
3701.4891904493916,0.9912760528661485,0.9881900548934937
3701.4915052586043,0.9826492436710613,0.9881950616836548
3701.493820067818,1.005608346883933,0.9881983399391174
3701.496134877031,0.9868191603982263,0.9881983399391174
3701.4984496862457,0.9964286009405631,0.9881983399391174
3701.5007644954585,0.999977924582654,0.9882168769836426
3701.5030793046726,0.9994045668851369,0.9882168769836426
3701.5053941137544,0.9963660633708222,0.9882504343986511
3701.507708922782,0.993786493801271,0.9882168769836426
3701.5100237318106,0.9991298304752705,0.9882168769836426
3701.5123385408406,0.9992642733858286,0.9882168769836426
3701.5146533498664,1.0084279238829958,0.9882168769836426
3701.5169681588964,0.9990738578323822,0.9882168769836426
3701.519282967925,0.9964656406288723,0.9882504343986511
3701.5215977769526,0.9799538494692218,0.9882504343986511
3701.523912585982,0.9898225528436484,0.9882504343986511
3701.5262273950107,0.9980468140977031,0.9882504343986511
3701.5285422040392,1.0103272653931754,0.9882504343986511
3701.5308570130665,1.009098924728459,0.9882504343986511
3701.5331718220955,1.0052564215298336,0.988296389579773
3701.535486631123,1.0013834541083926,0.9883023500442505
3701.5378014401526,1.012471290869613,0.9883023500442505
3701.5401162491803,0.9980669643777937,0.9883149862289429
3701.542431058209,1.0102833150979602,0.9883240461349487
3701.544745867237,1.0013869819578964,0.9883240461349487
3701.547060676132,0.9815213813418782,0.9883240461349487
3701.549375484974,1.0055731817142612,0.9883481860160828
3701.551690293817,0.9881413466422776,0.9883481860160828
3701.554005102657,1.0022613441262556,0.9883481860160828
3701.5563199115,0.9981031117434473,0.9883579015731812
3701.5586347203416,1.0046929811891776,0.988364040851593
3701.5609495291837,1.0110719430248074,0.9883698225021362
3701.5632643380245,0.9959849829908907,0.988364040851593
3701.5655791468666,0.9889892634765282,0.988364040851593
3701.5678939557074,0.9990117534221362,0.9883579015731812
3701.5702087645504,1.0010593586399394,0.9883481860160828
3701.5725235733903,0.9899552062362202,0.9883240461349487
3701.5748383822333,1.0010968965931917,0.9883240461349487
3701.5771531910755,0.9984148085014609,0.9883023500442505
3701.5794679999176,1.0013371359273364,0.9883023500442505
3701.5817828087584,0.9971314692114969,0.9883023500442505
3701.584097617601,0.9962129459074811,0.9883023500442505
3701.586412426442,0.9812963282608588,0.988296389579773
3701.58872723515,0.9850304199174781,0.9882504343986511
3701.591042043805,0.991703688264217,0.988296389579773
3701.593356852457,0.9957819093970542,0.9883023500442505
3701.595671661112,0.9889544406410194,0.9883023500442505
3701.5979864697665,1.0089579241542197,0.9883023500442505
3701.6003012784204,0.9984749377026496,0.9883023500442505
3701.6026160870733,0.9930789902298793,0.9883023500442505
3701.604930895727,0.9903585811245451,0.9883023500442505
3701.60724570438,0.991337242871891,0.9883240461349487
3701.609560513035,1.006145226262363,0.9883240461349487
3701.611875321687,0.996284051552618,0.9883023500442505
3701.6141901303417,1.0000738196010581,0.9883023500442505
3701.6165049389956,0.9988481367968879,0.9883023500442505
3701.6188197476486,0.9901601607916356,0.9883023500442505
3701.6211345563024,1.0009249820666741,0.988296389579773
3701.6234493649577,0.9910525822807607,0.9882504343986511
3701.62576417361,0.9944768029584437,0.9882168769836426
3701.628078982265,1.0059609443639363,0.9882504343986511
3701.6303937907837,0.9980744928323653,0.9882168769836426
3701.6327085992475,1.0013168649915727,0.9882168769836426
3701.635023407712,0.9922532173412898,0.9882168769836426
3701.6373382161773,0.9945333787548114,0.9882168769836426
3701.63965302464,0.994155996631204,0.9881983399391174
3701.6419678331063,0.9994341107906363,0.9881983399391174
3701.6442826415687,1.0078406254791406,0.9881950616836548
3701.6465974500343,1.0048033187684637,0.9881950616836548
3701.6489122585,0.9991532744537993,0.9881950616836548
3701.6512270669637,0.995479000701969,0.9881900548934937
3701.653541875428,0.9930482784047354,0.9881117343902588
3701.6558566838926,1.0047537672697762,0.9881013035774231
3701.6581714923564,0.9995949953880507,0.9881013035774231
3701.6604863008206,0.9907951188087868,0.9880771040916443
3701.6628011092866,1.0003510160615032,0.9881013035774231
3701.665115917749,1.008227070896739,0.9881013035774231
3701.6674307262147,0.9962141056820748,0.9881013035774231
3701.6697455346794,1.0112196987871824,0.9880771040916443
3701.672060343008,0.9927479804210371,0.9881013035774231
3701.6743751512813,1.0064092479540667,0.9881117343902588
3701.676689959556,0.9986891338662094,0.9881013035774231
3701.679004767828,0.9877089485087367,0.9881013035774231
3701.6813195761024,1.005008810388531,0.9881013035774231
3701.6836343843743,1.0124665293608135,0.9881013035774231
3701.6859491926493,0.9945722505244882,0.9881013035774231
3701.6882640009235,0.9985030392537781,0.9881013035774231
3701.690578809197,1.004160055420755,0.9880771040916443
3701.69289361747,0.9950464406370066,0.9880643486976624
3701.695208425745,0.993623804206909,0.9880643486976624
3701.697523234017,0.9958753014498609,0.9880643486976624
3701.6998380422915,1.002794962094699,0.9880643486976624
3701.702152850565,1.0053474793854051,0.9880643486976624
3701.7044676588384,1.000582072633423,0.9880643486976624
3701.706782467112,1.0040166655577127,0.9880771040916443
3701.709097275387,0.9953397389652995,0.9880771040916443
3701.711412083661,1.004948673065625,0.9880643486976624
3701.7137268917973,0.9946810102231743,0.9880337715148926
3701.7160416998795,0.99663311627045,0.9880337715148926
3701.7183565079595,1.0000374012884985,0.9880643486976624
3701.720671316042,1.0007186095749296,0.9880337715148926
3701.7229861241217,0.998339029766073,0.9880337715148926
3701.7253009322044,0.9931228546626453,0.987993061542511
3701.727615740286,1.0027335629220515,0.9879730343818665
3701.729930548368,1.002189927179597,0.9879730343818665
3701.732245356449,0.9897875652616623,0.987993061542511
3701.734560164531,1.0082757528110453,0.987993061542511
3701.736874972611,1.0105718616814112,0.9880337715148926
3701.739189780694,0.9841133713985667,0.9880337715148926
3701.741504588775,1.0004397381648507,0.987993061542511
3701.743819396856,1.0099155153496104,0.9879730343818665
3701.746134204938,1.0040150977618267,0.9879730343818665
3701.7484490130205,0.9920633661359308,0.9879717230796814
3701.7507638211,1.0139502987686222,0.987899124622345
3701.753078629183,0.9868954133946881,0.987899124622345
3701.7553934371244,1.0038143894675065,0.987892210483551
3701.757708245014,1.009294029635791,0.987892210483551
3701.760023052902,0.9990155782509403,0.987899124622345
3701.76233786079,1.006072873394711,0.987899124622345
3701.764652668677,0.9992341053479828,0.987892210483551
3701.766967476566,0.9981135515841218,0.9878559112548828
3701.7692822844524,0.9928915317200886,0.9878559112548828
3701.771597092341,0.9882000094002196,0.987892210483551
3701.7739119002304,0.9947149407559912,0.987892210483551
3701.776226708116,1.0052923732576977,0.9878559112548828
3701.7785415160056,0.9954395795883928,0.9878559112548828
3701.7808563238937,0.9906392577246337,0.9878559112548828
3701.783171131781,0.9958734363612679,0.987892210483551
3701.785485939669,0.9937200741326171,0.987892210483551
3701.787800747558,0.9862277958048109,0.9879717230796814
3701.790115555444,1.0044946081776722,0.987892210483551
3701.792430363333,0.9905577419143073,0.9878559112548828
3701.794745171219,1.0079920569954979,0.987892210483551
3701.7970599789696,1.0064637632959468,0.9878559112548828
3701.7993747866626,0.9945881677865894,0.9878465533256531
3701.8016895943556,0.9998416119785511,0.9878410696983337
3701.8040044020477,0.9989870407222542,0.9878410696983337
3701.8063192097416,0.9909691072158988,0.9878410696983337
3701.8086340174327,1.0035667775664396,0.9878410696983337
3701.8109488251266,0.9966283564759854,0.9878410696983337
3701.8132636328196,0.9892778851765888,0.9878410696983337
3701.815578440511,1.00115735063066,0.9878395199775696
3701.817893248204,0.9860644773088341,0.987808883190155
3701.8202080558985,1.013302190054458,0.9877686500549316
3701.8225228635897,1.0012202610766163,0.987808883190155
3701.8248376712836,1.001740394117235,0.987808883190155
3701.8271524789766,1.0070350709055378,0.987808883190155
3701.8294672866687,0.996333296466578,0.9878395199775696
3701.8317820943616,1.0024345333009679,0.9878395199775696
3701.8340969020537,0.9896419664418924,0.9878410696983337
3701.8364117097467,0.9997354165813132,0.9878410696983337
3701.838726517301,1.004332235959061,0.9878395199775696
3701.8410413247975,0.9937068125903331,0.987808883190155
3701.843356132293,1.0044252935431843,0.9877686500549316
3701.84567093979,0.9986153156575835,0.9877686500549316
3701.847985747285,0.9921909282206477,0.9877686500549316
3701.8503005547823,1.0032845144655977,0.9877686500549316
3701.8526153622784,1.0000310148936054,0.987808883190155
3701.854930169774,1.0004624937481887,0.9878395199775696
3701.8572449772705,1.008418974767091,0.987808883190155
3701.8595597847684,0.9930675678766075,0.987808883190155
3701.861874592262,1.0086469402691163,0.987808883190155
3701.86418939976,0.9976084370705107,0.9877686500549316
3701.8665042072566,1.007688507029444,0.9877686500549316
3701.868819014752,0.9919942499611084,0.9877511262893677
3701.8711338222483,0.9982016059852252,0.9877686500549316
3701.873448629745,1.005958949086377,0.9877511262893677
3701.8757634372405,1.0060859124167845,0.9877511262893677
3701.8780782447375,0.9897296079331324,0.9877511262893677
3701.880393052091,1.0050580766720931,0.9877511262893677
3701.8827078593904,1.0042716475278899,0.9877438545227051
3701.8850226666896,0.9963175144477696,0.9877333641052246
3701.887337473987,1.0126846130710858,0.9877333641052246
3701.889652281285,1.0045449948272374,0.9877333641052246
3701.8919670885844,0.9924465666417736,0.9877011179924011
3701.894281895881,1.0140811514177737,0.9877011179924011
3701.8965967031804,1.006508842209277,0.9876900315284729
3701.898911510478,0.9938502521152224,0.9876846075057983
3701.901226317776,0.9953875182860532,0.9876900315284729
3701.9035411250757,0.9975809092790288,0.9876900315284729
3701.9058559323717,0.9830516074314276,0.9876846075057983
3701.9081707396717,1.0025229278902237,0.9876745939254761
3701.91048554697,1.0060024006705945,0.9876710176467896
3701.9128003542683,1.0007833230640364,0.9876745939254761
3701.9151151615656,1.0058652884636854,0.9876710176467896
3701.917429968865,1.0017391928827006,0.9876686334609985
3701.9197447761617,0.9980610903783662,0.9876571893692017
3701.922059583319,1.0067433984707754,0.9876391291618347
3701.9243743904176,1.0009026478838017,0.9876571893692017
3701.9266891975153,1.008637405433799,0.9876571893692017
3701.929004004615,1.0035687279613623,0.9876686334609985
3701.9313188117144,0.9960172187276898,0.9876686334609985
3701.933633618811,0.9796838746907237,0.9876571893692017
3701.935948425911,1.0030734162410186,0.9876391291618347
3701.93826323301,1.0015079367953235,0.987628698348999
3701.940578040108,1.004357784046263,0.987628698348999
3701.9428928472066,0.996200746718359,0.9876391291618347
3701.9452076543043,0.996546821117633,0.987628698348999
3701.9475224614034,1.0176205184656777,0.987628698348999
3701.9498372685034,1.0083914817805555,0.987628698348999
3701.9521520755998,0.9917364005625705,0.9876284599304199
3701.9544668827,0.9999239573833035,0.9876284599304199
3701.956781689799,1.0030725441735182,0.9876284599304199
3701.959096496897,1.0018544742268638,0.9876284599304199
3701.9614113039956,1.0051122968394757,0.9876284599304199
3701.9637261109524,1.009736957425314,0.9876160025596619
3701.966040917848,1.0042876506379483,0.9876160025596619
3701.9683557247467,1.016411318929329,0.9876033663749695
3701.9706705316457,1.0090765204307863,0.9876033663749695
3701.972985338541,0.9980713653949624,0.9876033663749695
3701.97530014544,0.9990581339452305,0.9876033663749695
3701.977614952338,0.9921914862104392,0.9875797033309937
3701.979929759235,0.9970982365812302,0.9876033663749695
3701.9822445661325,0.9980939013836733,0.9876160025596619
3701.9845593730292,1.004671670696071,0.9876160025596619
3701.986874179927,0.9892239614273186,0.9876160025596619
3701.9891889868254,1.001053143173698,0.9876160025596619
3701.9915037937217,0.9873377376807076,0.9876033663749695
3701.9938186006207,0.9979812706238059,0.9875797033309937
3701.9961334075183,1.005966199923012,0.9875797033309937
3701.998448214415,1.0015335047152147,0.9876033663749695
3702.0007630213127,0.9971335429789003,0.9876033663749695
3702.003077828211,0.9956678144766491,0.9876033663749695
3702.005392634963,0.9966512032691913,0.9876033663749695
3702.007707441659,1.0024794747615082,0.9876033663749695
3702.010022248353,0.999923050158924,0.9876033663749695
3702.012337055048,0.9978615790047036,0.9876033663749695
3702.0146518617435,1.0003164373989293,0.9875797033309937
3702.0169666684396,1.0118182513369847,0.9875560402870178
3702.019281475133,1.0001200475047713,0.9875560402870178
3702.021596281829,1.0059254981592667,0.9875533580780029
3702.0239110885223,0.9986933557116815,0.9875533580780029
3702.026225895218,0.994998429540192,0.9875533580780029
3702.0285407019132,0.9983276640210144,0.9875560402870178
3702.0308555086076,1.015928294038045,0.9875560402870178
3702.0331703153024,1.0003063664098806,0.9875533580780029
3702.035485121999,0.9968299054319301,0.9875273704528809
3702.0377999286925,1.016836713753534,0.9875273704528809
3702.040114735388,0.9963894770388146,0.9875273704528809
3702.042429542084,1.0001347221789647,0.9874956607818604
3702.0447443487774,1.0067222262864217,0.9874956607818604
3702.047059155328,1.0081376541971392,0.9874956607818604
3702.0493739618178,1.0066720344568674,0.9875273704528809
3702.051688768309,1.0032632705571438,0.9874956607818604
3702.0540035747995,0.9982449901095088,0.9874956607818604
3702.0563183812897,1.0040948312284674,0.9875273704528809
3702.0586331877803,1.0043958389212813,0.9875533580780029
3702.0609479942727,0.9989813135803852,0.9875533580780029
3702.0632628007615,0.9896218967211413,0.9875273704528809
3702.0655776072535,0.9948631116735742,0.9875533580780029
3702.0678924137446,0.9990159605239866,0.9875560402870178
3702.0702072202344,0.9980251481727325,0.9875797033309937
3702.0725220267254,0.9922610746752427,0.9875797033309937
3702.074836833217,1.008103391617054,0.9876033663749695
3702.0771516397062,0.9888655306359952,0.9876160025596619
3702.079466446198,1.009811315972041,0.9876033663749695
3702.081781252688,0.9983118912744515,0.9875797033309937
3702.084096059179,0.9891417853201293,0.9875797033309937
3702.08641086567,0.9879803278902238,0.9875797033309937
3702.0887256720152,0.9992652899569731,0.9875560402870178
3702.0910404782985,1.0012913707451414,0.9875560402870178
3702.0933552845845,0.9963813032957445,0.9875533580780029
3702.0956700908678,1.003954506039524,0.9875560402870178
3702.0979848971538,0.9985831497362968,0.9875560402870178
3702.100299703438,1.0201534350757564,0.9875560402870178
3702.102614509723,1.0073740994602012,0.9875533580780029
3702.10492931601,1.002040504684946,0.9875273704528809
3702.107244122295,1.0030468446326524,0.9875273704528809
3702.109558928579,1.0076493424658195,0.9875273704528809
3702.1118737348643,0.9955418134622084,0.9875533580780029
3702.1141885411503,1.0144268817645625,0.9875273704528809
3702.1165033474335,1.0039451506896544,0.9874956607818604
3702.1188181537195,1.0023653485401944,0.9875273704528809
3702.1211329600037,0.9862793005294557,0.9875273704528809
3702.123447766289,1.001249882302951,0.9875273704528809
3702.125762572574,0.9944130116200184,0.9875273704528809
3702.1280773788603,0.9941050678538577,0.9875273704528809
3702.130392184996,0.9960922165432557,0.9875273704528809
3702.132706991075,0.9933915219495942,0.9875273704528809
3702.135021797151,1.0006531108986048,0.9875533580780029
3702.1373366032294,1.007680224446591,0.9875533580780029
3702.139651409306,1.0083637547050421,0.9875533580780029
3702.141966215384,1.0070537953978642,0.9875273704528809
3702.1442810214617,1.01046523334823,0.9874956607818604
3702.1465958275408,0.9909014241679517,0.9874956607818604
3702.148910633616,1.0022878152876016,0.9874900579452515
3702.1512254396953,0.9967626052568265,0.9874900579452515
3702.153540245772,0.9984075892959,0.9874900579452515
3702.15585505185,1.0003610116147836,0.9874900579452515
3702.1581698579275,1.01309178968488,0.9874898195266724
3702.1604846640053,0.9984243689236588,0.9874898195266724
3702.1627994700825,0.9967254832251183,0.9874898195266724
3702.165114276161,1.0083936276998164,0.9874898195266724
3702.167429082238,0.9956827080766786,0.9874898195266724
3702.1697438883157,0.9956134764953734,0.9874900579452515
3702.172058694244,0.9896281441540322,0.9874900579452515
3702.1743735001132,1.0117819801302974,0.9874900579452515
3702.1766883059827,0.9952306750138555,0.9874900579452515
3702.1790031118517,1.0176483476818534,0.9874898195266724
3702.1813179177193,1.0075043474114416,0.9874898195266724
3702.1836327235883,0.9982449797281758,0.9874898195266724
3702.185947529458,1.0105846842950108,0.9874900579452515
3702.188262335325,1.0020773894414994,0.9874956607818604
3702.1905771411953,0.9968398232966518,0.9874956607818604
3702.192891947063,0.9931397317676588,0.9874956607818604
3702.195206752932,1.0052035234437113,0.9874956607818604
3702.197521558801,1.0026601594405602,0.9874956607818604
3702.199836364671,1.014933120802659,0.9874900579452515
3702.2021511705375,1.0031620657855995,0.9874900579452515
3702.2044659764074,1.0047546587168843,0.9874898195266724
3702.2067807822746,0.9879017104742631,0.9874831438064575
3702.209095588144,1.0065533633951096,0.9874831438064575
3702.211410394012,0.9978730285314046,0.9874831438064575
3702.213725199731,1.0069732286977813,0.9874831438064575
3702.2160400053895,1.0069268504623745,0.9874690175056458
3702.218354811049,0.9991590960663022,0.9873811602592468
3702.2206696167054,0.9929303275967025,0.9873583316802979
3702.222984422365,0.9845376299077354,0.9873811602592468
3702.2252992280232,1.0096312659500244,0.9874690175056458
3702.2276140336803,0.9991240407651822,0.9874690175056458
3702.229928839338,0.9943519183486328,0.9874831438064575
3702.232243644997,0.9917057287469749,0.9874831438064575
3702.2345584506534,1.0068531496474826,0.9874690175056458
3702.236873256314,1.0112221013811733,0.9874831438064575
3702.2391880619716,1.0054843245256988,0.9874831438064575
3702.24150286763,0.991160857544097,0.9874831438064575
3702.243817673289,0.9907969351808878,0.9874690175056458
3702.2461324789456,0.9981373794054571,0.9874690175056458
3702.248447284605,0.9985289020763776,0.9874831438064575
3702.250762090262,1.004810170302,0.9874690175056458
3702.2530768959205,0.9931180494505842,0.9873811602592468
3702.255391701428,1.0078717792876166,0.9873583316802979
3702.2577065068754,0.9906503567374443,0.9873583316802979
3702.260021312319,1.0033083804799938,0.9873811602592468
3702.262336117767,1.0054310489918457,0.9873583316802979
3702.2646509232122,0.9914553009081006,0.9873583316802979
3702.2669657286583,0.9967645835663785,0.987356960773468
3702.269280534105,0.9951583217849742,0.9873583316802979
3702.271595339551,1.0093896671102491,0.9873583316802979
3702.273910144996,1.0058566500741528,0.987356960773468
3702.276224950443,0.9972522956545813,0.987356960773468
3702.2785397558887,0.9891160337627884,0.987356960773468
3702.2808545613348,0.99999046187524,0.987356960773468
3702.28316936678,1.001925373108199,0.987356960773468
3702.285484172227,1.0020945842708717,0.987356960773468
3702.287798977673,1.0036102750247917,0.9873475432395935
3702.29011378312,1.0069968849274036,0.9873475432395935
3702.2924285885642,1.0022167296319704,0.9873475432395935
3702.2947433940108,1.0108253490274524,0.987356960773468
3702.297058199305,1.0116557695603545,0.987356960773468
3702.2993730045373,1.0049640437342937,0.9873583316802979
3702.3016878097687,1.005486883075779,0.9873811602592468
3702.304002615003,1.0006919196617405,0.9873811602592468
3702.306317420234,1.021321955313532,0.9873811602592468
3702.308632225468,1.011684278664094,0.9873811602592468
3702.3109470306995,0.992759245267346,0.9873583316802979
3702.313261835932,0.9932056047392099,0.9873583316802979
3702.3155766411655,0.9992815015133322,0.987356960773468
3702.317891446397,0.9909606087989558,0.9873475432395935
3702.3202062516293,1.0061635162794573,0.9873446822166443
3702.322521056861,1.0076413644269058,0.9873259663581848
3702.3248358620936,1.0021794091863838,0.9873259663581848
3702.327150667327,1.0053936622431145,0.9873176217079163
3702.32946547256,0.9993847112703907,0.9873259663581848
3702.3317802777906,0.9993062305650834,0.9873259663581848
3702.3340950830243,1.018191887860007,0.9873259663581848
3702.3364098882557,1.002052408529814,0.9873176217079163
3702.3387246933353,1.0004306175930437,0.9873259663581848
3702.3410394983516,1.0001402363250718,0.9873446822166443
3702.34335430337,1.0030498205780152,0.9873259663581848
3702.345669108385,1.0003354748303022,0.9873259663581848
3702.3479839134047,0.9919172117906272,0.9873259663581848
3702.350298718421,1.0045475342841452,0.9873259663581848
3702.3526135234383,0.9992162796028465,0.9873259663581848
3702.3549283284547,0.9891341245297305,0.9873332381248474
3702.357243133472,0.9939390401385404,0.9873332381248474
3702.359557938489,1.0089601365022964,0.9873332381248474
3702.3618727435064,1.011212878371559,0.9873332381248474
3702.3641875485228,1.0050660129553788,0.9873332381248474
3702.366502353541,0.996895181044009,0.9873446822166443
3702.3688171585572,0.9953357989893687,0.9873446822166443
3702.3711319635745,1.0023804229994344,0.9873332381248474
3702.373446768591,1.0033292477383988,0.9873332381248474
3702.3757615736095,1.001377084756666,0.9873332381248474
3702.378076378626,0.9974871685556067,0.9873259663581848
3702.38039118349,0.9914395661441723,0.9873259663581848
3702.382705988289,1.0026041325511679,0.9873176217079163
3702.3850207930886,1.0045103846245098,0.9873176217079163
3702.387335597889,1.0070819781073848,0.9873259663581848
3702.3896504026907,0.9971980577112093,0.9873259663581848
3702.3919652074915,1.0039279321288295,0.9873176217079163
3702.394280012291,1.020219396477068,0.9873176217079163
3702.396594817091,1.0091423550000873,0.9873176217079163
3702.398909621892,1.002030856338587,0.9873176217079163
3702.4012244266924,0.9998512452145966,0.9873016476631165
3702.403539231492,1.003591911130596,0.9873176217079163
3702.405854036292,1.0003470658267781,0.9873259663581848
3702.408168841093,1.0113206376232644,0.9873332381248474
3702.4104836458932,1.0047909751314452,0.9873446822166443
3702.4127984506927,1.007825223160183,0.9873446822166443
3702.4151132554944,0.9982731553686275,0.9873446822166443
3702.417428060294,0.9938534473052802,0.9873446822166443
3702.4197428650955,1.0236056752722944,0.9873332381248474
3702.4220576697394,0.9931615435543879,0.9873332381248474
3702.4243724743214,1.0090854028593208,0.9873332381248474
3702.4266872789026,1.0021804194134962,0.9873332381248474
3702.4290020834856,1.0103570827681003,0.9873332381248474
3702.431316888066,1.0144721439075337,0.9873259663581848
3702.4336316926488,1.0006540461240765,0.9873259663581848
3702.435946497229,1.005979143088497,0.9873259663581848
3702.4382613018133,1.0065530181536135,0.9873259663581848
3702.4405761063945,1.0036992785993197,0.9873259663581848
3702.4428909109765,1.0082641993781793,0.9873259663581848
3702.4452057155577,1.0065274765384475,0.9873176217079163
3702.4475205201406,1.0010598606979855,0.9873176217079163
3702.449835324722,1.009810752399169,0.9873016476631165
3702.4521501293043,1.0044357783512645,0.9873016476631165
3702.4544649338864,1.0070004702317465,0.9873016476631165
3702.4567797384675,0.9886407878177115,0.9873176217079163
3702.4590945430496,0.9898980593429021,0.9873176217079163
3702.461409347633,1.0055885978886943,0.9873176217079163
3702.4637241520586,0.9993249889384759,0.9873016476631165
3702.4660389564197,0.9912194831580182,0.9873016476631165
3702.468353760783,1.004537202068585,0.9873016476631165
3702.470668565144,1.0041170722271884,0.9873176217079163
3702.4729833695064,0.9990872469153758,0.9873016476631165
3702.4752981738666,1.0084668547545974,0.9872844219207764
3702.4776129782304,0.9961114796505457,0.9872844219207764
3702.479927782592,0.9938246184889065,0.9872718453407288
3702.4822425869543,1.007247080290825,0.9872696399688721
3702.4845573913153,0.9933384775820976,0.9872604012489319
3702.4868721956786,1.0032343442782348,0.9872604012489319
3702.48918700004,1.0103138947664443,0.9872604012489319
3702.491501804402,1.0030100556760986,0.9872604012489319
3702.4938166087645,1.0015588968509088,0.9872696399688721
3702.4961314131256,1.003971447789266,0.9872604012489319
3702.498446217488,1.0073168113571198,0.9872696399688721
3702.500761021851,1.0018416205149667,0.9872718453407288
3702.5030758262114,1.0036962898725859,0.9872696399688721
3702.5053906304174,1.005254884857407,0.9872696399688721
3702.5077054345575,0.9993730859091459,0.9872718453407288
3702.510020238699,0.9962156340565284,0.9872718453407288
3702.512335042839,0.9948093034678963,0.9872718453407288
3702.51464984698,1.0156574317378142,0.9872696399688721
3702.5169646511195,0.9920185398906375,0.9872696399688721
3702.5192794552613,1.0062824370204706,0.9872696399688721
3702.5215942594004,0.9956961744389939,0.9872696399688721
3702.523909063542,0.9982491806014282,0.9872718453407288
3702.526223867683,1.0002267009255736,0.9872718453407288
3702.528538671824,1.0040652301114883,0.9872844219207764
3702.530853475964,1.0036114114298313,0.9872844219207764
3702.5331682801057,1.006052203698118,0.9872844219207764
3702.535483084245,1.0155830774973642,0.9872718453407288
3702.537797888386,0.9865354442708111,0.9872696399688721
3702.540112692528,1.0147329537794623,0.9872604012489319
3702.542427496667,1.008800022169253,0.9872604012489319
3702.5447423008086,0.9876486108203946,0.9872604012489319
3702.547057104789,1.0188986240271596,0.9872604012489319
3702.5493719087094,1.0037197146810035,0.9872696399688721
3702.5516867126266,0.9928459548374523,0.9872696399688721
3702.5540015165443,1.0089266432632424,0.9872718453407288
3702.5563163204615,1.0082853000056207,0.9872718453407288
3702.5586311243806,1.009367126695647,0.9872844219207764
3702.5609459282973,1.0011777430945543,0.9872844219207764
3702.5632607322154,1.0004547242663617,0.9872844219207764
3702.5655755361336,1.0082448903648484,0.9873176217079163
3702.5678903400503,0.9891347689386166,0.9873259663581848
3702.5702051439685,0.9950543270608535,0.9873259663581848
3702.572519947888,0.9915278758878733,0.9873176217079163
3702.5748347518033,0.9913045058387422,0.9873176217079163
3702.577149555723,0.9953968262496754,0.9873176217079163
3702.579464359641,1.0139885795119798,0.9873176217079163
3702.5817791635577,0.9991963237607798,0.9872844219207764
3702.584093967476,1.004655550594293,0.9872844219207764
3702.586408771393,0.9944555931588637,0.9873176217079163
3702.5887235751516,0.9993598335132469,0.9873176217079163
3702.591038378846,1.0057618606024796,0.9873176217079163
3702.593353182538,1.0045106864759275,0.9873176217079163
3702.595667986233,0.9981971170897712,0.9873259663581848
3702.597982789927,1.0055728545140985,0.9873259663581848
3702.6002975936203,1.0034392950537843,0.9873176217079163
3702.6026123973134,1.000769238152981,0.9873176217079163
3702.6049272010077,0.9971268817484729,0.9873259663581848
3702.6072420047,1.00578748680251,0.9873332381248474
3702.6095568083947,1.006540940947709,0.9873446822166443
3702.611871612088,0.9992357935260079,0.9873446822166443
3702.614186415781,0.9926779705791925,0.9873475432395935
3702.616501219476,1.0086506787255471,0.9873475432395935
3702.61881602317,1.0172012061858589,0.9873475432395935
3702.6211308268635,0.991477423133904,0.9873475432395935
3702.6234456305565,1.0006979217193952,0.9873446822166443
3702.62576043425,0.9955941894880049,0.9873475432395935
3702.628075237943,1.0016493265325452,0.9873475432395935
3702.6303900414773,0.9919560846059053,0.9873475432395935
3702.6327048449434,1.001633371413338,0.9873583316802979
3702.6350196484127,0.9961239650243487,0.9873583316802979
3702.637334451881,0.9950954912383139,0.9874337315559387
3702.639649255349,0.9958752024958487,0.9874337315559387
3702.6419640588165,0.9955083150588822,0.9874337315559387
3702.6442788622853,0.9998244638587203,0.9874337315559387
3702.646593665752,1.0115089051693764,0.9874337315559387
3702.6489084692207,0.9970964298244915,0.9873583316802979
3702.651223272689,0.9913135831496673,0.9873475432395935
3702.653538076156,0.9932157931361429,0.9873475432395935
3702.6558528796245,0.9906227869302056,0.9873475432395935
3702.6581676830915,0.9901212775571472,0.9873446822166443
3702.66048248656,0.9883731227997521,0.9873446822166443
3702.662797290029,1.0141493393608418,0.9873475432395935
3702.6651120934953,0.997980790098579,0.9873446822166443
3702.6674268969646,1.0033603379426725,0.9873332381248474
3702.669741700433,1.0003305182435507,0.9873446822166443
3702.6720565037394,1.006107082028576,0.9873332381248474
3702.67437130698,1.001288341843497,0.9873332381248474
3702.676686110222,0.9973342519198041,0.9873259663581848
3702.6790009134616,1.0066344569778132,0.9873259663581848
3702.6813157167035,1.0,0.9873259663581848
3702.6836305199454,1.0084616196827891,0.9873176217079163
3702.6859453231855,0.9946208266249371,0.9873176217079163
3702.688260126427,0.9905844694668537,0.9873176217079163
3702.690574929669,0.9942369806999646,0.9873259663581848
3702.6928897329085,0.9848746480487932,0.9873176217079163
3702.6952045361504,1.0087900201037383,0.9873259663581848
3702.697519339391,0.9999915482317361,0.9873259663581848
3702.699834142632,0.9987061041782639,0.9873332381248474
3702.702148945875,0.98969712888906,0.9873332381248474
3702.704463749114,0.9958955194822012,0.9873259663581848
3702.7067785523564,1.0029073479129957,0.9873259663581848
3702.709093355598,1.0023266103576933,0.9873176217079163
3702.711408158839,0.9943886899403009,0.9873259663581848
3702.713722961917,0.9965846719487848,0.9873176217079163
3702.716037764931,0.9984926143900661,0.9873176217079163
3702.7183525679425,1.0044283039818513,0.9873259663581848
3702.720667370956,1.0004232524806997,0.9873259663581848
3702.7229821739693,1.008366465774172,0.9873259663581848
3702.7252969769816,0.9946260430989918,0.9873332381248474
3702.727611779995,1.0002140671582886,0.9873446822166443
3702.7299265830093,1.001169776481957,0.9873332381248474
3702.7322413860206,1.0096175085865438,0.9873259663581848
3702.7345561890347,1.0017044072568038,0.9873332381248474
3702.736870992046,1.0010909341386924,0.9873332381248474
3702.73918579506,1.0004483663063979,0.9873259663581848
3702.7415005980733,0.997555627878544,0.9873259663581848
3702.7438154010856,0.9999536356222344,0.9873176217079163
3702.746130204099,0.9925112370987385,0.9872844219207764
3702.7484450071133,1.000410833594343,0.9872844219207764
3702.750759810124,0.9954946261090247,0.9873176217079163
3702.7530746131383,1.0050275164733902,0.9873176217079163
3702.7553894159887,0.9979108259675047,0.9873176217079163
3702.7577042187713,1.0128338860619888,0.9872844219207764
3702.7600190215553,1.01064238590076,0.9872718453407288
3702.76233382434,0.9972094957440901,0.9872718453407288
3702.7646486271224,0.9968235306263291,0.9872718453407288
3702.7669634299073,0.9937000886990032,0.9872844219207764
3702.76927823269,1.0033348458610312,0.9872844219207764
3702.771593035474,1.0007876510894633,0.9873176217079163
3702.7739078382583,1.0000274081087313,0.9873176217079163
3702.7762226410414,0.9916483146035535,0.9873176217079163
3702.7785374438263,1.003038074149318,0.9873176217079163
3702.78085224661,0.9968527763780257,0.9873176217079163
3702.783167049393,1.0011318125100779,0.9873259663581848
3702.785481852177,0.999845272270998,0.9873259663581848
3702.7877966549618,1.005703011745362,0.9873259663581848
3702.7901114577435,0.9974721550999134,0.9873332381248474
3702.792426260529,1.0002735937976068,0.9873332381248474
3702.794741063313,1.0166900544796693,0.9873446822166443
3702.797055865932,0.9879352691339124,0.9873446822166443
3702.7993706684856,1.0001259289600084,0.9873446822166443
3702.80168547104,0.9982815466080528,0.9873446822166443
3702.804000273592,1.0175308304652368,0.9873332381248474
3702.8063150761463,1.0031482843688415,0.9873446822166443
3702.808629878698,1.0021346347199906,0.9873446822166443
3702.8109446812527,1.007009341139802,0.9873446822166443
3702.813259483806,0.9870097576833418,0.9873446822166443
3702.815574286359,0.9857743549132647,0.9873475432395935
3702.817889088913,0.9976346432342086,0.9873475432395935
3702.8202038914674,0.9914978454266647,0.9874337315559387
3702.8225186940194,1.003230376343583,0.9873475432395935
3702.824833496574,0.9945628548193616,0.9873475432395935
3702.827148299127,0.9942859885317715,0.9873446822166443
3702.82946310168,1.0180095592417202,0.9873332381248474
3702.8317779042336,1.0013656591243107,0.9873446822166443
3702.834092706789,1.0036926107277626,0.9873332381248474
3702.83640750934,0.9996041628999157,0.9873446822166443
3702.8387223117306,0.9877813686125251,0.9873332381248474
3702.8410371140526,0.9920029972385055,0.9873259663581848
3702.843351916374,0.9948275559181472,0.9873332381248474
3702.8456667186965,0.9871368052901401,0.9873332381248474
3702.847981521018,0.9996000578331465,0.9873446822166443
3702.8502963233404,1.0041361566131268,0.9873446822166443
3702.8526111256638,1.0040009912528876,0.9873446822166443
3702.8549259279844,1.0044999901296148,0.9873332381248474
3702.8572407303077,0.9951230034127385,0.9873332381248474
3702.8595555326315,0.9887256429848723,0.9873259663581848
3702.8618703349516,1.0002937593169425,0.9873259663581848
3702.8641851372754,0.997556633513923,0.9873176217079163
3702.8664999395974,0.9970039085202336,0.9873259663581848
3702.868814741919,0.9936098658566263,0.9873176217079163
3702.8711295442413,1.0034443974163911,0.9873259663581848
3702.8734443465646,0.9940972681490274,0.9873332381248474
3702.875759148885,1.0061194424416773,0.9873259663581848
3702.8780739512085,1.0107910674438092,0.9873176217079163
3702.880388753365,1.0036061884088707,0.9873259663581848
3702.8827035554555,0.9966394881662473,0.9873176217079163
3702.885018357546,0.9872310209562761,0.9873176217079163
3702.8873331596355,1.0010075715165991,0.9873259663581848
3702.8896479617256,0.9947231384844567,0.9873259663581848
3702.891962763817,0.9952325990014478,0.9873259663581848
3702.8942775659057,0.9913961029062821,0.9873332381248474
3702.8965923679966,0.9849869429235789,0.9873259663581848
3702.898907170086,0.9974002360820355,0.9873259663581848
3702.9012219721767,1.0053261443926884,0.9873332381248474
3702.9035367742667,0.9843963393670772,0.9873446822166443
3702.9058515763586,0.9986446678385793,0.9873475432395935
3702.9081663784473,0.9995924277765058,0.9874337315559387
3702.910481180538,0.9976935227103505,0.9874337315559387
3702.9127959826287,1.0064862052919317,0.9874337315559387
3702.9151107847183,0.9889205788901855,0.9874337315559387
3702.9174255868083,0.9975735206990491,0.9874337315559387
3702.919740388899,0.9928557152678233,0.9874337315559387
3702.9220551908224,0.9940606559517392,0.9874690175056458
3702.9243699926815,1.012691207891166,0.9874690175056458
3702.926684794537,1.0040166642310993,0.9874690175056458
3702.928999596396,1.0045621468389443,0.9874690175056458
3702.9313143982527,1.003796165396701,0.9874690175056458
3702.9336292001103,0.9966484409117646,0.9874829649925232
3702.935944001968,0.996936118061584,0.9874831438064575
3702.9382588038256,0.9972776957382397,0.9874829649925232
3702.940573605682,0.9960170131189823,0.9874829649925232
3702.9428884075405,1.0157952317272396,0.9874829649925232
3702.9452032093996,0.9927931171063241,0.9874831438064575
3702.947518011255,1.0025344025774272,0.9874831438064575
3702.949832813114,1.0031053493712705,0.9874831438064575
3702.9521476149716,0.986672898250026,0.9874831438064575
3702.9544624168284,0.9889081757289061,0.9874956607818604
3702.956777218686,0.9747731512700704,0.9874956607818604
3702.9590920205424,1.0105741217043467,0.9874956607818604
3702.9614068224,0.9855512877436376,0.9874956607818604
3702.9637216240926,0.9934922910182559,0.9874956607818604
3702.966036425715,1.0069425380934205,0.9874956607818604
3702.9683512273405,0.9917675211867527,0.9874956607818604
3702.970666028964,0.9935664123604461,0.9874956607818604
3702.9729808305888,0.9815124592664595,0.9874956607818604
3702.975295632213,1.0048335461939792,0.9875273704528809
3702.9776104338384,0.9995831231194293,0.9875560402870178
3702.979925235461,1.0022453388486836,0.9875622987747192
3702.9822400370863,1.006161067219022,0.9875920414924622
3702.9845548387098,0.9948228750452269,0.9876033663749695
3702.986869640334,1.0048449430525912,0.9876033663749695
3702.9891844419576,1.0029934996998957,0.9876033663749695
3702.991499243583,0.9895488838199229,0.9876033663749695
3702.9938140452064,0.9952880142022248,0.9876033663749695
3702.996128846832,0.9878349591268797,0.9876160025596619
3702.998443648454,1.0003388163769136,0.9876160025596619
3703.00075845008,1.0019701924874138,0.9876160025596619
3703.0030732517043,1.0003046532035056,0.987628698348999
3703.0053880531614,0.9960124653156178,0.9876571893692017
3703.007702854552,0.991671620299656,0.9876686334609985
3703.010017655943,0.9849334322249467,0.9876686334609985
3703.012332457332,0.9981935828831825,0.9876710176467896
3703.0146472587244,0.9949969916290645,0.9876745939254761
3703.016962060114,0.9844599084031012,0.9876745939254761
3703.0192768615057,0.9974764082766712,0.9876745939254761
3703.0215916628954,0.9915970905011856,0.9876900315284729
3703.023906464288,0.9902674535741997,0.9876900315284729
3703.026221265677,0.9967793941085059,0.9877333641052246
3703.0285360670678,1.0131470772391693,0.9877438545227051
3703.0308508684584,0.9966056972679511,0.9877438545227051
3703.033165669849,0.9920615955304717,0.9877438545227051
3703.0354804712415,0.9847591589269155,0.9877438545227051
3703.03779527263,1.0088961829778138,0.9877511262893677
3703.040110074022,0.9945354475704806,0.9877511262893677
3703.0424248754116,0.9959406246967778,0.9877686500549316
3703.0447396768027,1.0068233451220314,0.9877902269363403
3703.047054478027,1.0047441615170312,0.9877902269363403
3703.049369279184,1.0043823544852064,0.9877902269363403
3703.05168408034,0.9885925187525985,0.9877902269363403
3703.053998881498,0.9890003059308958,0.9877902269363403
3703.056313682654,1.004550781265321,0.9878003001213074
3703.058628483811,1.0058030939013027,0.9878003001213074
3703.060943284967,1.006293181750847,0.9878003001213074
3703.063258086126,0.9842099600866919,0.9878378510475159
3703.065572887281,1.0054250462264187,0.9878465533256531
3703.0678876884394,1.0167498378508832,0.9879022836685181
3703.0702024895954,1.012478629064882,0.9879170060157776
3703.0725172907523,0.9694355128846444,0.9879170060157776
3703.0748320919083,1.0020594152211624,0.9879236221313477
3703.077146893065,1.0023169778736245,0.9879236221313477
3703.079461694221,0.9963733901073853,0.9879295825958252
3703.0817764953795,0.9974450228625446,0.9879295825958252
3703.0840912965355,1.0019786955836845,0.9879506230354309
3703.0864060976937,1.000467982249615,0.9879717230796814
3703.0887208986833,0.9831037262309426,0.9879761338233948
3703.0910356996064,0.997163373175211,0.9880081415176392
3703.09335050053,0.9957413797492837,0.9880081415176392
3703.095665301453,1.0020047107777441,0.9880337715148926
3703.0979801023755,0.9903485401222071,0.9880337715148926
3703.1002949032986,0.9923634460828057,0.9880337715148926
3703.102609704222,0.9990628877487444,0.9880337715148926
3703.104924505145,0.9992266139396745,0.9880337715148926
3703.107239306067,1.006890254466938,0.9880337715148926
3703.1095541069913,0.9914231968522101,0.9880337715148926
3703.1118689079135,1.0010340234746253,0.9880081415176392
3703.1141837088385,0.995939180244559,0.9880337715148926
3703.11649850976,0.9935394647667661,0.9880081415176392
3703.118813310683,0.9998118305891307,0.9879761338233948
3703.121128111607,0.9956997347106924,0.9879761338233948
3703.1234429125284,0.9877094787375454,0.9880081415176392
3703.1257577134543,1.0038168979705993,0.9880081415176392
3703.1280725143765,0.981772822851881,0.9880337715148926
3703.1303873151332,1.0030419047352461,0.9880337715148926
3703.132702115822,1.0177587953503442,0.9880643486976624
3703.135016916513,0.99972872110551,0.9880683422088623
3703.1373317172015,0.979902900222592,0.9880643486976624
3703.1396465178914,1.0019506581691744,0.9880643486976624
3703.1419613185813,0.9939564947005692,0.9880643486976624
3703.1442761192707,0.9881741951740394,0.9880643486976624
3703.1465909199596,1.00115863125387,0.9880337715148926
3703.1489057206495,0.9912707805630813,0.9880643486976624
3703.151220521338,0.9943891431539746,0.9880643486976624
3703.1535353220293,1.0000961571175933,0.9880683422088623
3703.155850122718,0.9897426907562663,0.9880695939064026
3703.1581649234085,0.9896543942357395,0.9880771040916443
3703.1604797240975,1.0005798331357023,0.9880771040916443
3703.1627945247874,0.9982990656111145,0.9880875945091248
3703.165109325476,0.9910855247680278,0.988091230392456
3703.1674241261667,0.9942993541817725,0.988091230392456
3703.1697389268547,1.002248109001798,0.9880952835083008
3703.1720537273795,0.9883709104280871,0.988105058670044
3703.1743685278366,0.9984257937713839,0.9881564378738403
3703.176683328293,0.9837084312864229,0.9881564378738403
3703.1789981287493,0.9931849742383425,0.9881564378738403
3703.181312929207,1.0005218199894153,0.9881564378738403
3703.1836277296616,0.9809827346407525,0.9881564378738403
3703.185942530119,1.0048406027222947,0.9881564378738403
3703.188257330575,1.0047578450034786,0.9881564378738403
3703.190572131032,1.0008389774861608,0.9881564378738403
3703.1928869314884,1.0029760601448974,0.9881633520126343
3703.1952017319454,1.005155484779375,0.9882804155349731
3703.197516532401,0.9966687235314378,0.9881633520126343
3703.199831332859,0.997143792943084,0.9881633520126343
3703.2021461333134,1.000966786761029,0.9881633520126343
3703.2044609337727,0.982775778215691,0.9881633520126343
3703.2067757342284,0.9901689705361661,0.9881633520126343
3703.209090534684,0.9959738474990703,0.9882804155349731
3703.2114053351406,0.9823460486397532,0.9882804155349731
3703.213720135433,1.002658841440872,0.9882990121841431
3703.216034935658,0.9864597266277246,0.9882990121841431
3703.218349735881,0.9935652490883188,0.9882990121841431
3703.220664536107,0.9953088638380013,0.9883207678794861
3703.22297933633,1.0148623709244002,0.9883207678794861
3703.225294136555,1.0067411663384092,0.988364040851593
3703.227608936779,0.9956839939121929,0.988364040851593
3703.229923737003,0.9996771348388394,0.9884103536605835
3703.2322385372277,0.9843498735481891,0.9884236454963684
3703.234553337451,0.994334799156639,0.9884340763092041
3703.2368681376756,1.0059622489593667,0.9884340763092041
3703.239182937901,1.0027667806858664,0.9884340763092041
3703.2414977381236,0.9855185726831995,0.9884340763092041
3703.243812538349,0.9950236902807256,0.9884340763092041
3703.246127338574,1.0022559402879845,0.9884434342384338
3703.2484421387985,1.0020211787793474,0.9884471893310547
3703.250756939022,0.9892755354272516,0.9884471893310547
3703.2530717392474,0.9791392496782323,0.9884471893310547
3703.255386539305,0.9937797947859901,0.98847496509552
3703.2577013392997,1.0054305216554555,0.98847496509552
3703.260016139291,1.0112955506478432,0.9884759783744812
3703.262330939285,0.9929648529068146,0.9884759783744812
3703.264645739279,0.9955141364729293,0.9884759783744812
3703.266960539272,0.9745752553050878,0.9884881973266602
3703.2692753392644,1.0049968869321455,0.9885386228561401
3703.2715901392585,1.0021086402215902,0.9885770082473755
3703.27390493925,0.9840635564529889,0.9885770082473755
3703.276219739244,0.9990036519697544,0.9885770082473755
3703.2785345392376,1.00053171493592,0.988599956035614
3703.28084933923,0.9835637117567034,0.988605260848999
3703.283164139223,0.9931889123168852,0.988605260848999
3703.2854789392177,0.9969640741336512,0.988605260848999
3703.2877937392086,0.9923388000176534,0.988605260848999
3703.290108539203,0.9973301650471927,0.988605260848999
3703.2924233391964,0.9890594767504536,0.988605260848999
3703.2947381391887,1.006157164420883,0.988605260848999
3703.2970529390186,0.9807067918064126,0.988605260848999
3703.2993677387813,1.0024087118061427,0.988605260848999
3703.3016825385444,1.009020523690074,0.988599956035614
3703.303997338309,1.002771143831656,0.9885770082473755
3703.30631213807,1.018062930607751,0.9885770082473755
3703.3086269378346,0.9986924778587651,0.9885770082473755
3703.3109417375995,0.9930748234760699,0.9885770082473755
3703.3132565373608,1.0076567191940409,0.988599956035614
3703.315571337125,0.9955145422259822,0.988605260848999
3703.317886136889,0.9945436813574061,0.988629937171936
3703.320200936651,0.9890650363738143,0.9886500239372253
3703.3225157364145,0.9886132311878214,0.9886500239372253
3703.324830536179,1.0108205352510837,0.9886500239372253
3703.3271453359403,0.9898691700235036,0.9886500239372253
3703.329460135705,0.9993507485924797,0.9886500239372253
3703.3317749354683,0.9933924211883104,0.9886720776557922
3703.334089735231,1.0065334082008914,0.9886928796768188
3703.3364045349945,0.9866745161092929,0.9886720776557922
3703.338719334595,1.0010282878639303,0.9886500239372253
3703.3410341341296,1.0045245224244168,0.9886720776557922
3703.3433489336658,0.9969685029354007,0.9886928796768188
3703.345663733199,0.9986248089979005,0.9886928796768188
3703.3479785327354,0.9984853670383578,0.9886930584907532
3703.3502933322707,0.9821167806648531,0.9887557029724121
3703.3526081318046,0.9951398994798317,0.9886930584907532
3703.3549229313403,1.000631820661072,0.9887557029724121
3703.3572377308765,0.9910990817987481,0.9887658357620239
3703.35955253041,1.0053210903768581,0.9888086915016174
3703.361867329946,1.0024096026771703,0.9888086915016174
3703.3641821294805,0.998609478296969,0.9888086915016174
3703.3664969290153,1.0057998884472228,0.9888086915016174
3703.3688117285506,1.008532491606286,0.9889176487922668
3703.371126528087,0.9825499326087354,0.9889550805091858
3703.37344132762,0.9929137767296634,0.9889550805091858
3703.375756127157,0.9741623524665299,0.9889550805091858
3703.37807092669,0.9863830047807025,0.9889550805091858
3703.3803857260655,1.0015252967647834,0.9889710545539856
3703.3827005253743,0.9886741367224277,0.9889722466468811
3703.385015324682,1.0085221966633602,0.9889722466468811
3703.3873301239914,1.000959366391475,0.9889722466468811
3703.389644923301,0.9945543626844475,0.9889710545539856
3703.3919597226086,0.9865625422449981,0.9889722466468811
3703.3942745219183,0.982714891170858,0.9889722466468811
3703.396589321228,0.9942851997576448,0.9889710545539856
3703.3989041205355,0.987206323267568,0.9889710545539856
3703.401218919845,0.998046971642848,0.9889710545539856
3703.403533719155,1.0079960554914391,0.9889710545539856
3703.4058485184632,0.9989341967761803,0.9889710545539856
3703.408163317772,1.0011777219911933,0.9889722466468811
3703.4104781170804,1.0025880834013523,0.9889722466468811
3703.412792916389,0.9847598880944125,0.9889722466468811
3703.4151077156994,0.9807954120076198,0.9889710545539856
3703.4174225150064,0.9890757580332568,0.9889710545539856
3703.4197373143165,0.9890313527421708,0.9889722466468811
3703.4220521134666,0.9964272371097722,0.9889722466468811
3703.424366912551,0.9974154220304113,0.988976001739502
3703.4266817116363,0.9980412558527275,0.988976001739502
3703.4289965107223,0.9857847608982113,0.988976001739502
3703.4313113098056,0.9971413786569452,0.988976001739502
3703.433626108892,0.997097563057097,0.988976001739502
3703.435940907976,0.9949012201428835,0.9889841675758362
3703.438255707061,0.9865543871559035,0.9889841675758362
3703.4405705061467,1.002389105711705,0.9889841675758362
3703.442885305233,0.9941284567555956,0.9889841675758362
3703.4452001043164,0.9779248343865363,0.9889841675758362
3703.447514903403,1.0026058916970486,0.9889841675758362
3703.449829702486,0.9901379683967797,0.9889854788780212
3703.452144501572,0.9894512091452827,0.9889854788780212
3703.4544593006567,0.99632796246817,0.9889854788780212
3703.456774099742,1.0065512432994266,0.9889854788780212
3703.459088898827,0.9973354926457861,0.989016056060791
3703.4614036979137,0.9976668708069334,0.9890297651290894
3703.463718496839,0.9904661352752091,0.9890297651290894
3703.466033295705,1.0101175249607137,0.9890900254249573
3703.468348094569,1.0100975094445137,0.9890967607498169
3703.4706628934323,1.000152944175376,0.9890967607498169
3703.4729776922964,0.9927930028943691,0.9890967607498169
3703.475292491161,0.9946177860369283,0.9891186952590942
3703.477607290024,0.9821696235017316,0.9891186952590942
3703.479922088889,0.9968074286519358,0.9891256093978882
3703.4822368877526,0.9936487619475499,0.9891785383224487
3703.4845516866167,0.9977455553175958,0.9891256093978882
3703.48686648548,1.0050276391505202,0.9891785383224487
3703.4891812843443,0.9888131609332608,0.9891785383224487
3703.491496083209,0.9938513450081111,0.9891785383224487
3703.493810882074,0.9987313552180082,0.9891785383224487
3703.4961256809365,0.9938518802966788,0.9892064929008484
3703.4984404798015,1.0007195653010934,0.9892064929008484
3703.5007552786647,1.005203381438722,0.9892064929008484
3703.5030700775287,0.997146609513298,0.98924320936203
3703.5053848762373,1.0045351055842449,0.98924320936203
3703.5076996748858,1.0116381240251477,0.98924320936203
3703.510014473531,0.9968751257770461,0.9892480373382568
3703.512329272178,1.0019022365377994,0.9892764687538147
3703.514644070825,0.9952988623809699,0.9892864227294922
3703.5169588694694,1.017489651436074,0.9892864227294922
3703.5192736681165,1.0007487175921945,0.989380419254303
3703.5215884667623,0.9857585214671033,0.989380419254303
3703.5239032654085,1.0051277522413924,0.9894407391548157
3703.526218064054,0.9863450892772431,0.9894523024559021
3703.5285328627,1.0036307273593086,0.9894523024559021
3703.530847661347,1.004373547273822,0.9894523024559021
3703.5331624599944,1.0055958176546083,0.9894523024559021
3703.535477258639,0.9862229224792028,0.9894523024559021
3703.537792057286,0.9971426944947532,0.9894523024559021
3703.5401068559327,0.9972822702102844,0.9895617961883545
3703.542421654578,0.9834223301497185,0.9895617961883545
3703.5447364532242,1.0067180690240725,0.9895617961883545
3703.547051251718,0.99879642088348,0.989614725112915
3703.5493660501493,0.9993334329138504,0.989614725112915
3703.5516808485827,1.0055362350614168,0.989614725112915
3703.5539956470134,1.0027660640411433,0.9896167516708374
3703.556310445446,1.0021077498338555,0.9896167516708374
3703.558625243878,1.0042049594127909,0.9896167516708374
3703.5609400423095,1.0090599212889901,0.9896167516708374
3703.5632548407416,0.9983946941914719,0.9896570444107056
3703.5655696391736,1.0091981071138256,0.9896666407585144
3703.567884437605,1.0048644739102994,0.9896666407585144
3703.5701992360378,1.0143032034868553,0.9897072315216064
3703.572514034469,0.9908773775391774,0.9897341728210449
3703.574828832901,0.9966112336523474,0.9897797107696533
3703.577143631332,0.9983238338541482,0.9898155331611633
3703.5794584297664,0.9902212097606174,0.9898703694343567
3703.5817732281967,0.9836162104678379,0.9898703694343567
3703.5840880266296,0.9867424042854372,0.9898952841758728
3703.5864028250608,0.9990675402300152,0.9898952841758728
3703.5887176233437,0.993510120329786,0.9899054765701294
3703.5910324215643,0.9751551549659012,0.9899182915687561
3703.593347219787,0.9924597513510448,0.9899182915687561
3703.5956620180073,0.998377153754566,0.9899054765701294
3703.59797681623,0.9832429925641224,0.9899054765701294
3703.6002916144507,0.9958896565710039,0.9899054765701294
3703.602606412674,0.9892772445429145,0.9899054765701294
3703.604921210895,1.0033106015236883,0.9899054765701294
3703.6072360091166,1.0132125407141608,0.9899054765701294
3703.6095508073386,1.0005568448381483,0.9899054765701294
3703.6118656055605,0.998145395992668,0.9899054765701294
3703.6141804037825,1.0029129809340314,0.9899182915687561
3703.616495202003,0.9986422905568054,0.9899210333824158
3703.6188100002273,0.9902791853094577,0.9899182915687561
3703.621124798447,0.9970012776316675,0.9899182915687561
3703.6234395966703,0.9902453733622694,0.9899210333824158
3703.625754394891,1.0133745228868025,0.9899581670761108
3703.628069193113,0.9857771045768232,0.9899858236312866
3703.6303839911884,0.9980942610181461,0.9899917244911194
3703.6326987892044,1.0040282517063688,0.9900144934654236
3703.6350135872194,1.0094620108368453,0.9900331497192383
3703.637328385236,0.9974516696169425,0.9900853633880615
3703.639643183251,0.9904629191010529,0.9901211857795715
3703.641957981268,0.9796474449562793,0.9901211857795715
3703.644272779283,1.004933317649648,0.990136981010437
3703.6465875772997,1.0110069733324496,0.9901694655418396
3703.6489023753147,0.9899461163896338,0.9901694655418396
3703.6512171733325,0.9882645913516193,0.9901695847511292
3703.6535319713466,0.9907703366931863,0.9901900291442871
3703.655846769363,0.9951645544323212,0.9901964664459229
3703.658161567379,0.9840926084816226,0.9902063608169556
3703.660476365395,0.9998714862706104,0.990212619304657
3703.66279116341,1.006578960436132,0.9902638792991638
3703.665105961428,0.9901403785262045,0.990212619304657
3703.6674207594415,0.9959245500341251,0.9902638792991638
3703.6697355574597,1.0060308040191235,0.9902638792991638
3703.672050355332,0.9889017930808012,0.99031662940979
3703.6743651531474,0.9928326964296075,0.99031662940979
3703.6766799509614,0.9892509463720973,0.990317165851593
3703.678994748777,0.9948225614171591,0.9903640747070312
3703.681309546591,0.9868177491526362,0.990317165851593
3703.6836243444072,0.9954482402992089,0.9903640747070312
3703.6859391422204,1.0010621976326757,0.9903640747070312
3703.6882539400367,0.9915883616825732,0.9903852343559265
3703.690568737852,0.998320281932171,0.990419328212738
3703.6928835356675,0.983444876333807,0.9904450178146362
3703.6951983334816,1.0012762887775473,0.990446150302887
3703.697513131298,0.9959118198073784,0.990446150302887
3703.699827929112,0.9989778568344819,0.9904531240463257
3703.7021427269274,1.0004932266785804,0.9904567003250122
3703.7044575247423,0.9950501546894359,0.9904795289039612
3703.706772322557,0.9973400654477246,0.9905370473861694
3703.709087120372,0.9960840416483514,0.990549623966217
3703.711401918187,0.998533275687307,0.990549623966217
3703.7137167158626,0.9863781667006141,0.9905597567558289
3703.7160315134834,0.9891772253049173,0.9905657768249512
3703.718346311101,0.9986165935841858,0.9905768632888794
3703.7206611087227,1.003748874338849,0.9905768632888794
3703.7229759063416,1.0012250864735952,0.990583598613739
3703.7252907039615,1.0037324474782723,0.9905768632888794
3703.727605501581,1.01285396108786,0.990583598613739
3703.729920299201,0.9895687963689863,0.9905857443809509
3703.73223509682,0.9891489413676177,0.990653395652771
3703.734549894439,0.9974099910676069,0.990653395652771
3703.7368646920604,1.0050801589334355,0.9906615614891052
3703.739179489678,0.9822358089952674,0.990673303604126
3703.7414942872997,0.9922950862772615,0.9907168745994568
3703.743809084918,0.9934405373815188,0.9907267093658447
3703.746123882537,0.9923998455988328,0.9907267093658447
3703.748438680157,0.9996676092726244,0.9907486438751221
3703.7507534777765,0.9981519075557918,0.9907486438751221
3703.7530682753954,1.0002582490043759,0.9908372759819031
3703.7553830728816,0.9862775514481285,0.9908372759819031
3703.757697870309,0.9792421534816831,0.9908864498138428
3703.7600126677407,0.9923907245266512,0.9908864498138428
3703.7623274651705,0.988323609825511,0.9908864498138428
3703.764642262601,0.9968828255676755,0.9909267425537109
3703.7669570600297,1.0058223904744708,0.9909452199935913
3703.769271857461,0.98972619177222,0.9909790754318237
3703.771586654889,1.0036391806926444,0.9909865260124207
3703.77390145232,0.9850401277930676,0.9910392761230469
3703.7762162497497,0.9924877806978298,0.9910569787025452
3703.778531047179,0.999076237416366,0.9910851120948792
3703.780845844609,0.9933031364852948,0.9910931587219238
3703.7831606420405,1.002467469117846,0.9911041855812073
3703.7854754394684,0.9899781465043578,0.9911335110664368
3703.7877902368996,0.9900650457068757,0.9911335110664368
3703.7901050343276,0.9981263449455725,0.9911335110664368
3703.7924198317587,0.9990975939024626,0.9911583065986633
3703.7947346291885,1.0099643671852891,0.9911688566207886
3703.7970494264873,1.0153026143279107,0.9911688566207886
3703.799364223734,1.0068402220136095,0.9911913275718689
3703.8016790209817,0.9956094580690708,0.9912019968032837
3703.803993818226,0.9883270298171868,0.9912176132202148
3703.806308615474,0.996232262040261,0.9912176132202148
3703.8086234127204,0.993357097441945,0.9912658929824829
3703.810938209967,0.9985715252925466,0.9912863969802856
3703.813253007213,0.988293867137241,0.9912863969802856
3703.8155678044604,0.9985075013659591,0.9912950396537781
3703.817882601705,0.9985879527063969,0.9912950396537781
3703.8201973989526,1.0034471270263694,0.9913164973258972
3703.822512196199,0.9947484500099266,0.9913469552993774
3703.8248269934447,1.0054306019669743,0.9913469552993774
3703.8271417906917,0.992228254801947,0.9914160370826721
3703.829456587938,0.9911289474587603,0.9914160370826721
3703.8317713851843,1.0113970245414579,0.9914160370826721
3703.8340861824317,0.9895686344438451,0.9914160370826721
3703.8364009796765,1.0009985421969299,0.9914188385009766
3703.8387157767984,0.9916669522364927,0.9914284944534302
3703.841030573869,0.9911392804591931,0.9914353489875793
3703.843345370937,1.0091085000563886,0.9914977550506592
3703.845660168008,1.0074643181606555,0.9915317893028259
3703.8479749650783,1.0092515231906631,0.9915613532066345
3703.850289762147,0.9908975973237089,0.9915922284126282
3703.852604559217,1.0017326059562117,0.9915955066680908
3703.8549193562876,0.9839869785859529,0.9916549921035767
3703.857234153356,1.002243224675291,0.9916549921035767
3703.8595489504264,0.9886278460361453,0.9917026162147522
3703.8618637474965,0.9955508840923717,0.9917102456092834
3703.864178544565,0.9916499532509169,0.991751492023468
3703.8664933416353,1.0224693278817945,0.9917745590209961
3703.868808138704,0.9860211625552645,0.9917792677879333
3703.871122935774,0.9961621693350003,0.9917824268341064
3703.873437732845,1.0011409532503646,0.991797149181366
3703.8757525299134,0.9914143477735423,0.9918264746665955
3703.878067326984,0.9887131868293669,0.991797149181366
3703.8803821239335,0.9988467868358575,0.991797149181366
3703.8826969208326,0.9894527594717504,0.9918264746665955
3703.885011717733,0.9969141387301641,0.9918264746665955
3703.887326514634,1.0023684633868901,0.9918658137321472
3703.8896413115326,1.0010561424916802,0.9918658137321472
3703.891956108434,0.9986878848535581,0.9918850660324097
3704.109546975043,1.0038196505784036,0.9919619560241699
3704.1118617712173,0.9868873554444322,0.9919739961624146
3704.1141765673933,1.005625824450964,0.99199378490448
3704.1164913635666,1.0223597694071795,0.9920010566711426
3704.118806159741,1.0020436199784943,0.9920010566711426
3704.1211209559156,1.0023104595276655,0.9920780658721924
3704.1234357520916,0.9989818917192037,0.9920951724052429
3704.1257505482654,1.0017748277019711,0.9921190738677979
3704.128065344441,0.9982839199605611,0.992148756980896
3704.1303801405293,0.9961308491753317,0.9921190738677979
3704.132694936584,1.0082678231117683,0.992148756980896
3704.135009732639,0.996296242005209,0.9921506643295288
3704.1373245286954,1.0081219754958997,0.9921612739562988
3704.139639324749,1.0086576547118362,0.9921767115592957
3704.141954120805,1.0124955822621977,0.9921767115592957
3704.144268916859,0.9984090540358797,0.9922955632209778
3704.146583712914,1.0038535462608755,0.9923006296157837
3704.1488985089677,0.9962649274210081,0.9923062920570374
3704.151213305024,1.00920965594264,0.9923540949821472
3704.1535281010792,0.9911002737171419,0.9923540949821472
3704.155842897133,0.9999336306121324,0.9923721551895142
3704.1581576931885,1.016741805515022,0.9923815131187439
3704.1604724892436,0.9979978067469979,0.9923721551895142
3704.1627872852973,0.9928930167389225,0.9923815131187439
3704.165102081354,1.0034819038539988,0.9923882484436035
3704.167416877407,0.9972271833926262,0.992408812046051
3704.169731673463,1.0042359510626033,0.9924372434616089
3704.1720464694386,1.0113343397198198,0.9924764633178711
3704.174361265384,1.009882778665286,0.992506206035614
3704.1766760613277,1.0171927546908561,0.992506206035614
3704.178990857271,1.019172566550777,0.9925378561019897
3704.1813056532155,0.9978098755814759,0.9925378561019897
3704.183620449161,1.007662677174074,0.992506206035614
3704.1859352451042,1.007036306838829,0.992506206035614
3704.1882500410497,1.0023059662063862,0.9925378561019897
3704.1905648369925,1.0039465309637934,0.9925873875617981
3704.192879632937,1.0001732667635144,0.9927986264228821
3704.1951944288817,1.0034988243594734,0.9928019046783447
3704.197509224827,0.9990740547845216,0.9928043484687805
3704.199824020771,0.9968804357555939,0.9928043484687805
3704.202138816714,0.9969075723202958,0.9928043484687805
3704.2044536126587,0.9921014645363766,0.992835283279419
3704.2067684086032,1.0083915897518652,0.9928579330444336
3704.2090832045465,0.9931224704525566,0.992886483669281
3704.211398000492,1.0037326088425953,0.9929133653640747
3704.2137127963624,1.0114588453320008,0.9929282665252686
3704.2160275922065,1.0185937817028823,0.9929287433624268
3704.2183423880488,1.0001033089849882,0.9929397106170654
3704.2206571838933,1.0026669815261557,0.9929706454277039
3704.222971979735,1.0142919064032747,0.9929793477058411
3704.225286775579,1.0093869291511848,0.9930182099342346
3704.2276015714224,1.006308282753587,0.9930229187011719
3704.2299163672647,0.9954006741100274,0.9930422902107239
3704.232231163108,1.00323610026959,0.9930422902107239
3704.234545958951,1.0013535587051694,0.9930447340011597
3704.236860754795,1.0099043940515056,0.9930663108825684
3704.239175550635,1.0013959640086412,0.9930663108825684
3704.241490346479,1.0043078712125477,0.9931360483169556
3704.243805142323,1.0099957904753833,0.9931453466415405
3704.246119938166,0.9928589922083584,0.9931453466415405
3704.248434734008,1.0153844122610551,0.9931826591491699
3704.250749529851,1.0158881599517404,0.9932056665420532
3704.253064325693,1.0018252747289018,0.993206799030304
3704.2553791214714,0.9987860107680107,0.993206799030304
3704.2576939172227,1.0023800886321963,0.993206799030304
3704.260008712974,1.0084593877912436,0.9932219386100769
3704.2623235087226,1.0052048492336454,0.9932219386100769
3704.264638304475,1.001743183383636,0.9932378530502319
3704.2669531002252,1.0003906540665228,0.9932732582092285
3704.269267895977,1.0008672400260197,0.9932732582092285
3704.271582691727,0.9959174981057357,0.993298351764679
3704.2738974874783,1.005939832032596,0.993298351764679
3704.276212283228,1.0021334752729778,0.9932732582092285
3704.278527078979,1.0018756195857508,0.9932732582092285
3704.2808418747304,1.0027954762801863,0.993298351764679
3704.283156670482,1.0105311503677519,0.9933135509490967
3704.2854714662303,1.0044579561664313,0.9933135509490967
3704.2877862619835,0.9918103334211232,0.993298351764679
3704.2901010577334,1.0006726058077522,0.9933135509490967
3704.2924158534843,1.0120924899762282,0.9933491349220276
3704.2947306492356,1.0105589526924452,0.9933512210845947
3704.297045444927,1.0061009145521547,0.9933627843856812
3704.2993602405936,0.99522639335198,0.9933719038963318
3704.301675036263,1.0049363330106207,0.9933719038963318
3704.303989831931,0.9982081563895518,0.9933754801750183
3704.3063046275993,1.003527017910017,0.9933831691741943
3704.3086194232665,0.9989822517473085,0.9933831691741943
3704.3109342189346,1.0002799409808099,0.9934782385826111
3704.3132490146018,0.9998764704308368,0.9934946298599243
3704.3155638102708,0.9937753906983491,0.9935497045516968
3704.3178786059393,1.0150825000623873,0.9936122894287109
3704.3201934016074,0.9965425870777842,0.9936254024505615
3704.3225081972732,1.0045541763552337,0.9936602115631104
3704.324822992942,0.9984914988148176,0.9936602115631104
3704.32713778861,0.9929482384542618,0.9936612844467163
3704.3294525842794,0.9964174696339945,0.9937295317649841
3704.331767379946,0.9844621061101493,0.9937295317649841
3704.3340821756146,0.993673770087179,0.9937295317649841
3704.3363969712814,0.9947494866535932,0.9937563538551331
3704.338711766897,1.0007693355458753,0.9937780499458313
3704.341026562492,0.9979590780392347,0.993779718875885
3704.3433413580874,1.010846525067869,0.9938260912895203
3704.345656153679,0.992465046101117,0.9938413500785828
3704.3479709492744,0.9989861410489209,0.9938428997993469
3704.350285744869,1.0002892541686514,0.9938428997993469
3704.3526005404633,0.9898158006491841,0.9938575625419617
3704.354915336057,1.011399241154069,0.993879497051239
3704.3572301316512,1.019913955037315,0.9938799142837524
3704.3595449272448,1.0048786162592358,0.993981659412384
3704.36185972284,0.9939215409380632,0.9940025210380554
3704.364174518435,0.9980552290252196,0.9940283298492432
3704.3664893140294,1.013462308169469,0.9940358996391296
3704.3688041096216,1.0062491114648628,0.9940702319145203
3704.3711189052174,0.9974468694877431,0.9941303730010986
3704.3734337008127,1.0020735889342718,0.9941346645355225
3704.3757484964062,1.0065038205358992,0.9941346645355225
3704.3780632920007,1.0151585136879053,0.9941346645355225
3704.3803780875483,0.9982193282742671,0.994151771068573
3704.3826928830777,0.9985753733777134,0.9942150115966797
3704.385007678607,1.0088282642099409,0.9942429661750793
3704.387322474138,1.00226135461148,0.9942741394042969
3704.3896372696677,0.9974697005801363,0.9942904114723206
3704.391952065196,1.0058520779849442,0.9942904114723206
3704.394266860725,0.9928502171046775,0.9943273663520813
3704.3965816562563,1.0147822683752128,0.994353711605072
3704.398896451785,1.0047285155671648,0.9943612813949585
3704.4012112473156,0.9867497376334041,0.9943702220916748
3704.4035260428454,0.9974788415402756,0.9943727850914001
3704.405840838374,1.0097833687765863,0.9943846464157104
3704.4081556339033,1.0058276419871466,0.9943888783454895
3704.410470429434,1.0037322257908796,0.9944525957107544
3704.4127852249626,0.992887881174399,0.9944808483123779
3704.4151000204934,0.9976830757907582,0.9944808483123779
3704.4174148160214,1.000188436326712,0.9944844841957092
3704.4197296115526,0.9988642598084501,0.994512677192688
3704.4220444070415,1.0086057197338334,0.9945143461227417
3704.4243592025155,0.9985857313611164,0.9945425987243652
3704.4266739979894,0.998251134476198,0.9945436716079712
3704.4289887934624,0.996020358542304,0.9945436716079712
3704.4313035889363,0.9979230077546957,0.9945719242095947
3704.4336183844116,1.0068581936410417,0.9945820569992065
3704.435933179884,1.003150245608408,0.9945820569992065
3704.4382479753585,0.9886638899709346,0.9945929050445557
3704.4405627708315,1.0078648008869446,0.9945929050445557
3704.4428775663055,0.9973867497677763,0.9945929050445557
3704.4451923617785,0.9977657686075988,0.9946595430374146
3704.4475071572533,0.9949301332281216,0.9946595430374146
3704.4498219527277,1.0004828670003432,0.9946718811988831
3704.4521367482002,1.015506455465209,0.9946795105934143
3704.4544515436737,1.010945899570636,0.9946922659873962
3704.4567663391485,1.0075058443170062,0.9947336912155151
3704.4590811346216,0.9921739397712656,0.994801938533783
3704.4613959300964,1.004987171983259,0.99482661485672
3704.4637107255353,1.0088320564814488,0.9948486089706421
3704.4660255209624,0.9879516253263426,0.9948639869689941
3704.4683403163885,1.0080783423545363,0.9948639869689941
3704.470655111816,0.9950508650113158,0.9949573278427124
3704.472969907242,0.9942884405229699,0.9949692487716675
3704.4752847026675,1.003725540786288,0.9949890971183777
3704.4775994980946,0.9961938273232722,0.9949890971183777
3704.4799142935226,1.005428492441857,0.9950152039527893
3704.482229088948,1.005519340875518,0.9950196743011475
3704.484543884375,1.0132835197101084,0.995021641254425
3704.4868586798016,0.9957228250211532,0.9950934648513794
3704.4891734752273,1.0003703966358595,0.9951362609863281
3704.491488270654,0.9938019450663376,0.9951521754264832
3704.493803066082,0.999086122228786,0.9951524138450623
3704.4961178615076,1.0123938503120429,0.995194137096405
3704.4984326569343,0.9926940409002428,0.9952138662338257
3704.5007474523595,1.0009745908697592,0.9952955842018127
3704.503062247787,0.9972625789858337,0.995311975479126
3704.505377043185,1.0045842864092984,0.995311975479126
3704.507691838574,1.014293192983616,0.9953294992446899
3704.510006633962,1.0135979688257872,0.9953796863555908
3704.5123214293485,1.0153600201390272,0.995392382144928
3704.5146362247356,1.0011214830160888,0.9954631328582764
3704.516951020124,0.9908463047157784,0.995464563369751
3704.5192658155106,0.9860295429642358,0.9954631328582764
3704.5215806108995,0.9891971941529205,0.995464563369751
3704.5238954062856,0.997731949059237,0.995464563369751
3704.5262102016745,1.0171591085990732,0.9955048561096191
3704.528524997061,0.9952223113676371,0.9955048561096191
3704.53083979245,0.9994499994012621,0.9955048561096191
3704.533154587837,0.9998062484283131,0.9955048561096191
3704.5354693832237,1.0075449595324841,0.9955411553382874
3704.5377841786126,1.0072575834745434,0.9955565333366394
3704.5400989740006,1.003436038089007,0.9955565333366394
3704.5424137693885,1.0022723069468602,0.9955411553382874
3704.5447285647747,1.0067781240418672,0.9955411553382874
3704.547043360141,1.011290472353906,0.9955565333366394
3704.5493581554965,1.0072477811494467,0.995570719242096
3704.551672950854,0.9901997198397586,0.9955941438674927
3704.55398774621,0.9829543066651484,0.9956105947494507
3704.556302541568,1.0073078961545856,0.9956188797950745
3704.558617336923,1.0107090233821319,0.9956942796707153
3704.5609321322804,0.995700348289388,0.9957000017166138
3704.5632469276366,1.0020132961470458,0.9957218766212463
3704.5655617229945,0.9975398459593265,0.9957228899002075
3704.5678765183497,0.990419987443978,0.995750904083252
3704.5701913137077,0.9990008070634693,0.9958436489105225
3704.5725061090625,0.9971167614069788,0.9958506226539612
3704.5748209044195,1.0047342920978564,0.9959052205085754
3704.577135699776,1.004606692502991,0.9959052205085754
3704.579450495134,0.9980559723642145,0.9959720969200134
3704.58176529049,1.0115042818947027,0.996001124382019
3704.584080085846,1.001781607190294,0.996005117893219
3704.5863948812025,1.0069751718209665,0.996001124382019
3704.5887096765423,0.9957603721273597,0.996005117893219
3704.591024471876,0.9982909836161219,0.9960750937461853
3704.5933392672105,0.9913786299430777,0.996096670627594
3704.5956540625407,0.9983535975762851,0.9961245059967041
3704.597968857875,0.9959244681500345,0.9961378574371338
3704.6002836532075,1.0037270942055954,0.996173620223999
3704.6025984485423,1.0003079036583453,0.996173620223999
3704.6049132438743,0.9864659409250991,0.996173620223999
3704.6072280392077,0.9948637050634774,0.996173620223999
3704.6095428345398,1.0050676113300008,0.9961960911750793
3704.611857629874,0.9863293578544835,0.9962097406387329
3704.6141724252066,0.9967903181357974,0.9962204694747925
3704.6164872205413,1.0145847216350588,0.9962359666824341
3704.6188020158725,0.9915462116498349,0.9962558746337891
3704.621116811207,1.0030091418178337,0.9962558746337891
3704.6234316065393,0.998112005680316,0.9962655901908875
3704.6257464018736,1.002574196532041,0.9962755441665649
3704.6280611972056,1.0069872617248876,0.9963933229446411
3704.6303759925268,0.9904220722315347,0.9964219331741333
3704.6326907878433,0.987463756490993,0.9964803457260132
3704.635005583161,0.9940464647781765,0.9964984655380249
3704.637320378478,1.0099223773510826,0.9965046644210815
3704.639635173796,0.996001405357801,0.9965225458145142
3704.64194996911,1.0082086867811793,0.9965225458145142
3704.644264764428,1.0108882186270947,0.9965403079986572
3704.6465795597437,1.0013803029489248,0.9965609312057495
3704.648894355062,1.0066505460880881,0.9965795278549194
3704.651209150379,0.9972286715571501,0.9966195225715637
3704.653523945696,1.0012723171326705,0.9966298341751099
3704.6558387410114,0.9977165559412695,0.9966370463371277
3704.6581535363293,1.003925156020646,0.9966411590576172
3704.6604683316455,0.9945941788791968,0.9966742396354675
3704.662783126964,1.0238168438344795,0.9967032074928284
3704.6650979222795,1.0031760137376693,0.9967032074928284
3704.6674127175966,1.0043018424037213,0.9967032074928284
3704.6697275129127,1.0052559203033387,0.9967032074928284
3704.672042308224,1.0008386604277444,0.9967032074928284
3704.6743571035304,0.9934700191082448,0.9967148900032043
3704.676671898839,1.0186045401830788,0.9967148900032043
3704.678986694144,1.0063750555842463,0.9967305660247803
3704.681301489452,1.006043284310759,0.9967305660247803
3704.6836162847594,1.0012231524203157,0.9967305660247803
3704.685931080068,1.0002768790835554,0.9967148900032043
3704.688245875374,1.0020643612350502,0.9967305660247803
3704.6905606706805,0.9997187734648203,0.9967787861824036
3704.6928754659866,0.9981935321382777,0.9968159198760986
3704.6951902612955,1.0055528525525022,0.9968398213386536
3704.697505056603,0.995295977439156,0.9968398213386536
3704.6998198519104,0.9880060288241795,0.9968868494033813
3704.7021346472156,1.001228814504316,0.996891438961029
3704.704449442524,0.996420962106035,0.9969308376312256
3704.70676423783,1.003554224978077,0.9969813823699951
3704.709079033139,1.0071152576077178,0.9969908595085144
3704.7113938284456,0.9965558708995869,0.9970943331718445
3704.713708623751,1.0154498914933447,0.9970943331718445
3704.7160234190555,1.0074309309932206,0.9971257448196411
3704.7183382143585,0.9949709581109634,0.9971635341644287
3704.720653009663,1.013405916736463,0.9971635341644287
3704.7229678049666,1.011096638865651,0.9972836375236511
3704.7252826002696,0.9956327660110845,0.9972836375236511
3704.727597395574,1.0108019792513268,0.9974002838134766
3704.7299121908777,1.012100871551508,0.9974143505096436
3704.7322269861816,0.9955129830754055,0.9974939823150635
3704.734541781486,1.0035103314145801,0.9974939823150635
3704.7368565767897,1.0088658956428411,0.9975391030311584
3704.7391713720926,0.9985185095782135,0.9975745677947998
3704.741486167396,1.012156802176749,0.9975960850715637
3704.743800962701,0.9915043564438427,0.9975988268852234
3704.7461157580037,0.9952321926709884,0.9976430535316467
3704.748430553309,1.0115425855152589,0.9977152347564697
3704.750745348611,0.9989007755148224,0.997726559638977
3704.753060143916,0.995876354928594,0.997726559638977
3704.7553749392205,0.9938995161573989,0.99774169921875
3704.757689734528,0.9958365501861295,0.9977796077728271
3704.7600045298336,1.0027934879783365,0.9978033304214478
3704.7623193251397,1.0203718455560744,0.9978499412536621
3704.7646341204454,0.995594151083549,0.9978911876678467
3704.7669489157524,1.0059586057347594,0.9978911876678467
3704.7692637110576,1.0061621264144411,0.9978978633880615
3704.771578506365,0.9959104926611596,0.9979223608970642
3704.77389330167,1.007568733596692,0.997926652431488
3704.776208096976,1.01813147734079,0.997936487197876
3704.778522892282,0.9984536448230609,0.997936487197876
3704.7808376875887,1.0207591099658373,0.9979497194290161
3704.7831524828953,1.0006728855321727,0.9979497194290161
3704.7854672782005,0.9938604947297001,0.9979534149169922
3704.7877820735066,1.0137039744655638,0.9979534149169922
3704.790096868813,1.0076474122597978,0.9979712963104248
3704.7924116641193,1.0104966831785558,0.9979777932167053
3704.794726459426,1.0065008606477999,0.9980072379112244
3704.7970412547356,1.0095358107254655,0.9980413317680359
3704.7993560500504,1.0030232867429667,0.9980810284614563
3704.8016708453633,1.0102962477042496,0.9981164336204529
3704.8039856406785,1.008474541352242,0.9981276392936707
3704.806300435991,0.9952125317609434,0.9981276392936707
3704.808615231305,1.0027314903919506,0.9981276392936707
3704.8109300266183,0.9818497619797059,0.9981299042701721
3704.813244821933,0.9910644158764726,0.9981641173362732
3704.815559617246,0.9930677992071787,0.9981855154037476
3704.8178744125607,0.9949691969594977,0.9982599020004272
3704.8201892078728,0.9884711161712112,0.9982599020004272
3704.8225040031866,0.9910809856604704,0.9982609152793884
3704.8248187985005,1.0003950910312545,0.9982609152793884
3704.8271335938152,1.0078956148582148,0.9982755184173584
3704.8294483891286,1.0052341335624695,0.9983352422714233
3704.831763184443,1.0047358341841317,0.9983749985694885
3704.8340779797554,0.9882975935255814,0.9983915090560913
3704.8363927750693,1.019482093720485,0.9984387755393982
3704.8387075703918,1.0137876680613616,0.9985142350196838
3704.841022365718,0.9944678659851085,0.9985906481742859
3704.843337161044,0.9971281943413736,0.9985906481742859
3704.8456519563692,0.9974108206542951,0.9985906481742859
3704.8479667516954,0.9978282242036638,0.9985906481742859
3704.8502815470215,1.0022502792032981,0.9986115097999573
3704.8525963423467,1.0102106844123235,0.9986115097999573
3704.8549111376738,0.9988712005980154,0.9986212253570557
3704.857225932998,0.9825825461611918,0.9986264109611511
3704.8595407283256,1.0044346772771209,0.9986487030982971
3704.8618555236503,1.015880884858407,0.9986487030982971
3704.8641703189774,1.0143869618661683,0.9986487030982971
3704.866485114303,1.0130786331870973,0.9986553192138672
3704.868799909628,0.9924276669321741,0.998695969581604
3704.8711147049544,0.9982831739950576,0.998695969581604
3704.8734295002814,1.0074507284617635,0.9987881779670715
3704.875744295606,1.0020783403257818,0.9988309144973755
3704.8780590909337,1.0030340856645241,0.9988309144973755
3704.88037388627,0.9875142001402694,0.9988401532173157
3704.882688681612,1.0107806433680204,0.9988545179367065
3704.885003476955,0.9957869038851497,0.9988678693771362
3704.8873182722987,1.0022385442653854,0.9988939166069031
3704.8896330676403,1.0123143467760916,0.998894214630127
3704.891947862982,1.0096284973017688,0.9989328980445862
3704.8942626583244,0.9930110053455081,0.998943567276001
3704.8965774536673,0.9907797056028513,0.9989665150642395
3704.8988922490084,1.0052277829962595,0.9989665150642395
3704.9012070443523,1.0019934896402798,0.9989772439002991
3704.903521839693,1.003231313592788,0.9989772439002991
3704.9058366350364,0.9943681579144893,0.9989773035049438
3704.9081514303793,1.0016381888386579,0.9990085959434509
3704.910466225722,0.9924645925343264,0.999025821685791
3704.9127810210634,0.9965754969341873,0.9990317821502686
3704.9150958164073,1.0013432395209538,0.9990317821502686
3704.917410611748,1.0069878435244257,0.999039888381958
3704.919725407092,0.9998803209593796,0.9990631341934204
3704.9220402024484,0.9977506783701552,0.9990631341934204
3704.9243549978114,1.0141663158134635,0.9990645051002502
3704.9266697931753,0.9897402508996648,0.9990645051002502
3704.928984588535,1.0009826673844218,0.9990645051002502
3704.931299383899,1.0004806674100097,0.999099612236023
3704.933614179262,1.0090388381892257,0.999099612236023
3704.935928974625,1.0031235879632032,0.9991010427474976
3704.9382437699874,0.9981448736901007,0.9991371631622314
3704.9405585653494,0.9896907431740649,0.9991753697395325
3704.942873360711,1.0039781631419715,0.9991983771324158
3704.945188156075,1.0155959576388767,0.9991983771324158
3704.947502951438,0.9952553866768595,0.9992537498474121
3704.949817746801,1.0205170132494836,0.9992871880531311
3704.9521325421615,1.0063794032489781,0.9993027448654175
3704.9544473375254,1.0045480618859937,0.9993078112602234
3704.9567621328874,1.0075087666098261,0.9993078112602234
3704.9590769282513,1.0105385587833302,0.999317467212677
3704.961391723613,0.9897501112478179,0.9993684887886047
3704.9637065189922,1.003618797132708,0.9993684887886047
3704.9660213143775,0.9894071198201592,0.9993808269500732
3704.9683361097646,0.9959039308034411,0.9994232058525085
3704.9706509051503,1.0064057701013847,0.9994232058525085
3704.9729657005373,1.0099808836598887,0.9994419813156128
3704.9752804959207,0.9991662765918556,0.9994596838951111
3704.9775952913087,1.0047153451057735,0.9994897842407227
3704.9799100866944,1.008610117493309,0.9995583295822144
3704.98222488208,1.0014221305553894,0.9995644688606262
3704.9845396774667,1.0055752836822192,0.9995644688606262
3704.986854472852,1.0070645092562287,0.9995798468589783
3704.989169268237,1.0098163008442533,0.9996526837348938
3704.9914840636243,1.0042471591053068,0.9996841549873352
3704.993798859011,1.006992700953624,0.9996841549873352
3704.996113654397,1.0054698247998541,0.9996901750564575
3704.998428449782,1.0004470445928473,0.9997115135192871
3705.0007432451685,1.0043361439504643,0.9997879862785339
3705.0030580405532,0.9870269808155752,0.9997879862785339
3705.0053728359594,0.996349097117093,0.9997879862785339
3705.007687631371,0.9997968380779809,0.9998558163642883
3705.0100024267845,0.9981852537470349,0.9998558163642883
3705.0123172221947,0.9991839543572419,0.9998558163642883
3705.014632017608,1.0006714239224475,0.9998558163642883
3705.01694681302,1.0110685559192687,0.9998570084571838
3705.019261608433,1.0060041678653742,0.9998687505722046
3705.0215764038444,0.9979809256791082,0.9998687505722046
3705.023891199257,0.9977237711932229,0.9998747706413269
3705.026205994668,1.0149519690327011,0.9998747706413269
3705.0285207900806,1.006188088415638,0.9998757839202881
3705.030835585493,0.9956695884803567,0.9998864531517029
3705.0331503809066,0.988171784117743,0.9998864531517029
3705.035465176316,1.0070525428239916,0.9999236464500427
3705.0377799717294,1.0059719398048115,0.9999448657035828
3705.0400947671415,0.9909908572759021,0.9999448657035828
3705.0424095625535,1.0001155797786292,0.9999448657035828
3705.044724357965,0.9881318245600085,0.9999651312828064
3705.047039153398,1.004638535591562,0.9999651312828064
3705.0493539488375,0.9910885546751663,0.9999448657035828
3705.0516687442796,1.0029436780245091,0.9999651312828064
3705.0539835397203,0.9981556613037869,0.9999719262123108
3705.0562983351615,1.0015458898612335,0.9999719262123108
3705.0586131306,1.0160656160029937,0.9999728798866272
3705.060927926042,1.0030987507064086,0.9999728798866272
3705.0632427214814,0.9995594615715605,0.9999988675117493
3705.0655575169235,1.0072348291782902,0.9999728798866272
3705.0678723123633,0.9986757872988713,0.9999728798866272
3705.0701871078045,1.0041164680119123,0.9999728798866272
3705.0725019032443,1.009055803540961,0.9999988675117493
3705.074816698685,1.0080516190495263,1.0000462532043457
3705.077131494126,0.9959550582691897,1.0000462532043457
3705.079446289568,0.9978804972609356,1.0000462532043457
3705.0817610850077,1.0049942806028278,1.0000462532043457
3705.0840758804484,0.9999266300758756,1.0000462532043457
3705.086390675888,0.9959119048910403,1.0000604391098022
3705.0887054713503,1.00082939367365,1.0000778436660767
3705.0910202668215,1.0045871056594606,1.0000927448272705
3705.093335062294,0.991620781306284,1.0000927448272705
3705.095649857762,1.005132592162868,1.000109076499939
3705.097964653234,1.0055433293565572,1.00011146068573
3705.1002794487054,0.9860350557831339,1.00011146068573
3705.102594244176,0.9992163778168592,1.0001522302627563
3705.1049090396464,0.9906400965823701,1.000158429145813
3705.1072238351176,1.0017055714140988,1.0001838207244873
3705.1095386305874,0.9930393973886045,1.0001838207244873
3705.1118534260595,0.9965200264595985,1.0001838207244873
3705.1141682215307,1.003020327407734,1.0001838207244873
3705.116483017002,1.004734090721106,1.000215768814087
3705.1187978124713,1.0073771056459881,1.000215768814087
3705.1211126079434,0.9955070772397752,1.000215768814087
3705.1234274034136,0.9968792377209336,1.000215768814087
3705.1257421988853,0.9969068405151095,1.0002195835113525
3705.1280569943556,0.9930180350891243,1.0002822875976562
3705.130371789849,0.987062950646352,1.0003516674041748
3705.1326865853507,1.0073642627044226,1.0003737211227417
3705.1350013808537,0.9962591617381246,1.00041663646698
3705.1373161763568,1.0022490688557046,1.0004475116729736
3705.1396309718607,1.001295457177705,1.0004525184631348
3705.141945767361,1.0000835279140519,1.0004525184631348
3705.144260562864,0.9981598240504151,1.0004525184631348
3705.146575358367,0.994351975905831,1.0004525184631348
3705.1488901538696,1.0000774509902048,1.0004525184631348
3705.1512049493726,0.996387749698716,1.0004537105560303
3705.1535197448743,0.9909098859994275,1.0004537105560303
3705.155834540376,1.0089212126758145,1.0004736185073853
3705.15814933588,1.0129399872079978,1.000493049621582
3705.160464131383,0.9801788627360284,1.0004736185073853
3705.1627789268855,1.0081401657011115,1.0004736185073853
3705.165093722387,0.9941893259224873,1.000493049621582
3705.16740851789,0.9974675615660333,1.0005115270614624
3705.169723313394,0.9947050476837622,1.0005115270614624
3705.172038108919,0.9953827654938139,1.000524878501892
3705.1743529044543,1.0040091690574455,1.000524878501892
3705.17666769999,0.9966404190343608,1.000524878501892
3705.1789824955245,1.0104729994992263,1.000524878501892
3705.18129729106,0.9875486878308631,1.000524878501892
3705.1836120865964,0.9838725935185835,1.000524878501892
3705.1859268821313,0.9895300387429493,1.000524878501892
3705.1882416776666,0.9963684665729617,1.000524878501892
3705.1905564732015,1.0037279742834233,1.0005271434783936
3705.192871268737,0.9990349758264393,1.0005300045013428
3705.195186064271,1.002023446626725,1.0005360841751099
3705.197500859808,0.9940390356131611,1.0005360841751099
3705.199815655343,1.0107012641402924,1.000549077987671
3705.2021304508776,0.9830729414882058,1.0005531311035156
3705.2044452464124,0.9947453596033383,1.0005531311035156
3705.206760041949,0.9987413804997138,1.000562071800232
3705.209074837483,0.9956697335763223,1.0005531311035156
3705.2113896330197,0.999128593049499,1.000562071800232
3705.2137044285773,0.9996538915516536,1.000562071800232
3705.216019224147,1.0012557600845338,1.000562071800232
3705.218334019715,0.9959804954485846,1.000562071800232
3705.2206488152847,1.0041929757737191,1.000562071800232
3705.2229636108527,0.9940233445084861,1.000562071800232
3705.225278406421,1.0035088919093063,1.0005531311035156
3705.2275932019897,0.9950477850320509,1.000549077987671
3705.2299079975596,1.0019399004958054,1.000549077987671
3705.232222793127,0.9857192352710179,1.0005531311035156
3705.234537588696,1.0069423040195165,1.000562071800232
3705.2368523842642,1.0161395204870856,1.000575304031372
3705.2391671798327,0.9874230857119982,1.000575304031372
3705.2414819754017,0.9999584205181995,1.0005906820297241
3705.2437967709716,0.9948658770850897,1.0006003379821777
3705.2461115665396,1.0054335161224375,1.0006003379821777
3705.2484263621077,1.0009284406153036,1.0006003379821777
3705.2507411576757,1.0004218709027382,1.0005906820297241
3705.2530559532456,1.0022013297571009,1.0005906820297241
3705.2553707488373,0.996039086241923,1.0006003379821777
3705.257685544441,0.9919607424995324,1.0006201267242432
3705.2600003400435,1.003460407133352,1.0006201267242432
3705.2623151356447,1.0057669878160216,1.0006201267242432
3705.2646299312464,1.0017869120220735,1.0006201267242432
3705.26694472685,1.0144707780062474,1.0006451606750488
3705.269259522451,0.9919242145260853,1.0006628036499023
3705.271574318055,1.0021396998487522,1.0006628036499023
3705.273889113656,0.9907247211007592,1.0007367134094238
3705.2762039092595,0.9843013903388627,1.0007367134094238
3705.2785187048607,1.0085429197259062,1.0007367134094238
3705.2808335004643,1.004161510689728,1.0007367134094238
3705.283148296066,0.9981588576149868,1.0007367134094238
3705.2854630916677,0.9972302198383449,1.0006628036499023
3705.2877778872703,0.9884087380667149,1.0006628036499023
3705.290092682874,0.9983290227221938,1.0007367134094238
3705.292407478475,1.0003758284306883,1.0007367134094238
3705.2947222740777,0.998364104013109,1.0007367134094238
3705.297037069702,0.9930944652801238,1.0007367134094238
3705.2993518653393,1.0082735859440406,1.0007367134094238
3705.3016666609747,0.987042674573795,1.0007367134094238
3705.303981456612,1.0056529122593685,1.0007367134094238
3705.3062962522486,1.0037576838297262,1.0007697343826294
3705.3086110478835,0.9913489055772647,1.0007697343826294
3705.310925843519,0.9970900863665654,1.0008347034454346
3705.313240639156,0.9997083055614183,1.0008540153503418
3705.315555434791,0.996787147781197,1.0008586645126343
3705.317870230428,0.999976059489667,1.0008586645126343
3705.3201850260625,0.9971556516780112,1.0008540153503418
3705.3224998216997,0.996544586341927,1.0008586645126343
3705.324814617335,1.008287108892756,1.0008586645126343
3705.327129412972,0.994010465457119,1.0008586645126343
3705.329444208607,0.9945257224108547,1.0008586645126343
3705.3317590042425,0.988273676003426,1.0008586645126343
3705.334073799879,0.9922233837803162,1.0008586645126343
3705.3363885955164,1.007045775565934,1.0008586645126343
3705.338703391175,0.9949675758359314,1.0008875131607056
3705.3410181868444,0.9991866573211858,1.0009068250656128
3705.3433329825143,1.0097389074772822,1.000907301902771
3705.3456477781824,0.9979884397965322,1.000907301902771
3705.3479625738523,0.998411606462385,1.000907301902771
3705.350277369522,1.0011825461007182,1.000915765762329
3705.3525921651913,1.0088038992303436,1.0009686946868896
3705.3549069608607,1.0116531022657143,1.0009686946868896
3705.3572217565284,1.0010539178613411,1.000915765762329
3705.3595365521987,1.0103347709248651,1.000907301902771
3705.3618513478677,1.0048548042875014,1.000907301902771
3705.364166143538,1.0022753098745996,1.000907301902771
3705.366480939208,0.9984019592628539,1.000907301902771
3705.368795734876,0.9970492656512489,1.0009068250656128
3705.371110530545,1.0113580886825368,1.000907301902771
3705.3734253262155,1.0083847747040657,1.000915765762329
3705.375740121884,0.9810813347189514,1.0009686946868896
3705.3780549175544,0.9899861102460367,1.0009809732437134
3705.3803697132453,0.9974725292000437,1.0009686946868896
3705.3826845089484,1.009480948187712,1.0009686946868896
3705.38499930465,0.9971028971980759,1.0009809732437134
3705.3873141003533,1.0057322775230721,1.0009809732437134
3705.3896288960545,0.9951923804070536,1.0009859800338745
3705.391943691756,0.9921069868475584,1.000990867614746
3705.3942584874585,1.0080884419525256,1.000990867614746
3705.3965732831607,1.0033718315763398,1.000990867614746
3705.398888078863,1.002274048103352,1.000990867614746
3705.4012028745656,1.00068834443517,1.0009955167770386
3705.4035176702655,1.0006994077958307,1.0010128021240234
3705.405832465969,0.9981262587673083,1.0010128021240234
3705.4081472616713,1.0032259931519247,1.0010128021240234
3705.410462057374,1.0108186107972463,1.0010128021240234
3705.4127768530757,0.997776407556761,1.0010805130004883
3705.4150916487774,0.9922822260007147,1.0010985136032104
3705.4174064444787,0.9977718034781157,1.0010985136032104
3705.419721240182,1.0069667060136036,1.0011128187179565
3705.422036035906,1.0132077581379155,1.0011128187179565
3705.4243508316413,1.017492497865251,1.0011128187179565
3705.426665627375,0.995453172282784,1.0011128187179565
3705.4289804231084,0.9877489956939003,1.0011299848556519
3705.431295218842,0.9998511565788732,1.0011299848556519
3705.4336100145774,1.0018919115868006,1.0011653900146484
3705.43592481031,0.9856904614030508,1.0011653900146484
3705.4382396060455,1.0167625105020204,1.0011653900146484
3705.440554401778,1.0123077010999801,1.0012351274490356
3705.442869197513,1.002151604403895,1.0011653900146484
3705.4451839932462,1.0110411717301804,1.0011653900146484
3705.4474987889816,0.9930446225006903,1.0012351274490356
3705.4498135847152,1.0027776028224415,1.0012351274490356
3705.4521283804484,1.0037455439885026,1.0012444257736206
3705.4544431761824,1.0064968085069652,1.0012444257736206
3705.456757971917,1.0020520185206727,1.0012444257736206
3705.459072767651,1.0066907021564195,1.0012351274490356
3705.461387563385,1.0062598159369323,1.0012351274490356
3705.463702359139,0.9939572311001474,1.0012444257736206
3705.4660171549053,1.0049421542096417,1.0012351274490356
3705.4683319506707,0.9881026978417908,1.0012444257736206
3705.4706467464357,0.9987652651176591,1.0012351274490356
3705.4729615421998,1.011863012553686,1.0012444257736206
3705.475276337965,1.0101873462548787,1.0012444257736206
3705.477591133729,0.9944567837368192,1.001250147819519
3705.4799059294955,1.0031315278610373,1.001250147819519
3705.482220725259,1.0142742370814184,1.0012695789337158
3705.4845355210255,0.9962968836295576,1.001304030418396
3705.4868503167886,1.0036019799639195,1.001304030418396
3705.4891651125545,0.9942446300973136,1.001304030418396
3705.491479908319,1.0026718107536037,1.001304030418396
3705.4937947040853,0.9984729287697696,1.0014050006866455
3705.496109499849,1.008031766129065,1.0014050006866455
3705.4984242956143,1.0026694296728145,1.001304030418396
3705.5007390913784,0.9968603258370976,1.0014050006866455
3705.5030538871433,1.0174118257662739,1.0014241933822632
3705.5053686829297,0.988510008604176,1.0014262199401855
3705.5076834787255,1.0207784193559561,1.0014342069625854
3705.509998274519,1.0086155350801291,1.0014342069625854
3705.5123130703128,1.0133795651058046,1.0014262199401855
3705.5146278661077,1.000800542345119,1.0014241933822632
3705.5169426619027,1.0016419153258327,1.0014241933822632
3705.519257457698,0.9894640294599583,1.0014241933822632
3705.5215722534917,1.0036253483691349,1.0014262199401855
3705.5238870492867,0.9985398134594285,1.0014342069625854
3705.5262018450803,0.9982524543668643,1.0014342069625854
3705.5285166408758,0.9937109639676918,1.0014262199401855
3705.53083143667,1.0048108628793373,1.0014262199401855
3705.5331462324657,0.9910688819761321,1.0014262199401855
3705.5354610282584,0.9986535440681896,1.0014262199401855
3705.537775824054,1.0133393567448818,1.0014241933822632
3705.540090619848,0.9859449449632958,1.0014050006866455
3705.5424054156438,0.9896858600413901,1.0014241933822632
3705.5447202114374,0.9909603774600111,1.0014262199401855
3705.5470350072515,1.0135299393909092,1.0014241933822632
3705.549349803073,0.9969154418963985,1.0014241933822632
3705.551664598897,1.001882649789998,1.0014050006866455
3705.55397939472,0.9980206069718013,1.0014241933822632
3705.556294190543,0.9980382843752585,1.0014241933822632
3705.5586089863637,0.9967294986401828,1.0014050006866455
3705.5609237821877,1.0157889022824405,1.0014050006866455
3705.5632385780095,0.9975878379464214,1.0014241933822632
3705.565553373833,1.0113254192690688,1.0014262199401855
3705.5678681696563,1.0006218574563197,1.0014342069625854
3705.5701829654786,1.0004459184592982,1.0014342069625854
3705.5724977613004,0.9975714327546847,1.001457929611206
3705.574812557124,0.9974603259624283,1.0015100240707397
3705.5771273529463,0.9929720139882448,1.0015177726745605
3705.5794421487703,1.0007953401305039,1.001529335975647
3705.5817569445912,1.0077012722417948,1.0015331506729126
3705.584071740415,1.0055884274523896,1.0015331506729126
3705.5863865362367,0.988756751674082,1.0015511512756348
3705.5887013320794,0.9999248940869746,1.0015331506729126
3705.5910161279285,0.9989241360594743,1.0015511512756348
3705.593330923779,0.9991588762243576,1.0015791654586792
3705.5956457196253,1.0034592032169423,1.0016576051712036
3705.5979605154766,0.9981755353819749,1.001684546470642
3705.6002753113257,1.010407371643289,1.0016911029815674
3705.602590107175,1.005107824849687,1.0016911029815674
3705.6049049030244,0.9936523494447204,1.0016911029815674
3705.607219698873,0.992373429599726,1.0016911029815674
3705.6095344947216,1.0066610447886595,1.001702070236206
3705.611849290572,0.9998082801551753,1.001702070236206
3705.6141640864216,1.0044139596800432,1.001702070236206
3705.616478882271,1.000442824048785,1.001702070236206
3705.618793678119,1.011078100926906,1.0016911029815674
3705.6211084739693,1.008467804989857,1.001702070236206
3705.6234232698175,0.9993794989007349,1.001702070236206
3705.625738065668,1.0027447712607311,1.001702070236206
3705.628052861517,1.0017289162189669,1.0017099380493164
3705.6303676573843,0.996670753325736,1.0017099380493164
3705.6326824532575,1.0051404554018635,1.0017099380493164
3705.634997249133,1.0080931082314881,1.0017099380493164
3705.637312045006,0.9952260966559827,1.0017129182815552
3705.6396268408816,1.006322045151379,1.0017129182815552
3705.641941636754,0.9872560415723582,1.0017485618591309
3705.6442564326294,1.0016080633314912,1.0017485618591309
3705.6465712285026,1.0076191713803044,1.0017485618591309
3705.648886024377,1.0126955351605098,1.0017571449279785
3705.6512008202517,1.010929215355594,1.0017571449279785
3705.653515616125,1.00815413094876,1.0017571449279785
3705.6558304119985,0.9994326418695784,1.0018185377120972
3705.658145207874,0.9993748381022255,1.0018614530563354
3705.6604600037485,1.0002818766631942,1.0018807649612427
3705.6627747996226,0.9996620841791144,1.001889705657959
3705.6650895954963,0.9836098333503878,1.001889705657959
3705.667404391371,0.992440085383237,1.001889705657959
3705.669719187244,0.9903382846726619,1.001889705657959
3705.6720339831354,0.9922064594274944,1.001889705657959
3705.674348779033,1.0085655930415844,1.0019149780273438
3705.6766635749295,0.9934520942637619,1.0019149780273438
3705.678978370826,1.0010902269594817,1.0019149780273438
3705.6812931667246,0.9893806682759303,1.0019149780273438
3705.6836079626205,1.0059344374176649,1.0019149780273438
3705.685922758519,0.9929518962786412,1.0019149780273438
3705.6882375544155,1.003540738421063,1.0019235610961914
3705.6905523503133,1.0008378601418437,1.0019235610961914
3705.6928671462097,1.012893908487873,1.0019235610961914
3705.695181942107,1.0099443837908686,1.0019235610961914
3705.6974967380047,0.9932212702649194,1.0019149780273438
3705.699811533903,0.999511585361791,1.0019235610961914
3705.7021263297984,0.9965503842351685,1.001970648765564
3705.7044411256966,0.9979570236732551,1.001970648765564
3705.706755921593,1.0005479922081837,1.0019813776016235
3705.7090707174902,1.0078830984432596,1.0020381212234497
3705.711385513388,1.008861243643454,1.0020381212234497
3705.7137003093,0.9870498072440087,1.0020381212234497
3705.7160151052167,1.0088069947731928,1.0020381212234497
3705.7183299011363,1.009369762560901,1.0019813776016235
3705.720644697055,0.9937859465684318,1.0020381212234497
3705.722959492973,1.00978545617258,1.0019813776016235
3705.72527428889,1.0167540943857687,1.0019813776016235
3705.7275890848096,1.01462565743301,1.0019813776016235
3705.729903880727,1.0059994248756623,1.001970648765564
3705.7322186766464,1.0110524484743377,1.0019235610961914
3705.734533472565,1.0052824825383613,1.001970648765564
3705.736848268483,1.007868078311727,1.0019813776016235
3705.7391630644,1.0130989887366544,1.0019813776016235
3705.7414778603193,1.0032274508800867,1.0020381212234497
3705.743792656237,1.0019082278048064,1.0020381212234497
3705.746107452156,0.9978033784276522,1.0020569562911987
3705.748422248073,1.0013102346288327,1.0020885467529297
3705.7507370439926,1.0137775679837375,1.0020885467529297
3705.75305183991,0.9921070935696537,1.0020993947982788
3705.755366635842,0.9964526116184568,1.0021456480026245
3705.7576814317795,1.0050194165310415,1.0021631717681885
3705.759996227716,1.0042941663334028,1.0021631717681885
3705.7623110236536,1.0001465448425435,1.0021904706954956
3705.7646258195923,0.9969914890990026,1.0021904706954956
3705.766940615529,0.9948992997844768,1.0021904706954956
3705.769255411466,0.9977593031887896,1.0021904706954956
3705.771570207404,1.0029352589596412,1.0021631717681885
3705.7738850033406,0.9968482153466945,1.0021904706954956
3705.776199799277,1.0033532838118027,1.0021904706954956
3705.7785145952153,0.9960780222821909,1.0021904706954956
3705.780829391153,1.005157065325801,1.0022052526474
3705.783144187091,0.9986851600675476,1.0022052526474
3705.7854589830263,1.0050275320630508,1.0022052526474
3705.7877737789645,1.0072261480673435,1.0022052526474
3705.790088574901,1.0173879076357657,1.0022052526474
3705.7924033708396,1.0177813842502539,1.0022052526474
3705.7947181667764,1.006116491677815,1.0022052526474
3705.797032962726,1.0025421348865906,1.0022052526474
3705.7993477586792,0.9998982988308648,1.0021904706954956
3705.8016625546347,1.0073148825154716,1.0022052526474
3705.8039773505884,1.0146805553920035,1.0022052526474
3705.806292146544,0.9929572087044926,1.0022052526474
3705.808606942496,0.993239284303088,1.0022218227386475
3705.8109217384517,0.9967585830375579,1.0022258758544922
3705.813236534405,1.0064765113762986,1.0022287368774414
3705.8155513303595,1.0168093124740107,1.0022287368774414
3705.817866126314,1.0018669172065753,1.002245306968689
3705.8201809222674,0.9928430881738817,1.0022481679916382
3705.822495718222,1.0000380584527884,1.0023258924484253
3705.8248105141765,0.9978313817870561,1.0023258924484253
3705.827125310131,0.9973916877246861,1.0023258924484253
3705.8294401060853,1.0055903876875163,1.0022481679916382
3705.831754902038,1.0081840345017115,1.0022481679916382
3705.8340696979935,1.010017314420092,1.002245306968689
3705.8363844939468,1.0010426475683512,1.002245306968689
3705.8386992899127,1.0130541473786976,1.002245306968689
3705.841014085882,1.0180193317620012,1.0022287368774414
3705.84332888185,0.9968792611757586,1.0022287368774414
3705.8456436778183,0.9959401967622439,1.0022287368774414
3705.8479584737884,0.9852607328104229,1.0022287368774414
3705.8502732697566,1.0030571720795491,1.002245306968689
3705.8525880657266,1.0108770288421818,1.002245306968689
3705.8549028616953,0.9991827479532124,1.002245306968689
3705.8572176576645,1.0036270139389187,1.0022481679916382
3705.8595324536323,1.0078572865108117,1.0023258924484253
3705.8618472496028,0.9862038114452307,1.0022481679916382
3705.864162045571,1.0070122390362921,1.002245306968689
3705.8664768415415,1.0062919249051108,1.002245306968689
3705.8687916375084,1.0089818329395488,1.0022287368774414
3705.8711064334775,0.9887280750166759,1.0022287368774414
3705.8734212294466,1.0118659145235953,1.002245306968689
3705.875736025416,1.0073461098695524,1.002245306968689
3705.8780508213854,0.9948428434186233,1.002245306968689
3705.8803656173623,1.008638987224095,1.0022481679916382
3705.882680413343,1.0025203786110608,1.0022481679916382
3705.884995209326,1.0125550299513515,1.0022481679916382
3705.887310005308,1.0194062429420896,1.0023258924484253
3705.8896248012893,1.013195698110362,1.0023258924484253
3705.8919395972694,1.0094215059065947,1.0022481679916382
3705.8942543932517,1.002303673066829,1.002245306968689
3705.896569189232,1.0009598637778454,1.002245306968689
3705.898883985215,0.9959644801460416,1.0022481679916382
3705.901198781196,1.0014949805928468,1.0022481679916382
3705.9035135771774,0.9889758710917331,1.0022481679916382
3705.9058283731583,0.999177873668728,1.0022481679916382
3705.908143169141,1.0021718788786207,1.0022481679916382
3705.9104579651216,1.003847770083427,1.0022481679916382
3705.9127727611044,1.0043247484960667,1.0023258924484253
3705.9150875570845,0.9938493972314141,1.0023258924484253
3705.917402353066,1.0013966186439014,1.0023313760757446
3705.9197171490478,1.0066150348252683,1.0023258924484253
3705.922031945037,0.995355382101514,1.0023258924484253
3705.9243467410292,1.000900791076293,1.0023313760757446
3705.9266615370198,0.995998294514915,1.0023313760757446
3705.928976333012,0.990475270168937,1.0023313760757446
3705.931291129004,1.0042747479696938,1.0023373365402222
3705.933605924996,0.9954027103255566,1.0023373365402222
3705.9359207209877,0.9970503846535799,1.0023373365402222
3705.93823551698,1.0166470529119438,1.0023373365402222
3705.9405503129706,0.9983293719297139,1.0023373365402222
3705.942865108962,1.0066112724282146,1.0023373365402222
3705.9451799049552,0.9982420763503312,1.0023373365402222
3705.9474947009458,1.0009195823345522,1.0023313760757446
3705.949809496939,1.008916161159057,1.0023373365402222
3705.952124292929,1.0053659746210974,1.0023313760757446
3705.9544390889223,1.0051042331822373,1.0023258924484253
3705.956753884913,0.9918827513685157,1.0022481679916382
3705.959068680906,0.9994470375832462,1.002245306968689
3705.961383476897,0.998227731505843,1.0022287368774414
3705.9636982728944,0.9813909429229631,1.0022287368774414
3705.9660130688935,1.0033947862477675,1.0022287368774414
3705.968327864895,1.0139069551903916,1.0022287368774414
3705.9706426608936,0.9970747459589899,1.0022287368774414
3705.9729574568946,1.006923761311625,1.0022258758544922
3705.975272252893,1.0046889124663387,1.0022258758544922
3705.977587048893,0.9989418694274486,1.0022258758544922
3705.9799018448925,1.003539670380908,1.0022258758544922
3705.9822166408926,0.9982477999368394,1.0022097826004028
3705.9845314368927,0.9829345519597301,1.0022258758544922
3705.9868462328914,1.0132537515105955,1.0022258758544922
3705.9891610288914,1.01604325844267,1.0022097826004028
3705.9914758248915,1.0050480870735548,1.0022097826004028
3705.9937906208906,0.9908456437946532,1.0022097826004028
3705.9961054168916,0.9977602979370523,1.0022097826004028
3705.99842021289,1.0072208817618824,1.0022097826004028
3706.000735008891,1.0056639917593904,1.0022097826004028
3706.0030498048895,0.9924921004693031,1.0022097826004028
3706.0053646008946,0.9919974712392118,1.0022258758544922
3706.007679396899,1.0007974041544947,1.0022258758544922
3706.0099941929047,0.9943104234127849,1.0022287368774414
3706.01230898891,1.012355837559648,1.002245306968689
3706.0146237849162,1.0001065722360531,1.002245306968689
3706.016938580921,1.0127906538318854,1.0022481679916382
3706.0192533769273,1.008331308341906,1.002245306968689
3706.0215681729314,0.9907403134227096,1.0022287368774414
3706.0238829689365,0.999482354866673,1.0022287368774414
3706.0261977649425,0.9921151298918178,1.0022287368774414
3706.0285125609494,1.0083169348937542,1.0022287368774414
3706.030827356954,1.0180173611441512,1.0022258758544922
3706.0331421529604,0.9953963707643851,1.0022258758544922
3706.035456948964,1.0026116576728996,1.0022287368774414
3706.03777174497,1.0078967050555088,1.0022287368774414
3706.0400865409742,0.9974290807136271,1.0022287368774414
3706.042401336981,0.991439526868542,1.0022287368774414
3706.044716132987,1.0096924055559309,1.0022287368774414
3706.0470309289935,0.9870383302033686,1.002245306968689
3706.0493457250027,0.9859325243120887,1.002245306968689
3706.051660521012,1.000083021437967,1.0022481679916382
3706.0539753170196,1.010013360742302,1.0022481679916382
3706.0562901130297,0.9860533610430585,1.0023258924484253
3706.058604909037,1.0016491203323834,1.0023258924484253
3706.060919705047,1.0160450228350584,1.0022481679916382
3706.063234501055,1.0081308906881676,1.002245306968689
3706.065549297065,0.9835190675690576,1.002245306968689
3706.0678640930732,0.9865133192101332,1.002245306968689
3706.070178889081,0.9871961436185238,1.0022481679916382
3706.07249368509,1.0037986470835984,1.0022481679916382
3706.0748084811003,1.0066172318979743,1.002245306968689
3706.077123277108,0.9921512889268664,1.0022287368774414
3706.079438073118,0.9922113655721484,1.002245306968689
3706.0817528691255,0.9929923997105897,1.002245306968689
3706.084067665134,1.0007953798268743,1.0022287368774414
3706.0863824611433,1.0102458024395764,1.002245306968689
3706.088697257154,1.0122334460073057,1.002245306968689
3706.091012053163,1.003084409849701,1.002245306968689
3706.093326849172,0.987772477360162,1.0022287368774414
3706.0956416451822,1.003866399977924,1.0022287368774414
3706.0979564411923,1.0195259346661465,1.0022258758544922
3706.100271237201,0.9978929826950766,1.0022097826004028
3706.1025860332124,1.008730766668887,1.0022258758544922
3706.1049008292202,1.0004091680281813,1.0022287368774414
3706.107215625231,1.0048971703651968,1.0022287368774414
3706.1095304212413,0.9877479395340534,1.002245306968689
3706.111845217252,0.9870870965167412,1.002245306968689
3706.1141600132605,0.9938748495831147,1.0022481679916382
3706.1164748092715,0.9999834670303445,1.002245306968689
3706.1187896052797,1.004611347466441,1.0022287368774414
3706.1211044012907,0.9927888092224834,1.0022258758544922
3706.1234191973,0.9920323814598776,1.0022258758544922
3706.125733993311,1.000019387903661,1.0022287368774414
3706.12804878932,1.002461312211382,1.0022287368774414
3706.130363585328,1.0022638648489457,1.0022287368774414
3706.132678381337,0.9993518730855931,1.0022287368774414
3706.1349931773466,0.9982255854449953,1.0022258758544922
3706.1373079733544,1.003725926884528,1.0022287368774414
3706.139622769364,1.0016006320218704,1.0022287368774414
3706.1419375653713,1.0019649580888237,1.0022287368774414
3706.1442523613796,1.0148344746434796,1.002245306968689
3706.1465671573874,0.9927034295683004,1.002245306968689
3706.1488819533984,0.99223967382235,1.002245306968689
3706.151196749406,1.0030357538126524,1.0022481679916382
3706.153511545414,1.0112490480188623,1.0022481679916382
3706.1558263414227,1.000803865882488,1.0023258924484253
3706.1581411374314,1.001459184866437,1.0023258924484253
3706.160455933439,0.9942681309364639,1.0022481679916382
3706.1627707294488,0.9918832866070125,1.0022481679916382
3706.1650855254557,0.9994136148172518,1.002245306968689
3706.1674003214653,0.9986734373340385,1.002245306968689
3706.1697151174735,0.9937559076949097,1.0022481679916382
3706.1720299134804,1.0034237117431195,1.0022919178009033
3706.1743447094846,1.0085966908888897,1.0023258924484253
3706.1766595054887,1.0053881891578735,1.0022919178009033
3706.1789743014942,1.0062672757129152,1.0023258924484253
3706.1812890975,1.0045143271640185,1.0023258924484253
3706.1836038935044,0.9963255753159536,1.0023258924484253
3706.1859186895103,0.9949321007469091,1.0023258924484253
3706.1882334855136,0.9966184655034719,1.0023313760757446
3706.1905482815187,1.001405173392926,1.0023373365402222
3706.192863077524,1.0017567343365983,1.0023373365402222
3706.1951778735306,1.0025007317140757,1.0023521184921265
3706.1974926695343,0.9896963003037818,1.0023521184921265
3706.19980746554,1.0125428750806185,1.0023640394210815
3706.202122261544,1.005080551580996,1.0023521184921265
3706.204437057549,0.9916799263207632,1.0023521184921265
3706.206751853553,1.0102797915284871,1.0023640394210815
3706.2090666495596,0.9956210064674311,1.0023640394210815
3706.2113814455647,1.0052506841337459,1.0024081468582153
3706.2136962415643,0.9929049999827562,1.0024081468582153
3706.216011037563,1.0009750489040719,1.0024081468582153
3706.2183258335635,1.0024319138448439,1.0024327039718628
3706.2206406295613,0.9957113883136134,1.0024327039718628
3706.222955425562,0.9955925872411929,1.0024327039718628
3706.225270221559,0.987566379653265,1.0024327039718628
3706.2275850175592,0.9863447740312035,1.0024327039718628
3706.229899813558,0.9838813593464643,1.0024778842926025
3706.232214609558,1.0053013332470806,1.0024778842926025
3706.2345294055563,1.0070332059599063,1.0024778842926025
3706.2368442015545,0.9992711393665014,1.0024327039718628
3706.239158997554,0.9988985360471382,1.0024081468582153
3706.241473793554,1.009010924585103,1.0024327039718628
3706.2437885895524,0.998296072225894,1.0024778842926025
3706.246103385552,1.0009214694899538,1.0024778842926025
3706.2484181815503,0.9922949858218083,1.0024778842926025
3706.2507329775494,0.9955627662643474,1.0024793148040771
3706.2530477735486,1.0,1.0024793148040771
3706.255362569543,1.0104247553275463,1.0024793148040771
3706.2576773655333,1.0061146439557322,1.0025275945663452
3706.2599921615233,0.9951204651515645,1.002528429031372
3706.262306957514,1.0081743810889447,1.0025275945663452
3706.264621753506,0.9878971237683137,1.0024793148040771
3706.2669365494958,1.0006333384308,1.0024793148040771
3706.269251345488,1.0040364382974565,1.0024778842926025
3706.271566141477,0.9890179363697312,1.0024778842926025
3706.273880937469,1.0092118993722807,1.0024327039718628
3706.2761957334596,0.9966678618125904,1.0024327039718628
3706.2785105294515,0.9939488156460655,1.0024327039718628
3706.2808253254416,0.9920220144689955,1.0024327039718628
3706.2831401214335,0.9909530175577179,1.0023640394210815
3706.285454917423,0.9853863383523516,1.0024327039718628
3706.2877697134154,0.9952606220823723,1.0024327039718628
3706.290084509405,1.0037791584388898,1.0024327039718628
3706.2923993053973,0.9930860511011099,1.0024327039718628
3706.2947141013874,1.0053506861386263,1.0024327039718628
3706.29702889737,1.0125160913614735,1.0024327039718628
3706.2993436933507,0.9884858095746053,1.0024327039718628
3706.3016584893326,0.990430566244222,1.0023640394210815
3706.303973285312,0.9867041908730027,1.0023640394210815
3706.306288081293,1.0049716719119923,1.0023640394210815
3706.3086028772727,0.99354575261535,1.0023521184921265
3706.3109176732532,1.0036103444449611,1.0023521184921265
3706.313232469234,1.0045113547396223,1.0023521184921265
3706.3155472652147,0.9998387315259292,1.0023521184921265
3706.3178620611957,0.99452733768227,1.0023521184921265
3706.3201768571753,0.9874079481340116,1.0023640394210815
3706.322491653155,1.0043609150417736,1.0024327039718628
3706.3248064491368,0.9933937565814783,1.0024327039718628
3706.3271212451164,0.9971813583398293,1.0024327039718628
3706.329436041098,0.9945459129279708,1.0024327039718628
3706.3317508370765,0.9926026413319515,1.0024327039718628
3706.3340656330583,0.993577963649726,1.0024327039718628
3706.3363804290384,0.9899290226025284,1.0024327039718628
3706.3386952250107,1.0053327377412145,1.0023640394210815
3706.3410100209776,1.0074189426466715,1.0024327039718628
3706.343324816946,1.00786120854844,1.0024778842926025
3706.345639612913,1.0025994738740984,1.0024778842926025
3706.3479544088823,0.9960997784144732,1.0024778842926025
3706.350269204849,1.0000504198043283,1.0024778842926025
3706.3525840008183,1.0100601779391,1.0024778842926025
3706.354898796784,0.9981009333133873,1.0024778842926025
3706.357213592752,0.9973379770290225,1.0024778842926025
3706.3595283887203,0.9894466830784715,1.0024778842926025
3706.3618431846894,0.993103651259987,1.0024327039718628
3706.3641579806563,0.9954474453904529,1.0024327039718628
3706.3664727766245,0.9921502076663694,1.0023640394210815
3706.3687875725905,0.996210414323039,1.0023640394210815
3706.371102368559,0.9988396976340272,1.0024327039718628
3706.3734171645274,1.0101718047785089,1.0023640394210815
3706.3757319604956,0.9995519977013569,1.0023640394210815
3706.378046756464,1.0029911616175131,1.0023640394210815
3706.3803615524203,0.9855917131792487,1.0024327039718628
3706.3826763483726,0.9847121809153628,1.0024327039718628
3706.3849911443267,1.0084623466601024,1.0024327039718628
3706.3873059402786,1.011914532723761,1.0024778842926025
3706.3896207362327,1.003714298557066,1.0024778842926025
3706.3919355321837,1.0024323988149444,1.0024778842926025
3706.3942503281382,0.9861772044303724,1.0024793148040771
3706.3965651240906,0.9866660023311992,1.0024793148040771
3706.3988799200447,1.0212390744364108,1.0024793148040771
3706.4011947159966,1.0131914380513032,1.0024778842926025
3706.403509511949,1.0045373067310202,1.0024778842926025
3706.405824307902,0.997625155867355,1.0024778842926025
3706.4081391038567,1.0036680407648875,1.0024778842926025
3706.4104538998085,0.9967878184801425,1.0024778842926025
3706.4127686957627,1.0156928011187993,1.0024327039718628
3706.4150834917127,1.0052989559419265,1.0024327039718628
3706.417398287667,0.9949076675448908,1.0024327039718628
3706.41971308362,1.0118050123469062,1.0024778842926025
3706.4220278795615,0.9973085432717149,1.0024327039718628
3706.4243426754974,1.0060734221893028,1.0023640394210815
3706.4266574714325,0.992714256644505,1.0023521184921265
3706.4289722673675,1.0126286222686518,1.0023640394210815
3706.431287063305,0.9970084815980707,1.0023640394210815
3706.43360185924,1.0069639560922068,1.0023640394210815
3706.435916655177,1.00184517007259,1.0023640394210815
3706.4382314511113,0.9924780925448826,1.0023640394210815
3706.4405462470486,1.0015945884842596,1.0023640394210815
3706.4428610429836,0.995024998100123,1.0023640394210815
3706.445175838921,0.9929656737198631,1.0023521184921265
3706.447490634856,1.00328630987671,1.0023373365402222
3706.449805430792,0.9961568509547486,1.0023521184921265
3706.452120226727,1.0007261838515311,1.0023521184921265
3706.4544350226643,0.9990551047002267,1.0023521184921265
3706.4567498185993,1.0029449335950893,1.0023521184921265
3706.4590646145366,0.9964400222207977,1.0023521184921265
3706.4613794104716,0.981289310513587,1.0023373365402222
3706.4636942063935,1.0068182534476904,1.0023313760757446
3706.4660090023103,0.9952540461917303,1.0023373365402222
3706.468323798227,0.9991976894025664,1.0023373365402222
3706.470638594144,0.9920342783813211,1.0023373365402222
3706.4729533900613,1.015831783185716,1.0023521184921265
3706.475268185976,0.9984499911338018,1.0023521184921265
3706.477582981894,1.0082348011896285,1.0023521184921265
3706.479897777811,0.9887735404871225,1.0023640394210815
3706.4822125737282,1.0141843710154883,1.0023521184921265
3706.4845273696446,1.0084478040193194,1.0023521184921265
3706.486842165561,1.0078894548679012,1.0023640394210815
3706.489156961477,0.9863649051257329,1.0023521184921265
3706.4914717573947,0.9927348583964277,1.0023640394210815
3706.4937865533107,1.0004994981827187,1.0023640394210815
3706.496101349229,0.9954686595217019,1.0023640394210815
3706.4984161451434,0.9905948130778267,1.0023521184921265
3706.5007309410616,1.0027724076988993,1.0023373365402222
3706.5030457369776,1.0028176789732193,1.0023521184921265
3706.5053605328803,1.0000951450456488,1.0023373365402222
3706.507675328775,1.0041901878103736,1.0023373365402222
3706.509990124671,1.0075219294463806,1.0023373365402222
3706.5123049205654,0.9913880733786742,1.0023313760757446
3706.514619716461,0.9941503563401042,1.0023258924484253
3706.516934512357,0.9915195063247797,1.0023258924484253
3706.5192493082536,0.9957115259667472,1.0023258924484253
3706.521564104146,1.0140160956332802,1.0023258924484253
3706.5238789000427,1.0200415469667932,1.0022919178009033
3706.5261936959387,0.9859197981311238,1.0022919178009033
3706.5285084918337,0.997987659308818,1.0023258924484253
3706.5308232877296,0.9963350304628181,1.0023258924484253
3706.5331380836246,0.9829050502186413,1.0022919178009033
3706.5354528795187,0.990089778175925,1.0022919178009033
3706.5377676754156,0.9989981112303478,1.0023258924484253
3706.5400824713115,0.9950948722346326,1.0022919178009033
3706.542397267207,1.013292008381707,1.0022919178009033
3706.5447120631015,1.0059970261068427,1.0022919178009033
3706.5470268589806,0.9941765809927285,1.0023258924484253
3706.5493416548525,0.999466449979864,1.0022919178009033
3706.5516564507257,0.9931054734120676,1.0023258924484253
3706.5539712465966,0.9997467837733238,1.0022919178009033
3706.5562860424698,0.9971799514595554,1.0022919178009033
3706.55860083834,0.990373323260188,1.0022919178009033
3706.5609156342134,1.0094379016281763,1.0023258924484253
3706.563230430085,1.0095306691068477,1.0023258924484253
3706.5655452259584,1.00069991873331,1.0023258924484253
3706.5678600218293,1.0008362439125225,1.0022919178009033
3706.5701748177016,0.9935278033053528,1.0023258924484253
3706.572489613573,1.006157942904308,1.0023313760757446
3706.5748044094453,1.0076464959952618,1.0023313760757446
3706.5771192053176,1.0021320942203205,1.0023313760757446
3706.5794340011907,1.010485403176555,1.0023313760757446
3706.5817487970603,1.0014433589255205,1.0023313760757446
3706.5840635929335,1.0092336504264952,1.0022919178009033
3706.5863783888058,1.013038078534852,1.0022919178009033
3706.5886931846603,0.9939598592558543,1.0023313760757446
3706.5910079805058,1.0097147237239041,1.0023313760757446
3706.593322776353,1.0027596984597709,1.0023313760757446
3706.5956375721985,1.0032335236047343,1.0023313760757446
3706.5979523680467,0.9996530745303424,1.0023291110992432
3706.6002671638935,1.0026152019719925,1.0023291110992432
3706.6025819597403,0.9950704902118667,1.0022919178009033
3706.6048967555853,0.9869554647077413,1.0022481679916382
3706.607211551433,0.9980654946327437,1.0022919178009033
3706.6095263472794,1.0106066556499569,1.0022919178009033
3706.611841143127,0.9992712430509688,1.0022481679916382
3706.6141559389725,0.988073325424836,1.0022919178009033
3706.61647073482,0.9909546263639363,1.0022919178009033
3706.6187855306653,0.9962737921058935,1.0023291110992432
3706.6211003265125,1.0066061009292049,1.0022919178009033
3706.6234151223593,0.9969514004634213,1.0022481679916382
3706.6257299182075,0.9972652885392361,1.0022919178009033
3706.628044714053,1.0089609629154654,1.0022481679916382
3706.6303595098807,1.0056322552321644,1.0022481679916382
3706.6326743056993,0.9952251968399043,1.0022481679916382
3706.6349891015184,0.996057016935065,1.0022481679916382
3706.637303897338,1.003709927025375,1.002245306968689
3706.6396186931584,1.0016302221733766,1.002245306968689
3706.6419334889747,1.0036097184067567,1.0022287368774414
3706.644248284795,1.0075841132672563,1.002245306968689
3706.646563080615,1.0078440020348636,1.002245306968689
3706.6488778764333,1.0028876082035334,1.0022287368774414
3706.651192672253,1.0040795479739997,1.0022287368774414
3706.6535074680714,0.9983202383210947,1.0022097826004028
3706.6558222638905,1.001485788659261,1.0021904706954956
3706.658137059709,1.0074930566649176,1.0021904706954956
3706.6604518555305,1.0183026419822665,1.0021904706954956
3706.6627666513496,1.0050214430701505,1.0022097826004028
3706.6650814471677,1.0143025961845549,1.0022097826004028
3706.6673962429863,0.9927180392392423,1.0022097826004028
3706.669711038807,0.9960365855471744,1.0022097826004028
3706.672025834604,1.009256174361213,1.0022097826004028
3706.6743406303954,1.0113060973731272,1.0022097826004028
3706.676655426183,0.9855087134112201,1.0021904706954956
3706.6789702219744,1.0024856717326536,1.0021904706954956
3706.6812850177635,0.9998353582053473,1.0020885467529297
3706.683599813555,1.0059054478877856,1.0021904706954956
3706.6859146093434,0.9991681068858338,1.0020885467529297
3706.688229405133,1.0014272658812322,1.0021904706954956
3706.690544200923,0.9889402112363742,1.0020885467529297
3706.692858996714,0.9969024014047603,1.0020381212234497
3706.6951737925033,0.9934703275929859,1.0020381212234497
3706.6974885882933,0.9938736786552347,1.0020079612731934
3706.6998033840823,1.0055811394794711,1.0020079612731934
3706.7021181798723,1.0086791054408881,1.0020381212234497
3706.7044329756627,0.9962549244828364,1.0020381212234497
3706.7067477714536,1.0146211412368147,1.0020381212234497
3706.7090625672427,1.0032332802543036,1.0020381212234497
3706.7113773630326,1.0073319251627317,1.0020381212234497
3706.713692158799,0.9979943374847658,1.0020079612731934
3706.7160069545585,1.0060207351133525,1.0020079612731934
3706.718321750316,0.9962579049883338,1.0020079612731934
3706.720636546076,1.0054135101836283,1.0020079612731934
3706.722951341835,0.9985605771111417,1.0020079612731934
3706.725266137593,1.010678069424464,1.0020079612731934
3706.7275809333505,0.9965479227276258,1.0019813776016235
3706.7298957291105,0.9905087112789578,1.001956820487976
3706.732210524868,0.9927604005366791,1.001956820487976
3706.7345253206277,1.003222465788369,1.0019235610961914
3706.736840116385,1.0047650469782303,1.0019235610961914
3706.7391549121444,1.0076211183494133,1.0019149780273438
3706.741469707902,1.0039660084295972,1.0019149780273438
3706.743784503662,1.0012225804359765,1.0018771886825562
3706.7460992994197,1.014621476840196,1.0018683671951294
3706.748414095178,1.0071979982582686,1.0018683671951294
3706.7507288909364,1.0037147734589074,1.0018683671951294
3706.7530436866964,1.0003762368250182,1.0018683671951294
3706.7553584824304,1.010911462860416,1.0018683671951294
3706.7576732781563,1.0016569980682635,1.0018771886825562
3706.7599880738794,0.9959050631457944,1.0018683671951294
3706.762302869606,1.0102850117692919,1.0018436908721924
3706.764617665332,1.01825186213258,1.0018436908721924
3706.7669324610574,0.9995509431443332,1.0018683671951294
3706.769247256783,1.0130726233451737,1.0018683671951294
3706.7715620525078,0.9975744504497173,1.0018683671951294
3706.7738768482327,1.008519201520596,1.0018436908721924
3706.776191643959,1.0017917500488454,1.0018436908721924
3706.7785064396835,1.0118750603147542,1.0018147230148315
3706.7808212354103,1.0040053193248892,1.0018436908721924
3706.7831360311334,1.0169553480847504,1.0018436908721924
3706.78545082686,0.9860625198038951,1.0018683671951294
3706.787765622585,0.993033133946854,1.0018683671951294
3706.790080418312,1.0016088229320272,1.0018683671951294
3706.792395214036,1.0010719536864605,1.0018683671951294
3706.7947100097626,1.011045238297521,1.0018436908721924
3706.7970248054617,1.0035107797860285,1.0018147230148315
3706.7993396011534,0.989571358939318,1.0017571449279785
3706.8016543968424,1.010459961752165,1.0017263889312744
3706.803969192534,1.0192318128200661,1.0017099380493164
3706.806283988224,1.010515315809354,1.001702070236206
3706.808598783913,1.000766635344341,1.0017099380493164
3706.810913579604,1.0009840589354788,1.0017099380493164
3706.8132283752943,1.0046437252051421,1.0017099380493164
3706.8155431709847,0.9916540044498647,1.0017099380493164
3706.8178579666755,1.001827229359056,1.001702070236206
3706.8201727623637,1.0030155445914775,1.0016911029815674
3706.8224875580554,1.0047804337462038,1.0016911029815674
3706.8248023537462,0.9850830347405396,1.001685619354248
3706.8271171494366,1.0005232811932476,1.001685619354248
3706.8294319451275,0.9934981984465082,1.001685619354248
3706.831746740817,1.002222606223583,1.001685619354248
3706.8340615365064,0.9957584117989463,1.0016576051712036
3706.836376332198,0.9919175308822408,1.0016347169876099
3706.8386911278612,1.0063804993259349,1.001597285270691
3706.841005923516,0.998991074394487,1.001597285270691
3706.8433207191674,0.9921010300701453,1.0015791654586792
3706.8456355148223,0.9998008809085734,1.001597285270691
3706.8479503104754,0.9927869019866324,1.001597285270691
3706.85026510613,1.0083586428083384,1.0016347169876099
3706.8525799017825,0.9928172518780334,1.001597285270691
3706.854894697436,1.0081929234288902,1.001597285270691
3706.857209493089,1.0053581245528598,1.001597285270691
3706.8595242887427,1.0061600682230294,1.0015791654586792
3706.8618390843963,0.9920810062099603,1.0015755891799927
3706.864153880051,0.9929708974982311,1.0015791654586792
3706.8664686757015,1.0073757521404498,1.0015791654586792
3706.8687834713564,0.9864761412807053,1.0015791654586792
3706.8710982670104,0.9993942982625799,1.0015755891799927
3706.873413062664,1.0081052628446796,1.0015755891799927
3706.8757278583175,1.006835300663844,1.0015755891799927
3706.8780426539706,0.9887209624099526,1.0015755891799927
3706.8803574495955,1.007686159782572,1.0015791654586792
3706.8826722452113,0.9956207133569195,1.0015755891799927
3706.8849870408258,1.0063042348566127,1.0015552043914795
3706.887301836442,1.0009936138765057,1.0015552043914795
3706.8896166320555,0.998628830318466,1.00154709815979
3706.891931427671,0.9974980565898655,1.0015331506729126
3706.8942462232853,0.9982232273903529,1.0015331506729126
3706.896561018901,0.995600880335756,1.0015177726745605
3706.898875814515,1.0049964991771103,1.0014631748199463
3706.9011906101314,1.0010858982019535,1.0015177726745605
3706.903505405744,1.0003254242775557,1.0015177726745605
3706.9058202013603,0.9934324980324811,1.0015301704406738
3706.9081349969747,0.9989323295723641,1.0015331506729126
3706.9104497925905,0.9953121293430947,1.0015331506729126
3706.9127645882045,1.0102401444323144,1.0015301704406738
3706.915079383819,0.988857451171489,1.0015301704406738
3706.9173941794343,1.0054895161786588,1.0015331506729126
3706.9197089750487,0.9936644413018724,1.0015331506729126
3706.9220237706354,0.9974794884085152,1.0015331506729126
3706.924338566211,1.0065010059550301,1.0015331506729126
3706.926653361783,1.0053033740390342,1.0015301704406738
3706.9289681573587,0.9998900189062737,1.0015301704406738
3706.931282952933,1.0053442003541295,1.0015301704406738
3706.933597748508,0.9987522228596867,1.0015177726745605
3706.9359125440815,1.0095489529051318,1.0015177726745605
3706.9382273396564,0.99720797996154,1.0015301704406738
3706.94054213523,0.9899602920486494,1.0015177726745605
3706.9428569308056,0.998166006851288,1.0015177726745605
3706.9451717263796,1.0017607675003648,1.0014631748199463
3706.9474865219554,0.995050849031226,1.0015177726745605
3706.949801317528,1.0154962184603884,1.0015177726745605
3706.952116113104,0.9999563141108279,1.0014631748199463
3706.9544309086778,0.9959281061202859,1.0014631748199463
3706.956745704253,0.9815954443831016,1.0014631748199463
3706.9590604998266,1.0002628295457547,1.0014631748199463
3706.9613752954015,0.9974120574482537,1.0014631748199463
3706.963690090945,0.9947233516671226,1.0014631748199463
3706.966004886478,1.014924047830465,1.0015177726745605
3706.9683196820106,0.9962237571625479,1.0015177726745605
3706.9706344775445,0.9925148335615237,1.0014631748199463
3706.9729492730758,0.995018439730495,1.0014631748199463
3706.975264068608,1.002521997095067,1.0014631748199463
3706.9775788641405,0.9959314986212162,1.0014631748199463
3706.9798936596726,1.0069687692677596,1.0015177726745605
3706.9822084552047,0.9959137470927257,1.0015177726745605
3706.984523250738,1.0069961458529235,1.0015177726745605
3706.986838046269,1.005552616907284,1.0015301704406738
3706.9891528418025,0.9788537304763287,1.0015177726745605
3706.991467637335,1.0064288553968772,1.0015177726745605
3706.993782432867,1.010434525920865,1.0015177726745605
3706.9960972283993,1.0092494768691662,1.0015177726745605
3706.9984120239315,1.0027507176147339,1.0015301704406738
3707.000726819464,0.9865898773290928,1.0015177726745605
3707.0030416149957,1.0053385531355712,1.0015177726745605
3707.0053564104983,1.0030051158505666,1.0015177726745605
3707.007671205987,0.9999082300614037,1.0015301704406738
3707.0099860014748,1.0067977600041136,1.0015301704406738
3707.012300796963,1.005105297656874,1.0015331506729126
3707.014615592453,0.9952484953776993,1.0015301704406738
3707.0169303879406,1.0012310978922194,1.0015301704406738
3707.0192451834305,0.9981725165340625,1.0015301704406738
3707.021559978918,0.99852321177336,1.0015177726745605
3707.023874774408,0.9967938844798585,1.0015301704406738
3707.0261895698955,0.9958767887027545,1.0015177726745605
3707.0285043653853,1.014569937652803,1.0015177726745605
3707.0308191608738,0.9980113992792662,1.0014631748199463
3707.0331339563613,0.9918797251317252,1.0014562606811523
3707.0354487518503,1.0063171938375042,1.0014631748199463
3707.0377635473405,1.0057233671363666,1.0014562606811523
3707.040078342828,1.0047822689774242,1.0014562606811523
3707.042393138317,1.000171291538198,1.0014631748199463
3707.044707933805,0.9999385812263282,1.0015177726745605
3707.0470227292617,1.0061325931339524,1.0015177726745605
3707.049337524705,1.0014141791666566,1.0015177726745605
3707.05165232015,1.0098762816407858,1.0015177726745605
3707.0539671155925,1.0085902884958984,1.0014631748199463
3707.056281911036,1.0084533981074844,1.0014631748199463
3707.058596706478,0.9909779868449556,1.0015177726745605
3707.0609115019224,0.9998889462871399,1.0015177726745605
3707.063226297365,0.9952009441351023,1.0015177726745605
3707.0655410928093,0.9950297809635129,1.0015177726745605
3707.0678558882532,1.0113196228220735,1.0015177726745605
3707.0701706836953,1.00295175448411,1.0015301704406738
3707.0724854791383,1.012640289454142,1.0015331506729126
3707.0748002745827,0.9952398659087652,1.0015301704406738
3707.0771150700252,0.9990274170548984,1.0015177726745605
3707.07942986547,1.006001780668322,1.0015177726745605
3707.0817446609117,0.9891338167482806,1.0015177726745605
3707.0840594563565,0.997803921755339,1.0015177726745605
3707.0863742517986,1.007568371987608,1.0014631748199463
3707.08868904721,0.995534783254595,1.0014562606811523
3707.091003842606,0.9992709006014326,1.0014504194259644
3707.093318638001,0.988159544803902,1.0014504194259644
3707.0956334333982,1.0003637759611463,1.0014504194259644
3707.0979482287958,1.0005567343489143,1.0014504194259644
3707.100263024191,0.9949277298820645,1.0014504194259644
3707.102577819588,1.0047007567754165,1.0014504194259644
3707.1048926149824,1.006706286027182,1.0014504194259644
3707.10720741038,0.9936146962631424,1.0014504194259644
3707.109522205776,1.003149022545973,1.0014417171478271
3707.1118370011736,0.9996952662105579,1.0014504194259644
3707.1141517965702,1.003536438806479,1.0014562606811523
3707.116466591966,0.9936706050626589,1.0014631748199463
3707.1187813873617,0.9899759929969258,1.0014631748199463
3707.1210961827596,0.9945183948622183,1.0014562606811523
3707.123410978155,0.9962545599378732,1.0014631748199463
3707.1257257735524,1.0030219446005788,1.0014631748199463
3707.128040568947,0.9963289568880982,1.0014631748199463
3707.13035536431,0.9934292159911933,1.0014562606811523
3707.1326701596577,0.9955340095209708,1.0014562606811523
3707.134984955007,0.9996071813907779,1.0014562606811523
3707.1372997503536,1.0077097857105957,1.0014631748199463
3707.139614545703,1.0106829259118268,1.0014631748199463
3707.1419293410495,0.9817207811995585,1.0014562606811523
3707.144244136399,1.0104892091537687,1.0014562606811523
3707.1465589317454,0.9995775389770587,1.0014504194259644
3707.148873727094,0.9933870386958346,1.0014504194259644
3707.151188522442,1.0096222074749055,1.0014504194259644
3707.1535033177893,0.9959918230643106,1.0014417171478271
3707.1558181131372,1.0122217167089131,1.0014417171478271
3707.1581329084856,1.0087958125404282,1.0014417171478271
3707.1604477038336,0.9955493600415775,1.0014417171478271
3707.162762499182,0.9845218887659627,1.0014417171478271
3707.1650772945277,0.9995383719122521,1.0014417171478271
3707.167392089877,0.999368860090138,1.0014382600784302
3707.1697068852245,1.0010843141442227,1.0014417171478271
3707.172021680538,1.0008402796170592,1.0014504194259644
3707.1743364758363,1.0047954325721826,1.0014417171478271
3707.1766512711333,0.9975212785788616,1.0014417171478271
3707.178966066431,1.0080358760494064,1.0014417171478271
3707.18128086173,1.0080988469773122,1.0014417171478271
3707.1835956570267,0.9933439491128241,1.0014417171478271
3707.185910452326,0.9993605351887177,1.0014504194259644
3707.188225247622,1.0083063764950257,1.0014504194259644
3707.1905400429214,1.0088847236890095,1.0014562606811523
3707.192854838219,1.0055440990074307,1.0014562606811523
3707.1951696335177,1.0049352301631365,1.0014562606811523
3707.1974844288147,1.0062378404785055,1.0014562606811523
3707.199799224112,1.007403984486391,1.0014631748199463
3707.2021140194106,0.9982006056030783,1.0014631748199463
3707.20442881471,0.9968419387392895,1.0014631748199463
3707.2067436100065,1.0044394148138256,1.0014631748199463
3707.209058405305,0.9970844526679764,1.0014562606811523
3707.211373200601,1.0120746845390758,1.0014631748199463
3707.2136879958634,0.99509616966409,1.0014631748199463
3707.2160027911104,0.9944160029863531,1.0014631748199463
3707.218317586357,1.00263877054814,1.0014631748199463
3707.2206323816035,0.9972404492702145,1.0014562606811523
3707.2229471768505,1.0036759489307239,1.0014562606811523
3707.2252619720953,0.9948863944774942,1.0014562606811523
3707.2275767673427,1.0043454070695923,1.0014562606811523
3707.2298915625884,1.0022357330661849,1.0014562606811523
3707.2322063578363,1.0013849831873636,1.0014562606811523
3707.234521153082,0.9967070895244784,1.0014504194259644
3707.2368359483276,0.9993925507654003,1.0014417171478271
3707.2391507435746,0.999075791523137,1.0014417171478271
3707.2414655388197,1.0076465038278943,1.0014417171478271
3707.2437803340677,1.0114469400249242,1.0014382600784302
3707.246095129314,0.9959261142699741,1.0014417171478271
3707.2484099245603,1.0024120603254347,1.0014417171478271
3707.250724719806,1.0046374292847982,1.0014504194259644
3707.2530395150534,0.9926324654570561,1.0014504194259644
3707.2553543102617,1.002758674050906,1.0014504194259644
3707.2576691054564,1.0032513666893828,1.0014504194259644
3707.259983900648,1.0107684112477717,1.0014504194259644
3707.262298695843,0.9993947022339713,1.0014562606811523
3707.2646134910356,0.9945562760578637,1.0014504194259644
3707.2669282862303,0.9884667783627106,1.0014504194259644
3707.269243081423,0.9957300368120798,1.0014504194259644
3707.2715578766156,0.9938386041764004,1.0014504194259644
3707.27387267181,0.999985477615053,1.0014562606811523
3707.2761874670045,0.9979562599879178,1.0014504194259644
3707.2785022621974,0.9993783906841929,1.0014504194259644
3707.280817057391,1.001284286271207,1.0014504194259644
3707.2831318525837,0.9933793994493874,1.0014562606811523
3707.285446647778,1.0016987619309725,1.0014562606811523
3707.2877614429703,0.9995465952265489,1.0014631748199463
3707.290076238165,0.996789491257296,1.001477837562561
3707.292391033359,0.9979366159167862,1.001477837562561
3707.2947058285513,0.9917156935390468,1.001477837562561
3707.297020623707,0.9952757936607133,1.0014631748199463
3707.299335418846,0.9929561562702582,1.0014631748199463
3707.3016502139844,0.9922175382588154,1.001477837562561
3707.303965009125,0.9976937283098868,1.001477837562561
3707.3062798042624,1.0104873746330942,1.0015177726745605
3707.308594599403,0.991656891050535,1.001477837562561
3707.3109093945413,0.9983218748437749,1.0015177726745605
3707.313224189682,0.9921929578663505,1.001477837562561
3707.3155389848203,0.9955160126675321,1.001477837562561
3707.317853779961,0.9947661447928919,1.0014631748199463
3707.3201685750983,1.0015254350674132,1.0014631748199463
3707.3224833702384,1.006340074788671,1.001477837562561
3707.3247981653767,0.9965686936205032,1.0014631748199463
3707.3271129605173,1.0021223651217919,1.001477837562561
3707.3294277556556,0.997765415993163,1.0015177726745605
3707.331742550794,0.9938387972353324,1.0015301704406738
3707.3340573459327,0.9983137422566882,1.0015301704406738
3707.3363721410738,0.9880134652642294,1.0015331506729126
3707.338686936173,0.9963146325957997,1.0015331506729126
3707.3410017312563,1.0050313969836613,1.0015301704406738
3707.343316526339,1.0028533543458544,1.0015177726745605
3707.3456313214233,1.0013464518755342,1.0015177726745605
3707.3479461165057,0.9975685051966997,1.001477837562561
3707.3502609115903,1.000350063204203,1.0015177726745605
3707.352575706674,0.9832520169401547,1.0015177726745605
3707.3548905017565,1.0060195179029177,1.001477837562561
3707.3572052968393,1.000997102843118,1.0015177726745605
3707.359520091924,0.9999203708314904,1.0015301704406738
3707.361834887007,0.9977374722726237,1.0015301704406738
3707.3641496820915,1.0034763071681487,1.0015301704406738
3707.3664644771734,0.9863918035994764,1.0015301704406738
3707.368779272258,0.9998884715532235,1.0015301704406738
3707.3710940673404,1.0040788226404889,1.0015301704406738
3707.373408862425,0.9948866680338879,1.0015331506729126
3707.3757236575084,1.0049780728170061,1.0015301704406738
3707.3780384525908,0.9995037696367485,1.0015177726745605
3707.380353247634,1.0059541685786404,1.001477837562561
3707.3826680426614,0.9916206819388336,1.0015177726745605
3707.384982837687,1.0033249046235386,1.0015301704406738
3707.387297632714,1.0072708929560203,1.0015301704406738
3707.3896124277394,1.0084701964210472,1.0015177726745605
3707.391927222766,0.9888240156981218,1.001477837562561
3707.394242017792,1.0036299228485164,1.001477837562561
3707.396556812819,1.0046728260015665,1.0015177726745605
3707.398871607846,1.0109549190962395,1.0015177726745605
3707.4011864028726,0.9945043479916986,1.001477837562561
3707.403501197897,0.9958155006454585,1.001477837562561
3707.405815992925,0.997164166810104,1.0014631748199463
3707.40813078795,0.997951078472159,1.001477837562561
3707.410445582978,1.0161929435823451,1.001477837562561
3707.412760378005,0.9961271895445842,1.001477837562561
3707.41507517303,0.980897839060232,1.0014631748199463
3707.417389968056,0.9995107622776052,1.0014562606811523
3707.4197047630837,1.0010314464390635,1.0014562606811523
3707.4220195580674,1.0000127369201055,1.0014504194259644
3707.4243343530366,0.9939065740958424,1.0014504194259644
3707.4266491480034,0.9885440526279827,1.0014417171478271
3707.4289639429726,1.0052192066805845,1.0014417171478271
3707.4312787379395,0.997802981227045,1.0014417171478271
3707.4335935329077,0.9970506631469608,1.0014417171478271
3707.435908327876,1.0044067897893418,1.0014382600784302
3707.4382231228424,1.000249861647594,1.001435399055481
3707.4405379178115,1.0090173985367084,1.001435399055481
3707.442852712779,1.0015030981534878,1.001435399055481
3707.4451675077476,0.9882169559510292,1.0014382600784302
3707.4474823027153,0.9995392051759484,1.0014417171478271
3707.4497970976827,1.0059378575978377,1.0014382600784302
3707.4521118926505,1.008122535473821,1.0014417171478271
3707.4544266876187,1.0099482505746862,1.0014382600784302
3707.4567414825874,1.0045660469803595,1.0014417171478271
3707.4590562775566,1.003009401746741,1.0014382600784302
3707.4613710725225,0.9943490241793723,1.0014382600784302
3707.4636858674485,0.9952597413882792,1.0014417171478271
3707.466000662357,1.001304181224528,1.0014382600784302
3707.4683154572654,1.0021149422988698,1.0014417171478271
3707.470630252174,0.9899373290470249,1.0014417171478271
3707.472945047082,1.0049407775683508,1.0014417171478271
3707.475259841989,1.0012718028662704,1.0014382600784302
3707.4775746368987,1.003970263437508,1.0014417171478271
3707.4798894318064,1.006199719975783,1.0014417171478271
3707.482204226716,1.000146653136169,1.0014504194259644
3707.4845190216233,1.0055945324569304,1.0014417171478271
3707.486833816532,1.0013057242120955,1.0014417171478271
3707.4891486114393,0.9952452618974694,1.0014382600784302
3707.491463406349,1.0074522600748774,1.0014382600784302
3707.4937782012566,1.002392776222749,1.0014417171478271
3707.496092996166,0.9916742384806551,1.0014382600784302
3707.4984077910726,0.9914799088120678,1.0014382600784302
3707.500722585982,1.0004382982172977,1.0014382600784302
3707.50303738089,1.0084643460285032,1.001435399055481
3707.5053521757563,0.9984220024474675,1.001420021057129
3707.5076669706027,0.9969272140296077,1.001420021057129
3707.5099817654495,1.003639655640365,1.001420021057129
3707.512296560297,0.9901640554180309,1.0014194250106812
3707.5146113551446,0.9959249522201913,1.0014194250106812
3707.5169261499923,0.9903458895079646,1.0014194250106812
3707.519240944841,1.0050848073005048,1.0014194250106812
3707.5215557396864,0.9983430182554284,1.0014194250106812
3707.523870534534,0.9985346731718234,1.0014194250106812
3707.5261853293805,0.9949725653463535,1.0014184713363647
3707.528500124229,1.0075538297867022,1.0014184713363647
3707.530814919077,0.9994763411303628,1.0014184713363647
3707.5331297139237,0.9982466551157876,1.0014194250106812
3707.53544450877,0.9859616940151884,1.0014194250106812
3707.5377593036187,1.002209864514259,1.0014194250106812
3707.5400740984655,0.9968952498745612,1.0014194250106812
3707.542388893314,0.9999092912755944,1.0014194250106812
3707.544703688159,0.9829106147997972,1.0014184713363647
3707.5470184829637,1.0016790653230812,1.0014184713363647
3707.5493332777482,0.9912964777006912,1.0014184713363647
3707.5516480725346,1.0137764303987842,1.0014184713363647
3707.553962867319,0.9962088597747731,1.0014184713363647
3707.556277662103,0.9883924267904306,1.0014184713363647
3707.558592456889,1.0001568952921531,1.0014184713363647
3707.5609072516754,1.003295634418256,1.0014184713363647
3707.56322204646,1.0060494687935952,1.0014065504074097
3707.5655368412463,0.9968386055580403,1.0014065504074097
3707.567851636031,0.9937848304603126,1.0013978481292725
3707.5701664308153,1.0035671281374567,1.001395583152771
3707.5724812256003,1.0090960874681485,1.001395583152771
3707.574796020386,1.0000954779295386,1.0013397932052612
3707.5771108151716,1.000617035562582,1.0013389587402344
3707.579425609957,0.9961485772260208,1.0013285875320435
3707.5817404047402,0.9922692664723431,1.0012861490249634
3707.584055199527,0.9969571866626742,1.001254916191101
3707.586369994311,1.009158948783609,1.0012516975402832
3707.5886847890524,1.0029781047623243,1.001194715499878
3707.5909995837737,0.9975899045439554,1.001194715499878
3707.593314378496,1.001161532012501,1.0011662244796753
3707.595629173217,0.991839158678362,1.0011452436447144
3707.59794396794,0.9863028078276406,1.0010628700256348
3707.6002587626613,0.9969151122049115,1.0010273456573486
3707.6025735573844,0.9925568980314918,1.0010207891464233
3707.6048883521044,0.9950307399133952,1.0010273456573486
3707.607203146827,1.0032127276317202,1.0010273456573486
3707.609517941548,0.997192863039153,1.0010628700256348
3707.611832736269,0.9933991852836622,1.0010628700256348
3707.6141475309923,1.0037570740623154,1.0010273456573486
3707.6164623257123,1.0136945128111572,1.0010628700256348
3707.6187771204354,1.0068988469573594,1.0011452436447144
3707.6210919151567,0.9940790394149233,1.0011452436447144
3707.62340670988,0.9902550442249406,1.0010628700256348
3707.6257215046007,1.0081939628871557,1.0010628700256348
3707.628036299323,0.9942444912401028,1.0011452436447144
3707.630351093998,1.006858807429428,1.0010628700256348
3707.6326658886555,0.9906932360758184,1.0010273456573486
3707.634980683313,1.0094593143021278,1.0010273456573486
3707.6372954779717,0.9876750369705424,1.0010273456573486
3707.639610272626,0.9955602309396819,1.0010207891464233
3707.641925067285,0.9896438913892972,1.0010091066360474
3707.6442398619424,1.0018885696282325,1.000980257987976
3707.646554656599,1.0026131308694812,1.0009794235229492
3707.648869451256,0.9956424734563526,1.0009689331054688
3707.6511842459136,1.0096012559198753,1.0009663105010986
3707.65349904057,1.0006249101550222,1.0009297132492065
3707.6558138352284,0.9887368489879064,1.0009297132492065
3707.658128629886,0.9939001042473935,1.0009256601333618
3707.6604434245437,0.9988216564150914,1.0008940696716309
3707.6627582192,1.0116238725382005,1.0008500814437866
3707.6650730138576,0.9874641168727791,1.0008405447006226
3707.6673878085144,0.9827254136363588,1.0008333921432495
3707.6697026031725,0.9957476530263059,1.0008333921432495
3707.672017397783,0.9933659289825538,1.0008333921432495
3707.6743321923755,0.9988170523132901,1.0008279085159302
3707.6766469869654,0.9997885747712171,1.0008100271224976
3707.678961781557,0.9987382010452438,1.0008279085159302
3707.6812765761492,0.9935054338666053,1.0008100271224976
3707.683591370742,1.006760392125613,1.000806212425232
3707.6859061653327,0.9979676065404427,1.000765323638916
3707.6882209599244,1.0015964930044732,1.0007202625274658
3707.6905357545156,0.9897436260920198,1.000706672668457
3707.692850549107,0.9953336313049346,1.000706672668457
3707.695165343699,1.00996886546201,1.000706672668457
3707.6974801382917,0.9865616753564461,1.000706672668457
3707.6997949328806,0.9996652584490674,1.000706672668457
3707.7021097274733,1.001411962270157,1.0006418228149414
3707.7044245220654,1.000912206905729,1.0006343126296997
3707.706739316657,0.9986261499233553,1.0006343126296997
3707.709054111248,1.0091999159864191,1.0006285905838013
3707.7113689058397,1.0071386294460511,1.000598430633545
3707.7136837003827,0.9971603127647128,1.000586748123169
3707.715998494909,0.9917121878399195,1.000586748123169
3707.718313289434,1.0022381780806282,1.000575304031372
3707.720628083959,1.0021327141262377,1.000586748123169
3707.722942878482,0.9931417224463789,1.000575304031372
3707.725257673008,1.0151340917197895,1.000575304031372
3707.7275724675324,0.9926825016867884,1.0005437135696411
3707.729887262058,0.9938172504841284,1.000575304031372
3707.732202056582,1.0020345665433241,1.000575304031372
3707.734516851107,0.9970672313620385,1.000575304031372
3707.736831645631,1.0071577255265562,1.0005437135696411
3707.739146440156,0.9975562205689952,1.000541090965271
3707.741461234681,1.0100495082476215,1.000541090965271
3707.7437760292073,0.9899488117271925,1.0005161762237549
3707.746090823731,0.9996561353859088,1.0005042552947998
3707.748405618255,0.9899408469445968,1.000500202178955
3707.7507204127805,1.0123120658101956,1.000463843345642
3707.753035207305,1.0027473434224556,1.0004605054855347
3707.755350001782,0.993333135519439,1.0003716945648193
3707.75766479624,1.018792665781504,1.000365972518921
3707.759979590694,0.995009971476869,1.00033700466156
3707.762294385152,0.9989314104202678,1.00033700466156
3707.7646091796096,1.0033116714490136,1.0002766847610474
3707.7669239740653,1.013672641500327,1.0002752542495728
3707.7692387685224,0.993770141657354,1.000270962715149
3707.7715535629773,0.9941166915369908,1.0002681016921997
3707.7738683574357,0.9931542749447404,1.0002681016921997
3707.776183151892,0.992496296862168,1.0002681016921997
3707.77849794635,0.9996248264762864,1.0002593994140625
3707.780812740807,1.005769272711476,1.0002444982528687
3707.783127535263,1.0044102156049786,1.000173807144165
3707.7854423297194,1.00283170677258,1.0001651048660278
3707.7877571241775,1.009359483375016,1.0001651048660278
3707.790071918633,1.0019077489099215,1.0001651048660278
3707.792386713091,1.0030526992287918,1.0001602172851562
3707.7947015075465,0.9955212420936012,1.000038743019104
3707.7970163019554,1.000126356951474,1.000038743019104
3707.799331096343,0.9880555979728848,1.0000308752059937
3707.801645890732,0.9981655448822827,1.0000308752059937
3707.803960685119,0.9994663650861505,1.0000102519989014
3707.806275479506,1.0012588591017182,0.999992847442627
3707.8085902738944,1.0162701664855494,0.9999520182609558
3707.8109050682833,0.9904028381775271,0.9998841285705566
3707.8132198626704,0.9952733834521923,0.9998553991317749
3707.815534657059,1.005825472374387,0.9998546242713928
3707.8178494514455,0.9995731090791847,0.9998546242713928
3707.820164245834,0.9976931726470939,0.9998413324356079
3707.822479040222,0.976546642623864,0.9998397827148438
3707.8247938346103,0.9988421699792477,0.9998371005058289
3707.827108628998,1.0010887369822365,0.9998371005058289
3707.8294234233863,0.9992987101345955,0.999771237373352
3707.8317382177725,1.0107265215152248,0.999771237373352
3707.8340530121613,0.9941543621604261,0.999760091304779
3707.8363678065484,0.9990676788930621,0.999760091304779
3707.838682600888,0.9954064112786345,0.999771237373352
3707.840997395206,1.014828961287092,0.999760091304779
3707.843312189523,0.9951618316084169,0.9997536540031433
3707.8456269838402,1.0145459841819182,0.9997536540031433
3707.8479417781596,0.9894170960646581,0.9997428059577942
3707.850256572476,1.0151832411101693,0.9997428059577942
3707.8525713667955,1.0016813903341013,0.9997146725654602
3707.8548861611116,1.0046129871827152,0.9997146725654602
3707.8572009554305,0.9996769650887979,0.9996998906135559
3707.859515749748,0.989130568285304,0.9996994733810425
3707.861830544067,0.9933127305493679,0.999699056148529
3707.864145338384,1.0036726917875312,0.999699056148529
3707.866460132701,1.0051813817498956,0.999699056148529
3707.8687749270193,1.008060940658913,0.9996883869171143
3707.871089721337,0.9985224768822873,0.9996883869171143
3707.8734045156552,0.992449557186965,0.9996809959411621
3707.875719309973,1.0095965959541537,0.9996635913848877
3707.8780341042893,1.0124596257789464,0.9996611475944519
3707.8803488985577,1.0103297069301544,0.9996611475944519
3707.882663692805,1.0006272045548443,0.9996439814567566
3707.884978487052,0.9890929968637387,0.9996439814567566
3707.8872932812988,1.0055900911845947,0.999625027179718
3707.8896080755453,0.9933581409759173,0.9996239542961121
3707.8919228697914,0.9995667352619477,0.9995905756950378
3707.894237664039,1.014377221890519,0.9995905756950378
3707.8965524582854,0.9965175741158917,0.999565064907074
3707.8988672525334,0.9974234222598213,0.999565064907074
3707.901182046778,1.002054634198123,0.9994766116142273
3707.903496841026,1.0076692092341573,0.9994716644287109
3707.9058116352726,1.003182218127694,0.99946129322052
3707.9081264295182,1.0116610164801447,0.99946129322052
3707.910441223766,1.0119386742363115,0.9994522333145142
3707.9127560180136,0.9905247045776289,0.9994522333145142
3707.9150708122597,1.00950117178256,0.9994277954101562
3707.9173856065054,1.014890488904326,0.9994277954101562
3707.9197004007538,1.0096049615734741,0.9994258880615234
3707.9220151949485,1.008684495035182,0.9994258880615234
3707.9243299891245,0.9945460836814654,0.9994258880615234
3707.9266447832974,0.9933544621058282,0.999411404132843
3707.9289595774735,0.9935113622876895,0.999409556388855
3707.9312743716473,0.9915844089047123,0.999403715133667
3707.9335891658234,0.9988186151375791,0.9993769526481628
3707.935903959997,0.9982080165670789,0.9993183612823486
3707.938218754171,1.0026756125346574,0.999279797077179
3707.940533548346,0.9962753650686815,0.999279797077179
3707.942848342522,0.9879053748037668,0.999279797077179
3707.9451631366965,0.99810622599454,0.9992680549621582
3707.947477930871,1.0048108333192662,0.9992641806602478
3707.9497927250454,1.014593193111954,0.9992641806602478
3707.95210751922,1.001016415710208,0.9992595911026001
3707.954422313394,1.004236633250601,0.9992415308952332
3707.95673710757,1.004896570754165,0.9992595911026001
3707.959051901745,0.9904722360441769,0.9992595911026001
3707.961366695919,1.0056374512056465,0.9992415308952332
3707.9636814900414,0.993147241989035,0.9992415308952332
3707.9659962841442,1.004469267811352,0.9992415308952332
3707.968311078245,1.005724222744086,0.9992032051086426
3707.9706258723477,0.9946812581425825,0.9992415308952332
3707.9729406664483,1.0013005464943732,0.9992415308952332
3707.975255460551,1.0046951022849426,0.9992415308952332
3707.9775702546517,1.0058517590949285,0.9992032051086426
3707.9798850487546,1.0070637719931606,0.9992032051086426
3707.982199842856,1.0067359174264177,0.9991952776908875
3707.9845146369566,0.995671961734019,0.9991952776908875
3707.9868294310586,1.0085485758736665,0.9991681575775146
3707.9891442251615,0.9971486148638189,0.9991574883460999
3707.9914590192625,1.010068853094488,0.9991574883460999
3707.9937738133654,1.002598170214779,0.999149739742279
3707.9960886074664,0.997926718810299,0.9991407990455627
3707.998403401567,1.0081913923505723,0.9991358518600464
3708.0007181956685,1.000554361855943,0.9990701079368591
3708.0030329897722,1.0025548254150927,0.9990701079368591
3708.005347783821,0.9971778848359606,0.9990445971488953
3708.0076625778484,1.0067936841587777,0.9990427494049072
3708.0099773718757,1.0066169967806673,0.9990290999412537
3708.0122921659035,1.0085954825136132,0.9990203976631165
3708.0146069599305,0.9880044308882504,0.9990049600601196
3708.016921753959,1.0100283272800215,0.9990049600601196
3708.0192365479875,1.0149161225408134,0.9990049600601196
3708.021551342014,0.9997983907657123,0.9989824891090393
3708.0238661360413,1.0173334853610387,0.9989799857139587
3708.0261809300705,0.9992205298499657,0.9989799857139587
3708.028495724097,0.9973734051634409,0.9989799857139587
3708.030810518126,1.0010519625088223,0.9989799857139587
3708.033125312152,1.0023820153011755,0.9989594221115112
3708.035440106179,1.0137677405604544,0.9989594221115112
3708.037754900208,1.0007959977051588,0.9988299608230591
3708.040069694236,1.0069966659213312,0.9988279938697815
3708.042384488264,1.0065784130205946,0.9987817406654358
3708.04469928229,1.0089551886085895,0.9987810850143433
3708.0470140762654,1.0088089790118213,0.9987810850143433
3708.0493288702173,0.9980115101923307,0.9987313747406006
3708.0516436641715,0.9858293649829728,0.9986926913261414
3708.053958458124,0.9940148233420338,0.9986794590950012
3708.056273252077,1.0062257533476697,0.9986231923103333
3708.0585880460285,1.0139172359844448,0.9986231923103333
3708.0609028399817,1.0038302824314764,0.9986231923103333
3708.063217633935,1.0167385126891497,0.9986231923103333
3708.065532427889,1.0143418480365154,0.9986231923103333
3708.0678472218397,0.9974510742643137,0.9986231923103333
3708.070162015793,1.0120200649564826,0.9986153841018677
3708.0724768097457,1.0124573906692296,0.9985438585281372
3708.074791603699,1.0012365795955294,0.9985364675521851
3708.077106397652,0.9969117743794986,0.9985364675521851
3708.079421191604,1.000624688998597,0.9985170364379883
3708.081735985556,1.0024452820168948,0.9984881281852722
3708.08405077951,1.0013685651812447,0.9984881281852722
3708.0863655734634,0.9856932308198961,0.9983428716659546
3708.088680367362,1.0023116236854797,0.9983340501785278
3708.0909951612384,0.9953802154673524,0.9983340501785278
3708.0933099551157,1.0057553146729268,0.9983102679252625
3708.0956247489917,0.9900411771136519,0.9983102679252625
3708.09793954287,1.0069803016985852,0.9983004927635193
3708.1002543367463,1.00746922017926,0.9982625842094421
3708.1025691306245,0.9999088850074459,0.9982625842094421
3708.1048839244995,1.0049581135595371,0.9982527494430542
3708.1071987183777,1.0049625918782878,0.9982407093048096
3708.109513512254,0.9935606083223368,0.9982407093048096
3708.111828306132,1.0118731527314198,0.9982407093048096
3708.1141431000083,1.0035063634079993,0.998231828212738
3708.1164578938847,1.0051774006256684,0.9982113242149353
3708.1187726877615,1.0078312162738539,0.9982113242149353
3708.121087481639,1.0016470209032466,0.9982113242149353
3708.123402275516,1.0085224360097775,0.9982113242149353
3708.1257170693943,0.9997561384414727,0.9982113242149353
3708.1280318632694,1.0102400670298886,0.9982082843780518
3708.130346657092,1.0025028727265692,0.9982082843780518
3708.132661450893,1.0099490325402116,0.9982082843780518
3708.134976244693,1.0176416819667768,0.9982082843780518
3708.1372910384935,1.0032754218089328,0.9982082843780518
3708.139605832293,1.016824765261489,0.998201310634613
3708.1419206260925,0.9997638973912633,0.9981963634490967
3708.144235419894,1.0105004157173398,0.9981963634490967
3708.1465502136934,0.9990940442605835,0.9981963038444519
3708.148865007495,0.9813873566947385,0.9981799721717834
3708.1511798012934,0.9970725542571689,0.9981799721717834
3708.153494595095,1.0015222717862722,0.9981799721717834
3708.155809388894,1.0050888292432394,0.9981799721717834
3708.1581241826943,1.005663318771321,0.9981716275215149
3708.1604389764952,1.0065490584623733,0.9981527328491211
3708.1627537702934,1.0009799038499951,0.9981716275215149
3708.165068564095,1.0003645498472205,0.9981799721717834
3708.1673833578943,0.9912439231480697,0.9981716275215149
3708.169698151696,1.0074111035419089,0.9981527328491211
3708.17201294544,1.013603603135551,0.9981177449226379
3708.174327739164,1.0000841431539602,0.9980959892272949
3708.1766425328847,1.0036387359295342,0.9980694055557251
3708.1789573266083,1.0127175451286996,0.9980268478393555
3708.1812721203305,1.0151281708092843,0.9979843497276306
3708.1835869140546,1.0112995406446552,0.9979752898216248
3708.185901707776,1.0098737717958768,0.9979752898216248
3708.188216501498,0.9958422929820201,0.9979678988456726
3708.190531295221,1.0039130378172325,0.9979606866836548
3708.1928460889435,1.0044189567066952,0.9979525804519653
3708.195160882666,1.0151381714344623,0.9979392886161804
3708.1974756763902,1.0086391977772582,0.9978702664375305
3708.19979047011,1.0098938057167568,0.9978702664375305
3708.202105263834,1.010930820016686,0.9978421330451965
3708.204420057557,1.0043373145616417,0.9977453947067261
3708.2067348512796,0.9983918480472646,0.9976904392242432
3708.2090496450023,1.0029107762047973,0.9976713061332703
3708.211364438724,1.0151248360282181,0.99764084815979
3708.21367923239,1.0081272872913518,0.9976219534873962
3708.2159940260353,0.997549966036974,0.9976219534873962
3708.218308819679,1.0165932787682423,0.9976219534873962
3708.2206236133247,0.9971198437181374,0.9975993037223816
3708.222938406967,0.9985257069212907,0.997593104839325
3708.2252532006123,0.9962843505482357,0.9975897073745728
3708.227567994256,0.9935417079679255,0.9975897073745728
3708.2298827879013,0.9952422225443414,0.9975663423538208
3708.2321975815444,1.0027312612236552,0.9975348711013794
3708.234512375189,0.997999848945992,0.9975275993347168
3708.236827168832,0.9959822031437289,0.9975159168243408
3708.2391419624764,1.0068002878035391,0.997485339641571
3708.241456756121,0.9974340900556709,0.9974720478057861
3708.2437715497663,0.9981022187892651,0.9973779320716858
3708.2460863434076,1.0101218384381971,0.9973779320716858
3708.248401137053,1.0043150677768333,0.9973779320716858
3708.2507159306974,1.013735965422087,0.9973779320716858
3708.2530307243414,0.9997781056292504,0.9973756670951843
3708.2553455179295,1.0162630705077282,0.9973756670951843
3708.2576603114944,1.0206150209162188,0.9973756670951843
3708.2599751050575,1.0133247353289827,0.997338593006134
3708.2622898986237,1.0166183723515898,0.9972919821739197
3708.2646046921886,0.9992450296540423,0.9972919821739197
3708.266919485754,0.9974783321060284,0.9972919821739197
3708.2692342793175,1.013680490596848,0.9972919821739197
3708.271549072883,1.0049819555991133,0.9972919821739197
3708.2738638664473,1.0054933177175438,0.9972919821739197
3708.276178660011,0.9999246340868371,0.9972871541976929
3708.278493453577,1.0017945991203268,0.9972307682037354
3708.280808247142,1.004066642296379,0.9972307682037354
3708.283123040706,1.0065068197165532,0.9972306489944458
3708.2854378342713,1.0,0.9972307682037354
3708.287752627836,1.0122032754770047,0.9972306489944458
3708.2900674214,1.009343866070237,0.9972119927406311
3708.292382214966,1.0055170539020626,0.9972039461135864
3708.2946970085295,1.0022906353766583,0.9971771240234375
3708.2970118020385,1.0034612372037153,0.9971771240234375
3708.2993265955224,1.0134535527382902,0.9971771240234375
3708.301641389008,1.0065401638842557,0.9971771240234375
3708.3039561824926,1.0016305738819122,0.9972039461135864
3708.306270975976,1.0076365271763248,0.9971771240234375
3708.308585769461,0.9966623596997971,0.997154951095581
3708.310900562947,1.009067942561767,0.997154951095581
3708.3132153564306,1.0031917321489008,0.9971543550491333
3708.3155301499155,1.004952576512567,0.9971543550491333
3708.3178449434,0.9957274209577659,0.9971543550491333
3708.3201597368843,1.002864047010683,0.9971543550491333
3708.3224745303696,1.016160862747944,0.9971405863761902
3708.3247893238554,1.0019655611919311,0.9970692992210388
3708.3271041173393,1.0121357995684745,0.9969896078109741
3708.3294189108233,1.0179558336401322,0.9969762563705444
3708.331733704308,1.0214122679443847,0.9969762563705444
3708.334048497793,1.001002063434005,0.9969762563705444
3708.336363291277,1.014808439136227,0.9969233274459839
3708.3386780847054,0.9988884702358625,0.9969233274459839
3708.3409928781093,1.0036668498606671,0.9968053698539734
3708.3433076715123,1.0003928199521201,0.9967490434646606
3708.3456224649153,1.0048385802414135,0.9967490434646606
3708.34793725832,1.0041085086403663,0.9967454075813293
3708.350252051723,1.0113635969498538,0.9967294931411743
3708.352566845128,1.0117731088688153,0.9967294931411743
3708.35488163853,0.9956033784911484,0.9967454075813293
3708.3571964319353,1.0117654544404235,0.9967294931411743
3708.359511225338,1.0110955419109267,0.9966946244239807
3708.361826018743,1.0015423016750449,0.9966946244239807
3708.364140812146,0.9961722888062368,0.9966779351234436
3708.3664556055487,0.998536611037553,0.9966766834259033
3708.368770398953,0.9985037210519809,0.9966779351234436
3708.371085192358,0.9985172347390718,0.9966766834259033
3708.373399985761,1.0187282981724204,0.996611475944519
3708.375714779165,1.0009815574611225,0.996611475944519
3708.378029572568,1.0033971890685653,0.9966071844100952
3708.3803443659135,0.9926054280928182,0.996579647064209
3708.382659159235,1.0084944816312351,0.9965775012969971
3708.384973952557,1.0130235758349726,0.996579647064209
3708.3872887458806,1.0136679897290612,0.9965775012969971
3708.389603539201,1.002436814505742,0.9965764880180359
3708.391918332523,1.0018012278255037,0.9965390563011169
3708.394233125845,1.0067172669234221,0.9965390563011169
3708.3965479191675,1.015716455899718,0.9965170621871948
3708.3988627124895,1.004263109597338,0.9965170621871948
3708.4011775058107,0.9843466168894942,0.9964846968650818
3708.4034922991323,1.0103269847978606,0.9964846968650818
3708.4058070924552,0.9993474819521153,0.9963976740837097
3708.4081218857777,1.0063500869395952,0.9963976740837097
3708.4104366790993,1.011903676590405,0.996392011642456
3708.41275147242,1.0041271343048657,0.996392011642456
3708.4150662657435,0.9951303739425833,0.996392011642456
3708.417381059064,0.9980706101760373,0.996392011642456
3708.4196958523876,0.9938491487596602,0.9963839054107666
3708.4220106456505,0.9981859384385611,0.9963560700416565
3708.424325438891,0.9977787676509603,0.9963480234146118
3708.4266402321286,1.0016342347228397,0.9963560700416565
3708.4289550253698,1.0028295315516098,0.9963839054107666
3708.431269818608,1.0117998351407844,0.9963560700416565
3708.433584611849,0.995867478873167,0.9963480234146118
3708.4358994050876,1.000176299897672,0.9963414072990417
3708.438214198326,0.9970800972977844,0.9963085055351257
3708.440528991566,1.000927860505874,0.9962795376777649
3708.442843784806,1.0106146069258275,0.9962795376777649
3708.4451585780457,1.0145468114270249,0.9962795376777649
3708.4474733712864,1.0160892770639094,0.9962795376777649
3708.4497881645243,0.9865421447314128,0.9962736964225769
3708.452102957764,1.0177425920567924,0.996253252029419
3708.4544177510033,1.0031681747116072,0.996253252029419
3708.456732544243,1.0076850104185886,0.996253252029419
3708.459047337483,1.0034763312060602,0.9962251782417297
3708.4613621307217,0.9975866173543734,0.9962251782417297
3708.4636769239014,1.0073791655508595,0.996253252029419
3708.465991717059,0.9934445522390516,0.9962251782417297
3708.468306510214,1.016126890905376,0.9962251782417297
3708.4706213033714,1.0069845520655432,0.9962251782417297
3708.472936096526,1.0005541942507388,0.996253252029419
3708.4752508896836,1.001344891780455,0.996253252029419
3708.477565682839,1.0109592114580184,0.9962251782417297
3708.4798804759967,1.0111858983621336,0.9962101578712463
3708.4821952691523,1.0054104105784065,0.9962033629417419
3708.4845100623074,0.9970278441710558,0.9961796402931213
3708.486824855464,1.0208317165896184,0.9961796402931213
3708.4891396486196,0.9967523719836648,0.9961796402931213
3708.4914544417766,0.9941611144920209,0.9961796402931213
3708.4937692349326,1.0107366541533445,0.9961796402931213
3708.496084028089,1.0050057077909027,0.9961796402931213
3708.4983988212443,1.0023224911522224,0.9962033629417419
3708.500713614402,1.0051560057460072,0.9962033629417419
3708.5030284075574,1.0010013090912224,0.9961796402931213
3708.5053432006553,0.9919709674394878,0.9961782097816467
3708.5076579937254,1.0083509253142622,0.9961223602294922
3708.509972786799,1.0084157882643536,0.9961223602294922
3708.5122875798706,0.9938952235976678,0.9961223602294922
3708.514602372943,1.0045295162324919,0.9961223602294922
3708.5169171660154,0.9929607543249945,0.9961223602294922
3708.5192319590888,0.995954203406382,0.9961223602294922
3708.5215467521584,0.9994846865994581,0.9961223602294922
3708.5238615452317,1.0094259509243568,0.9961223602294922
3708.5261763383046,1.0050921006021962,0.9961223602294922
3708.528491131377,1.000131401326938,0.9961223602294922
3708.530805924449,0.98542134033049,0.9960860013961792
3708.533120717521,1.0152383231956341,0.9960860013961792
3708.535435510592,0.9921974323147763,0.9960860013961792
3708.5377503036657,1.0008040851691224,0.9961223602294922
3708.540065096738,1.0025393216069125,0.9960860013961792
3708.5423798898105,0.997642349153729,0.9960860013961792
3708.544694682881,0.9973752285096236,0.9960860013961792
3708.5470094758944,1.0112981206498741,0.9961223602294922
3708.5493242688813,1.0028687494614699,0.9961223602294922
3708.55163906187,1.0128956400608897,0.9961223602294922
3708.5539538548564,0.9975912748561526,0.9961223602294922
3708.5562686478443,1.0014496031632056,0.9961223602294922
3708.5585834408307,1.0042601315449349,0.9961223602294922
3708.5608982338185,0.9909383945582139,0.9961223602294922
3708.5632130268064,0.9890508468085514,0.9961223602294922
3708.565527819795,1.0106663650898506,0.9961223602294922
3708.5678426127797,0.9970965452700309,0.9961223602294922
3708.57015740577,0.9969818383739744,0.9961223602294922
3708.5724721987567,0.990509425472231,0.9961223602294922
3708.574786991744,1.0035906190462514,0.9961223602294922
3708.577101784732,0.9927336143263349,0.9961223602294922
3708.579416577719,1.000056066959627,0.9961223602294922
3708.5817313707053,0.9987343945965094,0.9961223602294922
3708.584046163694,1.0029336124115613,0.9961223602294922
3708.586360956682,1.0004910197125925,0.9961223602294922
3708.588675749608,0.9956901441824396,0.9961223602294922
3708.590990542509,1.000270701094293,0.9961223602294922
3708.5933053354115,0.9938258130606696,0.9961223602294922
3708.5956201283134,0.9927912370393773,0.9961223602294922
3708.597934921215,0.9943164737532432,0.9961223602294922
3708.6002497141194,1.0015549755387694,0.9961223602294922
3708.602564507021,0.9919899043570669,0.9961223602294922
3708.604879299922,1.0068077747649045,0.9961782097816467
3708.607194092823,0.9970301178337666,0.9961796402931213
3708.6095088857264,1.0088513218106734,0.9961782097816467
3708.6118236786274,1.0052244593158515,0.9961223602294922
3708.614138471531,0.9954934145359176,0.9961782097816467
3708.616453264431,1.0087540328402331,0.9961782097816467
3708.6187680573344,1.0086220405470034,0.9961782097816467
3708.621082850236,0.9827710567347273,0.9961782097816467
3708.623397643139,0.9933828038461517,0.9961796402931213
3708.6257124360404,0.996789425374752,0.9962033629417419
3708.628027228942,1.0120724426735028,0.9962033629417419
3708.630342021783,0.9998048898165947,0.9962101578712463
3708.6326568146,0.9903746241167315,0.9962101578712463
3708.634971607415,0.9973757949573262,0.9962101578712463
3708.6372864002315,1.0018663207454657,0.9962101578712463
3708.639601193046,0.9968189322829492,0.9962251782417297
3708.6419159858624,1.0040345497171963,0.9962251782417297
3708.644230778679,0.9986770653921695,0.996253252029419
3708.646545571496,0.9937517219964119,0.9962251782417297
3708.6488603643106,0.9943498474471973,0.9962251782417297
3708.651175157126,0.9925179043957708,0.9962101578712463
3708.6534899499425,0.9976067441471282,0.9962101578712463
3708.655804742758,0.9976597986336689,0.9962033629417419
3708.6581195355734,0.9885360651391591,0.9962101578712463
3708.6604343283907,0.9918209321172187,0.9962251782417297
3708.662749121205,0.9882519234756013,0.9962251782417297
3708.6650639140216,0.9904107871987872,0.9962251782417297
3708.667378706837,0.9927314579155787,0.996253252029419
3708.6696934996544,0.9911179973985772,0.9962736964225769
3708.6720082924076,0.984547792335357,0.9962736964225769
3708.674323085137,0.9912914375544544,0.9962736964225769
3708.6766378778657,0.9946703198185023,0.9962736964225769
3708.678952670595,1.0066115619411242,0.996253252029419
3708.681267463324,0.9919007947419571,0.996253252029419
3708.6835822560543,0.9842308856414346,0.9962736964225769
3708.6858970487824,0.9842599020179783,0.9962736964225769
3708.68821184151,1.0009050902110737,0.996253252029419
3708.69052663424,0.9955022496828475,0.996253252029419
3708.6928414269682,0.9927181160913409,0.996253252029419
3708.6951562196987,0.9898691280717008,0.996253252029419
3708.6974710124273,0.9959907585818617,0.9962251782417297
3708.699785805157,0.9918936261677043,0.9962251782417297
3708.7021005978845,0.9857750008451057,0.9962251782417297
3708.704415390615,1.0012649363089432,0.9962251782417297
3708.7067301833436,0.9931111767252198,0.9962251782417297
3708.7090449760735,0.9804962161699688,0.9962251782417297
3708.7113597688012,0.9971442474535608,0.9962101578712463
3708.7136745614685,0.9925498543614066,0.9962101578712463
3708.7159893541098,0.9815049721126952,0.9962033629417419
3708.718304146752,0.993830066748504,0.9962101578712463
3708.7206189393937,1.0117677791253894,0.9962033629417419
3708.722933732034,0.995845758155419,0.9962033629417419
3708.7252485246763,0.979662650244863,0.9962101578712463
3708.727563317318,1.0043132149489284,0.9962033629417419
3708.7298781099585,1.0057045048195088,0.9962101578712463
3708.7321929026016,1.0035309564472892,0.9962251782417297
3708.7345076952415,1.0012956293524815,0.9962251782417297
3708.7368224878846,0.9934509541019338,0.9962251782417297
3708.739137280525,1.000355811949167,0.9962251782417297
3708.7414520731677,1.0045453313471704,0.9962101578712463
3708.743766865809,0.9984328255467924,0.9962033629417419
3708.7460816584503,0.9833740515901002,0.9962101578712463
3708.748396451091,0.980044913035963,0.9962101578712463
3708.7507112437343,0.9903946927958401,0.9962251782417297
3708.7530260363746,0.9912332171724287,0.9962251782417297
3708.755340828955,0.9974835294128206,0.9962251782417297
3708.7576556215067,0.9901817560668869,0.9962251782417297
3708.7599704140603,0.9977565359579774,0.9962251782417297
3708.762285206614,1.0040668581840786,0.9962251782417297
3708.7645999991687,0.993908505709082,0.9962101578712463
3708.7669147917213,0.9842717618605124,0.9962101578712463
3708.769229584276,0.9954138636405382,0.9962101578712463
3708.7715443768275,1.003378149365034,0.9962251782417297
3708.7738591693815,0.9908166967366256,0.996253252029419
3708.7761739619345,1.0041634611547596,0.9962736964225769
3708.7784887544876,0.9920932467883508,0.9962736964225769
3708.780803547042,0.9769426354207126,0.996253252029419
3708.783118339593,0.981381813334597,0.996253252029419
3708.7854331321473,0.9804878512818561,0.996253252029419
3708.7877479247013,0.9936368472706936,0.996253252029419
3708.7900627172544,0.9902597503607079,0.996253252029419
3708.7923775098084,0.981777640729921,0.996253252029419
3708.794692302361,0.9897185389613575,0.996253252029419
3708.7970070948504,1.0038491270467989,0.9962736964225769
3708.799321887316,0.9917883764112718,0.996253252029419
3708.8016366797815,0.9914449551260242,0.9962736964225769
3708.8039514722464,0.9909106948321355,0.9962736964225769
3708.806266264709,0.9871534386368221,0.996253252029419
3708.8085810571747,0.9955515429237427,0.9962251782417297
3708.810895849638,0.9852912290224394,0.9962101578712463
3708.8132106421044,1.0032392827879335,0.9962251782417297
3708.8155254345684,0.9898717007104552,0.996253252029419
3708.8178402270332,0.9937016418700187,0.996253252029419
3708.8201550194967,0.999978102039113,0.9962251782417297
3708.8224698119625,0.9977583907032985,0.9962251782417297
3708.824784604427,1.0029813535273218,0.9962251782417297
3708.8270993968927,0.9801804311486317,0.9962101578712463
3708.8294141893552,0.9924557395749924,0.9962101578712463
3708.831728981821,0.9916483148816299,0.9962101578712463
3708.834043774285,0.9926737750440228,0.9962033629417419
3708.83635856675,0.9935776380874224,0.9962101578712463
3708.838673359151,1.0069054877072865,0.9962033629417419
3708.8409881515254,0.9885969136692184,0.9962101578712463
3708.8433029438997,0.990393291512384,0.9962101578712463
3708.8456177362764,0.9966416637244577,0.9962101578712463
3708.8479325286517,0.997634565746418,0.9962101578712463
3708.850247321027,0.9967878802564455,0.9962251782417297
3708.8525621134013,0.985572474622148,0.9962251782417297
3708.854876905777,0.9752598372837312,0.9962101578712463
3708.857191698151,0.9979064396113041,0.9962101578712463
3708.8595064905276,0.9888505987896228,0.9962101578712463
3708.861821282903,0.9906227068093385,0.9962251782417297
3708.8641360752786,0.9846649790156438,0.996253252029419
3708.8664508676516,1.0004544724341469,0.9962251782417297
3708.8687656600273,0.9880433543727266,0.9962251782417297
3708.8710804524026,1.0001166694637422,0.9962251782417297
3708.873395244777,0.9862993552965095,0.9962251782417297
3708.875710037153,0.992221656640555,0.996253252029419
3708.8780248295266,1.0018715049505946,0.996253252029419
3708.880339621839,0.9889503370635399,0.996253252029419
3708.8826544141234,0.9911671643068024,0.9962251782417297
3708.8849692064096,0.9916206196225473,0.9962251782417297
3708.887283998694,0.995671921878127,0.9962251782417297
3708.889598790979,0.9955855266444635,0.9962251782417297
3708.891913583264,0.994567663869311,0.996253252029419
3708.89422837555,0.9930286874349212,0.996253252029419
3708.8965431678344,0.9926783030994888,0.9962251782417297
3708.8988579601205,0.991607875727277,0.9962251782417297
3708.901172752404,0.9973489706313045,0.9962251782417297
3708.903487544689,0.9901027502518454,0.9962101578712463
3708.9058023369744,0.9858242669322702,0.9962101578712463
3708.908117129261,0.9969494962585334,0.9962101578712463
3708.910431921545,0.9894934871431005,0.9962101578712463
3708.9127467138296,0.9880814447274688,0.9962033629417419
3708.915061506115,0.9865490644673124,0.9962101578712463
3708.9173762984,0.9948744836026973,0.9962101578712463
3708.9196910906853,0.9937582690729179,0.9962101578712463
3708.9220058829073,0.9896982301813136,0.9962101578712463
3708.924320675099,0.9954637031936743,0.9962101578712463
3708.9266354672945,0.9916956470623077,0.9962251782417297
3708.9289502594884,0.9803115956127775,0.996253252029419
3708.931265051684,0.9984053556692825,0.9962736964225769
3708.9335798438774,0.9955627340254267,0.9962795376777649
3708.935894636072,0.9947115122008362,0.9962795376777649
3708.9382094282655,0.9767422242699089,0.9962795376777649
3708.940524220461,0.9980209036369725,0.9962736964225769
3708.942839012655,0.9924513591161173,0.9962795376777649
3708.9451538048506,0.9906231321360218,0.9963085055351257
3708.947468597044,0.9876087649847148,0.9963085055351257
3708.9497833892387,0.9950095370805269,0.9963085055351257
3708.9520981814326,0.9983843528105387,0.9963085055351257
3708.954412973626,0.9772082231572149,0.9963085055351257
3708.9567277658216,1.0044241548288473,0.9963085055351257
3708.9590425580154,0.9907113747341281,0.9963085055351257
3708.9613573502097,0.9932093174792742,0.9963244795799255
3708.9636721423385,0.9892506684344416,0.9963244795799255
3708.965986934443,0.9912159338734798,0.9963414072990417
3708.968301726545,1.0028047058373093,0.9963414072990417
3708.9706165186494,1.005784275807939,0.9963414072990417
3708.972931310751,0.9900894032560287,0.9963480234146118
3708.9752461028543,0.9924901049572665,0.9963480234146118
3708.9775608949576,0.9928970816249346,0.9963480234146118
3708.979875687061,0.9933009628295565,0.9963414072990417
3708.9821904791647,0.9891603979101253,0.9963414072990417
3708.9845052712667,0.9978838628163056,0.9963414072990417
3708.98682006337,0.9799099015993471,0.9963480234146118
3708.9891348554734,0.9926882391220934,0.9963480234146118
3708.9914496475767,0.9844337916285522,0.9963560700416565
3708.99376443968,0.9979021398616099,0.9963560700416565
3708.996079231781,0.9952674314033295,0.9963560700416565
3708.9983940238853,0.9840956142770545,0.9963560700416565
3709.000708815988,1.0026360245562342,0.9963560700416565
3709.0030236080925,0.9881933450789093,0.9963560700416565
3709.0053384001294,0.9908282928277268,0.9963560700416565
3709.007653192141,0.9901681813241149,0.9963834881782532
3709.0099679841514,0.9891415933475711,0.9963834881782532
3709.012282776164,0.9817137760938105,0.9963560700416565
3709.0145975681744,0.987315764240923,0.9963480234146118
3709.016912360187,0.9955880209003534,0.9963560700416565
3709.019227152196,1.0116196493663796,0.9963560700416565
3709.0215419442084,0.995911481883822,0.9963560700416565
3709.023856736219,0.9841161932632415,0.9963560700416565
3709.0261715282318,0.9972365532327823,0.9963560700416565
3709.028486320242,0.9878246196775223,0.9963480234146118
3709.0308011122543,1.0061107925508956,0.9963414072990417
3709.033115904264,0.9892568932392549,0.9963414072990417
3709.035430696274,0.9945270457622967,0.9963414072990417
3709.037745488287,0.9970149262660226,0.9963414072990417
3709.0400602802974,1.0003895109038825,0.9963414072990417
3709.04237507231,0.989665431908287,0.9963244795799255
3709.044689864319,0.9818781325246173,0.9963244795799255
3709.047004656266,1.0193176402022284,0.9963244795799255
3709.049319448184,0.9949814995628921,0.9963244795799255
3709.051634240103,0.9897332884150493,0.9962795376777649
3709.053949032022,0.9914216408421116,0.9963244795799255
3709.0562638239403,0.995936188649864,0.9963414072990417
3709.058578615858,1.007619671047637,0.9963244795799255
3709.0608934077777,0.9938535080297383,0.9963244795799255
3709.063208199697,1.00349835910285,0.9963244795799255
3709.065522991616,0.9896941614068062,0.9962795376777649
3709.067837783534,0.9950717319510372,0.9962795376777649
3709.070152575453,0.9874367886526744,0.9963244795799255
3709.072467367371,0.9880164883586547,0.9963244795799255
3709.074782159291,0.9872034729815368,0.9963244795799255
3709.07709695121,0.9938219805018692,0.9963244795799255
3709.0794117431283,0.9957810662763781,0.9963414072990417
3709.0817265350456,1.0013709987783233,0.9963244795799255
3709.0840413269657,0.9897078475008093,0.9963244795799255
3709.086356118884,0.9968481818833935,0.9962795376777649
3709.088670910738,0.9767526658259724,0.9963244795799255
3709.0909857025617,0.9905035041705861,0.9962795376777649
3709.0933004943886,1.0010573387619708,0.9963244795799255
3709.0956152862136,0.9885055539000779,0.9963244795799255
3709.0979300780396,0.9880436125386497,0.9963414072990417
3709.1002448698655,0.9840112085337047,0.9963414072990417
3709.1025596616905,0.9976055638261565,0.9963414072990417
3709.1048744535165,0.985821049322394,0.9963414072990417
3709.1071892453433,0.9905640370343449,0.9963414072990417
3709.109504037169,0.9830875932910321,0.9963414072990417
3709.1118188289943,1.0053383757042527,0.9963480234146118
3709.11413362082,0.9831585959897214,0.9963480234146118
3709.116448412644,0.994272556530978,0.9963414072990417
3709.1187632044703,0.9954028021932497,0.9963414072990417
3709.121077996296,0.9924603228017027,0.9963414072990417
3709.123392788123,0.9885848812282646,0.9963244795799255
3709.125707579948,0.9897329738038548,0.9963244795799255
3709.128022371773,0.9953116391422522,0.9962795376777649
3709.1303371635327,0.9928277322183452,0.9962795376777649
3709.132651955265,0.9974653595852825,0.9962795376777649
3709.1349667469963,0.9889238858240397,0.9962795376777649
3709.137281538731,1.0035476948957263,0.9962795376777649
3709.13959633046,0.9884758397005958,0.9962795376777649
3709.1419111221935,0.9879058656829635,0.9962795376777649
3709.144225913925,0.9969054963694743,0.9962795376777649
3709.146540705658,0.990288368339747,0.9962736964225769
3709.1488554973894,1.0016851634600181,0.9962736964225769
3709.1511702891216,0.9950738259040777,0.9962795376777649
3709.153485080853,1.0109398277466366,0.9962795376777649
3709.155799872586,0.987383215004047,0.9962795376777649
3709.158114664318,0.9942836876810409,0.9962795376777649
3709.160429456051,0.9870708570376296,0.9962795376777649
3709.1627442477816,1.0073496387820087,0.9962736964225769
3709.165059039514,1.004509297277143,0.996253252029419
3709.1673738312466,0.9933659424269772,0.996253252029419
3709.1696886229797,0.9878912566717474,0.9962736964225769
3709.172003414644,0.9962556140362213,0.996253252029419
3709.1743182062814,0.9939113418429044,0.996253252029419
3709.1766329979196,0.9964044082823174,0.996253252029419
3709.1789477895577,0.9821990150263642,0.996253252029419
3709.181262581196,0.9997997529788165,0.996253252029419
3709.1835773728353,0.9880723493025995,0.996253252029419
3709.1858921644703,0.9921285630149316,0.996253252029419
3709.1882069561098,0.9978992598437455,0.9962101578712463
3709.190521747748,0.9904008266905407,0.996253252029419
3709.192836539386,1.0016664240503546,0.9962101578712463
3709.195151331023,0.9914293918024885,0.9962101578712463
3709.197466122662,0.9818754546064282,0.9962101578712463
3709.1997809142986,1.0028142893887881,0.9962101578712463
3709.2020957059367,0.991376141859762,0.9962101578712463
3709.2044104975753,0.9956339833476061,0.9962101578712463
3709.206725289213,1.0010312011492015,0.9962033629417419
3709.2090400808515,0.9996458579651714,0.9962101578712463
3709.211354872488,0.9838894392380161,0.9962101578712463
3709.2136696640596,0.979514268381985,0.9962101578712463
3709.215984455602,0.9979671546129812,0.9962033629417419
3709.2182992471467,0.9860338807165624,0.9962033629417419
3709.2206140386893,0.9863393220781332,0.9962033629417419
3709.222928830233,0.9893829785540942,0.9962101578712463
3709.2252436217755,0.9867643718968293,0.996253252029419
3709.22755841332,0.9929056455039962,0.9962736964225769
3709.229873204862,0.9950696978252264,0.9962795376777649
3709.2321879964065,0.995518484553695,0.9963244795799255
3709.2345027879487,0.9834485575864308,0.9962795376777649
3709.2368175794927,0.9952263613685244,0.9963244795799255
3709.2391323710353,0.9981722409270266,0.9963244795799255
3709.24144716258,0.9830343612364318,0.9963244795799255
3709.2437619541224,0.9966444420527927,0.9963244795799255
3709.246076745665,1.0071195366549144,0.9963414072990417
3709.2483915372086,0.9923577152796219,0.9963244795799255
3709.250706328752,1.0051776279424751,0.9962795376777649
3709.253021120295,0.9931778609952833,0.9962736964225769
3709.2553359117715,0.9870446964076349,0.9962736964225769
3709.2576507032177,1.0060178768400196,0.9962736964225769
3709.2599654946666,0.9983378958782498,0.996253252029419
3709.262280286115,0.9896295735235028,0.996253252029419
3709.2645950775636,1.0029812096858532,0.996253252029419
3709.266909869012,0.984928883888796,0.996253252029419
3709.2692246604593,0.990658329881211,0.996253252029419
3709.2715394519064,0.9872601732307246,0.996253252029419
3709.2738542433535,0.9966687917859354,0.996253252029419
3709.276169034803,0.9894566682676855,0.996253252029419
3709.2784838262514,0.9878278887921258,0.996253252029419
3709.2807986176986,1.0038138472101468,0.996253252029419
3709.2831134091466,0.9960331705271803,0.996253252029419
3709.285428200595,1.0042825460939087,0.996253252029419
3709.2877429920422,1.0007257234439664,0.996253252029419
3709.2900577834916,0.9975346342988027,0.996253252029419
3709.2923725749397,0.9933908910400138,0.996253252029419
3709.2946873663873,0.9863223034752528,0.9962101578712463
3709.2970021577667,0.994690741384593,0.9962101578712463
3709.29931694912,0.9852308780694239,0.9962033629417419
3709.3016317404717,0.9911613466918606,0.9962033629417419
3709.303946531825,1.005444275379709,0.9962033629417419
3709.3062613231755,0.9876244494052988,0.9962033629417419
3709.3085761145294,0.9967451498394803,0.9962033629417419
3709.3108909058806,1.0001950516824134,0.9962033629417419
3709.313205697234,0.9997259703357504,0.9962033629417419
3709.3155204885857,0.9973118168591546,0.9962033629417419
3709.3178352799373,0.9978403710194125,0.9962033629417419
3709.320150071289,1.0005477601694772,0.9962033629417419
3709.3224648626433,0.9932143553969693,0.9962033629417419
3709.324779653995,0.9818632917215163,0.9961796402931213
3709.327094445347,1.0001002804921952,0.9961796402931213
3709.329409236699,0.9994615009368987,0.9961796402931213
3709.3317240280517,1.0040069715285374,0.9961796402931213
3709.334038819403,0.989939999836057,0.9961796402931213
3709.3363536107563,1.0000944168357304,0.9961796402931213
3709.3386684020406,0.9878515808028914,0.9961796402931213
3709.340983193296,0.9963698847621497,0.9962033629417419
3709.343297984551,0.9885230632759026,0.9962033629417419
3709.3456127758086,1.005664815410806,0.9962033629417419
3709.3479275670634,1.0002824061168687,0.9962033629417419
3709.350242358319,0.9981864980079899,0.9962033629417419
3709.352557149575,1.011767300470954,0.9962033629417419
3709.3548719408304,1.0056546440040544,0.9962033629417419
3709.3571867320875,0.9900572783906407,0.9962101578712463
3709.359501523344,0.9905432888229627,0.9962101578712463
3709.3618163146,1.0075334309422732,0.9962101578712463
3709.3641311058545,0.9930140263340711,0.9962101578712463
3709.3664458971116,0.9970060369280574,0.9962101578712463
3709.368760688367,1.008976116100435,0.996253252029419
3709.371075479624,0.9957467101933213,0.996253252029419
3709.3733902708796,0.9960709433056497,0.9962736964225769
3709.3757050621366,0.9882364597236053,0.996253252029419
3709.378019853391,0.9963816135063774,0.996253252029419
3709.3803346445784,0.9908330522753491,0.9962101578712463
3709.382649435738,0.9999567437716416,0.996253252029419
3709.384964226899,1.000333306290712,0.996253252029419
3709.3872790180567,0.9990228160749957,0.996253252029419
3709.3895938092155,0.992076093150104,0.996253252029419
3709.391908600375,0.9710609849401317,0.996253252029419
3709.394223391534,0.997085732347958,0.9962101578712463
3709.396538182694,1.0001383900196923,0.9962101578712463
3709.3988529738544,1.011138587870095,0.9962033629417419
3709.4011677650105,0.9961033340734528,0.9962033629417419
3709.403482556171,0.9903694727603445,0.9962033629417419
3709.405797347331,1.0,0.9961796402931213
3709.4081121384897,1.0012483905992509,0.9962033629417419
3709.4104269296486,0.9989092402310735,0.9961796402931213
3709.4127417208083,1.002703029845396,0.9961782097816467
3709.415056511966,1.0005570481640835,0.9961782097816467
3709.417371303127,0.9931036818317776,0.9961796402931213
3709.4196860942857,0.993024342969814,0.9961796402931213
3709.4220008853763,0.9919674007610246,0.9962033629417419
3709.424315676437,0.989644730113389,0.9962033629417419
3709.4266304674984,1.0103631676847946,0.9962033629417419
3709.4289452585617,1.0003612730381117,0.9961796402931213
3709.4312600496223,0.9958329087661012,0.9961782097816467
3709.4335748406857,0.9963007175613445,0.9961223602294922
3709.435889631746,0.9950944102976516,0.9961223602294922
3709.438204422809,0.98988030272568,0.9961223602294922
3709.44051921387,0.9911924761760194,0.9961782097816467
3709.4428340049335,1.0119835958589842,0.9961782097816467
3709.4451487959946,1.0023502526192483,0.9961782097816467
3709.447463587057,0.9910792500789845,0.9961223602294922
3709.449778378118,0.9970309044432317,0.9961223602294922
3709.4520931691814,0.996353518441256,0.9961782097816467
3709.4544079602424,1.006458587537666,0.9961782097816467
3709.4567227513057,1.0015720605223557,0.9961782097816467
3709.459037542367,0.9938721111951903,0.9961782097816467
3709.461352333428,1.0081227082555457,0.9961223602294922
3709.4636671244207,1.0080945500406058,0.9961782097816467
3709.4659819153853,0.9940033256553229,0.9961782097816467
3709.468296706349,1.0064168238836884,0.9961782097816467
3709.4706114973137,1.002795053484103,0.9961782097816467
3709.472926288276,1.005965920020688,0.9961782097816467
3709.4752410792416,1.0104684966526551,0.9961782097816467
3709.477555870206,0.9915631492278676,0.9961223602294922
3709.4798706611705,1.0,0.9961223602294922
3709.482185452135,0.9953482972877234,0.9961223602294922
3709.484500243098,0.9977257876899216,0.9961223602294922
3709.4868150340617,1.0017327728068592,0.9961782097816467
3709.4891298250272,1.0013276560301003,0.9961223602294922
3709.4914446159905,1.0014231553551427,0.9961223602294922
3709.4937594069547,1.0016911637992933,0.9961223602294922
3709.496074197918,1.007947147466276,0.9961223602294922
3709.4983889888817,1.0119180714940672,0.9960537552833557
3709.500703779847,0.995898572013216,0.9960537552833557
3709.50301857081,0.9920755342735342,0.9960175156593323
3709.5053333617057,0.9996305893556953,0.9960175156593323
3709.5076481525703,0.994706650067823,0.9960175156593323
3709.509962943437,0.9898343552617319,0.9960175156593323
3709.512277734302,1.0033990806085384,0.9960175156593323
3709.5145925251695,1.0041584280353295,0.9960175156593323
3709.5169073160346,1.0011025487643244,0.9960157871246338
3709.5192221068996,0.9934998454851873,0.9960157871246338
3709.5215368977656,1.0041724312899494,0.9960175156593323
3709.523851688633,1.0046686491844212,0.9960175156593323
3709.526166479498,1.0022256198400026,0.9960175156593323
3709.528481270365,0.9936792659852987,0.9960175156593323
3709.5307960612295,0.9995882796624755,0.9960157871246338
3709.533110852095,1.0026055075255058,0.9960157871246338
3709.5354256429605,1.0041598951351913,0.9960101246833801
3709.537740433828,1.008099520465493,0.9960157871246338
3709.540055224694,0.9997654151565267,0.9960157871246338
3709.5423700155598,1.0073875075910936,0.9960157871246338
3709.544684806425,1.004039048322802,0.9960157871246338
3709.546999597221,1.0012020657074596,0.9960175156593323
3709.549314387987,1.0156839117645018,0.9960157871246338
3709.551629178756,0.987522480050115,0.9960157871246338
3709.553943969523,1.0056722854524125,0.9960157871246338
3709.5562587602894,1.006503913341158,0.9960175156593323
3709.558573551056,1.0099605203283326,0.9960157871246338
3709.560888341824,1.0121170252822618,0.9960157871246338
3709.5632031325904,1.0123161018098847,0.9960175156593323
3709.5655179233568,1.0074149626929958,0.9960175156593323
3709.5678327141245,0.9974467997506463,0.9960175156593323
3709.5701475048904,1.0076472730965582,0.9960175156593323
3709.572462295659,1.0114345579013213,0.9960537552833557
3709.5747770864264,1.0038946491656375,0.9961223602294922
3709.577091877194,0.9938809824702493,0.9961223602294922
3709.579406667959,1.0092396400260226,0.9961782097816467
3709.5817214587273,1.006665924691961,0.9961223602294922
3709.584036249494,1.006733452118249,0.9961796402931213
3709.586351040262,0.9972739011593953,0.9961223602294922
3709.5886658309582,1.0083211266526888,0.9961223602294922
3709.5909806216264,1.0001453947470373,0.9961796402931213
3709.593295412293,1.0085891949335095,0.9961223602294922
3709.5956102029613,1.007990428597986,0.9961796402931213
3709.59792499363,1.0076928742534712,0.9962033629417419
3709.600239784299,0.9890818324973932,0.9962033629417419
3709.602554574965,1.002498396657221,0.9962033629417419
3709.604869365634,1.0126183816528698,0.9962101578712463
3709.6071841563016,1.016410495551745,0.9962101578712463
3709.6094989469693,0.9993046500793024,0.9962252974510193
3709.6118137376375,0.9944575430000214,0.9962252974510193
3709.6141285283047,1.0059866983664543,0.9962252974510193
3709.616443318972,1.0080499804393726,0.9962736964225769
3709.618758109641,1.0099023619868954,0.9962736964225769
3709.621072900309,1.0028308616266437,0.9962736964225769
3709.6233876909773,1.0087048020984042,0.9962795376777649
3709.625702481644,1.0177518849674503,0.9963159561157227
3709.6280172723127,1.0075081581217395,0.9963244795799255
3709.6303320629086,1.0014363271662419,0.9963244795799255
3709.632646853477,1.0106907611854268,0.9963414072990417
3709.6349616440457,0.9993713786823671,0.9963480234146118
3709.6372764346143,1.012129363365304,0.9963834881782532
3709.6395912251814,1.004744342744112,0.9963834881782532
3709.641906015749,1.0012137505676184,0.9963976740837097
3709.6442208063186,1.0115976289451454,0.9963976740837097
3709.6465355968858,0.9962554987417134,0.9963976740837097
3709.6488503874552,1.0027579058292166,0.9964127540588379
3709.6511651780215,0.9989135219325432,0.9964846968650818
3709.653479968591,1.0148613140415088,0.9964846968650818
3709.6557947591587,0.9929962719159595,0.9964846968650818
3709.658109549728,1.0161139579354022,0.9964846968650818
3709.6604243402953,1.008788181271558,0.9965395331382751
3709.662739130863,1.010720151391725,0.9965622425079346
3709.6650539214315,1.0039513048803974,0.9965622425079346
3709.667368712001,1.002826583425001,0.996579647064209
3709.669683502568,1.0052131208467596,0.9965853095054626
3709.6719982930667,1.0071507422099752,0.9966779351234436
3709.6743130835325,0.991019012588345,0.9966884851455688
3709.676627874001,1.0026788408055718,0.9966960549354553
3709.6789426644696,0.998560489060566,0.9967294931411743
3709.681257454939,1.008347494002584,0.9966960549354553
3709.6835722454057,1.0015344653695764,0.9966960549354553
3709.6858870358733,1.0110372073392095,0.9967294931411743
3709.6882018263404,0.9907136833551943,0.9967294931411743
3709.69051661681,1.0028364441209385,0.9967294931411743
3709.692831407277,0.9974143580093368,0.9967294931411743
3709.6951461977465,0.9879098303551428,0.9967294931411743
3709.6974609882127,0.9949251139762327,0.9967294931411743
3709.6997757786808,0.9910512556073173,0.9967294931411743
3709.7020905691493,1.0080255790927706,0.9967331290245056
3709.7044053596173,1.0036448716275879,0.9967490434646606
3709.706720150086,0.9999392441663337,0.9967490434646606
3709.709034940552,1.009737079129809,0.9967490434646606
3709.711349731021,0.9983173743624973,0.9967490434646606
3709.7136645214173,1.009615208668183,0.9967490434646606
3709.7159793117858,0.9984116774625876,0.9967490434646606
3709.7182941021524,1.0091542710303836,0.996749758720398
3709.720608892521,0.9900879640049838,0.9967806339263916
3709.722923682887,1.0042090128344214,0.996749758720398
3709.7252384732556,1.0029676452694263,0.996749758720398
3709.727553263622,0.9992232349733938,0.9967806339263916
3709.7298680539907,1.014309902129359,0.996749758720398
3709.732182844358,1.0173776036057391,0.9967490434646606
3709.734497634724,1.0057653459010203,0.9967490434646606
3709.736812425092,1.0000699050881456,0.9967490434646606
3709.7391272154605,1.0,0.996749758720398
3709.741442005827,0.9866043014245356,0.9967806339263916
3709.7437567961956,0.9941704950797706,0.9967806339263916
3709.746071586562,1.0178232466647787,0.9967880249023438
3709.7483863769294,1.0000241578709692,0.9967880249023438
3709.750701167297,1.0080761502842517,0.9968019723892212
3709.7530159576645,0.9995801731712418,0.9968019723892212
3709.7553307479607,1.0062252288119002,0.9968019723892212
3709.757645538226,0.9926583372658686,0.996812105178833
3709.7599603284925,1.013601837807255,0.9968187212944031
3709.762275118759,0.9949757959339848,0.9968187212944031
3709.764589909025,0.9920511093054389,0.9968187212944031
3709.7669046992914,1.0008396595298097,0.99686598777771
3709.769219489557,1.001574209908764,0.9969762563705444
3709.7715342798224,1.0129622994655443,0.9969913363456726
3709.7738490700904,1.0075330284044008,0.9969913363456726
3709.776163860357,1.0103773113973586,0.9970167279243469
3709.7784786506236,0.9956720699532766,0.9970167279243469
3709.780793440888,0.9988963508376398,0.997020959854126
3709.783108231156,1.0034352822570038,0.997042179107666
3709.785423021421,1.0069963294660906,0.9971039891242981
3709.7877378116887,1.0052935001427792,0.9971039891242981
3709.7900526019553,1.0123119440275319,0.9971139430999756
3709.792367392221,1.0042090605264051,0.9971632957458496
3709.7946821824867,1.0086988207266343,0.9971632957458496
3709.796996972682,1.002412333396693,0.9971773624420166
3709.799311762846,0.9981327996767456,0.9971773624420166
3709.8016265530123,1.0016109512167248,0.9972147941589355
3709.803941343176,1.0104017288676816,0.9972147941589355
3709.8062561333413,0.9986185698827195,0.9972147941589355
3709.8085709235056,0.9967981208916321,0.9972147941589355
3709.810885713671,0.998647387323718,0.997220516204834
3709.813200503836,1.0029680670697807,0.9972306489944458
3709.815515294002,1.0030688395753113,0.9972306489944458
3709.817830084164,1.0008609295193749,0.9972306489944458
3709.820144874331,0.9973289069927579,0.9972663521766663
3709.8224596644955,1.0075823884807604,0.9972929358482361
3709.82477445466,0.9968845238807448,0.9973021149635315
3709.8270892448254,0.9968604690983917,0.9972929358482361
3709.8294040349883,1.0033477861191697,0.9973021149635315
3709.8317188251535,1.0019592756327607,0.9973779320716858
3709.8340336153187,0.996899049420694,0.997418224811554
3709.836348405485,1.0081015646125369,0.9974345564842224
3709.8386631955764,0.9926992076416721,0.9974448680877686
3709.8409779856383,1.010555823636361,0.9974345564842224
3709.8432927757017,1.0008418102475922,0.9974345564842224
3709.8456075657646,0.9950270545347808,0.9974448680877686
3709.847922355827,1.0124534281228046,0.9974448680877686
3709.850237145892,1.001953702030502,0.9974470138549805
3709.852551935952,1.002411760691671,0.997463583946228
3709.854866726016,0.9963789528584444,0.997463583946228
3709.8571815160785,1.0084456686720542,0.9974889159202576
3709.859496306143,1.0082945736758353,0.9975075125694275
3709.8618110962047,1.0099497225851137,0.9975399971008301
3709.864125886268,0.9998270903943814,0.9976070523262024
3709.8664406763296,0.9917918257847927,0.9976522326469421
3709.868755466394,1.0087308227047633,0.9976522326469421
3709.8710702564563,1.0087665131599857,0.9976904392242432
3709.8733850465205,1.0070297662079546,0.9977030158042908
3709.8756998365816,1.0011175911790888,0.9977030158042908
3709.878014626645,1.0129026950893196,0.9977442622184753
3709.8803294166355,1.0098129010061068,0.9977030158042908
3709.882644206597,0.995332367625904,0.9977030158042908
3709.8849589965566,1.001414808238613,0.9977442622184753
3709.8872737865177,0.9950032770048528,0.9977442622184753
3709.889588576477,1.0049665582607905,0.9977555274963379
3709.891903366438,1.0101161024427414,0.9977843761444092
3709.894218156399,1.000272396161508,0.9978010654449463
3709.896532946358,0.9981041100335398,0.997806966304779
3709.89884773632,0.9958304518350581,0.997806966304779
3709.901162526279,1.0102822943267848,0.9978246092796326
3709.90347731624,0.9965553481705163,0.9978255033493042
3709.9057921062004,1.008186097999378,0.9978379607200623
3709.9081068961614,1.009169138818928,0.9978702664375305
3709.9104216861224,1.0062397947874624,0.997904360294342
3709.9127364760816,0.982358575885395,0.9979525804519653
3709.9150512660426,1.005680768578156,0.9979804158210754
3709.9173660560036,1.0071888315187902,0.9979804158210754
3709.9196808459637,1.011774014461793,0.9979943633079529
3709.9219956358515,1.0135774007153469,0.9980728626251221
3709.924310425708,0.9994083008086894,0.9980794787406921
3709.926625215567,1.0022582867298557,0.9980794787406921
3709.9289400054236,1.0163369016882373,0.9980891942977905
3709.9312547952827,1.0061202169606283,0.9980891942977905
3709.9335695851396,1.0069014511285461,0.9980901479721069
3709.9358843749974,1.014653057651118,0.9980901479721069
3709.9381991648547,1.009631294119347,0.998184859752655
3709.9405139547134,0.9972649557747439,0.9982254505157471
3709.9428287445703,1.0045733141815254,0.9982342720031738
3709.945143534429,0.998565166861003,0.9982342720031738
3709.9474583242854,1.0095821285814612,0.9982742071151733
3709.949773114143,1.011541734897627,0.9982742071151733
3709.952087904001,1.0022091366145796,0.9983497858047485
3709.95440269386,1.0165263144697194,0.9983497858047485
3709.9567174837175,1.0079467304455707,0.9983497858047485
3709.959032273573,1.0162187237492635,0.9983497858047485
3709.961347063432,1.0175086703925424,0.9983497858047485
3709.9636618532154,1.0013990828645842,0.9983506202697754
3709.9659766429713,1.005090990894821,0.9983532428741455
3709.968291432725,1.0080612132071547,0.9983532428741455
3709.970606222481,1.016002584906192,0.9983506202697754
3709.9729210122327,1.0074713675787232,0.9983506202697754
3709.975235801989,1.016234667981087,0.9983532428741455
3709.9775505917432,1.0076387550547512,0.9983532428741455
3709.9798653814973,0.9934211307934434,0.99837726354599
3709.9821801712524,1.0,0.9983912706375122
3709.984494961006,1.0145315618608317,0.9984530210494995
3709.9868097507597,1.0172773848322592,0.9984530210494995
3709.9891245405156,1.0047072231824563,0.9984792470932007
3709.99143933027,1.0198238733524203,0.9985194802284241
3709.993754120025,1.0084392429602886,0.998530924320221
3709.9960689097775,0.9998124484785464,0.9985405206680298
3709.9983836995334,1.0182133548047472,0.9985457062721252
3710.000698489287,1.0075872016031693,0.9985457062721252
3710.0030132790425,1.0046344685313975,0.9985405206680298
3710.005328068724,1.010019508957807,0.9985457062721252
3710.0076428583743,1.0124934809471147,0.9985457062721252
3710.009957648024,1.0196760777779117,0.9985586404800415
3710.012272437676,0.9953069835374956,0.9986060857772827
3710.0145872273265,0.9889918902125663,0.9986060857772827
3710.016902016976,1.0068642214944283,0.9986060857772827
3710.0192168066274,1.0003235065531864,0.9986109137535095
3710.0215315962773,1.0013728137865838,0.9986109137535095
3710.023846385929,1.015923028360363,0.9986109137535095
3710.0261611755795,1.0137310779004773,0.9986922740936279
3710.028475965232,0.9917645087934225,0.9987145066261292
3710.0307907548804,0.9918870401385992,0.998818039894104
3710.0331055445317,1.0090675687942616,0.9987145066261292
3710.035420334183,0.997844965599363,0.9987145066261292
3710.037735123835,0.9993660705792657,0.998818039894104
3710.040049913485,1.0022408029510093,0.998818039894104
3710.042364703136,0.9934445237458704,0.9988212585449219
3710.0446794927857,1.003050943342181,0.9988212585449219
3710.046994282363,1.011357582065041,0.9988212585449219
3710.04930907191,1.0051455353562357,0.9988212585449219
3710.051623861458,0.9964704035938664,0.9988212585449219
3710.053938651004,1.0019481124337812,0.9988709092140198
3710.0562534405503,1.0077503856576007,0.9989164471626282
3710.058568230097,0.9942417152570111,0.9989339709281921
3710.060883019644,1.003322326933224,0.9989164471626282
3710.06319780919,1.0021584175749478,0.9989164471626282
3710.065512598738,0.9966963779620966,0.9988709092140198
3710.067827388283,1.0051273183101863,0.9988709092140198
3710.0701421778313,1.002517502847698,0.9988709092140198
3710.072456967377,1.0017050086246955,0.9988709092140198
3710.074771756925,1.000608714275033,0.9988709092140198
3710.077086546471,1.004290597247103,0.9988709092140198
3710.0794013360164,0.9983936292242047,0.9988709092140198
3710.0817161255645,0.9955069614083435,0.9989164471626282
3710.08403091511,1.010072714798589,0.9989164471626282
3710.086345704658,0.9960083625330023,0.9989164471626282
3710.088660494131,1.0037229466108346,0.9989164471626282
3710.0909752835723,0.9874476493124934,0.9989339709281921
3710.093290073014,1.0055258172298167,0.9989339709281921
3710.0956048624575,1.0032507860844804,0.9989339709281921
3710.097919651899,1.0001509010115022,0.9989339709281921
3710.1002344413423,1.0058737535882714,0.9989625811576843
3710.102549230783,0.9988608463424796,0.9989625811576843
3710.1048640202266,1.0055986908205587,0.9989625811576843
3710.107178809668,1.0029644399657054,0.9990137815475464
3710.109493599112,1.0055168438970519,0.9990137815475464
3710.1118083885535,1.006105350240408,0.9990258812904358
3710.1141231779948,1.0044148593105169,0.9990137815475464
3710.1164379674374,0.9965887401875939,0.9990137815475464
3710.118752756881,1.0017521163724585,0.9990258812904358
3710.121067546322,0.9984361793087986,0.9990258812904358
3710.1233823357647,0.9899287814753918,0.9990471005439758
3710.125697125205,0.9985662092393087,0.9990847110748291
3710.1280119146486,0.9962709139521165,0.9990940093994141
3710.1303267040166,1.0016749931128301,0.9991558790206909
3710.1326414933546,0.9988375029991552,0.9991558790206909
3710.134956282692,1.0027335114472578,0.9991558790206909
3710.137271072028,1.0041984984193888,0.9991607666015625
3710.1395858613655,0.9976301454376989,0.9991558790206909
3710.141900650703,1.0088182022201921,0.9991558790206909
3710.1442154400406,1.004713318558055,0.9991607666015625
3710.146530229378,0.9965934774972893,0.9991607666015625
3710.148845018716,1.014966370270908,0.9992232918739319
3710.1511598080515,1.0103467907148982,0.9992260932922363
3710.1534745973904,0.9954318392151518,0.9992429614067078
3710.1557893867266,1.0034090458328202,0.9992429614067078
3710.1581041760655,1.0063335643840208,0.9992981553077698
3710.160418965403,1.003345220478814,0.999332070350647
3710.1627337547397,0.9921611641648789,0.999332070350647
3710.1650485440764,0.9947709681671429,0.999332070350647
3710.167363333415,1.014044128567262,0.999332070350647
3710.169678122752,0.9990863968680553,0.999366044998169
3710.171992912016,0.9832636691973109,0.9993837475776672
3710.174307701246,1.0169319901774179,0.9993957281112671
3710.1766224904795,1.0007792651766754,0.9993957281112671
3710.1789372797107,1.0003068513189954,0.9993957281112671
3710.1812520689436,1.0073674075385284,0.999396562576294
3710.1835668581753,1.0004513573851712,0.9994030594825745
3710.1858816474064,1.002560719966704,0.9994704127311707
3710.188196436639,0.9963504417941177,0.9994704127311707
3710.1905112258714,1.002472139086717,0.9994789361953735
3710.192826015104,0.9837247859084706,0.9995100498199463
3710.195140804336,0.9996861616176433,0.9995566606521606
3710.1974555935676,1.000811149848888,0.9995711445808411
3710.1997703827988,1.0026683016285178,0.9995828866958618
3710.2020851720313,1.019690859117037,0.9995828866958618
3710.204399961264,0.998200738952827,0.9995828866958618
3710.2067147504968,0.9952371829809546,0.9996644854545593
3710.209029539726,0.999681258709713,0.9997023940086365
3710.2113443289595,1.0064568065902773,0.9997023940086365
3710.213659118117,1.0140783802448714,0.9997077584266663
3710.2159739072436,0.9943925711718312,0.9997444152832031
3710.218288696369,0.9819141297214178,0.9997444152832031
3710.220603485496,1.0022124920005089,0.99974524974823
3710.2229182746214,1.0093400229822038,0.9997473955154419
3710.2252330637493,1.0072818364378702,0.999779462814331
3710.227547852876,1.000092586023624,0.9997838735580444
3710.229862642003,1.0048097065935904,0.9998328685760498
3710.232177431128,1.0054912261039801,0.9998536109924316
3710.234492220255,0.9907814527878148,0.9998541474342346
3710.2368070093808,0.9974304471388001,0.9998621344566345
3710.239121798508,0.994626566041929,0.9998639822006226
3710.241436587634,1.0029206672288546,0.9998639822006226
3710.243751376762,0.9918115755675313,0.9998692274093628
3710.246066165886,1.0039387443671866,0.9998764395713806
3710.248380955013,0.9952233492137742,0.9998764395713806
3710.2506957441396,0.9952518437547746,0.9998764395713806
3710.2530105332653,0.9861369885192633,0.9998764395713806
3710.2553253223177,1.0047532828781252,0.9998764395713806
3710.2576401113365,1.002655103793564,0.9999270439147949
3710.259954900358,0.9960098104677856,0.9998764395713806
3710.2622696893777,1.0033906715430085,0.9998764395713806
3710.2645844783992,1.0103696880557143,0.9998764395713806
3710.266899267419,1.0065975234132205,0.9999270439147949
3710.269214056438,0.9934269758831549,0.9999270439147949
3710.271528845459,0.9992664755982432,0.9999595880508423
3710.2738436344807,1.0093251658953712,0.9999595880508423
3710.2761584235,0.9983687700316226,0.9999818205833435
3710.2784732125206,1.012907203239023,0.9999818205833435
3710.2807880015407,1.0025529812755942,1.0000019073486328
3710.283102790561,0.9973002127643342,1.0000019073486328
3710.2854175795815,0.9979785123281244,1.0000019073486328
3710.2877323686034,1.0089715562060262,0.9999818205833435
3710.290047157623,1.010889072487778,0.9999818205833435
3710.2923619466424,1.0063325721880505,0.9999818205833435
3710.294676735662,0.9938417745674397,0.9999818205833435
3710.296991524608,1.0037369811403303,0.9999818205833435
3710.299306313521,0.996015615910309,1.0000019073486328
3710.3016211024365,1.0029367152467437,1.0000019073486328
3710.3039358913484,1.0051743885528783,1.0000019073486328
3710.3062506802635,1.007424221183355,1.0000019073486328
3710.3085654691768,1.006477926033724,1.0000224113464355
3710.310880258091,0.9883142944470219,1.0000224113464355
3710.3131950470047,1.0039894878836009,1.0000224113464355
3710.315509835919,0.9989871775111329,1.000038743019104
3710.3178246248326,0.9997065180995008,1.000038743019104
3710.3201394137454,0.9941270190737331,1.0000683069229126
3710.3224542026605,1.0096802059700465,1.0000683069229126
3710.324768991574,0.9956156557194935,1.0001211166381836
3710.327083780489,1.000099170117755,1.0001211166381836
3710.329398569401,0.9965753530789938,1.0001211166381836
3710.331713358316,1.0008899087730272,1.0001211166381836
3710.334028147229,0.9969740788761143,1.0000683069229126
3710.3363429361443,1.0026257628724424,1.0000683069229126
3710.3386577249817,1.0076741698623501,1.0000683069229126
3710.3409725137876,1.003365167589065,1.0000683069229126
3710.343287302595,1.01080975604174,1.0000683069229126
3710.3456020914023,1.0011593503585152,1.0000683069229126
3710.34791688021,1.0058543259467163,1.0000683069229126
3710.3502316690183,1.0042925525149595,1.0000683069229126
3710.3525464578233,1.0073625468793357,1.0001211166381836
3710.3548612466307,0.9967978995804239,1.0000683069229126
3710.3571760354375,1.0072053263508005,1.000038743019104
3710.3594908242453,1.0136076453708651,1.0000683069229126
3710.3618056130526,0.9967125515589662,1.0000683069229126
3710.3641204018586,1.0016247596684822,1.000038743019104
3710.366435190665,0.9896234121788791,1.000038743019104
3710.3687499794723,1.009967242332714,1.0000683069229126
3710.371064768279,0.9916202692285181,1.000038743019104
3710.373379557087,1.0029383951451276,1.000038743019104
3710.3756943458934,0.9895794256552055,1.000038743019104
3710.3780091346994,1.0071463471821624,1.0000683069229126
3710.3803239234317,0.9944937341649638,1.0001211166381836
3710.3826387121317,0.9969002186510385,1.0001211166381836
3710.3849535008317,1.0014413041633332,1.0001211166381836
3710.38726828953,1.0066715743160837,1.0001211166381836
3710.3895830782308,1.0022249960010383,1.0001275539398193
3710.39189786693,1.0083460890870901,1.0001275539398193
3710.394212655631,0.9913846514729171,1.0001275539398193
3710.39652744433,1.0031936863369488,1.0001275539398193
3710.398842233031,0.9880071204705184,1.0001534223556519
3710.401157021729,1.007532752197733,1.0001534223556519
3710.40347181043,0.9899745469130012,1.0001593828201294
3710.4057865991294,0.9932129226220259,1.0001733303070068
3710.4081013878304,1.000958156258969,1.0001745223999023
3710.410416176529,0.9942723530907911,1.000187635421753
3710.4127309652295,0.993486810693325,1.0001904964447021
3710.4150457539286,1.0135132203848791,1.0002107620239258
3710.417360542628,1.0038354292067082,1.0002202987670898
3710.4196753313286,0.9955271997668821,1.000238060951233
3710.4219901199513,1.0072236498678533,1.0002909898757935
3710.4243049085426,0.986157383656253,1.0003334283828735
3710.426619697135,0.990045463585933,1.000350832939148
3710.4289344857284,0.9924904228074166,1.000350832939148
3710.4312492743197,0.9948933555708827,1.0003819465637207
3710.4335640629133,0.9862799016136322,1.0003820657730103
3710.4358788515037,0.9915079278922218,1.000383734703064
3710.438193640096,0.999437868803643,1.0004245042800903
3710.4405084286886,1.0045713875820548,1.000454306602478
3710.442823217282,1.0015127742201158,1.000467300415039
3710.4451380058736,0.9985804634789422,1.000467300415039
3710.447452794465,0.9918283548211908,1.000499963760376
3710.4497675830576,0.9964744853394375,1.0005186796188354
3710.45208237165,1.0043841208019069,1.000552773475647
3710.454397160241,1.007061732584193,1.0005552768707275
3710.4567119488347,1.0000838767650162,1.0005552768707275
3710.4590267374247,1.0050269121429958,1.000573992729187
3710.4613415260183,0.9917341258069781,1.0006392002105713
3710.463656314533,1.0000247796930415,1.0006392002105713
3710.4659711030185,1.0097648669223265,1.0006392002105713
3710.468285891502,0.9925983895132514,1.000640869140625
3710.4706006799865,1.0050367024764402,1.000640869140625
3710.47291546847,0.9978167010516098,1.0006639957427979
3710.4752302569555,1.0051488067086498,1.0006639957427979
3710.477545045439,0.9863033045046221,1.0006639957427979
3710.4798598339235,1.0045434932349733,1.000666856765747
3710.4821746224065,0.9965552438062054,1.0006675720214844
3710.48448941089,1.0121870490759082,1.000710368156433
3710.486804199376,1.003477179446403,1.0007303953170776
3710.489118987859,0.9904509195346846,1.0007303953170776
3710.4914337763444,0.9952561434755579,1.0007575750350952
3710.493748564828,0.9834334708735551,1.0007762908935547
3710.4960633533124,1.0001047029117416,1.0007836818695068
3710.498378141796,0.9849075934268012,1.0007836818695068
3710.5006929302804,0.999404420297261,1.0007836818695068
3710.503007718765,0.9936507114057186,1.0008037090301514
3710.5053225071733,0.9986942942971558,1.000816822052002
3710.5076372955473,0.9910732641491949,1.0008294582366943
3710.5099520839235,1.0088389008832468,1.0008351802825928
3710.5122668722993,1.0060003137185403,1.000888466835022
3710.5145816606755,0.9931675808398325,1.0009162425994873
3710.5168964490517,0.99494041352291,1.0009450912475586
3710.5192112374266,0.9919192373907567,1.0009832382202148
3710.521526025802,1.0006735854467435,1.0009832382202148
3710.523840814179,0.9921880675329191,1.0010111331939697
3710.5261556025553,0.9996925208373103,1.0010381937026978
3710.528470390931,0.9974773943764954,1.00105619430542
3710.530785179305,0.9841205319850124,1.0010725259780884
3710.53309996768,0.993916674178636,1.0010849237442017
3710.535414756057,0.9860105919021663,1.0011106729507446
3710.537729544433,1.008993292986065,1.0011106729507446
3710.5400443328094,0.9951200445348107,1.0011106729507446
3710.5423591211834,0.9988035309174375,1.0011248588562012
3710.5446739095605,0.9839364975939635,1.0011248588562012
3710.5469886978585,0.9999054549290906,1.001132845878601
3710.5493034861265,0.991808371389234,1.0011662244796753
3710.551618274393,0.9995012139825354,1.0011662244796753
3710.5539330626607,0.9989116326950254,1.001217246055603
3710.5562478509264,0.9985289598454259,1.001217246055603
3710.558562639195,0.990178678692802,1.001217246055603
3710.5608774274615,0.9960017341416946,1.0011662244796753
3710.56319221573,1.009053758035319,1.0011662244796753
3710.565507003995,0.9920951525119514,1.0011662244796753
3710.567821792263,1.0003775723230794,1.0011662244796753
3710.57013658053,0.9911593522851249,1.001217246055603
3710.572451368798,1.0064725766801261,1.001217246055603
3710.5747661570645,1.0091573493065518,1.0011662244796753
3710.577080945333,0.996294776682293,1.001217246055603
3710.579395733598,1.0048905173018345,1.0012277364730835
3710.5817105218653,0.9910184146580026,1.0012277364730835
3710.584025310133,1.0124786475192546,1.0012277364730835
3710.586340098399,0.9915253258548999,1.0012277364730835
3710.5886548865897,0.9951909218663809,1.0012277364730835
3710.5909696747462,0.9992275185330662,1.0012277364730835
3710.593284462904,0.9915251593687235,1.001229166984558
3710.5955992510626,1.0049049169303812,1.001229166984558
3710.597914039222,1.0,1.001229166984558
3710.6002288273794,0.9921634557971091,1.001229166984558
3710.6025436155364,1.0005862608274898,1.0012378692626953
3710.604858403695,1.0117819049256385,1.0012669563293457
3710.607173191853,1.0171627514693002,1.0012669563293457
3710.60948798001,1.005310483001073,1.0012669563293457
3710.611802768169,1.0058220501174209,1.0012716054916382
3710.6141175563253,1.0024411197720224,1.0012893676757812
3710.6164323444846,1.0010479290008458,1.0012893676757812
3710.618747132643,0.9950329927385497,1.0012893676757812
3710.6210619208014,0.9970642034501414,1.0012893676757812
3710.6233767089584,1.0079750706715127,1.0012893676757812
3710.6256914971163,0.9997958193323733,1.0012893676757812
3710.628006285274,1.0025206490349814,1.0012893676757812
3710.6303210733554,1.0043408928993227,1.0012893676757812
3710.632635861403,1.0083710514974964,1.0013604164123535
3710.634950649453,1.0038560622474708,1.0013604164123535
3710.6372654374995,0.9982812972643252,1.0013855695724487
3710.6395802255474,1.00536223349096,1.0013855695724487
3710.641895013597,0.995549384047465,1.0014739036560059
3710.6442098016446,0.9986438546666433,1.0014792680740356
3710.6465245896943,0.9886328034422683,1.0014739036560059
3710.6488393777413,0.9956311837007353,1.0014792680740356
3710.6511541657915,1.0023655888124814,1.0015119314193726
3710.653468953839,0.9896143999687668,1.0015125274658203
3710.6557837418877,0.9859304445409375,1.0015125274658203
3710.6580985299365,0.9916286725286194,1.0015125274658203
3710.6604133179862,1.0084467920187552,1.0015125274658203
3710.662728106033,1.0011462517211631,1.0015125274658203
3710.6650428940825,0.9882125329234918,1.0015125274658203
3710.6673576821304,1.0096051231132135,1.0015313625335693
3710.669672470179,1.0117729621563125,1.0015313625335693
3710.67198725815,0.9988948341560877,1.0015313625335693
3710.6743020460876,1.0117417770781105,1.0015313625335693
3710.676616834026,1.021192249726896,1.0015442371368408
3710.6789316219656,1.0057426363852338,1.0015625953674316
3710.681246409905,0.9942257034158261,1.0015625953674316
3710.683561197843,0.9934788916930779,1.0015625953674316
3710.6858759857805,1.005154899308665,1.0015625953674316
3710.6881907737193,0.9872767111639479,1.0015442371368408
3710.690505561658,1.0035673664760865,1.0015625953674316
3710.6928203495972,0.9852346959591586,1.0016038417816162
3710.695135137537,0.9889895426510549,1.001657485961914
3710.697449925473,0.9895424169982421,1.0016635656356812
3710.699764713413,0.9911314728489907,1.001665472984314
3710.702079501351,1.0026845327689602,1.0017099380493164
3710.7043942892906,0.9998217293160785,1.0017099380493164
3710.7067090772284,0.9986641758256405,1.0017218589782715
3710.7090238651676,0.991447385957213,1.0017976760864258
3710.7113386531055,0.9907597711861744,1.0017976760864258
3710.713653440967,0.9805684040630582,1.0018248558044434
3710.7159682287947,0.9905657077010289,1.0018248558044434
3710.718283016625,1.0072041414978445,1.0018248558044434
3710.7205978044512,1.0007847532031495,1.0018248558044434
3710.722912592281,0.9795323578830809,1.0018490552902222
3710.725227380109,0.9928214962210792,1.0018490552902222
3710.7275421679383,0.999389942003439,1.0018490552902222
3710.729856955766,0.9852519936949965,1.0018490552902222
3710.732171743594,0.9907577610247413,1.0018248558044434
3710.7344865314226,0.9953609721943912,1.0018248558044434
3710.7368013192513,0.996558687640381,1.0018248558044434
3710.73911610708,1.0101297946875811,1.0018490552902222
3710.7414308949074,0.9959400462835437,1.0018686056137085
3710.7437456827374,1.0017005331597422,1.0018852949142456
3710.7460604705643,1.002344356636339,1.0018870830535889
3710.748375258394,0.988794491672138,1.0018870830535889
3710.7506900462213,0.9996547278489236,1.0019497871398926
3710.7530048340514,0.9856610926590524,1.0019497871398926
3710.7553196218005,0.9923432717519256,1.0019571781158447
3710.757634409518,0.9993334940308335,1.0019571781158447
3710.759949197236,0.9975000529435546,1.0019752979278564
3710.762263984954,0.9903025285109172,1.0019571781158447
3710.764578772672,0.9983787374877724,1.0019752979278564
3710.76689356039,1.0002437782995197,1.0019752979278564
3710.769208348106,0.9965719940731773,1.0019752979278564
3710.771523135825,1.0023979134880878,1.0019807815551758
3710.7738379235434,0.9958708191545735,1.0019752979278564
3710.776152711262,0.9982661878189849,1.0019752979278564
3710.778467498979,1.001713348604872,1.0019752979278564
3710.780782286697,1.0063533107505522,1.0019807815551758
3710.7830970744144,1.0044146354695604,1.0019807815551758
3710.7854118621335,0.9977950890197266,1.001993179321289
3710.7877266498504,0.9941847004661805,1.001993179321289
3710.7900414375686,0.9992752216213335,1.001993179321289
3710.792356225286,0.9967278492879754,1.001993179321289
3710.794671013003,0.9885225877381615,1.0019992589950562
3710.7969858006436,1.0012324250935025,1.0019992589950562
3710.7993005882495,0.9969187136201911,1.0020039081573486
3710.8016153758576,0.9998558110124934,1.0020297765731812
3710.803930163463,0.9943435579231232,1.0020511150360107
3710.8062449510717,0.9942152538707137,1.0020511150360107
3710.8085597386776,0.9880643326154969,1.0020511150360107
3710.8108745262857,0.9971737870278389,1.002130389213562
3710.813189313892,1.0050198385981708,1.002173900604248
3710.815504101498,1.0107736425267513,1.0021812915802002
3710.8178188891056,0.9919574454620999,1.0021812915802002
3710.820133676714,1.011172292600164,1.002219557762146
3710.8224484643197,1.000889353885651,1.002219557762146
3710.824763251927,1.0026931591117976,1.002219557762146
3710.8270780395346,0.9912824575806097,1.0022351741790771
3710.8293928271405,1.0179944461380415,1.002250075340271
3710.831707614747,0.9951452632850954,1.002284049987793
3710.834022402355,0.9995115497609127,1.0023386478424072
3710.8363371899623,1.003349172756351,1.0023528337478638
3710.8386519774904,1.0103146609046902,1.0023386478424072
3710.8409667649853,0.9950773309135151,1.0023528337478638
3710.84328155248,0.9942352881570976,1.0023386478424072
3710.8455963399765,1.0000851534992914,1.0023528337478638
3710.8479111274723,0.9869816830779422,1.0023528337478638
3710.8502259149695,1.0016983128070982,1.0023528337478638
3710.852540702462,0.9987749075472045,1.0023528337478638
3710.8548554899594,0.9905787643109316,1.0023528337478638
3710.857170277455,0.9983613897859804,1.0023528337478638
3710.859485064951,0.9957366758856826,1.0023528337478638
3710.861799852446,0.997506643697422,1.0023528337478638
3710.8641146399423,1.001560592482825,1.0023528337478638
3710.8664294274367,0.9954798632886691,1.0023562908172607
3710.868744214934,0.9919645479898437,1.0023772716522217
3710.87105900243,1.0014580397333666,1.0023772716522217
3710.873373789926,1.0027580260568112,1.0023772716522217
3710.8756885774196,0.9935278971998739,1.0023772716522217
3710.878003364917,1.006537478981323,1.0023823976516724
3710.8803181523326,0.9928259698144505,1.0023823976516724
3710.8826329397175,0.989487182932983,1.0023823976516724
3710.884947727101,1.0005040082211138,1.0023823976516724
3710.8872625144854,0.9889223017465677,1.0023839473724365
3710.8895773018685,0.99618379074962,1.0023839473724365
3710.891892089252,1.0083641688051503,1.0023839473724365
3710.8942068766373,1.0049806192308273,1.0023823976516724
3710.8965216640204,0.997691409252416,1.0023823976516724
3710.898836451405,0.9911542412618691,1.0023839473724365
3710.9011512387883,1.0047882873010434,1.0024381875991821
3710.9034660261736,1.0020009368465754,1.0024381875991821
3710.905780813557,1.0058174152857258,1.0024381875991821
3710.9080956009425,1.0007166079542056,1.0024381875991821
3710.9104103883246,1.013747194841374,1.0024381875991821
3710.912725175709,1.0019702433435458,1.0023839473724365
3710.9150399630935,0.9974010177830794,1.0024381875991821
3710.917354750479,0.9907400481456847,1.0024381875991821
3710.919669537862,0.9996208646236963,1.0023839473724365
3710.9219843251667,1.002276596144474,1.0023839473724365
3710.924299112437,1.0103442989808165,1.0023823976516724
3710.9266138997104,0.9941581874569935,1.0023839473724365
3710.9289286869825,0.9957164124469621,1.0023839473724365
3710.931243474255,0.9916866125015252,1.0023839473724365
3710.9335582615277,0.9962311232087697,1.0023839473724365
3710.935873048799,0.9937660891710232,1.0023839473724365
3710.93818783607,1.0079051153068654,1.0023839473724365
3710.940502623342,1.0037403346048084,1.0023839473724365
3710.9428174106147,0.9995560740967392,1.0024381875991821
3710.9451321978872,0.9838958832621145,1.0024381875991821
3710.9474469851584,0.9985485894322802,1.0024381875991821
3710.9497617724296,0.9892691487744818,1.0023839473724365
3710.952076559703,1.0036975213251758,1.0023839473724365
3710.9543913469743,0.9869928499444498,1.0023839473724365
3710.9567061342477,0.9895516569571698,1.0023839473724365
3710.959020921518,0.9974875701559107,1.0023823976516724
3710.9613357087915,0.9939892728234951,1.0023772716522217
3710.963650495983,1.0021040488550346,1.0023772716522217
3710.9659652831438,1.0033156557821268,1.0023823976516724
3710.968280070303,0.9941711115471752,1.0023772716522217
3710.970594857462,0.9940060414696945,1.0023772716522217
3710.972909644622,1.0119564015198816,1.0023772716522217
3710.975224431783,1.003741786633843,1.0023772716522217
3710.9775392189417,0.9886051697379453,1.0023772716522217
3710.979854006103,1.0018151762194434,1.0023772716522217
3710.9821687932613,0.9981407115316439,1.0023823976516724
3710.9844835804206,1.0021513706276424,1.0023823976516724
3710.986798367581,0.9939191967074634,1.0023823976516724
3710.98911315474,1.002146267786955,1.0023772716522217
3710.9914279419013,1.0038550047273311,1.0023772716522217
3710.993742729059,1.0038355007700495,1.0023772716522217
3710.99605751622,0.9987918249876614,1.0023772716522217
3710.998372303379,0.998410189628414,1.0023772716522217
3711.000687090539,0.9901811846275517,1.0023772716522217
3711.003001877699,0.9956843332084604,1.0023772716522217
3711.00531666478,1.0000988279786647,1.0023772716522217
3711.007631451824,0.9871528384798806,1.0023772716522217
3711.0099462388725,1.002644714198897,1.0023677349090576
3711.01226102592,1.0020135878827463,1.0023562908172607
3711.014575812967,0.9942681605571525,1.0023677349090576
3711.0168906000144,0.9870050722181589,1.0023772716522217
3711.019205387061,1.0071967223837641,1.0023772716522217
3711.021520174107,1.0015329556324108,1.0023823976516724
3711.0238349611554,0.993069470718823,1.0023823976516724
3711.026149748203,1.0003219325754023,1.0023823976516724
3711.0284645352504,0.9974032516498301,1.0023823976516724
3711.0307793222955,1.0038313128240282,1.0023839473724365
3711.033094109344,0.9928585367617145,1.0024381875991821
3711.0354088963904,0.9921745721668567,1.0024381875991821
3711.037723683436,1.0073373233943719,1.0024381875991821
3711.0400384704844,0.995491678903224,1.002458095550537
3711.0423532575296,1.0019785047199075,1.0024763345718384
3711.044668044578,0.9955949195309381,1.0024763345718384
3711.0469828315445,0.9754550537374599,1.002523422241211
3711.0492976184796,1.002059626796243,1.002523422241211
3711.051612405413,0.9956124871815849,1.002523422241211
3711.053927192347,0.997473971586342,1.0025548934936523
3711.0562419792805,1.0080535883301387,1.0025548934936523
3711.058556766216,0.9974113083885451,1.0025548934936523
3711.060871553149,0.9864716542292891,1.0025819540023804
3711.063186340084,0.9928974589058858,1.0026110410690308
3711.0655011270164,0.9895207482360299,1.0026353597640991
3711.0678159139507,0.9928940048497661,1.0026353597640991
3711.0701307008853,0.992051567554007,1.0026353597640991
3711.0724454878205,0.9941842859084231,1.0026494264602661
3711.0747602747533,0.9849739021093392,1.0026494264602661
3711.077075061687,0.9938558489279302,1.0026605129241943
3711.0793898486213,0.9940118365088457,1.0026605129241943
3711.081704635554,1.0028540258230783,1.0026605129241943
3711.0840194224897,0.9925085435251351,1.0026750564575195
3711.086334209423,0.9957467227746386,1.0026605129241943
3711.0886489962777,0.9909976735360445,1.0026750564575195
3711.090963783097,1.0095710378852791,1.0026942491531372
3711.093278569918,0.9911059753716737,1.0026942491531372
3711.0955933567384,0.9931297034706901,1.0026942491531372
3711.0979081435594,0.9874534088975794,1.0026942491531372
3711.1002229303804,1.0041322982178735,1.0027050971984863
3711.1025377172,0.9923114144068099,1.0027050971984863
3711.10485250402,0.9923523921266607,1.002707839012146
3711.107167290842,0.9968745021578115,1.0027050971984863
3711.109482077663,0.9917778464684412,1.0027050971984863
3711.1117968644835,1.002007775254717,1.0027050971984863
3711.1141116513027,0.9955531249628476,1.0027050971984863
3711.1164264381246,0.9945506045438874,1.0027050971984863
3711.118741224944,1.0019360806855235,1.002707839012146
3711.121056011766,0.991855485559006,1.0027130842208862
3711.123370798586,1.0037778335713277,1.002784252166748
3711.1256855854067,1.001136475760137,1.0027849674224854
3711.128000372227,1.0018223608310108,1.0028082132339478
3711.130315158966,1.0009543937893677,1.002868413925171
3711.1326299456737,0.9939088049675271,1.0028740167617798
3711.13494473238,0.9961529669903314,1.0028740167617798
3711.1372595190874,1.0089283878204864,1.0028740167617798
3711.1395743057933,0.9882444637089302,1.0028740167617798
3711.1418890925015,0.9925672463882848,1.0028876066207886
3711.144203879208,1.0012286161533783,1.0028740167617798
3711.146518665916,0.995712740604492,1.0028740167617798
3711.148833452621,1.0121759250839582,1.0028876066207886
3711.1511482393294,1.0027187043220054,1.0028876066207886
3711.1534630260353,0.9986288800999331,1.0028876066207886
3711.1557778127435,1.0008152900341698,1.002902626991272
3711.15809259945,0.9992375130731147,1.0029386281967163
3711.1604073861563,1.0128350975525655,1.0029386281967163
3711.1627221728622,0.9868544929608819,1.0029653310775757
3711.1650369595704,1.002036117885889,1.002974510192871
3711.1673517462773,1.012349316575352,1.0029772520065308
3711.169666532984,1.0074887238885026,1.0029772520065308
3711.1719813196105,1.0023804364918014,1.0029772520065308
3711.1742961062027,0.9976999785138015,1.0031108856201172
3711.1766108927945,0.9848017826889692,1.0031108856201172
3711.1789256793877,0.9950726727880149,1.0031108856201172
3711.181240465982,1.0072019170252453,1.0031108856201172
3711.1835552525745,1.0023521920675997,1.0031108856201172
3711.1858700391663,1.0026797139863743,1.0031108856201172
3711.1881848257594,0.9952936909624345,1.0031565427780151
3711.1904996123526,1.0053224642834946,1.0031565427780151
3711.1928143989444,1.0009993181821963,1.0032341480255127
3711.1951291855385,0.9985681588471504,1.0032341480255127
3711.1974439721293,1.0072699524751096,1.00326669216156
3711.1997587587234,1.0009303685114816,1.003267765045166
3711.2020735453166,0.983361980241594,1.0032970905303955
3711.2043883319097,0.9920728503590547,1.0032970905303955
3711.2067031185015,0.9983737443659694,1.0032970905303955
3711.2090179050947,1.0002290760748813,1.0033152103424072
3711.211332691687,0.9894477163353006,1.003321647644043
3711.2136474782,0.9991457173348567,1.0033152103424072
3711.2159622646773,0.9976269761435772,1.0032970905303955
3711.218277051157,0.985905524179051,1.0033152103424072
3711.2205918376335,1.0004453200874766,1.0033152103424072
3711.2229066241116,0.9981962751138482,1.003321647644043
3711.225221410591,1.002392347908576,1.0033152103424072
3711.2275361970683,1.0002922911419387,1.0032970905303955
3711.229850983548,0.9975461802181632,1.0032970905303955
3711.232165770025,0.9980103421807458,1.003267765045166
3711.234480556505,1.013417149674074,1.003267765045166
3711.236795342982,1.001616512595966,1.0032970905303955
3711.239110129462,1.0006370881294155,1.0033152103424072
3711.2414249159397,0.9928278143145964,1.003321647644043
3711.243739702417,0.997222756878652,1.0033392906188965
3711.246054488896,1.0026796655515058,1.0033514499664307
3711.2483692753754,0.9987040085201816,1.0033514499664307
3711.250684061853,0.9805081272319891,1.003429889678955
3711.2529988483316,0.999442227611052,1.0034337043762207
3711.2553136347287,0.9878887952734166,1.0034337043762207
3711.257628421092,1.0020379262906034,1.003429889678955
3711.259943207455,0.9857767446811443,1.0034337043762207
3711.2622579938197,0.9900613573456563,1.0034918785095215
3711.2645727801837,0.9903991235332926,1.0035450458526611
3711.2668875665463,1.0055449134544956,1.0035450458526611
3711.2692023529094,0.982943739779762,1.0035450458526611
3711.271517139273,0.9976804232090247,1.0035450458526611
3711.273831925637,0.9917045338728465,1.0035579204559326
3711.276146712001,0.9972223759869219,1.0035450458526611
3711.2784614983657,0.9891372572683773,1.0035579204559326
3711.2807762847265,0.9994095115326401,1.0035579204559326
3711.2830910710913,1.0009127566652976,1.0035579204559326
3711.2854058574544,0.9939006021770743,1.0035579204559326
3711.287720643819,0.9957654670892271,1.003565788269043
3711.290035430182,0.9880002066871612,1.003565788269043
3711.292350216546,0.9906295740286756,1.0035579204559326
3711.2946650029085,0.9935676431800898,1.0035579204559326
3711.296979789192,0.9920460484740786,1.003565788269043
3711.29929457544,1.0023765646281373,1.0035579204559326
3711.3016093616898,0.9906783496386539,1.003565788269043
3711.303924147936,0.9961993319490837,1.003565788269043
3711.306238934186,1.0045559434071862,1.0035579204559326
3711.308553720434,0.9966774946052348,1.0035450458526611
3711.310868506683,0.9866248708110099,1.0034918785095215
3711.313183292931,0.9960203583934422,1.0035450458526611
3711.315498079178,0.9984596736698634,1.0035450458526611
3711.3178128654276,0.9951549271080091,1.0035450458526611
3711.3201276516756,1.007061244572271,1.0035450458526611
3711.3224424379255,0.9890240535851357,1.0035579204559326
3711.324757224173,0.9988154442689811,1.0035450458526611
3711.3270720104215,0.9844478951090867,1.0035450458526611
3711.3293867966695,0.9936227007951817,1.0035579204559326
3711.331701582918,0.9931727904667329,1.003565788269043
3711.334016369167,0.9919449108325914,1.0035890340805054
3711.3363311554167,0.9848966458820492,1.0035903453826904
3711.3386459415806,0.9951454309956249,1.0036569833755493
3711.340960727715,0.9848240676019401,1.0036569833755493
3711.3432755138483,0.983871402596258,1.0036920309066772
3711.3455902999817,0.9938736484155127,1.0036569833755493
3711.3479050861147,0.9990543139945969,1.0036569833755493
3711.350219872248,0.9854055708666608,1.0035903453826904
3711.352534658379,1.0001269788326643,1.0035903453826904
3711.3548494445135,0.9880393266668369,1.0035890340805054
3711.357164230647,0.9911273986111437,1.0035903453826904
3711.3594790167795,0.998698377878078,1.0035903453826904
3711.3617938029124,0.9845979070942563,1.0035903453826904
3711.364108589045,0.9899461034840663,1.0035903453826904
3711.3664233751783,0.9829055555192632,1.0036569833755493
3711.3687381613104,0.9977953767047022,1.0036920309066772
3711.3710529474447,0.9929388393410169,1.0036920309066772
3711.373367733578,0.9831286804297016,1.0037068128585815
3711.37568251971,0.9820003152130188,1.0037068128585815
3711.3779973058427,1.0014458784329072,1.0037177801132202
3711.3803120918947,1.0012148884586547,1.0037068128585815
3711.3826268779108,0.9910759109930823,1.0037177801132202
3711.3849416639296,0.9906040108239895,1.0037202835083008
3711.387256449945,0.9927435262886168,1.0037256479263306
3711.3895712359636,1.000753575385627,1.0037256479263306
3711.39188602198,0.9809994218477878,1.0037336349487305
3711.3942008079985,0.9886991907769282,1.0037336349487305
3711.396515594015,0.9919266111267614,1.0037579536437988
3711.3988303800315,1.0003643633629076,1.0037620067596436
3711.6164202551977,0.9983570681992463,1.0037795305252075
3711.6187350406626,1.0171664640019913,1.0037795305252075
3711.62104982613,1.021583270352835,1.0038132667541504
3711.623364611595,1.0088574490451745,1.0038132667541504
3711.6256793970624,1.0114685253563866,1.0038255453109741
3711.627994182528,1.0119587070602472,1.0038387775421143
3711.6303089679104,1.0099659966459777,1.0038535594940186
3711.6326237532576,1.0166950601916604,1.0038535594940186
3711.634938538607,1.015606463606056,1.0038535594940186
3711.6372533239555,1.0010808480774334,1.0038810968399048
3711.639568109305,1.0103432244825983,1.0038810968399048
3711.6418828946526,0.9998263898166109,1.0038810968399048
3711.6441976800015,1.002457498457755,1.0038810968399048
3711.646512465348,1.005718092449204,1.0038810968399048
3711.6488272506977,1.0151241544370642,1.0038810968399048
3711.651142036045,1.0045806013776004,1.0038810968399048
3711.6534568213942,1.0030461438606837,1.0039170980453491
3711.6557716067427,1.020334185796017,1.003919005393982
3711.6580863920913,1.0047849054614253,1.003919005393982
3711.6604011774393,1.0015805916502107,1.0039246082305908
3711.662715962786,1.0108575621780669,1.0039544105529785
3711.6650307481355,1.016457339966026,1.0040189027786255
3711.667345533483,1.0059938765883334,1.004031777381897
3711.669660318832,1.0021022439013734,1.004031777381897
3711.671975104097,1.004632511594933,1.004031777381897
3711.6742898893267,1.0111516302815333,1.004055142402649
3711.676604674557,1.009916979563972,1.004055142402649
3711.678919459786,1.017763056195954,1.0040647983551025
3711.6812342450166,1.0094705579600924,1.0040682554244995
3711.6835490302465,1.0091261330197376,1.0040682554244995
3711.6858638154768,1.0142437664822956,1.0041061639785767
3711.688178600708,1.0086449354039988,1.0040682554244995
3711.690493385938,1.0200113901693364,1.0041061639785767
3711.692808171167,1.0222679450321066,1.0040682554244995
3711.695122956396,1.0129954067723426,1.0041061639785767
3711.6974377416277,1.0230986318143789,1.0041061639785767
3711.6997525268566,1.010188771444609,1.0041112899780273
3711.702067312087,1.0099055532477357,1.0041061639785767
3711.704382097318,0.996629606865824,1.0041061639785767
3711.7066968825475,1.0259891514395076,1.0041061639785767
3711.7090116677764,1.0133949559639353,1.0041112899780273
3711.7113264530067,1.0200655710146482,1.0041277408599854
3711.7136412381537,1.0083363468235598,1.0041277408599854
3711.7159560232653,1.0016835606393446,1.0041967630386353
3711.7182708083765,1.0137897754589646,1.0042011737823486
3711.7205855934885,1.0048323308909732,1.00423002243042
3711.7229003786,1.0044470074638312,1.00423002243042
3711.72521516371,1.0185223632890286,1.004235863685608
3711.727529948822,1.0059130064418438,1.004235863685608
3711.729844733934,1.016865437841847,1.00423002243042
3711.7321595190465,0.9985783713734137,1.004235863685608
3711.734474304157,1.0041921153332063,1.0042366981506348
3711.7367890892697,0.9962836906642254,1.0042450428009033
3711.7391038743804,1.0061939280298777,1.0042450428009033
3711.741418659492,1.0050549499075165,1.0042450428009033
3711.743733444602,0.9987321112964361,1.004247784614563
3711.7460482297142,1.0075439356619285,1.004248857498169
3711.7483630148267,1.005337211027688,1.004248857498169
3711.7506777999374,0.9980987746907348,1.0042866468429565
3711.75299258505,0.9961440038761746,1.0043145418167114
3711.755307370076,1.003733144557361,1.0043145418167114
3711.757622155069,1.0066060907551406,1.0043145418167114
3711.7599369400605,1.0059832867268912,1.0043145418167114
3711.7622517250543,1.0013533820307141,1.004316806793213
3711.764566510046,1.0089579361932954,1.004316806793213
3711.7668812950405,1.003810763909496,1.004316806793213
3711.7691960800325,1.011569868111385,1.0043368339538574
3711.771510865026,1.0216094079017726,1.0043588876724243
3711.7738256500165,1.0026210327103886,1.004374623298645
3711.7761404350103,0.9828132954019042,1.0043834447860718
3711.7784552200023,1.00007785878837,1.004399061203003
3711.7807700049957,1.002870494015759,1.0043834447860718
3711.7830847899872,1.0017311711694603,1.004399061203003
3711.78539957498,0.9979921690200356,1.004399061203003
3711.7877143599735,1.0157016109995303,1.0044440031051636
3711.7900291449646,0.9925262090959479,1.004399061203003
3711.7923439299584,1.0015119559528147,1.004399061203003
3711.79465871495,1.0006110929330052,1.0044440031051636
3711.7969734998587,0.9970430412845556,1.0044440031051636
3711.799288284731,1.0165504017971,1.0044597387313843
3711.801603069606,1.0094960621380038,1.0044597387313843
3711.803917854478,0.9949837521135426,1.0044597387313843
3711.8062326393515,1.0119065223000145,1.0044739246368408
3711.8085474242253,0.9997721376032531,1.0044739246368408
3711.8108622090986,1.0000484205984075,1.0044772624969482
3711.813176993972,1.0064774418163611,1.0044772624969482
3711.8154917788465,1.014149903289808,1.0044820308685303
3711.817806563719,1.003964756768201,1.004486322402954
3711.8201213485927,1.0164857034424666,1.004525899887085
3711.822436133464,0.9982669113212558,1.004525899887085
3711.824750918338,1.0001947487385243,1.004486322402954
3711.827065703212,0.9972521440847755,1.0044820308685303
3711.8293804880846,1.0036061306832518,1.0044820308685303
3711.831695272959,1.0096601782858836,1.004486322402954
3711.8340100578316,1.006121586305419,1.004525899887085
3711.836324842706,1.0008833953711695,1.0045263767242432
3711.8386396274923,0.996352374593815,1.0045263767242432
3711.8409544122474,1.007246357892848,1.0045263767242432
3711.843269197,1.0067415114310083,1.0045286417007446
3711.8455839817548,1.0031367027809164,1.004538893699646
3711.847898766509,1.0060132794837542,1.004538893699646
3711.8502135512626,1.0154098593717125,1.004538893699646
3711.8525283360163,1.0005730605981025,1.004538893699646
3711.854843120769,0.9991220744864854,1.004538893699646
3711.857157905523,1.0007495238636603,1.004538893699646
3711.8594726902766,1.003800628568689,1.0045485496520996
3711.8617874750303,0.9954080865569721,1.00458824634552
3711.8641022597844,1.006741823429824,1.00458824634552
3711.866417044538,0.9987147412685531,1.00458824634552
3711.868731829292,0.9992686686767697,1.00458824634552
3711.8710466140446,1.0020363819493565,1.0046006441116333
3711.873361398799,0.9957358621986723,1.0046356916427612
3711.8756761835525,1.0045466044457692,1.0046491622924805
3711.877990968306,1.0016390178565495,1.0046491622924805
3711.880305752976,1.0013259990260581,1.0046491622924805
3711.8826205376095,1.016319933247963,1.0046491622924805
3711.884935322243,0.9961916833341086,1.0046491622924805
3711.887250106875,0.9977452676963617,1.0046491622924805
3711.88956489151,1.0049110020304695,1.0046491622924805
3711.891879676144,0.9991263121485091,1.0046356916427612
3711.8941944607777,0.9999132601087275,1.0046356916427612
3711.896509245412,0.9956685824198056,1.0046356916427612
3711.8988240300455,1.0044302013097903,1.0046491622924805
3711.901138814679,0.9960870927693741,1.0046659708023071
3711.9034535993133,0.9943536766304271,1.0046491622924805
3711.905768383946,1.0067867469712257,1.0046659708023071
3711.9080831685797,1.0121748662253869,1.0046491622924805
3711.9103979532133,1.0173838175672147,1.0046491622924805
3711.9127127378474,1.0110186005776869,1.0046659708023071
3711.915027522481,0.9970576959517897,1.0046659708023071
3711.9173423071147,1.0023898062146115,1.0046815872192383
3711.919657091748,1.002193196084948,1.004681944847107
3711.9219718762965,1.0021659057203334,1.004681944847107
3711.9242866608106,1.0008219133221388,1.004683494567871
3711.9266014453233,1.0049648868772267,1.00471830368042
3711.928916229838,1.0034102948312293,1.0048019886016846
3711.9312310143505,1.0088557964166842,1.0049159526824951
3711.9335457988645,0.9956173696174875,1.0049186944961548
3711.9358605833763,0.9978051853474829,1.0049186944961548
3711.938175367891,0.9999970343555672,1.0049189329147339
3711.9404901524044,0.9932538113572557,1.0049189329147339
3711.942804936919,0.9933532822254185,1.004919409751892
3711.9451197214316,0.9913804771719628,1.004919409751892
3711.947434505945,0.992388973739231,1.004919409751892
3711.9497492904584,1.011659524655715,1.0049262046813965
3711.9520640749697,1.0055789080974833,1.0049301385879517
3711.9543788594847,1.0048583277374252,1.004966139793396
3711.956693643997,0.9993596651943395,1.0049301385879517
3711.959008428513,1.0046534706433379,1.004966139793396
3711.961323213025,0.9995121396336315,1.0050166845321655
3711.9636379974536,1.0020390932766263,1.005018711090088
3711.9659527818453,1.0085033039277889,1.0050204992294312
3711.9682675662384,1.0039247292697102,1.0050415992736816
3711.9705823506306,1.0090922677294238,1.0050415992736816
3711.972897135024,1.0038223060606075,1.0050578117370605
3711.975211919416,0.9982811490729567,1.0050790309906006
3711.977526703811,0.9932150404769321,1.005079984664917
3711.9798414882025,1.0066654711515561,1.0051145553588867
3711.9821562725965,0.9914579377933638,1.0051145553588867
3711.9844710569873,0.9964825769672004,1.0051418542861938
3711.986785841379,1.0002036352871844,1.0051418542861938
3711.989100625773,0.994326651343239,1.0051690340042114
3711.991415410165,1.000228297803277,1.0051690340042114
3711.993730194559,0.9990834880915715,1.0051690340042114
3711.9960449789505,1.0145395895471498,1.0051906108856201
3711.9983597633454,0.9905226762574673,1.0051690340042114
3712.0006745477363,1.0077218927858433,1.0051418542861938
3712.00298933213,1.0042453865696301,1.0051418542861938
3712.0053041164356,1.0026840705889692,1.0051690340042114
3712.0076189007086,1.0047398181848155,1.0051690340042114
3712.0099336849794,0.99838356765475,1.0051906108856201
3712.012248469252,1.0059126082908867,1.0051906108856201
3712.0145632535227,1.0022792526224036,1.0051906108856201
3712.016878037795,1.0088601365013667,1.0051906108856201
3712.0191928220665,1.0026286297089118,1.0051906108856201
3712.021507606338,1.0036879329004458,1.005216360092163
3712.0238223906103,0.9927129586168343,1.005216360092163
3712.026137174881,1.006489173464936,1.0052515268325806
3712.0284519591537,1.0014926486431743,1.0052515268325806
3712.0307667434245,1.001347664463331,1.005216360092163
3712.0330815276966,0.9931419603940341,1.005216360092163
3712.0353963119683,0.9990701630244593,1.0052515268325806
3712.03771109624,0.99496268141219,1.0052515268325806
3712.040025880512,1.0005562744340966,1.0052785873413086
3712.0423406647838,1.0062317760099155,1.0052810907363892
3712.0446554490554,1.001972963592193,1.0052918195724487
3712.04697023324,0.9999868374228433,1.0052918195724487
3712.0492850173905,1.0014232184777918,1.0052918195724487
3712.0515998015408,1.0057656642792772,1.0053157806396484
3712.053914585691,0.99446485319926,1.0053157806396484
3712.0562293698426,0.9972224066783665,1.0053157806396484
3712.058544153993,0.9923195206521453,1.0053465366363525
3712.060858938143,1.0047130464044405,1.0053647756576538
3712.0631737222916,0.9910463297463399,1.005387783050537
3712.0654885064428,0.9989325101697881,1.005387783050537
3712.067803290594,0.9960433038282607,1.005387783050537
3712.0701180747433,0.9944242927698937,1.0053894519805908
3712.072432858895,0.9873888670587865,1.0053894519805908
3712.074747643045,1.0128148366493088,1.0053894519805908
3712.0770624271954,1.0071619349259073,1.0053985118865967
3712.079377211344,1.0103024393344007,1.0054137706756592
3712.0816919954955,1.0022767270288238,1.0054155588150024
3712.0840067796457,0.9978804900873164,1.0054703950881958
3712.086321563796,1.012502528296169,1.0054748058319092
3712.0886363478603,0.9980733173240796,1.0054951906204224
3712.0909511318887,1.0001978701864875,1.0055092573165894
3712.093265915917,1.0056350915721646,1.0055092573165894
3712.0955806999464,1.0000736243887605,1.0054951906204224
3712.097895483974,0.9995870632108651,1.0054951906204224
3712.100210268003,0.9937609242067084,1.0055092573165894
3712.1025250520306,1.0032005413747271,1.0055092573165894
3712.10483983606,0.9944474353458471,1.0055114030838013
3712.1071546200883,1.001388407914269,1.0055114030838013
3712.1094694041167,0.9850396705758887,1.0055114030838013
3712.1117841881446,0.9962685642603288,1.0055092573165894
3712.1140989721735,1.003640732528331,1.0055114030838013
3712.1164137562027,1.0075174893157732,1.005514144897461
3712.1187285402307,1.007591014460142,1.0055114030838013
3712.1210433242604,0.996182856321773,1.0055114030838013
3712.123358108289,1.0019568875363478,1.0055092573165894
3712.125672892317,1.004357995604185,1.0055114030838013
3712.127987676344,0.9877857804314272,1.0055114030838013
3712.130302460287,1.0145566069589267,1.005514144897461
3712.1326172441936,1.0022420041390117,1.005514144897461
3712.1349320281015,0.992615707852551,1.005514144897461
3712.137246812007,1.0079220565052636,1.0055221319198608
3712.1395615959136,0.9899480660452518,1.005523681640625
3712.1418763798197,1.0053030583249871,1.005523681640625
3712.1441911637244,0.9880629405035003,1.0055243968963623
3712.1465059476322,1.0073610498260004,1.0055391788482666
3712.1488207315388,1.0051419995163149,1.005558967590332
3712.151135515446,0.9985039108150651,1.0055692195892334
3712.153450299352,1.0018202900158841,1.0055862665176392
3712.155765083259,1.0119480019427491,1.0055862665176392
3712.158079867165,1.006859014003845,1.0055862665176392
3712.1603946510713,1.0029353436068582,1.0055862665176392
3712.162709434977,0.9962068800370243,1.005594253540039
3712.1650242188844,0.9910969482922763,1.005614161491394
3712.16733900279,0.9997684858918052,1.0056222677230835
3712.1696537866987,0.9926862642430668,1.0056222677230835
3712.171968570517,1.0083783687347605,1.0056222677230835
3712.1742833543026,0.987775941192606,1.0056431293487549
3712.1765981380845,0.9967103758056628,1.005676031112671
3712.178912921868,0.9983332902658983,1.005695104598999
3712.1812277056524,0.9977984875907266,1.0057059526443481
3712.1835424894352,0.9867829005372208,1.005695104598999
3712.185857273221,0.9998787410691553,1.0057082176208496
3712.1881720570036,1.0111024819320638,1.0057082176208496
3712.19048684079,1.0006624791441752,1.0057082176208496
3712.192801624572,1.0074067515265823,1.0057082176208496
3712.195116408357,0.9971763145155593,1.0057082176208496
3712.19743119214,1.0039217722247589,1.0057082176208496
3712.1997459759255,0.9886157296706368,1.0057154893875122
3712.2020607597083,0.9983537253764065,1.0057239532470703
3712.204375543493,0.9937420465816659,1.0057239532470703
3712.206690327276,1.001577289683646,1.0057239532470703
3712.2090051110604,0.9997725393474926,1.0057239532470703
3712.2113198948446,1.0050668371614049,1.0057239532470703
3712.2136346785414,0.9804874556457654,1.0057239532470703
3712.215949462203,1.0060073792550195,1.0057239532470703
3712.218264245863,1.002736993649952,1.005724549293518
3712.2205790295247,1.0080781320688545,1.005780577659607
3712.2228938131852,1.000357587365041,1.005780577659607
3712.2252085968466,0.9887420101577328,1.005782961845398
3712.2275233805076,0.9898770540038608,1.005782961845398
3712.229838164169,1.004434144620293,1.0057989358901978
3712.2321529478304,1.0007613790252405,1.0058071613311768
3712.2344677314923,0.9994689115946993,1.0058152675628662
3712.2367825151528,1.0063436678878184,1.0058152675628662
3712.239097298815,0.9963288047436356,1.0058377981185913
3712.241412082474,0.9990663391071058,1.0058585405349731
3712.2437268661356,1.0044931393464587,1.0058585405349731
3712.2460416497966,1.0079233179733988,1.0058585405349731
3712.248356433459,0.9993615598844858,1.0058585405349731
3712.2506712171203,0.9983809670655209,1.0058585405349731
3712.2529860007803,0.9942998307062282,1.0058873891830444
3712.2553007843553,0.9997085800595995,1.0058873891830444
3712.257615567891,1.01341370630564,1.0059070587158203
3712.2599303514303,0.9951970571783422,1.0059070587158203
3712.262245134967,1.002513199124605,1.0059176683425903
3712.2645599185066,1.0026220420998568,1.005942940711975
3712.2668747020443,0.9969776479384096,1.005942940711975
3712.269189485582,1.0026046409772593,1.0059813261032104
3712.2715042691207,0.9893442573413725,1.0059813261032104
3712.2738190526575,1.009298970511329,1.005942940711975
3712.276133836195,1.004480437842872,1.005942940711975
3712.2784486197334,1.002163664677718,1.005942940711975
3712.2807634032715,1.005830935574478,1.0059813261032104
3712.2830781868097,0.984970333948078,1.006040096282959
3712.2853929703474,1.0010064613062195,1.0060632228851318
3712.2877077538865,0.9982478207952439,1.0060997009277344
3712.290022537423,0.9943823153600285,1.0060997009277344
3712.2923373209605,0.998910438933396,1.0061378479003906
3712.2946521044987,0.999387212213671,1.0061402320861816
3712.296966887949,0.9885505385873568,1.006142497062683
3712.2992816713645,0.9971242701081906,1.0061612129211426
3712.3015964547776,0.993334946231718,1.0061612129211426
3712.3039112381935,1.0029368380785757,1.0062516927719116
3712.306226021606,1.005162874828776,1.0062958002090454
3712.308540805021,0.993596516510668,1.0062958002090454
3712.3108555884346,1.0025454245203502,1.0062958002090454
3712.31317037185,0.9955778702797725,1.0063481330871582
3712.3154851552645,0.9969862092003421,1.0063481330871582
3712.317799938679,1.0032246940414415,1.0062958002090454
3712.3201147220934,1.0078208396429937,1.0062958002090454
3712.322429505507,0.9891035269478528,1.0063481330871582
3712.3247442889215,0.9962976168759018,1.0063481330871582
3712.327059072337,0.9994704958385948,1.0063481330871582
3712.3293738557504,0.9986545971307311,1.006374478340149
3712.331688639165,1.0088663548420607,1.0063813924789429
3712.334003422579,1.0006142909227795,1.0063951015472412
3712.336318205994,1.0019724403227828,1.0064046382904053
3712.338632989319,1.0008249907403228,1.0064266920089722
3712.3409477726095,1.0047546093296,1.0064046382904053
3712.343262555901,1.0067531087966906,1.0064046382904053
3712.3455773391906,1.0053093158570328,1.0064266920089722
3712.347892122482,1.0044927349289945,1.0064266920089722
3712.3502069057713,0.9920026238614328,1.0064266920089722
3712.352521689063,0.9932143981544982,1.0064342021942139
3712.3548364723515,1.0042682758546353,1.0064266920089722
3712.3571512556427,1.0016622876745527,1.0064342021942139
3712.3594660389326,0.9886225015004056,1.0064502954483032
3712.3617808222252,0.9989718949480363,1.0064502954483032
3712.3640956055146,1.0116591323809883,1.0064527988433838
3712.366410388804,1.0013058559912673,1.0064527988433838
3712.3687251720958,1.0004218515802499,1.006570816040039
3712.3710399553843,0.9990783691753216,1.006570816040039
3712.3733547386755,1.0027339813092082,1.0065710544586182
3712.375669521965,1.0095683835112994,1.006572961807251
3712.3779843052566,1.013139547305189,1.006572961807251
3712.3802990884587,1.0055257687031005,1.0066336393356323
3712.3826138716263,1.016701532580435,1.0066336393356323
3712.384928654791,0.998995293249671,1.0066336393356323
3712.3872434379573,0.9943686131724,1.006572961807251
3712.3895582211226,1.00253308314351,1.0066336393356323
3712.3918730042897,1.0038017563420338,1.0066336393356323
3712.394187787455,0.9955540186789716,1.0066336393356323
3712.396502570622,0.9942225356989669,1.0066463947296143
3712.398817353787,1.0110033389564859,1.0066336393356323
3712.401132136952,0.9899734876358924,1.0066463947296143
3712.4034469201197,1.0075741454484608,1.0066648721694946
3712.4057617032845,0.9954985173279195,1.0066689252853394
3712.408076486452,1.010022320902556,1.0066689252853394
3712.4103912696173,0.9963401251292106,1.0066689252853394
3712.412706052784,1.001506415201945,1.0066689252853394
3712.4150208359492,1.0004617197170662,1.0066648721694946
3712.417335619116,0.9988777378453869,1.0066689252853394
3712.4196504022816,1.0037367387280003,1.0066982507705688
3712.421965185359,0.9909373191563989,1.0066982507705688
3712.424279968401,1.0044915329198896,1.0067225694656372
3712.426594751443,0.9990629971869786,1.0067238807678223
3712.428909534484,0.9937150454314663,1.0067520141601562
3712.4312243175264,0.9921399699395262,1.0067989826202393
3712.433539100566,1.011117455929592,1.0068520307540894
3712.435853883608,0.9947890693115822,1.006852626800537
3712.4381686666484,1.0169408526452233,1.006852626800537
3712.44048344969,0.9919561023015141,1.006852626800537
3712.4427982327325,0.9858160436803198,1.006852626800537
3712.445113015773,0.9920967590691647,1.006852626800537
3712.4474277988156,0.9959320831456726,1.006852626800537
3712.4497425818554,1.0018053319807552,1.006852626800537
3712.4520573648974,0.996601147963548,1.0068520307540894
3712.4543721479376,1.000957365844464,1.006852626800537
3712.4566869309806,1.0023327824305952,1.006857991218567
3712.4590017140217,1.006892973675421,1.006857991218567
3712.4613164970633,1.0058580626859357,1.006857991218567
3712.463631280016,1.0132216714031113,1.0068665742874146
3712.4659460629314,1.0034456878819835,1.0068665742874146
3712.468260845848,1.0039055391596396,1.0068665742874146
3712.470575628764,0.9878732576946652,1.0068665742874146
3712.4728904116805,0.990307545077324,1.0068665742874146
3712.475205194596,1.0019364641793198,1.0068800449371338
3712.477519977513,1.0049928181842722,1.0068812370300293
3712.47983476043,1.004162635330934,1.0068812370300293
3712.4821495433453,0.9969153601779321,1.0068854093551636
3712.4844643262613,0.998316791112676,1.0068854093551636
3712.486779109178,0.9902711801678599,1.0068954229354858
3712.4890938920944,1.009381455004001,1.0068954229354858
3712.4914086750114,0.9812158654730107,1.0069063901901245
3712.493723457927,0.9988256734145555,1.0069063901901245
3712.4960382408444,0.9968410745082337,1.0069063901901245
3712.4983530237587,0.9920531985689294,1.0069063901901245
3712.500667806676,0.9894710179063789,1.0069063901901245
3712.5029825895913,0.9986162400941828,1.0069074630737305
3712.50529737242,0.9988252010998098,1.0069074630737305
3712.5076121552106,0.996173349788174,1.0069074630737305
3712.5099269380007,0.9998176770829091,1.0069074630737305
3712.5122417207926,0.9978963280037705,1.0069202184677124
3712.514556503582,0.9950078486653717,1.0069202184677124
3712.5168712863733,0.9971314101824165,1.0069202184677124
3712.519186069163,0.9909726800772799,1.0069242715835571
3712.5215008519554,0.993030550387629,1.0069447755813599
3712.523815634746,0.996376925265308,1.0069242715835571
3712.526130417537,0.9883293387546741,1.0069447755813599
3712.528445200328,1.003947381661717,1.0069447755813599
3712.530759983118,1.00224840813722,1.0069447755813599
3712.5330747659086,0.9907423476877326,1.0069751739501953
3712.535389548701,0.9965520792885623,1.0069751739501953
3712.5377043314907,0.9971860566020648,1.0069447755813599
3712.540019114282,0.9882251580911972,1.0069447755813599
3712.5423338970722,0.9950392559831043,1.0069751739501953
3712.544648679864,1.0053712981465872,1.0069751739501953
3712.546963462564,1.007952716037559,1.0069819688796997
3712.549278245229,0.9998854055029271,1.0069819688796997
3712.551593027894,1.0115168296577957,1.006995439529419
3712.553907810559,0.998721720220331,1.006995439529419
3712.556222593225,1.0076116719089792,1.006995439529419
3712.558537375889,1.0024542497633588,1.007007122039795
3712.560852158555,0.9962344573257438,1.007007122039795
3712.5631669412182,0.9962248685629215,1.007007122039795
3712.565481723884,0.9963801828446852,1.007007122039795
3712.567796506548,0.9983919289607628,1.007007122039795
3712.5701112892143,0.9887313096071827,1.007007122039795
3712.5724260718794,0.9994470480105803,1.007007122039795
3712.574740854546,1.0018088320248502,1.0070133209228516
3712.5770556372095,1.0000761143471875,1.0070581436157227
3712.5793704198745,0.9884826984792313,1.0070680379867554
3712.5816852025387,1.0002381657261765,1.0070680379867554
3712.5839999852024,1.0082157073586013,1.0070757865905762
3712.5863147678688,1.0025711520550986,1.0070757865905762
3712.5886295504442,1.0044956394227058,1.0070757865905762
3712.590944332984,0.9927492486110061,1.0070825815200806
3712.593259115522,1.0057417863893066,1.0071296691894531
3712.5955738980606,0.9959643527890708,1.0071347951889038
3712.5978886805983,0.9987154093823288,1.0071523189544678
3712.6002034631383,1.000496058166282,1.0071523189544678
3712.602518245676,1.0124180249380785,1.0071523189544678
3712.6048330282156,0.9971171575523821,1.0071523189544678
3712.6071478107533,0.9981127064038731,1.0071523189544678
3712.6094625932933,1.0069154603729893,1.0071523189544678
3712.611777375831,1.0005766631797008,1.0071523189544678
3712.6140921583697,1.0056988099575244,1.0071523189544678
3712.6164069409083,0.9995160148313225,1.0071523189544678
3712.6187217234465,1.0007375024929621,1.0071736574172974
3712.621036505986,0.9974453131426589,1.0071736574172974
3712.6233512885237,0.990369713062723,1.0071523189544678
3712.6256660710637,1.0021760181353783,1.0071347951889038
3712.6279808536005,1.0004647024957105,1.0071296691894531
3712.6302956360505,1.0003779406695883,1.0071296691894531
3712.6326104184623,1.007369299863246,1.0070825815200806
3712.634925200876,1.0085025830309844,1.0070825815200806
3712.6372399832867,0.9982523599769128,1.0070757865905762
3712.6395547657003,1.0012114161471333,1.0070757865905762
3712.6418695481116,0.9911882824356684,1.0070680379867554
3712.6441843305233,0.9911183833992333,1.0070680379867554
3712.6464991129346,0.9907100570212783,1.0070680379867554
3712.6488138953478,0.9840481639280962,1.0070680379867554
3712.65112867776,0.9965077707486797,1.0070680379867554
3712.653443460171,1.000679340508214,1.0070680379867554
3712.6557582425844,1.0128893778429926,1.0070757865905762
3712.6580730249952,1.0084339848039126,1.0070757865905762
3712.6603878074075,1.0048484244425744,1.0070680379867554
3712.6627025898183,0.9998209035928657,1.0070757865905762
3712.665017372232,1.0045650403727602,1.0070680379867554
3712.667332154643,0.9996426295269689,1.0070581436157227
3712.669646937056,1.0091846760675423,1.0070133209228516
3712.6719617193776,0.9993955565236332,1.0070133209228516
3712.6742765016643,1.0097834975734512,1.007007122039795
3712.6765912839473,0.9979490463805551,1.006995439529419
3712.6789060662322,0.9990876241849792,1.0069819688796997
3712.6812208485176,1.0128174181741427,1.0069819688796997
3712.6835356308034,1.0002366558480573,1.0069447755813599
3712.6858504130873,1.0032378876660157,1.0069447755813599
3712.6881651953727,0.9962072730712481,1.0069242715835571
3712.690479977659,1.001997949721896,1.0069202184677124
3712.692794759942,0.9943990872604186,1.0069202184677124
3712.695109542227,1.0133797791098664,1.0069074630737305
3712.6974243245118,1.006795435581288,1.0069074630737305
3712.699739106798,1.0039493038105962,1.0069074630737305
3712.7020538890824,0.9969665696368325,1.0069063901901245
3712.7043686713687,1.0008204629376292,1.0068954229354858
3712.7066834536536,0.9892028024551377,1.0068954229354858
3712.7089982359375,1.0003993432916187,1.0068854093551636
3712.7113130182215,1.0000958992191553,1.0068854093551636
3712.7136278004173,0.9971818536140895,1.0068812370300293
3712.715942582575,1.0048487377109232,1.0068800449371338
3712.7182573647324,1.0187237711278352,1.0068800449371338
3712.7205721468904,1.0045368282977605,1.0068665742874146
3712.722886929047,0.9957541536444412,1.006857991218567
3712.7252017112046,1.007828946215599,1.006852626800537
3712.7275164933612,1.0065202936458661,1.006852626800537
3712.72983127552,0.9947697704453137,1.006852626800537
3712.7321460576777,0.9995461803791508,1.0068520307540894
3712.7344608398353,1.0058946788644973,1.006852626800537
3712.736775621993,1.0014037261256448,1.006852626800537
3712.7390904041513,0.9883753338230272,1.006852626800537
3712.741405186307,0.9949603881655493,1.0068520307540894
3712.7437199684646,1.0004213785626408,1.0068520307540894
3712.7460347506226,0.998239066209003,1.0068520307540894
3712.748349532781,0.9964848811052976,1.0068520307540894
3712.7506643149377,1.0099346596832355,1.0068520307540894
3712.7529790970966,1.0097646401226983,1.0068520307540894
3712.7552938791614,1.0043254349617758,1.0068520307540894
3712.757608661191,0.9939877484094114,1.0068520307540894
3712.759923443221,0.9883685134917856,1.006836175918579
3712.7622382252503,1.0054424876100438,1.006836175918579
3712.7645530072814,0.996242461183189,1.006836175918579
3712.7668677893103,0.9949503632153336,1.006836175918579
3712.7691825713414,1.0110588395766715,1.0067989826202393
3712.771497353369,0.9978987979836228,1.0067989826202393
3712.7738121353996,1.0061257773554155,1.0067965984344482
3712.7761269174284,1.002050028607804,1.0067520141601562
3712.7784416994596,0.998780616034011,1.0067520141601562
3712.780756481489,0.9904938321890324,1.0067965984344482
3712.7830712635196,1.0087691918579538,1.0067520141601562
3712.785386045549,0.9974981120395869,1.0067965984344482
3712.7877008275786,1.001573596355603,1.0067965984344482
3712.790015609607,0.997185162590844,1.0067520141601562
3712.792330391636,0.9979434588540206,1.0067520141601562
3712.794645173667,1.001697404268057,1.0067520141601562
3712.7969599556054,1.008853344371794,1.0067965984344482
3712.799274737507,1.0035791240026513,1.0067989826202393
3712.801589519409,1.0006627086490287,1.0067989826202393
3712.80390430131,0.9861447149777719,1.0067965984344482
3712.8062190832106,1.0070508553405413,1.0067989826202393
3712.808533865113,0.9976243369065371,1.0067989826202393
3712.8108486470137,1.0110629837258078,1.0067989826202393
3712.813163428916,0.9996376829612242,1.0067989826202393
3712.8154782108168,1.0072332150314092,1.0067965984344482
3712.8177929927197,1.004738878005714,1.0067520141601562
3712.820107774619,1.0021414409618286,1.0067520141601562
3712.8224225565214,1.0136262683818567,1.0067238807678223
3712.824737338423,0.9961429196632237,1.0067520141601562
3712.8270521203235,0.9944959648916326,1.0067965984344482
3712.829366902226,0.9987683588766846,1.0067989826202393
3712.8316816841266,1.0000023680908285,1.0067965984344482
3712.833996466029,0.999307807050801,1.0067965984344482
3712.8363112479287,1.0078273604280181,1.0067520141601562
3712.8386260297398,0.9965686363893624,1.0067965984344482
3712.8409408115126,1.0079516749585171,1.0067989826202393
3712.8432555932864,1.005463185541574,1.0067965984344482
3712.8455703750583,1.0020838015246243,1.0067965984344482
3712.847885156832,0.9990614840440446,1.0067520141601562
3712.850199938604,1.0001563052841134,1.0067238807678223
3712.852514720377,0.9990666667771857,1.0067225694656372
3712.8548295021487,0.9943432807171959,1.0067225694656372
3712.8571442839225,1.010468560039247,1.0067225694656372
3712.8594590656944,1.0001285967876143,1.0067225694656372
3712.8617738474672,1.0137115436694442,1.0067225694656372
3712.8640886292405,0.9908202497548549,1.0067225694656372
3712.866403411013,0.9928584428968512,1.0066982507705688
3712.8687181927858,0.9972051430010692,1.0066982507705688
3712.8710329745577,1.0023854348862717,1.0067225694656372
3712.873347756331,1.0126616753179274,1.0067238807678223
3712.8756625381034,1.0064710947505626,1.0067520141601562
3712.877977319877,1.0044966115855922,1.0067520141601562
3712.880292101558,0.9974393833870376,1.0067965984344482
3712.882606883203,0.9955414875506208,1.0067989826202393
3712.884921664845,1.0026938153428715,1.0067989826202393
3712.8872364464883,1.013998537050995,1.006836175918579
3712.889551228132,0.9939002522706669,1.0068520307540894
3712.891866009777,0.9852753115140774,1.0068520307540894
3712.89418079142,1.0074353958229414,1.0068520307540894
3712.896495573062,1.0124204261689467,1.0068520307540894
3712.898810354708,1.0056416624398599,1.006852626800537
3712.90112513635,1.0138562307869723,1.006852626800537
3712.9034399179936,0.9950431777272852,1.006857991218567
3712.9057546996373,1.0034866827284474,1.006857991218567
3712.908069481282,0.9947244521371131,1.006857991218567
3712.9103842629247,0.983219339784601,1.006852626800537
3712.9126990445693,1.0114570146761366,1.006852626800537
3712.9150138262125,0.9972700967915675,1.0068520307540894
3712.9173286078562,1.008317342693723,1.0068520307540894
3712.9196433894986,1.0029102233969411,1.0068520307540894
3712.9219581710518,0.9958871431220203,1.006836175918579
3712.924272952566,1.0029088484261222,1.006836175918579
3712.926587734079,1.0017280191406979,1.0068520307540894
3712.928902515594,1.0047638628396796,1.0068520307540894
3712.9312172971077,1.0010612014770863,1.0068520307540894
3712.9335320786217,1.0071312251996636,1.006836175918579
3712.935846860135,1.0073155738238688,1.006836175918579
3712.93816164165,1.0088502731603795,1.006836175918579
3712.9404764231645,0.9901113006298637,1.006836175918579
3712.9427912046785,0.9993138834586951,1.0068520307540894
3712.9451059861926,0.9920543726021455,1.006852626800537
3712.947420767708,0.9973326494762325,1.0068665742874146
3712.9497355492203,1.0051114056022057,1.0068665742874146
3712.9520503307344,1.0062064530962944,1.0068665742874146
3712.9543651122485,0.9998036989139151,1.0068665742874146
3712.9566798937635,0.9857082423445068,1.006852626800537
3712.9589946752767,1.000067131639106,1.006852626800537
3712.961309456791,1.0138344455636998,1.006852626800537
3712.9636242382144,1.0069937885742586,1.0068665742874146
3712.9659390195966,0.9995890463993965,1.0068665742874146
3712.9682538009806,1.0010021202705346,1.006852626800537
3712.9705685823646,0.9939911819520685,1.0068520307540894
3712.97288336375,1.0064555337874213,1.0068520307540894
3712.975198145133,0.9995775558551552,1.0068520307540894
3712.977512926519,1.001046401104795,1.006852626800537
3712.979827707903,0.9999861476314403,1.0068665742874146
3712.982142489286,0.9969620690181832,1.0068665742874146
3712.9844572706693,1.0070164022699415,1.0068665742874146
3712.9867720520547,0.9935303519010719,1.0068665742874146
3712.9890868334387,0.998823156398726,1.0068800449371338
3712.991401614823,0.994087966231969,1.0068812370300293
3712.993716396207,0.9899392422651632,1.0068812370300293
3712.9960311775917,1.0120166955312673,1.0068812370300293
3712.998345958975,0.9863547707511032,1.0068800449371338
3713.000660740358,0.988640913761043,1.0068800449371338
3713.0029755217433,0.988201156282067,1.0068665742874146
3713.005290303035,1.005599157574888,1.006852626800537
3713.007605084289,0.9946761145131467,1.0068520307540894
3713.0099198655425,1.003729596443457,1.006836175918579
3713.0122346467974,0.9958188922278447,1.0068520307540894
3713.0145494280496,0.9976656278260573,1.006836175918579
3713.016864209304,0.9965132313209581,1.0067989826202393
3713.019178990557,0.9960673115609484,1.0067965984344482
3713.021493771812,1.0060153354880756,1.0067520141601562
3713.023808553065,0.9969846105606481,1.0067238807678223
3713.0261233343185,1.0084779038798286,1.0067238807678223
3713.0284381155734,0.9911610430833578,1.0067225694656372
3713.0307528968256,0.9980130256941355,1.0067225694656372
3713.03306767808,1.0006185908089293,1.0067225694656372
3713.035382459333,1.0072223792513464,1.0067225694656372
3713.037697240588,1.0020625219582566,1.0067225694656372
3713.040012021841,1.0068287647193397,1.0067238807678223
3713.042326803096,1.0047959759506169,1.0067965984344482
3713.0446415843494,1.0022910565431997,1.0067238807678223
3713.0469563655097,1.0086438118835037,1.0067225694656372
3713.049271146632,0.9882391961824516,1.0067225694656372
3713.0515859277566,1.0038410839439897,1.0067238807678223
3713.0539007088787,1.0063843603774631,1.0067238807678223
3713.0562154900026,1.0091435539028386,1.0067965984344482
3713.0585302711247,1.0092638309793383,1.0067989826202393
3713.0608450522477,1.0138021116383062,1.006836175918579
3713.06315983337,1.0110960185146376,1.0067989826202393
3713.065474614492,0.9909331345088982,1.0067989826202393
3713.067789395616,0.997270308166034,1.0067989826202393
3713.070104176739,1.0068564355439171,1.0067989826202393
3713.0724189578627,0.9980593541615901,1.0067989826202393
3713.0747337389844,0.989979210579847,1.0067989826202393
3713.0770485201087,1.0046574316079229,1.0067989826202393
3713.07936330123,1.0086910117454937,1.0067965984344482
3713.081678082354,1.0080313800451879,1.0067965984344482
3713.0839928634755,0.9998479575872716,1.0067238807678223
3713.0863076446,1.0091217674672155,1.0067965984344482
3713.0886224256287,1.0056960250618945,1.0067238807678223
3713.0909372066226,1.0017137873326558,1.0067965984344482
3713.0932519876133,0.9897188152631031,1.0067965984344482
3713.095566768603,0.9939370954560837,1.0067965984344482
3713.0978815495955,0.9936453617143611,1.0067989826202393
3713.100196330586,1.0009098183418146,1.0067989826202393
3713.102511111579,0.9984022529015556,1.0067989826202393
3713.10482589257,1.0001471768449974,1.0067965984344482
3713.1071406735628,0.9943877431407657,1.0067965984344482
3713.109455454552,1.0095283464369262,1.0067238807678223
3713.111770235545,0.9954183605659767,1.0067238807678223
3713.1140850165366,1.0097331431653496,1.0067421197891235
3713.1163997975295,1.0040309455173464,1.0067421197891235
3713.11871457852,0.9928768117615228,1.0067421197891235
3713.1210293595127,0.9947946787997459,1.0067238807678223
3713.123344140504,0.9927943264023781,1.0067238807678223
3713.125658921493,1.0007640207337134,1.0066982507705688
3713.127973702486,1.0062025796279754,1.0066689252853394
3713.1302884833844,1.0044011813061464,1.0066689252853394
3713.1326032642455,0.9944732185393197,1.0066648721694946
3713.1349180451048,0.996717205898253,1.0066426992416382
3713.1372328259654,1.0224215310360556,1.0066648721694946
3713.139547606824,1.001305372799811,1.0066426992416382
3713.141862387685,1.0074323966663812,1.0066648721694946
3713.1441771685436,1.0073504934849191,1.0066426992416382
3713.146491949404,1.004960369270224,1.0066426992416382
3713.148806730265,1.0089310107368474,1.0066372156143188
3713.1511215111245,1.00028516327907,1.0066372156143188
3713.1534362919842,1.0059331251846664,1.0066372156143188
3713.1557510728458,1.0021526985410842,1.0066372156143188
3713.1580658537036,1.0078162016661032,1.0066336393356323
3713.1603806345624,0.9930188567964977,1.006572961807251
3713.1626954154235,1.0043798189614823,1.006570816040039
3713.1650101962823,1.014565367335376,1.006570816040039
3713.1673249771434,1.0071437487579564,1.006572961807251
3713.1696397580035,1.0054152793822546,1.0066336393356323
3713.171954538771,0.9986259345817912,1.0066372156143188
3713.174269319497,1.0055985992843655,1.0066336393356323
3713.1765841002243,1.0068715113239308,1.0066372156143188
3713.178898880952,1.0011103307058902,1.0066426992416382
3713.181213661681,1.0055349559367106,1.0066426992416382
3713.183528442408,0.9954617889927867,1.0066648721694946
3713.1858432231365,1.0002137481634532,1.0066648721694946
3713.1881580038644,1.0035065356609503,1.0066648721694946
3713.1904727845904,0.9942920285810681,1.0066426992416382
3713.192787565318,0.9992692138666758,1.0066426992416382
3713.1951023460456,1.0002673997857723,1.0066372156143188
3713.197417126775,0.998300270538003,1.0066372156143188
3713.1997319075017,1.0110403663542857,1.0066372156143188
3713.20204668823,1.003001319827552,1.0066372156143188
3713.2043614689574,0.9854035599224801,1.0066372156143188
3713.206676249685,0.9978771441276556,1.0066372156143188
3713.2089910304117,1.005314382381868,1.0066336393356323
3713.2113058111404,1.0,1.0066336393356323
3713.2136205917745,0.9980921974678063,1.006572961807251
3713.2159353723696,0.9924004701230946,1.006572961807251
3713.2182501529646,1.005202086092778,1.006570816040039
3713.2205649335606,1.0011701067568455,1.0065643787384033
3713.222879714154,0.9887046207610574,1.0065643787384033
3713.225194494749,1.0046317515337517,1.0065643787384033
3713.227509275344,0.9975562770424343,1.0065643787384033
3713.2298240559394,1.006939040990924,1.0065643787384033
3713.2321388365344,1.0077396777451637,1.0065441131591797
3713.2344536171295,1.0100836098378114,1.0065441131591797
3713.236768397726,1.002477357605232,1.0065643787384033
3713.239083178319,1.0096045433270358,1.0065441131591797
3713.241397958914,1.0131482142958659,1.0065441131591797
3713.243712739509,0.9977574476189033,1.0065441131591797
3713.2460275201056,0.9908547161500733,1.006534457206726
3713.2483423006997,1.0020999206933505,1.006505012512207
3713.2506570812957,0.9975414464888568,1.006505012512207
3713.252971861891,1.0015567601575521,1.006505012512207
3713.25528664239,1.0057949757295122,1.006505012512207
3713.2576014228516,1.0029862296369612,1.006534457206726
3713.2599162033134,0.9980144308771455,1.006534457206726
3713.262230983777,1.0041139713123457,1.006534457206726
3713.264545764238,1.0005495562333415,1.006505012512207
3713.2668605447006,0.9952940621869351,1.0064527988433838
3713.269175325163,1.0172932555237508,1.006505012512207
3713.271490105624,0.9993495001266177,1.0064527988433838
3713.273804886085,0.9917273874896982,1.0064527988433838
3713.276119666548,0.9936887615681066,1.0064502954483032
3713.27843444701,0.9853855135786659,1.0064342021942139
3713.280749227472,1.0030345000110747,1.0064336061477661
3713.2830640079337,1.0125400099993165,1.0064336061477661
3713.2853787883964,1.0083196112279396,1.0064342021942139
3713.2876935688573,1.0049688590528347,1.0064342021942139
3713.290008349319,0.9971210689639366,1.0064502954483032
3713.292323129781,1.014495771395488,1.0064527988433838
3713.294637910243,0.9998001833054633,1.0064527988433838
3713.2969526906104,1.0094097292298538,1.006505012512207
3713.299267470939,1.010577062470331,1.006505012512207
3713.3015822512684,0.9859977404898463,1.006534457206726
3713.3038970315947,1.0042685294814675,1.006534457206726
3713.306211811924,1.0114307696535048,1.006505012512207
3713.3085265922514,1.00719658100222,1.006505012512207
3713.3108413725813,0.993130606302652,1.006505012512207
3713.3131561529085,1.0015511555611463,1.0064527988433838
3713.3154709332375,0.9987298618434579,1.006505012512207
3713.3177857135665,0.9983500284726979,1.006505012512207
3713.320100493893,0.9960634808281389,1.0064527988433838
3713.3224152742223,1.005483292268456,1.0064527988433838
3713.3247300545495,0.9933865056572879,1.0064527988433838
3713.3270448348794,0.9981540121868833,1.006505012512207
3713.3293596152066,1.0029821716377818,1.006505012512207
3713.3316743955356,0.9998588234903973,1.0065234899520874
3713.3339891758646,1.0008650614313237,1.0065234899520874
3713.336303956192,1.0025844540016695,1.006505012512207
3713.338618736424,1.0104321607516424,1.0064527988433838
3713.3409335166207,0.9920927706092719,1.0064502954483032
3713.343248296814,0.9967901328446754,1.0064502954483032
3713.345563077009,1.0150051252093257,1.0064342021942139
3713.3478778572025,0.9950625265247803,1.0064336061477661
3713.350192637397,0.9959707800118376,1.0064336061477661
3713.3525074175905,1.0052033875438744,1.0064336061477661
3713.3548221977835,0.9888746054670274,1.0064336061477661
3713.357136977979,1.0198534347390869,1.0064266920089722
3713.3594517581732,1.0042641051633352,1.0064046382904053
3713.3617665383686,0.9884814436386904,1.0064046382904053
3713.364081318562,1.0068791402946151,1.0064046382904053
3713.3663960987574,1.0075257624254146,1.0064046382904053
3713.36871087895,1.0196333822697115,1.0063951015472412
3713.371025659145,0.9935074588147723,1.0063917636871338
3713.3733404393383,1.002421754641489,1.0063917636871338
3713.3756552195337,1.0088066543325098,1.0063813924789429
3713.377969999727,1.0039433190237483,1.0063799619674683
3713.380284779826,1.0075143508987228,1.0063624382019043
3713.382599559887,0.9921678918926603,1.0063624382019043
3713.3849143399448,1.0023958132201507,1.0063421726226807
3713.387229120005,0.9917514727291896,1.0063421726226807
3713.389543900064,1.0021169204380962,1.0063624382019043
3713.391858680125,0.9886558095953356,1.0063421726226807
3713.3941734601835,0.9991016025448909,1.006328821182251
3713.3964882402443,1.0046302296054657,1.006328821182251
3713.3988030203045,0.9991082362813737,1.006328821182251
3713.401117800364,1.0115886382870243,1.0063104629516602
3713.4034325804228,1.0084527190760364,1.0063104629516602
3713.4057473604835,1.0044376050272086,1.0062772035598755
3713.4080621405424,1.0033104043055159,1.0062772035598755
3713.4103769206013,0.9869535271269755,1.0062750577926636
3713.4126917006615,0.9903669445995361,1.0062750577926636
3713.415006480722,0.9977466319130752,1.0062625408172607
3713.4173212607816,1.0064520401547152,1.0062516927719116
3713.41963604084,1.0035818999316555,1.0062516927719116
3713.4219508208053,0.9932320236791207,1.0062282085418701
3713.424265600729,1.0087177197947033,1.0062282085418701
3713.4265803806543,1.0195162642051008,1.0062224864959717
3713.428895160578,1.025102934482797,1.0062224864959717
3713.4312099405042,1.015039085130022,1.0062224864959717
3713.4335247204267,1.002393952081152,1.0062282085418701
3713.4358395003524,1.0011921847273826,1.0062224864959717
3713.438154280277,0.9957917525885561,1.0062224864959717
3713.440469060202,0.9926772752658765,1.006194829940796
3713.4427838401266,0.9924963919322396,1.0062224864959717
3713.44509862005,0.9965753270481515,1.0062224864959717
3713.447413399976,0.9941141026725495,1.0062282085418701
3713.4497281798986,0.999269268251767,1.0062282085418701
3713.452042959824,0.9834065017013778,1.0062224864959717
3713.454357739748,1.0016755413610992,1.0062282085418701
3713.4566725196746,1.0009240823684373,1.0062224864959717
3713.4589872995984,0.9949924213398579,1.0062224864959717
3713.461302079524,0.9992590551306108,1.006194829940796
3713.463616859351,1.0105240434809601,1.0061612129211426
3713.46593163914,1.0000334111663436,1.0061612129211426
3713.468246418929,0.9985006711078588,1.0060997009277344
3713.470561198719,0.998016772009115,1.0060997009277344
3713.4728759785075,1.000174293725331,1.0060997009277344
3713.4751907582963,1.0061953066052938,1.0060997009277344
3713.4775055380865,1.0010674453919157,1.0060997009277344
3713.479820317874,0.9920159910044676,1.0060960054397583
3713.4821350976636,1.0017734525983266,1.0060632228851318
3713.484449877452,1.007803333621661,1.0060632228851318
3713.486764657242,1.0027304142482978,1.0060960054397583
3713.4890794370303,0.9998426492743561,1.0060960054397583
3713.49139421682,1.006498038383927,1.0060632228851318
3713.4937089966097,1.0004683943422987,1.0060632228851318
3713.4960237763976,0.9980658738048717,1.0060632228851318
3713.498338556187,0.9847005795387626,1.0060632228851318
3713.5006533359756,0.9943184820847755,1.0060632228851318
3713.5029681157653,1.003113512206942,1.0060864686965942
3713.5052828954567,0.9944388787943598,1.0060864686965942
3713.5075976751104,0.9959125154849156,1.0060864686965942
3713.5099124547623,0.9973266711415678,1.0060864686965942
3713.512227234416,1.0060335542397805,1.0060632228851318
3713.514542014069,0.9967878314633501,1.0060632228851318
3713.5168567937217,0.9916384559693915,1.0060632228851318
3713.519171573375,1.0087071818490971,1.0060632228851318
3713.5214863530286,1.0130915803954514,1.0060632228851318
3713.523801132681,1.0000325849846021,1.0060632228851318
3713.526115912335,1.012055454807744,1.0060864686965942
3713.528430691986,0.9918919175109439,1.0060864686965942
3713.530745471639,0.9949621223117269,1.0060864686965942
3713.533060251292,1.0068675711654431,1.0060864686965942
3713.5353750309455,1.0002742999870256,1.0060864686965942
3713.537689810599,1.0004453926036865,1.0060960054397583
3713.540004590251,0.9984764942542695,1.0060960054397583
3713.5423193699053,1.0035076889171415,1.0060960054397583
3713.5446341495567,0.9932608153445395,1.0060960054397583
3713.5469489291136,1.0092301366925185,1.0060960054397583
3713.549263708629,0.9883265430412885,1.0060960054397583
3713.5515784881463,1.0100826506014104,1.0060960054397583
3713.5538932676627,0.9862199506733976,1.0060864686965942
3713.556208047179,0.996675254998818,1.0060960054397583
3713.558522826696,1.002638942290318,1.0060960054397583
3713.5608376062114,0.9925500597476322,1.0060864686965942
3713.5631523857273,0.9927807561082105,1.0060864686965942
3713.565467165243,1.000240886338498,1.0060864686965942
3713.5677819447606,0.9986225887156543,1.0060960054397583
3713.570096724276,0.9977377361674054,1.0060997009277344
3713.5724115037933,1.0001220411536988,1.0060997009277344
3713.5747262833097,1.004507956105309,1.0060960054397583
3713.577041062825,1.0052981458563026,1.0060960054397583
3713.5793558423416,1.0042817644371957,1.0060960054397583
3713.581670621858,0.9985615679146704,1.0060960054397583
3713.583985401375,1.0020035155423823,1.0060864686965942
3713.586300180891,0.9892836978718942,1.0060864686965942
3713.5886149603098,0.9957736474137303,1.0060864686965942
3713.5909297396906,1.0042354761711514,1.0060864686965942
3713.593244519068,1.0043504868926727,1.0060960054397583
3713.595559298447,1.0027605361113268,1.0060864686965942
3713.597874077826,1.0092163922014232,1.0060960054397583
3713.600188857206,0.9894353831191728,1.0060997009277344
3713.602503636586,0.9982946167212398,1.0060960054397583
3713.604818415964,0.9964012789607171,1.0060864686965942
3713.607133195345,1.0002917177399815,1.0060864686965942
3713.609447974722,0.9948885411920971,1.0060864686965942
3713.611762754102,0.9989300275965197,1.0060632228851318
3713.61407753348,0.9953254228081543,1.0060133934020996
3713.616392312861,0.9994720971028499,1.0060133934020996
3713.61870709224,1.0032904169804855,1.0060133934020996
3713.621021871619,1.004680620524675,1.0060133934020996
3713.6233366509987,0.9875124859736453,1.0060632228851318
3713.6256514303764,0.995010820927134,1.0060864686965942
3713.6279662097563,0.9922198905855463,1.0060632228851318
3713.6302809890367,1.0085539228813853,1.0060133934020996
3713.6325957682798,0.9847700902897624,1.0060133934020996
3713.634910547521,1.0041323694890285,1.0060052871704102
3713.6372253267627,0.9934647721827202,1.0060019493103027
3713.6395401060045,1.0008259288084917,1.0060052871704102
3713.6418548852453,0.9975379655966923,1.0060019493103027
3713.6441696644865,1.000628156185626,1.0060052871704102
3713.6464844437282,0.998754826410383,1.0060052871704102
3713.64879922297,1.0130970742449565,1.0060052871704102
3713.6511140022126,1.0130006171359016,1.0060052871704102
3713.653428781453,1.0013394977404864,1.0060052871704102
3713.655743560695,1.0058491832402017,1.0060019493103027
3713.658058339936,1.0065326801087717,1.0060019493103027
3713.660373119177,0.9993428097030012,1.0060019493103027
3713.662687898419,1.005215077662078,1.0059376955032349
3713.6650026776606,1.0004170275711042,1.0059226751327515
3713.667317456903,0.9910434470676586,1.0059226751327515
3713.6696322361436,0.9924117928618484,1.0059226751327515
3713.6719470152884,0.9983309157446647,1.0059070587158203
3713.67426179439,0.9988858408156769,1.0058585405349731
3713.676576573494,0.9945761626347678,1.0058585405349731
3713.6788913525966,0.9961819875423078,1.0059070587158203
3713.681206131701,1.0090217535576476,1.0059070587158203
3713.6835209108044,0.9997111929614987,1.0059070587158203
3713.6858356899065,1.0089976961802098,1.0059070587158203
3713.6881504690114,0.995536252364818,1.0058585405349731
3713.690465248113,1.0001057102496278,1.0059070587158203
3713.692780027217,1.0053498630033089,1.0059070587158203
3713.6950948063195,0.9970578893976886,1.0059070587158203
3713.697409585424,1.0046207799635756,1.0058585405349731
3713.6997243645274,1.0050853102362802,1.0058212280273438
3713.7020391436304,0.9968878824634583,1.0058095455169678
3713.7043539227343,0.9978929383210968,1.0058095455169678
3713.7066687018378,0.992184031416529,1.0058095455169678
3713.70898348094,0.9984807003072022,1.0058212280273438
3713.7112982600447,1.0054054938154693,1.0058095455169678
3713.7136130390486,0.9981804696313128,1.0058095455169678
3713.715927818013,0.9977643433204438,1.0058095455169678
3713.7182425969777,0.9972512605302962,1.0058071613311768
3713.7205573759425,0.9920623980858209,1.005798101425171
3713.7228721549063,1.000509407927658,1.005798101425171
3713.7251869338706,0.994963212260952,1.0058071613311768
3713.7275017128363,1.0062708285875541,1.0058071613311768
3713.7298164918,1.0074415277212494,1.005798101425171
3713.7321312707654,0.9929827813483215,1.005798101425171
3713.7344460497293,1.0098643861725787,1.005782961845398
3713.736760828695,1.0092396468510163,1.005782961845398
3713.739075607658,0.9952500002370614,1.0057249069213867
3713.741390386623,0.9920360992396018,1.0057249069213867
3713.7437051655875,1.0050190644797592,1.0057249069213867
3713.746019944552,0.9886428532990126,1.0057084560394287
3713.748334723517,1.0049251501867955,1.0057084560394287
3713.750649502481,1.007876247298685,1.0057249069213867
3713.7529642814466,0.9929569050777609,1.0057249069213867
3713.7552790603104,0.9935268133895431,1.0057084560394287
3713.7575938391365,1.0066682913542047,1.0057084560394287
3713.7599086179607,1.0010655911031796,1.0057249069213867
3713.7622233967872,1.0137585709558032,1.0057249069213867
3713.7645381756124,0.9984077508974699,1.0057084560394287
3713.766852954439,1.0063744489120718,1.0057084560394287
3713.769167733263,0.9965307863669435,1.0057084560394287
3713.7714825120884,1.002214337852411,1.005695104598999
3713.7737972909126,0.9992244408637048,1.0057084560394287
3713.776112069737,0.9929298483639076,1.005695104598999
3713.7784268485634,0.9890572816621515,1.005684733390808
3713.7807416273886,1.0047808408865317,1.005695104598999
3713.7830564062147,1.0001492326077634,1.0057084560394287
3713.7853711850394,1.004951582967996,1.0057084560394287
3713.787685963865,0.9953977327548624,1.0057084560394287
3713.7900007426892,0.9894390154452466,1.005695104598999
3713.792315521516,0.997594703511529,1.005695104598999
3713.79463030034,0.9990661997744561,1.0057084560394287
3713.7969450790665,1.00144896236325,1.005695104598999
3713.799259857751,1.001832913619071,1.005684733390808
3713.8015746364385,1.0047872973456085,1.005683422088623
3713.803889415122,1.0007147771341491,1.0056729316711426
3713.8062041938065,1.0058994598987505,1.0056729316711426
3713.8085189724925,1.0055000306426554,1.0056439638137817
3713.8108337511776,0.9991897773731077,1.0056439638137817
3713.8131485298636,0.9876755080744116,1.005616545677185
3713.815463308548,0.992268712474319,1.005616545677185
3713.817778087234,0.9903091079803301,1.005558967590332
3713.820092865918,1.004460335449851,1.005558967590332
3713.822407644604,0.9935944880587528,1.0055211782455444
3713.8247224232896,1.003501138038808,1.005492925643921
3713.827037201976,1.0058136129785982,1.005492925643921
3713.8293519806607,1.013252640243426,1.0055211782455444
3713.831666759347,1.0000280982599707,1.005492925643921
3713.83398153803,1.0029505855466478,1.0054823160171509
3713.836296316715,0.9987509687846529,1.0054751634597778
3713.8386110953015,1.0062093509104293,1.0054751634597778
3713.840925873846,1.0030922859191915,1.0054751634597778
3713.8432406523925,0.9976837849533757,1.005464792251587
3713.845555430936,1.002807695226171,1.0054492950439453
3713.8478702094826,0.9970851236377087,1.0054492950439453
3713.850184988025,0.9888224572406288,1.0054389238357544
3713.8524997665713,0.9925705408246479,1.005434274673462
3713.854814545115,0.9948027043247998,1.005434274673462
3713.8571293236614,0.9976844260399986,1.005434274673462
3713.859444102206,0.9996502323287294,1.0054314136505127
3713.8617588807497,1.0043188600656614,1.0054314136505127
3713.8640736592956,0.9989593522539859,1.0054314136505127
3713.8663884378384,1.0010677992025296,1.0054314136505127
3713.868703216385,0.9911937985599057,1.0054314136505127
3713.8710179949285,1.0143753327239076,1.0054314136505127
3713.873332773475,1.0016895557002052,1.0054314136505127
3713.8756475520186,1.0035599471384902,1.0054247379302979
3713.8779623305645,1.0030824275780101,1.0054036378860474
3713.880277109009,1.0117656098336623,1.0053589344024658
3713.882591887412,1.0079439768165213,1.0054036378860474
3713.884906665816,1.009026555723577,1.0054247379302979
3713.88722144422,1.006986416901146,1.0054036378860474
3713.8895362226235,1.0039555053961777,1.0053589344024658
3713.8918510010267,1.0141894141539851,1.0053815841674805
3713.894165779431,0.9986452055976984,1.0053815841674805
3713.896480557834,0.9966067718480044,1.0053589344024658
3713.898795336238,1.0020695068780008,1.005340814590454
3713.901110114642,1.0027484923195067,1.0052903890609741
3713.9034248930457,1.0024724043904418,1.0052540302276611
3713.9057396714493,0.9932235082504001,1.0052540302276611
3713.9080544498543,1.0029025958285918,1.0052266120910645
3713.9103692282574,0.9929782126255917,1.0052540302276611
3713.9126840066624,1.002018620448484,1.0052903890609741
3713.9149987850637,0.9943537536456373,1.0052540302276611
3713.9173135634687,0.9960847569017781,1.0052540302276611
3713.9196283418714,1.0154574256693072,1.0052266120910645
3713.921943120175,0.995755920104852,1.0052266120910645
3713.924257898438,1.0020729439076559,1.0052266120910645
3713.9265726766994,1.0054978436863862,1.005198359489441
3713.9288874549625,1.0054213886197803,1.005191445350647
3713.9312022332224,1.0024072158126256,1.005190372467041
3713.933517011486,1.0000995001510884,1.005190372467041
3713.935831789747,0.9950989915234839,1.0051167011260986
3713.9381465680103,0.977961413883364,1.0051167011260986
3713.9404613462725,0.9939254935821862,1.005079746246338
3713.9427761245347,1.0122538612442802,1.005079746246338
3713.9450909027964,1.0060019672475697,1.0050617456436157
3713.947405681058,1.002317339602098,1.005079746246338
3713.9497204593204,0.986753459167238,1.005079746246338
3713.952035237581,1.004506465256511,1.005079746246338
3713.9543500158443,1.0040599833781458,1.0050617456436157
3713.9566647941065,1.0016266899563817,1.0050078630447388
3713.9589795723687,0.9929704433257969,1.0050078630447388
3713.961294350631,1.0062402436883484,1.0049867630004883
3713.9636091287916,1.002832710985429,1.0049867630004883
3713.965923906911,1.0162711554794293,1.0049867630004883
3713.968238685031,0.9973424519312153,1.004928469657898
3713.9705534631507,0.9991792341859934,1.0049262046813965
3713.972868241272,1.0025574346269934,1.0049262046813965
3713.9751830193904,1.0142828704495699,1.0048458576202393
3713.9774977975103,1.0025388966897657,1.004845142364502
3713.9798125756292,1.0120925420960003,1.004844307899475
3713.9821273537495,1.004902272494315,1.0048332214355469
3713.984442131869,0.9941522587325511,1.0048332214355469
3713.986756909989,0.9929461777614218,1.0048291683197021
3713.98907168811,1.0025335984144486,1.0048291683197021
3713.991386466229,1.00438815293617,1.0048221349716187
3713.9937012443497,0.9937295491703166,1.0048221349716187
3713.9960160224673,1.0008397082589187,1.0048291683197021
3713.9983308005885,1.0013923164914764,1.0048291683197021
3714.0006455787075,0.9897163439453933,1.0048332214355469
3714.002960356828,0.9937925045481535,1.004844307899475
3714.0052751348467,0.9986769881835305,1.004845142364502
3714.007589912823,0.9936803948633597,1.004844307899475
3714.0099046908003,0.9975611121840942,1.004845142364502
3714.0122194687756,1.016857500286206,1.004844307899475
3714.0145342467536,0.9891992106054576,1.004844307899475
3714.0168490247293,0.9963230396079364,1.004844307899475
3714.0191638027077,0.9980589024981101,1.004845142364502
3714.0214785806843,0.9991096487970827,1.0048458576202393
3714.0237933586614,0.9918525985461106,1.004845142364502
3714.026108136638,0.9982499040246987,1.004845142364502
3714.0284229146146,0.9960836350112021,1.004844307899475
3714.030737692591,1.0038018826122623,1.004844307899475
3714.033052470569,0.9910686025284331,1.004845142364502
3714.035367248545,0.997734081268421,1.004845142364502
3714.0376820265224,0.9936274891295218,1.004845142364502
3714.039996804499,1.0106843406745936,1.004845142364502
3714.042311582476,1.0083338355526683,1.004845142364502
3714.0446263604517,0.9978972019439464,1.004844307899475
3714.0469411383274,1.0009605842516145,1.004844307899475
3714.0492559161607,0.9991735914663769,1.004844307899475
3714.0515706939937,1.005796604559483,1.004844307899475
3714.0538854718284,1.0096066729582542,1.004844307899475
3714.056200249661,1.0031127686391228,1.0048332214355469
3714.0585150274956,1.0043675981282976,1.0048291683197021
3714.0608298053266,1.0047147611613585,1.0048221349716187
3714.06314458316,0.9958396491191437,1.0047693252563477
3714.0654593609934,1.0012434039083697,1.0047526359558105
3714.0677741388267,0.9875582489645814,1.0047526359558105
3714.0700889166615,0.9917284759443306,1.0047693252563477
3714.072403694494,1.0018031729579582,1.0047526359558105
3714.0747184723277,0.9984491858314599,1.0047526359558105
3714.0770332501593,1.008556944339641,1.0047526359558105
3714.079348027994,0.9951047496605555,1.0047526359558105
3714.0816628058265,1.0068567378296494,1.0047378540039062
3714.083977583661,0.991579551969353,1.0047378540039062
3714.086292361494,1.003290916183852,1.0047378540039062
3714.088607139225,1.0012614565694455,1.0047378540039062
3714.0909219169143,1.0082074521173625,1.0047335624694824
3714.0932366946017,0.9992233323952258,1.0047335624694824
3714.095551472292,1.0031487903396124,1.0047335624694824
3714.09786624998,1.004442880404579,1.0047335624694824
3714.1001810276703,0.9949185795752242,1.0047378540039062
3714.10249580536,0.9939433592711837,1.0047378540039062
3714.1048105830487,0.9902444331702798,1.0047335624694824
3714.107125360738,0.9990276823982395,1.0047335624694824
3714.1094401384275,0.9992194170223329,1.0047335624694824
3714.1117549161154,0.9990871036482631,1.0047101974487305
3714.1140696938055,1.0020223964537762,1.0047101974487305
3714.116384471494,1.0066623398812546,1.0047101974487305
3714.1186992491835,1.006077476223614,1.0046964883804321
3714.121014026872,0.9963257523623299,1.0047101974487305
3714.1233288045614,0.987457819774754,1.0047101974487305
3714.1256435822497,0.9954003977162167,1.0047101974487305
3714.127958359939,0.9992451460112101,1.0047101974487305
3714.1302731375263,0.9946387074995803,1.0046964883804321
3714.1325879150695,0.999372093395768,1.0046964883804321
3714.1349026926155,0.9933003124701516,1.0046964883804321
3714.1372174701587,1.0037387258313206,1.0046964883804321
3714.139532247704,0.9993481256833616,1.0046964883804321
3714.141847025246,1.0023704304874048,1.0046964883804321
3714.1441618027916,0.9898323415817795,1.0046780109405518
3714.146476580335,1.0015967611508974,1.0046583414077759
3714.1487913578794,0.9945188388033013,1.0046583414077759
3714.151106135425,1.0021996550654184,1.0046583414077759
3714.153420912968,0.9976300727898587,1.0046583414077759
3714.155735690513,1.006529825620159,1.0046526193618774
3714.1580504680555,0.9856575455255132,1.0046526193618774
3714.160365245601,0.993480082257933,1.0046526193618774
3714.1626800231447,0.9882681824098499,1.0046526193618774
3714.1649948006902,0.9977275869004302,1.0046488046646118
3714.1673095782344,1.0069400623428524,1.0046470165252686
3714.1696243557794,1.0048386312101087,1.0046470165252686
3714.1719391332185,1.004782506030787,1.0046470165252686
3714.174253910619,0.9936049767139254,1.004644513130188
3714.1765686880167,1.006078401242592,1.0046416521072388
3714.1788834654144,1.010464901303197,1.0045912265777588
3714.181198242814,0.9913209943363427,1.0045632123947144
3714.183513020213,1.0054588366973474,1.0045632123947144
3714.1858277976125,0.9944043986824553,1.0045632123947144
3714.1881425750094,0.9970422055024589,1.0045632123947144
3714.19045735241,0.9937392142887489,1.0045359134674072
3714.1927721298075,0.992134461990531,1.0045632123947144
3714.195086907207,0.9929352321919115,1.0045632123947144
3714.1974016846048,0.9985120246658108,1.0045632123947144
3714.1997164620047,1.004142692313306,1.0045632123947144
3714.2020312394025,0.9992883299642634,1.0045359134674072
3714.2043460167997,0.999354881509321,1.0045002698898315
3714.2066607942006,0.9998059660168763,1.0045002698898315
3714.2089755715983,0.9927745376636858,1.0045359134674072
3714.211290348998,0.9997411564148704,1.0044500827789307
3714.213605126292,0.9912667175967701,1.0044487714767456
3714.215919903546,1.0002466197487825,1.0044487714767456
3714.218234680797,0.9989845640924488,1.0044500827789307
3714.22054945805,0.998381187019541,1.0044487714767456
3714.2228642353016,1.003669863268457,1.0044487714767456
3714.225179012555,0.9918706867505498,1.0044487714767456
3714.227493789808,1.0019760437041527,1.0044487714767456
3714.229808567062,0.9863832370947899,1.0044500827789307
3714.232123344313,0.9945065391618038,1.0044487714767456
3714.234438121565,1.0044672829470276,1.0044487714767456
3714.2367528988175,1.0035724259182401,1.0044487714767456
3714.2390676760688,1.0,1.0044487714767456
3714.241382453323,0.9983809496569339,1.0044487714767456
3714.2436972305754,0.9959639894716691,1.0044153928756714
3714.246012007829,1.0010447862342204,1.0044153928756714
3714.2483267850807,0.9971656531085541,1.0044487714767456
3714.2506415623343,0.9867962895951983,1.0044487714767456
3714.2529563395847,0.9949217523319065,1.0044500827789307
3714.2552711167345,0.9982397189057062,1.0044487714767456
3714.257585893839,1.0134004246654404,1.0044487714767456
3714.259900670944,1.0081899593955657,1.0044487714767456
3714.2622154480505,0.9997448267177583,1.0044153928756714
3714.2645302251562,0.9962431371739168,1.0044153928756714
3714.266845002263,0.9965932746401266,1.0043851137161255
3714.2691597793664,1.0051203189499869,1.0044153928756714
3714.2714745564735,0.9904012192665671,1.0043851137161255
3714.2737893335784,0.9954262667628679,1.0043851137161255
3714.2761041106846,0.9880957481745956,1.0043851137161255
3714.2784188877895,0.9926524495652607,1.0043851137161255
3714.280733664896,0.9956969366295436,1.0043851137161255
3714.283048442002,1.0036985811819104,1.0043851137161255
3714.285363219106,1.0077656911671657,1.0043851137161255
3714.2876779962126,1.0118386745147265,1.004380226135254
3714.2899927733174,1.0082235034358464,1.004338026046753
3714.2923075504236,1.002780060007136,1.004338026046753
3714.2946223275285,0.9897651246497808,1.004305362701416
3714.2969371045306,1.002866479097398,1.0042930841445923
3714.2992518814876,1.0003470779278973,1.0042930841445923
3714.3015666584456,1.0072287163037175,1.0042898654937744
3714.303881435404,0.9961885403617077,1.0042898654937744
3714.306196212363,0.9929765639754198,1.0042797327041626
3714.30851098932,1.0022699358903062,1.0042747259140015
3714.3108257662793,0.9995447756747113,1.0042688846588135
3714.3131405432364,0.9916303417043172,1.0042688846588135
3714.3154553201935,1.0088464301604116,1.004228115081787
3714.3177700971514,0.9904509756764065,1.0042192935943604
3714.3200848741085,1.0012218747996782,1.0042119026184082
3714.3223996510687,1.0023018919887843,1.0042119026184082
3714.324714428026,0.9989102486484946,1.0042119026184082
3714.327029204985,1.0078510190287229,1.0042192935943604
3714.329343981942,0.9972259028428531,1.0042192935943604
3714.331658758901,1.0023211228949873,1.0042119026184082
3714.3339735358572,1.003023644517886,1.0042119026184082
3714.3362883128166,0.9876626901749421,1.0041900873184204
3714.3386030896686,1.0014884095065895,1.0041900873184204
3714.3409178664783,0.9927706036164611,1.0041706562042236
3714.343232643289,1.0052903947727836,1.0041900873184204
3714.345547420098,0.9977050620049938,1.0041900873184204
3714.3478621969084,0.997614438682586,1.0041706562042236
3714.3501769737163,1.003216854427306,1.0041900873184204
3714.3524917505274,0.993115929125801,1.0042119026184082
3714.354806527336,0.9999589265830479,1.0042119026184082
3714.3571213041464,1.0020492635210676,1.0042192935943604
3714.3594360809566,0.9969661464825248,1.0042119026184082
3714.361750857767,0.9992786035987911,1.0042119026184082
3714.364065634576,0.9989104940858277,1.0042192935943604
3714.366380411385,1.0084453355555714,1.0042119026184082
3714.3686951881946,1.0012084869019844,1.0041900873184204
3714.3710099650034,1.0015120331699976,1.0041900873184204
3714.373324741814,0.9939926448495606,1.0041900873184204
3714.375639518623,0.9997068947055141,1.0041706562042236
3714.377954295435,0.9911372319596006,1.0041590929031372
3714.3802690721377,0.9899138647348787,1.0041173696517944
3714.3825838487974,1.012417338542366,1.004107117652893
3714.3848986254584,0.9956571457200023,1.0041173696517944
3714.38721340212,0.9944584278803157,1.004107117652893
3714.3895281787795,1.0046248032633267,1.004107117652893
3714.3918429554415,0.9939603904091399,1.004107117652893
3714.394157732101,1.0005685581524342,1.004107117652893
3714.396472508761,0.9936343212995845,1.004107117652893
3714.3987872854213,0.9902365987188946,1.0041043758392334
3714.4011020620824,0.9891311458263213,1.0041013956069946
3714.403416838744,0.9906578511674525,1.0040689706802368
3714.4057316154035,0.9801257029653034,1.0040656328201294
3714.4080463920654,0.99451879611674,1.0040415525436401
3714.410361168725,0.9961225675662518,1.0040194988250732
3714.4126759453866,0.9951721642156359,1.0040415525436401
3714.4149907220453,0.9913665888949269,1.0040415525436401
3714.4173054987073,1.0016765783980572,1.0040415525436401
3714.419620275368,0.9963233434564276,1.0040194988250732
3714.421935051921,1.0004344429815255,1.0040138959884644
3714.4242498284334,1.000054854511469,1.0040138959884644
3714.426564604943,0.9978756018356358,1.0039985179901123
3714.428879381455,0.9996529389763896,1.0039985179901123
3714.4311941579635,0.9889691747437364,1.0039794445037842
3714.433508934476,1.0042523127561072,1.003953218460083
3714.4358237109864,1.0014752243293275,1.003953218460083
3714.4381384874973,0.9998319828235387,1.0039517879486084
3714.4404532640083,0.9910036004359185,1.0039517879486084
3714.44276804052,1.0066065778665214,1.0039517879486084
3714.4450828170297,0.9933446793412967,1.0039517879486084
3714.44739759354,1.0146443296043415,1.0039517879486084
3714.4497123700507,0.9921328183498029,1.0039517879486084
3714.452027146561,1.0017254127495785,1.0039511919021606
3714.454341923072,1.0034795606092937,1.0039511919021606
3714.4566566995836,0.9931161469421332,1.0039492845535278
3714.458971476095,1.0140063007276436,1.0039290189743042
3714.461286252605,0.997544281248371,1.0039290189743042
3714.4636010290083,0.9922493134824623,1.0038763284683228
3714.4659158053687,1.0052326805505762,1.0038522481918335
3714.4682305817296,0.9926467305079754,1.0038471221923828
3714.470545358089,1.003549781914994,1.0038374662399292
3714.4728601344505,0.9980856859781604,1.0038341283798218
3714.4751749108104,0.9994384065995596,1.0038236379623413
3714.47748968717,1.0031377584253778,1.0038210153579712
3714.479804463529,1.0020018803923672,1.0038117170333862
3714.4821192398895,0.9984174492431225,1.0038117170333862
3714.484434016251,0.9928839347617123,1.0037963390350342
3714.48674879261,1.0172401016290624,1.0037930011749268
3714.4890635689717,0.9945961821270226,1.003783106803894
3714.4913783453308,1.0001613974381631,1.0037670135498047
3714.4936931216916,0.9914219166209132,1.0037566423416138
3714.4960078980503,0.997034697647948,1.0037484169006348
3714.4983226744116,0.9917118682877493,1.0037484169006348
3714.500637450772,0.9978778214707366,1.0037566423416138
3714.502952227131,1.002310750518277,1.0037670135498047
3714.505267003385,1.001869906301602,1.0037670135498047
3714.5075817795932,0.9956900114581493,1.0037670135498047
3714.5098965558027,1.0008879828146764,1.0037670135498047
3714.51221133201,0.998543147627707,1.0037670135498047
3714.51452610822,0.9980654672302215,1.0037566423416138
3714.516840884429,0.9961781428081615,1.0037566423416138
3714.5191556606374,0.9981276991150128,1.0037566423416138
3714.521470436847,0.9982465666482819,1.0037484169006348
3714.5237852130563,0.9903785397913716,1.003690242767334
3714.5260999892635,1.0040418957561223,1.003690242767334
3714.528414765471,0.9947864572365135,1.0036500692367554
3714.5307295416815,1.008012493308471,1.0036500692367554
3714.53304431789,1.0074409444002401,1.0036500692367554
3714.535359094099,0.9911472681103415,1.0036479234695435
3714.5376738703076,1.0079964563669994,1.0035609006881714
3714.539988646518,0.9983879244601668,1.0035443305969238
3714.5423034227247,1.0002252232989226,1.0035409927368164
3714.5446181989337,0.9940507323495972,1.0035251379013062
3714.546932975035,1.0057323561307023,1.0035251379013062
3714.5492477510925,1.0027493139782135,1.0035157203674316
3714.5515625271482,1.0067796771242916,1.0035157203674316
3714.5538773032063,1.0008965205925326,1.0035157203674316
3714.556192079263,1.0057207683444007,1.0035157203674316
3714.5585068553173,1.0079982418835605,1.0035157203674316
3714.560821631374,0.9958886833867455,1.003487467765808
3714.5631364074306,0.9871228600417945,1.003487467765808
3714.5654511834887,1.0024267441748578,1.003487467765808
3714.5677659595444,1.0027592902401246,1.0034301280975342
3714.5700807356025,1.0046879763267889,1.003417730331421
3714.572395511659,1.0017917024963603,1.0034005641937256
3714.574710287715,0.9912123222092288,1.0033997297286987
3714.5770250637706,1.0042539455564827,1.0033997297286987
3714.579339839828,1.003195627201538,1.0033997297286987
3714.581654615885,0.9934897022955878,1.003381371498108
3714.5839693919406,0.9992218949193385,1.003337025642395
3714.5862841679987,1.0106027064859682,1.0032836198806763
3714.5885989439457,1.007573056240779,1.0032836198806763
3714.5909137198496,1.0032088294972774,1.0032836198806763
3714.593228495752,1.0122790987263681,1.0032761096954346
3714.5955432716573,1.0010746256455298,1.0032598972320557
3714.5978580475607,1.0046015253261533,1.0032540559768677
3714.6001728234646,1.0067298008830234,1.0031944513320923
3714.6024875993685,0.9877764052948135,1.0031944513320923
3714.6048023752733,0.9950938718644415,1.0031566619873047
3714.607117151175,0.9972254597931715,1.0031566619873047
3714.609431927078,0.9942571215721011,1.0031498670578003
3714.6117467029826,0.9987957345187597,1.0031566619873047
3714.6140614788865,0.9838610220211904,1.0031498670578003
3714.61637625479,1.0079994951890254,1.0031498670578003
3714.6186910306938,1.009383934286197,1.0031359195709229
3714.6210058065985,1.0039378126030918,1.0031251907348633
3714.6233205825006,1.010140277322229,1.003117561340332
3714.625635358404,1.0077053891020065,1.003117561340332
3714.6279501343083,0.9998941146271552,1.003117561340332
3714.6302649101035,1.0005211041847102,1.0031251907348633
3714.6325796858523,1.0169992964742904,1.003117561340332
3714.6348944616025,0.9944628248458661,1.003117561340332
3714.6372092373535,0.9988006651245968,1.0031061172485352
3714.6395240131014,1.0037723431381218,1.0031061172485352
3714.641838788851,0.9905536335140654,1.0031061172485352
3714.6441535646013,1.0177169172262166,1.0030865669250488
3714.6464683403524,0.9948846316114732,1.0030686855316162
3714.648783116101,0.9935799541449913,1.003068447113037
3714.6510978918523,1.0017742773168468,1.003042459487915
3714.6534126676024,0.9974593139018447,1.0030113458633423
3714.655727443351,0.9938193348796089,1.0029475688934326
3714.6580422191,1.0057211457030193,1.002928614616394
3714.6603569948497,1.0091420427463096,1.002894639968872
3714.6626717706013,0.9893789604687127,1.002887487411499
3714.66498654635,0.9988520929423151,1.0028722286224365
3714.667301322101,1.0079403739725952,1.0028722286224365
3714.669616097851,1.0057786428189184,1.0028722286224365
3714.67193087349,0.9943937750320884,1.0028722286224365
3714.6742456490842,0.9954743579243076,1.002822756767273
3714.676560424681,1.00392877797174,1.0028225183486938
3714.6788752002763,1.006720647243882,1.0028225183486938
3714.6811899758713,1.005142716871813,1.0028225183486938
3714.6835047514664,1.0062500260036364,1.0028225183486938
3714.685819527063,1.0035797645942808,1.0028225183486938
3714.688134302656,1.0000647862025598,1.0028225183486938
3714.690449078251,1.0165510322106301,1.0028225183486938
3714.6927638538473,1.0122144392452257,1.0027313232421875
3714.6950786294424,0.9946040871149702,1.002724051475525
3714.6973934050375,1.0015011925010995,1.0027066469192505
3714.6997081806326,1.0027610433709933,1.0027066469192505
3714.702022956229,1.0001681074289692,1.0027036666870117
3714.7043377318223,0.9970072359904928,1.0027036666870117
3714.7066525074188,1.004655500899107,1.002684235572815
3714.708967283013,1.0123330707842293,1.002684235572815
3714.7112820586094,0.9963907196387628,1.0026806592941284
3714.713596834093,1.0033523456134568,1.0026131868362427
3714.715911609533,1.0026047977170713,1.002579927444458
3714.718226384974,0.9969709822129256,1.002568244934082
3714.720541160412,0.997475402054589,1.002556324005127
3714.7228559358514,1.0048163792566325,1.002556324005127
3714.725170711291,1.0074617095544627,1.0025185346603394
3714.727485486732,1.0033930914588867,1.0025185346603394
3714.729800262171,0.9902385903045146,1.0025079250335693
3714.732115037612,1.0007853209202524,1.0024667978286743
3714.7344298130515,1.0009123231526615,1.0024667978286743
3714.73674458849,1.0046409638972584,1.0024343729019165
3714.739059363929,0.9947530496412403,1.002394437789917
3714.7413741393684,0.9990780970267202,1.002394437789917
3714.74368891481,1.0010037230514037,1.002394437789917
3714.7460036902485,0.9981039379293285,1.0023689270019531
3714.7483184656894,1.0023590470572565,1.0023689270019531
3714.750633241129,1.0041257287011383,1.0023658275604248
3714.7529480165676,1.0096333096229986,1.002362847328186
3714.7552627918953,0.9873911048068551,1.002362847328186
3714.7575775671803,1.003883840845894,1.002362847328186
3714.7598923424634,1.0080238564247403,1.0023475885391235
3714.7622071177466,0.995645069345753,1.0023046731948853
3714.7645218930297,0.9972135106435616,1.0022773742675781
3714.7668366683133,1.0030941244700595,1.0022578239440918
3714.769151443596,1.0015218994732764,1.0022231340408325
3714.7714662188782,0.9978142692676101,1.0022231340408325
3714.7737809941627,1.0070439841606111,1.0021793842315674
3714.776095769446,0.9940626289514225,1.0021628141403198
3714.7784105447295,0.9925936904756665,1.0021628141403198
3714.7807253200126,1.0129539937604908,1.0021628141403198
3714.783040095297,1.0071008123116116,1.0021332502365112
3714.7853548705784,1.006890402113799,1.0021300315856934
3714.7876696458625,0.9928101858614715,1.0021300315856934
3714.789984421145,0.9915388445764908,1.0021300315856934
3714.7922991964288,0.9894741268517272,1.0021300315856934
3714.794613971712,1.0078229044793148,1.002083420753479
3714.7969287468836,0.9956067537483546,1.001988410949707
3714.799243522011,0.9945441096967378,1.0019702911376953
3714.801558297135,0.9973342507287963,1.001948595046997
3714.803873072262,1.0031081702497755,1.0019475221633911
3714.806187847387,0.9968073483042782,1.0019265413284302
3714.8085026225144,0.9967370447624774,1.0019124746322632
3714.8108173976393,0.999257546963724,1.0019030570983887
3714.8131321727665,0.9994713591602286,1.0019030570983887
3714.8154469478927,1.008347361412336,1.0019030570983887
3714.8177617230167,0.9913524448359774,1.0019030570983887
3714.8200764981425,1.0120147700561075,1.0019030570983887
3714.8223912732683,0.9955932142889014,1.0018855333328247
3714.824706048396,1.0031164535348938,1.0018855333328247
3714.827020823521,1.0019646926455386,1.0018787384033203
3714.8293355986475,1.0040856194097443,1.0018773078918457
3714.831650373774,0.9967065504176573,1.0018656253814697
3714.833965148899,1.0024179611403268,1.0018572807312012
3714.836279924024,1.0024207307075117,1.0018436908721924
3714.8385946990393,1.0048884173115322,1.0018285512924194
3714.840909474007,0.989637822364845,1.001814842224121
3714.843224248974,1.0005470123629316,1.001814842224121
3714.8455390239424,1.003318441775787,1.001792311668396
3714.8478537989104,1.0099716796539155,1.0017751455307007
3714.8501685738775,1.0007314810176096,1.0017751455307007
3714.852483348844,0.9995112750058042,1.0017751455307007
3714.854798123813,1.0038858813453777,1.0017751455307007
3714.857112898781,0.9852257375171938,1.0017751455307007
3714.8594276737495,0.9987467638219241,1.0017210245132446
3714.8617424487165,1.007873568772013,1.001706600189209
3714.8640572236854,1.0075520415253987,1.0016871690750122
3714.866371998651,0.9897901415975059,1.0016871690750122
3714.8686867736183,0.9991829571405381,1.0016264915466309
3714.8710015485867,1.0010784013619205,1.0016264915466309
3714.873316323555,1.0038044698176267,1.0016229152679443
3714.8756310985227,0.9993035028972114,1.0016018152236938
3714.8779458734903,0.997384624814554,1.0016018152236938
3714.8802606483455,0.9895471438694914,1.0015919208526611
3714.8825754231534,1.0097620381212231,1.0015885829925537
3714.8848901979627,1.0133360901109174,1.0014907121658325
3714.8872049727706,0.9993939965303891,1.0014703273773193
3714.8895197475804,0.9901176370319177,1.0014684200286865
3714.891834522388,1.0039119674015413,1.0014638900756836
3714.8941492971967,0.9872330132797897,1.0014636516571045
3714.896464072004,1.0019813983065324,1.0014334917068481
3714.898778846813,1.0036083969662848,1.0013734102249146
3714.9010936216227,1.0024647422455082,1.0013660192489624
3714.90340839643,0.9987668755485993,1.001334309577942
3714.9057231712404,1.0035229972239372,1.0013182163238525
3714.908037946048,0.9883477509700981,1.0013182163238525
3714.910352720857,1.0172288090030397,1.0013165473937988
3714.912667495664,1.0068407595933737,1.0013165473937988
3714.914982270474,0.9895648032953754,1.0013163089752197
3714.917297045283,0.9971396427232087,1.0013163089752197
3714.9196118200903,1.0029561995305512,1.001314640045166
3714.921926594787,1.0060906210697702,1.001314640045166
3714.924241369434,1.0035139617954874,1.001314640045166
3714.9265561440834,0.9996848658334442,1.0013099908828735
3714.92887091873,0.9922805126847276,1.0012855529785156
3714.93118569338,0.9973832558136212,1.001282811164856
3714.9335004680274,1.0102398363626406,1.0012459754943848
3714.9358152426767,0.9933732481597946,1.0011652708053589
3714.938130017326,1.0046064819858775,1.0011652708053589
3714.940444791975,1.0019011993142013,1.0011652708053589
3714.9427595666225,0.996423001904057,1.0011652708053589
3714.945074341269,0.9988856120477256,1.0011591911315918
3714.947389115919,1.0102360802121184,1.0011591911315918
3714.9497038905665,0.9998998601018236,1.0011495351791382
3714.9520186652157,1.0052064411982924,1.0011495351791382
3714.9543334398645,0.9971745623569331,1.0011396408081055
3714.956648214514,0.9975416827877068,1.0010493993759155
3714.9589629891616,0.999434111299304,1.0010493993759155
3714.9612777638104,1.0022852281494856,1.0010493993759155
3714.9635925383436,1.0100540523804364,1.001049280166626
3714.965907312832,1.0016833086166228,1.0010186433792114
3714.9682220873183,1.0003152335074044,1.0009944438934326
3714.970536861806,1.0008280643920402,1.0009634494781494
3714.9728516362934,1.0023415731236331,1.0009398460388184
3714.9751664107807,0.9939439508169914,1.0009089708328247
3714.977481185269,0.9967637713902003,1.0009042024612427
3714.9797959597554,0.9891779880324222,1.0008634328842163
3714.9821107342436,1.0013105443374433,1.0008511543273926
3714.98442550873,0.9943047923215372,1.0008505582809448
3714.9867402832188,0.9952887433548169,1.0008505582809448
3714.989055057705,0.9991112162437559,1.0008505582809448
3714.9913698321934,1.001309986713128,1.0008221864700317
3714.993684606679,0.9847155944091678,1.0008081197738647
3714.9959993811667,1.0109937401025906,1.0008221864700317
3714.998314155655,1.0089957735122872,1.0008081197738647
3715.0006289301414,1.0141774638586105,1.0007719993591309
3715.00294370463,1.011009657556732,1.0007719993591309
3715.0052584790014,1.0070379283876134,1.0007719993591309
3715.007573253328,0.9892627611809086,1.0007328987121582
3715.009888027651,1.0165397302792363,1.0007328987121582
3715.0122028019778,1.0011077295915207,1.0007200241088867
3715.0145175763028,0.994677801137075,1.000641942024231
3715.0168323506296,1.0020409833555972,1.000641942024231
3715.019147124954,1.006206132029672,1.0006183385849
3715.021461899279,1.0133659733871891,1.000616192817688
3715.0237766736045,0.9968208590721436,1.000616192817688
3715.0260914479277,0.9997433818672007,1.0006183385849
3715.0284062222545,0.9900883714208752,1.000616192817688
3715.0307209965795,1.000901049019783,1.00058913230896
3715.0330357709063,1.005217935200243,1.00058913230896
3715.035350545231,1.0091869352062,1.00058913230896
3715.0376653195567,1.009660929227769,1.0005583763122559
3715.0399800938812,1.0060934374736397,1.0005583763122559
3715.0422948682044,1.0072192853301916,1.0004829168319702
3715.044609642531,0.9971594405839378,1.000468373298645
3715.0469244167407,1.0049587048648354,1.0004656314849854
3715.049239190903,1.011883836171664,1.0004630088806152
3715.0515539650655,0.9970810191595242,1.0004620552062988
3715.0538687392286,1.007480905715899,1.0004559755325317
3715.05618351339,0.9954241088052125,1.0004335641860962
3715.058498287552,0.9919815656561444,1.0004236698150635
3715.0608130617134,0.999603010613076,1.0003938674926758
3715.0631278358765,1.002340613480966,1.0003825426101685
3715.0654426100377,0.9953907652048324,1.000373363494873
3715.0677573842004,0.9975243513264234,1.000373363494873
3715.0700721583626,1.0146956411900274,1.000373363494873
3715.0723869325248,0.9935756470052695,1.000373363494873
3715.0747017066874,1.0105442971302734,1.000373363494873
3715.0770164808487,1.0004894155982125,1.0003615617752075
3715.0793312550113,1.0043938962593848,1.0003615617752075
3715.0816460291726,1.001608147917672,1.0003615617752075
3715.083960803336,1.0088175705991365,1.0003360509872437
3715.0862755774983,1.005214726887334,1.0003360509872437
3715.088590351544,1.005692879342562,1.0003280639648438
3715.090905125541,1.0035123173619998,1.000324010848999
3715.093219899539,1.0106421797937537,1.000324010848999
3715.0955346735377,0.9956299559849368,1.0002840757369995
3715.097849447535,1.0044107902213917,1.0002326965332031
3715.1001642215338,1.006284692144242,1.0001931190490723
3715.102478995532,1.0084156235086819,1.0001931190490723
3715.10479376953,0.9929717642953207,1.0001931190490723
3715.107108543526,1.0089350372838497,1.0001931190490723
3715.1094233175263,0.9905315931608394,1.0001353025436401
3715.1117380915234,0.9958426846160439,1.0001264810562134
3715.114052865523,0.9992168729199304,1.000099539756775
3715.11636763952,1.0218402990265996,1.0000889301300049
3715.118682413518,1.004200561807262,1.0000889301300049
3715.120997187516,1.017123845292498,1.0000889301300049
3715.1233119615117,0.9960594371997091,1.0000654458999634
3715.125626735511,1.0006674091330034,1.0000654458999634
3715.127941509509,1.005842554980023,1.000063180923462
3715.1302562833916,1.0025562981608005,1.0000567436218262
3715.1325710572232,1.006932178252402,1.000063180923462
3715.134885831057,0.9969159326572484,1.0000567436218262
3715.1372006048887,1.0007653994166705,1.0000567436218262
3715.139515378722,1.01928044038517,1.000049114227295
3715.1418301525537,1.004924651508758,1.000049114227295
3715.1441449263866,0.9997142677655536,1.000043511390686
3715.1464597002196,0.9900213649513474,1.000043511390686
3715.1487744740525,1.0084497562904993,1.0000325441360474
3715.1510892478864,1.0070356225103205,1.0000325441360474
3715.153404021718,1.0055008928550142,1.0000252723693848
3715.1557187955514,0.9960023629742839,0.9999967217445374
3715.1580335693834,1.007510716438803,0.9999610185623169
3715.160348343217,1.0105656135743109,0.9999967217445374
3715.162663117049,1.0004368438736446,0.9999967217445374
3715.1649778908827,1.0018319620637943,1.0000252723693848
3715.1672926647157,1.0034030191401275,0.9999967217445374
3715.1696074385472,1.0122301577641475,0.9999610185623169
3715.1719222122624,1.0096480774988807,0.9999204277992249
3715.1742369859285,1.003919605874306,0.9998772144317627
3715.1765517595954,1.0030517748985464,0.9998772144317627
3715.178866533261,0.9935353026899507,0.9998651742935181
3715.181181306929,1.0010594552250351,0.9997913241386414
3715.1834960805954,1.0095647863338564,0.9997913241386414
3715.185810854262,0.9985170348423481,0.9997577667236328
3715.1881256279275,1.0137935910912867,0.9997577667236328
3715.1904404015936,0.9970049125586734,0.9997566342353821
3715.192755175261,1.0091214324717988,0.9997566342353821
3715.195069948926,1.0101039561303187,0.9997566342353821
3715.197384722594,1.0121956803348588,0.9997577667236328
3715.1996994962606,1.0078776576802915,0.9997566342353821
3715.202014269927,0.9920800723394967,0.9997566342353821
3715.2043290435918,0.9935180112576733,0.9997542500495911
3715.2066438172606,0.9931478402096799,0.9997028112411499
3715.208958590926,1.009784612819643,0.9995884299278259
3715.211273364594,0.9995077014373794,0.9995884299278259
3715.2135881381405,0.996072148203388,0.99956876039505
3715.2159029116397,1.0097400101882428,0.9995884299278259
3715.218217685139,1.007766436944681,0.99956876039505
3715.220532458636,0.9956506756336524,0.9995675683021545
3715.2228472321362,1.0129148079935095,0.9995314478874207
3715.2251620056354,1.0036269134978657,0.9995314478874207
3715.2274767791355,1.004946463355329,0.9995314478874207
3715.2297915526337,1.009372297026198,0.9994845390319824
3715.232106326134,0.9895168746669364,0.9994845390319824
3715.234421099631,1.0050235655185344,0.9994845390319824
3715.2367358731312,1.006440860066286,0.9994845390319824
3715.2390506466295,1.018031309231711,0.9994407892227173
3715.2413654201287,1.0076878146575163,0.9994407892227173
3715.243680193628,0.998357931262974,0.9993705153465271
3715.2459949671274,1.003065787421522,0.9993705153465271
3715.248309740627,1.0125831300280228,0.9993705153465271
3715.2506245141244,1.0070424320292317,0.9993618130683899
3715.2529392876245,1.0095430122036735,0.9993618130683899
3715.2552540610036,0.9967642919831058,0.9993705153465271
3715.257568834335,1.0093708833484656,0.9993618130683899
3715.2598836076645,1.0144408903459174,0.9993274807929993
3715.2621983809963,1.0016239648469198,0.9993169903755188
3715.264513154327,1.0057689611032774,0.9993169903755188
3715.2668279276554,1.0010083655090565,0.9993163347244263
3715.269142700987,1.005839811126652,0.999277651309967
3715.271457474317,1.0008427562807056,0.9992146492004395
3715.273772247648,1.0059076451738365,0.9992146492004395
3715.2760870209777,1.0022579336673825,0.9992122650146484
3715.27840179431,0.991027678358387,0.9992122650146484
3715.2807165676404,0.9980004772130756,0.9992122650146484
3715.28303134097,1.0071118726929273,0.9992086291313171
3715.2853461143004,1.0098137443005288,0.9992024898529053
3715.28766088763,1.0043453061697811,0.9992024898529053
3715.2899756609618,1.0010907498507042,0.9991942048072815
3715.2922904342913,0.9961327133887193,0.9991784691810608
3715.294605207623,0.9996807753311575,0.9991222023963928
3715.2969199808335,0.9992109763651448,0.9991222023963928
3715.2992347539935,1.0096038940332794,0.9990963339805603
3715.301549527153,1.0011720926214485,0.9990617036819458
3715.303864300316,1.0005859139251871,0.9989822506904602
3715.306179073476,1.0011905462998283,0.9989460110664368
3715.3084938466377,1.0026089875974193,0.9989822506904602
3715.310808619798,1.00042495217498,0.9989460110664368
3715.313123392959,1.0029804064589873,0.9989016056060791
3715.315438166119,1.0023727988124729,0.9989460110664368
3715.3177529392788,0.9939502785046269,0.9989016056060791
3715.320067712441,1.0021501554885712,0.9989016056060791
3715.322382485602,0.9988342281360935,0.9988032579421997
3715.324697258763,1.0067471239946812,0.9987282752990723
3715.3270120319235,1.0119302064333153,0.9987277388572693
3715.329326805085,1.0091424656127983,0.9986627101898193
3715.331641578244,1.004904367519228,0.9986432790756226
3715.333956351406,1.012825689506974,0.998622715473175
3715.3362711245663,0.995962070404813,0.9986092448234558
3715.3385858976058,1.0079516491788798,0.9986092448234558
3715.340900670597,1.0032597896503634,0.998588502407074
3715.343215443586,1.013200975197175,0.998588502407074
3715.345530216577,1.000152387642168,0.9985761046409607
3715.347844989565,1.0039063679814875,0.9985660314559937
3715.350159762556,1.0080247037385106,0.9985427856445312
3715.352474535545,1.01137638866604,0.9985427856445312
3715.354789308536,1.0096721926788457,0.9985427856445312
3715.3571040815254,1.0069806695533272,0.9985381960868835
3715.3594188545153,0.9961565232133199,0.9984982013702393
3715.3617336275065,1.0074987971599842,0.9984982013702393
3715.3640484004945,1.006453914409285,0.9984972476959229
3715.3663631734853,1.005554929399887,0.9984521865844727
3715.3686779464742,1.0032479030053878,0.9984443187713623
3715.3709927194654,1.0072456820522837,0.9984174966812134
3715.3733074924544,0.9947044745524397,0.9983997344970703
3715.375622265446,1.0014677886479868,0.9983997344970703
3715.377937038436,1.0029274212657409,0.9983919262886047
3715.380251811303,0.9972906652007372,0.9983919262886047
3715.3825665841205,0.9936061106239577,0.9983997344970703
3715.3848813569375,1.0058960956791239,0.9983919262886047
3715.387196129757,1.0023650598262104,0.9983588457107544
3715.3895109025734,0.9969122995887325,0.9983588457107544
3715.3918256753927,1.0176138269371322,0.9983588457107544
3715.3941404482107,0.9925318582167709,0.9983588457107544
3715.3964552210273,1.006078021293732,0.9983497858047485
3715.3987699938452,0.9976207093572178,0.9983497858047485
3715.4010847666646,1.0037864943076014,0.9983497858047485
3715.4033995394816,0.9971707265815817,0.9983497858047485
3715.4057143123,0.9931923462927019,0.9983497858047485
3715.408029085117,0.9997066783366458,0.9983497858047485
3715.4103438579355,0.9999429825658598,0.9983338713645935
3715.412658630752,1.012951073556273,0.9983157515525818
3715.414973403569,0.9998189729593246,0.9983109831809998
3715.4172881763884,1.0029399579518128,0.9983109831809998
3715.4196029492064,1.002175367819507,0.9982843399047852
3715.421917721902,1.0030594036598923,0.9982801675796509
3715.424232494546,0.9958620297644395,0.998276948928833
3715.4265472671914,1.0019194774779638,0.998276948928833
3715.4288620398343,1.0135740522100243,0.9982751607894897
3715.4311768124776,0.9991502389176843,0.998272716999054
3715.433491585123,1.0009073193793472,0.998272716999054
3715.435806357768,1.0104740426807388,0.9982627630233765
3715.4381211304135,0.997489721423683,0.9982551336288452
3715.4404359030573,0.9894937813496317,0.9982350468635559
3715.442750675703,0.9930800452975058,0.9982551336288452
3715.4450654483458,0.9948027792630648,0.9982350468635559
3715.447380220991,1.0002096419159634,0.9982350468635559
3715.4496949936347,0.994065896033696,0.9981945753097534
3715.4520097662803,0.9984829454671263,0.9981945753097534
3715.454324538924,1.0040567073137596,0.9981302618980408
3715.456639311569,0.9968439606365155,0.9981198310852051
3715.4589540842144,1.0014516586733575,0.9981198310852051
3715.4612688568573,0.9927155097067911,0.998056948184967
3715.4635836293787,1.003266064940878,0.9980568289756775
3715.465898401848,1.0042991134761832,0.9980568289756775
3715.468213174319,0.9976125956244257,0.9980526566505432
3715.470527946788,1.0023756393500092,0.9980526566505432
3715.4728427192595,0.9966330487138613,0.9980337619781494
3715.475157491729,1.0024478801145578,0.9979397058486938
3715.4774722641982,0.9994041564507411,0.9979397058486938
3715.4797870366683,0.9926955257586703,0.9979376196861267
3715.482101809137,1.0006730131463932,0.9979376196861267
3715.4844165816085,1.000365130551942,0.9978983998298645
3715.4867313540776,1.004193834687307,0.9978983998298645
3715.489046126548,0.9995725701875471,0.9978967905044556
3715.4913608990187,0.9991169476876322,0.9978967905044556
3715.493675671488,1.002444401571384,0.9978967905044556
3715.495990443958,1.0052625269554807,0.9978983998298645
3715.498305216429,1.018402896201334,0.9978967905044556
3715.500619988898,1.0134264090221379,0.9978967905044556
3715.502934761367,1.0109251764321348,0.9978665709495544
3715.505249533713,1.0065849842384953,0.9978665113449097
3715.5075643060077,1.0013589754050598,0.9978585839271545
3715.509879078301,1.0012714139317578,0.9978535175323486
3715.512193850594,0.9883082285732652,0.997729480266571
3715.5145086228904,0.9954285572948138,0.9976650476455688
3715.5168233951836,0.9852204046182718,0.9976388812065125
3715.5191381674786,0.9901541428639283,0.9976264834403992
3715.5214529397717,1.0050005356457776,0.9975914359092712
3715.523767712067,0.9943310288399946,0.9975864291191101
3715.5260824843594,1.0104747506426437,0.9975864291191101
3715.5283972566526,1.003889181393399,0.9975841045379639
3715.5307120289476,0.998119818716778,0.9975841045379639
3715.533026801242,0.9982504897624882,0.9975841045379639
3715.535341573537,1.0030626782499295,0.9975631237030029
3715.5376563458303,1.0006329941351546,0.9975631237030029
3715.539971118126,0.9907657783079351,0.9975631237030029
3715.542285890418,1.0038204624062077,0.9975548982620239
3715.544600662713,1.0028591704826484,0.9975417256355286
3715.5469154348802,0.991929014718252,0.9975284934043884
3715.549230206998,0.993965971410545,0.9975284934043884
3715.5515449791146,0.9987919359619098,0.9974861145019531
3715.5538597512314,1.008285459063264,0.9974825978279114
3715.55617452335,0.985937069851603,0.9974704384803772
3715.558489295465,0.9979230672610219,0.9974702596664429
3715.560804067583,0.9923916218442441,0.9974350929260254
3715.5631188396987,0.9993839490307311,0.9974244236946106
3715.565433611817,0.9966182632310675,0.9974244236946106
3715.567748383933,0.9936220348545604,0.9974066615104675
3715.5700631560508,0.996636608834458,0.9973888993263245
3715.572377928168,0.9941536358847282,0.997372567653656
3715.5746927002833,0.9963307717582975,0.9973450899124146
3715.577007472401,1.0141029461280366,0.9973450899124146
3715.5793222445172,1.0105951162382487,0.9973134398460388
3715.5816370166353,0.9935401810943885,0.9973077774047852
3715.583951788752,1.0005922168045418,0.9973077774047852
3715.5862665608693,0.9929884967955142,0.9972499012947083
3715.5885813328578,0.9965105603664689,0.9972143173217773
3715.5908961047976,0.9891086044989307,0.9971471428871155
3715.593210876736,0.9900451536070851,0.9971463084220886
3715.595525648673,0.990761394423673,0.9971349239349365
3715.597840420613,0.9913865906380886,0.9971349239349365
3715.6001551925515,0.9922111971326465,0.9971269965171814
3715.60246996449,0.9979483118049548,0.9970479011535645
3715.6047847364266,1.0005451440749014,0.9970479011535645
3715.6070995083664,0.9837843228007934,0.9970155954360962
3715.609414280305,0.985411532203134,0.9969729781150818
3715.6117290522443,1.0117207964906783,0.9969725012779236
3715.614043824182,0.9891785177754374,0.9968971014022827
3715.6163585961212,0.989827958575937,0.9968971014022827
3715.618673368059,1.003179937692737,0.9968791007995605
3715.6209881399955,0.9964410977095015,0.9968099594116211
3715.6233029119353,0.9991140291063205,0.9967623353004456
3715.6256176838738,0.9837476714559488,0.9967622756958008
3715.627932455812,0.9976549516303874,0.9967622756958008
3715.6302472276234,1.006954631880511,0.996748685836792
3715.6325619993827,1.0057015405384442,0.9966862797737122
3715.6348767711406,1.0016409393404426,0.9966802597045898
3715.6371915428995,0.9978652750146451,0.9966287016868591
3715.639506314657,0.9920522660724715,0.9965888261795044
3715.641821086416,1.00772406252841,0.996556282043457
3715.644135858174,0.995245414918203,0.996556282043457
3715.646450629933,1.0046435423037028,0.9965122938156128
3715.648765401693,0.9968472757547198,0.9965036511421204
3715.6510801734503,0.9905103738093256,0.996485710144043
3715.653394945209,0.995316272441964,0.9964379072189331
3715.655709716967,1.0018744361661915,0.996412456035614
3715.6580244887264,0.9997063921269539,0.9963615536689758
3715.660339260484,0.9950189142583931,0.9963173866271973
3715.662654032244,0.9925607946910356,0.996281087398529
3715.6649688040025,0.9883772625052626,0.996281087398529
3715.66728357576,1.0081535365027496,0.9962378144264221
3715.669598347519,0.998671241407777,0.9962378144264221
3715.6719131191485,0.9966651856438028,0.9962126016616821
3715.6742278907263,0.9982591449635166,0.9962097406387329
3715.676542662303,1.0039025097152885,0.9961778521537781
3715.6788574338816,0.9988894334387337,0.9961778521537781
3715.681172205459,0.9853529740756012,0.9961368441581726
3715.6834869770364,1.0108965349453283,0.9961352944374084
3715.6858017486115,1.0109488889492573,0.9961246252059937
3715.6881165201894,1.0085405246335097,0.9961110949516296
3715.6904312917677,0.9912513422293708,0.9961089491844177
3715.692746063344,0.9947934522012547,0.9960690140724182
3715.695060834923,0.9929579238914589,0.9960690140724182
3715.6973756065,0.999075887792838,0.9959990978240967
3715.6996903780773,1.0094070035341196,0.9959744215011597
3715.702005149653,0.9850715586465034,0.9959686398506165
3715.7043199212317,1.002351956268863,0.9959127902984619
3715.7066346928086,0.9945995680659953,0.9958808422088623
3715.7089494643874,1.0019955014582465,0.9958792328834534
3715.711264235964,1.004486916979407,0.9958556890487671
3715.7135790074117,0.9942857436990377,0.9958556890487671
3715.7158937788063,1.0054593962899951,0.9958460927009583
3715.718208550199,0.999708692009165,0.9958388209342957
3715.720523321595,0.9944131353029553,0.9958388209342957
3715.72283809299,0.9874834556120198,0.9958342909812927
3715.7251528643847,0.9853418804314091,0.9957936406135559
3715.7274676357797,0.9964902684471159,0.9957624077796936
3715.729782407175,0.998939476472384,0.9957492351531982
3715.732097178569,1.0041456012546466,0.9957492351531982
3715.7344119499617,1.0035189009229213,0.9957084655761719
3715.7367267213576,1.0048925297465916,0.995686948299408
3715.7390414927527,0.9958884901490125,0.9956699013710022
3715.7413562641473,1.0005672841778839,0.9956449270248413
3715.7436710355423,0.9838930069370349,0.9956426024436951
3715.745985806938,0.9975866539069277,0.9955487251281738
3715.7483005783315,1.0020123168640476,0.9955251812934875
3715.750615349726,0.9978058700028125,0.9954255223274231
3715.7529301211202,0.9964660273912068,0.9954255223274231
3715.7552448923852,0.9931708452751874,0.9953985810279846
3715.757559663595,0.9908577338573967,0.9953985810279846
3715.759874434806,0.9938641008188664,0.995334267616272
3715.7621892060174,1.0018394315655823,0.9953163266181946
3715.7645039772274,0.9992140660380952,0.995314359664917
3715.766818748438,0.9893655298334575,0.9952762126922607
3715.7691335196478,0.9847436461704061,0.9952408671379089
3715.771448290859,1.0033720981279117,0.9952201247215271
3715.773763062069,0.9903732009193785,0.9952146410942078
3715.776077833281,0.988702867673236,0.9951701164245605
3715.7783926044913,0.9945408605908472,0.9951505064964294
3715.7807073757012,1.0010926065182046,0.9951505064964294
3715.7830221469108,1.0029009701485296,0.9951468706130981
3715.785336918121,0.998043159852116,0.9951468706130981
3715.7876516893334,1.0106330471434601,0.995084285736084
3715.789966460543,1.0042641564315091,0.995084285736084
3715.7922812317547,0.9982559181500477,0.995084285736084
3715.794596002965,1.0001573549136182,0.995084285736084
3715.796910774044,0.9832426301355685,0.995084285736084
3715.7992255450677,0.9987581051414675,0.9950786828994751
3715.8015403160925,0.9932135280669077,0.9950718879699707
3715.803855087119,1.0065838331477437,0.995071530342102
3715.8061698581428,0.9982017297322164,0.9950623512268066
3715.8084846291695,1.0004253785095973,0.995002269744873
3715.8107994001944,0.9949989282818686,0.9949697256088257
3715.8131141712192,1.0138703303065537,0.9949140548706055
3715.8154289422423,0.9897781485234025,0.9949140548706055
3715.817743713269,0.9943447086212563,0.9948667287826538
3715.820058484294,1.0035010287522197,0.9948667287826538
3715.8223732553197,1.0068947088720293,0.9948474168777466
3715.824688026344,0.9987878929492169,0.9948474168777466
3715.8270027973695,1.0003087358957634,0.9948397278785706
3715.8293175683943,0.9984811408168283,0.9946932196617126
3715.8316323394174,0.9939036908392551,0.9946802854537964
3715.8339471104437,0.9907801262042883,0.9946742057800293
3715.836261881469,0.9838890579739716,0.9946734309196472
3715.838576652361,0.993510788177579,0.9946734309196472
3715.840891423199,1.0051210974545584,0.994660496711731
3715.8432061940384,1.0106494425752626,0.994660496711731
3715.8455209648755,0.9987756254357089,0.9946159720420837
3715.8478357357117,0.9998583918018981,0.9946159720420837
3715.850150506551,1.0087952750507125,0.9945769309997559
3715.852465277389,1.0027772871715894,0.9945456385612488
3715.854780048227,0.9918710759294908,0.9945321083068848
3715.857094819065,0.9877966190679333,0.9945307970046997
3715.859409589904,0.9943187654782986,0.9945307970046997
3715.861724360741,1.0025332296100429,0.9945285320281982
3715.864039131579,0.9985915460036137,0.9945011734962463
3715.866353902416,1.0101205128343442,0.9944754838943481
3715.8686686732553,0.9875477463254884,0.9944754838943481
3715.8709834440924,0.9999216639323962,0.9944751262664795
3715.8732982149304,1.004753626774129,0.9944751262664795
3715.8756129857697,0.9967060847258516,0.9944677352905273
3715.877927756607,1.0076585022009532,0.9944248199462891
3715.88024252731,0.9940270512575602,0.9943972229957581
3715.8825572979595,0.990161310015928,0.9943972229957581
3715.88487206861,1.0008566389971851,0.9943628311157227
3715.8871868392584,0.9867865341983262,0.994356095790863
3715.8895016099095,0.9893669723560704,0.9942901134490967
3715.891816380559,1.0015334007851449,0.994356095790863
3715.894131151207,0.9944570666046416,0.9942901134490967
3715.8964459218555,0.9846826589103326,0.9942901134490967
3715.898760692505,0.9974536079402687,0.9942799210548401
3715.901075463156,0.9995239565094916,0.9942799210548401
3715.903390233804,1.0040157664453064,0.9942799210548401
3715.905705004455,0.9931008785327391,0.9941765666007996
3715.9080197751045,0.987942832188292,0.9941730499267578
3715.910334545754,0.9949329882221578,0.9941730499267578
3715.9126493164013,1.0028435151163702,0.9941461086273193
3715.9149640870505,0.9935897754910453,0.9940888285636902
3715.9172788577016,1.004841395360355,0.9940888285636902
3715.91959362835,1.0009977973627713,0.9940704703330994
3715.9219083988655,1.0097244686901417,0.9940513968467712
3715.924223169325,1.0040466799799102,0.9940342903137207
3715.9265379397843,1.004054764535714,0.9940221309661865
3715.9288527102417,1.002383003607546,0.9939928650856018
3715.931167480702,1.0005266558749084,0.9940221309661865
3715.933482251162,1.0045325640081426,0.9939928650856018
3715.935797021621,1.0029503485229998,0.9939466118812561
3715.9381117920802,0.9934829299325013,0.9939061403274536
3715.94042656254,1.0005988816158697,0.9938725233078003
3715.942741332998,1.004571750575652,0.9938560724258423
3715.9450561034564,0.9962971508134532,0.9938428997993469
3715.947370873917,1.0114851007720926,0.9938189387321472
3715.9496856443766,0.9902289335745492,0.9938066005706787
3715.9520004148358,0.9970125089454998,0.9937994480133057
3715.954315185295,0.9963278424704037,0.9937901496887207
3715.9566299557555,1.0023707981865166,0.9937551021575928
3715.958944726213,1.011841459684143,0.99373459815979
3715.9612594966725,1.0002219385940299,0.9936856031417847
3715.9635742669957,1.0024387452479648,0.9936856031417847
3715.965889037264,0.9936268407398225,0.9936415553092957
3715.968203807531,0.9973655613554078,0.9936073422431946
3715.970518577799,1.003358715319436,0.9935600161552429
3715.972833348068,1.0071159298141292,0.993546187877655
3715.9751481183334,0.9927185111171152,0.9934013485908508
3715.977462888602,1.0004609258261024,0.9933981895446777
3715.979777658869,0.9928721257780531,0.9933781027793884
3715.9820924291366,1.0040554132608797,0.9933781027793884
3715.9844071994044,0.9971155252161586,0.9933781027793884
3715.986721969672,0.9973206531476475,0.9933711290359497
3715.9890367399407,0.9959904230495802,0.9933619499206543
3715.9913515102066,0.9968086153883817,0.9933595061302185
3715.9936662804744,1.007071621127726,0.9933487772941589
3715.9959810507416,1.0139343692259524,0.9933487772941589
3715.9982958210107,1.0045476583360835,0.9933412075042725
3716.0006105912776,0.9944489350632517,0.9932738542556763
3716.0029253615457,0.9989674367834819,0.9932729601860046
3716.005240131677,1.0033162151772503,0.9932624101638794
3716.0075549017497,0.9985101860761149,0.9932414293289185
3716.0098696718237,0.9970566783402564,0.9932414293289185
3716.012184441898,1.0006040284285245,0.9931995272636414
3716.014499211974,1.0005766125286235,0.9931824207305908
3716.016813982048,0.975587124611831,0.993163526058197
3716.0191287521225,0.9863596864932881,0.9931461215019226
3716.0214435221974,0.9992113633774677,0.9931126832962036
3716.0237582922705,1.0168141271582283,0.9931042790412903
3716.026073062344,1.0160867645400364,0.9931004643440247
3716.0283878324185,0.9894085789879987,0.9930804967880249
3716.030702602494,0.9912858830789708,0.9930804967880249
3716.0330173725674,1.0154252881234993,0.9930469989776611
3716.035332142643,0.9974801573344095,0.9930469989776611
3716.0376469127173,0.9958088882827978,0.9930429458618164
3716.039961682791,1.0059484662729874,0.9930389523506165
3716.0422764528653,0.9940899542066437,0.9930298924446106
3716.0445912229393,1.0023205496523258,0.9930298924446106
3716.046905992876,1.0021716079917142,0.9930136799812317
3716.0492207627544,0.9998636250081483,0.9930101633071899
3716.0515355326347,0.9984037709732777,0.9930068254470825
3716.053850302513,1.0001206031695282,0.9928904175758362
3716.056165072393,0.9983455073019198,0.9928747415542603
3716.058479842273,1.004299169822521,0.9928585290908813
3716.060794612152,0.999105322666764,0.9928585290908813
3716.063109382032,0.991871613797767,0.9928526878356934
3716.0654241519114,0.9939363838401946,0.9928379654884338
3716.067738921791,0.9950705449041602,0.9927023649215698
3716.0700536916693,1.0101990030184687,0.9926838278770447
3716.072368461549,0.9979341254660616,0.9926824569702148
3716.0746832314285,0.992645808495124,0.9926824569702148
3716.0769980013083,0.9915919399317216,0.9925435185432434
3716.079312771188,1.001514784811434,0.9924894571304321
3716.0816275410675,0.9935880187639852,0.992403507232666
3716.083942310947,1.0011537725328743,0.9924011826515198
3716.0862570808276,1.0025296533759205,0.992329478263855
3716.088571850566,0.9913014216868454,0.9922711849212646
3716.090886620249,0.9881418138365268,0.9922675490379333
3716.093201389932,1.0042958003300138,0.9922497868537903
3716.0955161596153,0.9976389349094511,0.9922473430633545
3716.097830929299,0.9901389157883557,0.9921994209289551
3716.100145698981,0.9916314050240166,0.9921530485153198
3716.1024604686654,0.9965118598327692,0.9921348094940186
3716.1047752383465,0.9846499803694744,0.9921190142631531
3716.10709000803,1.0053996006072845,0.992016077041626
3716.109404777712,0.9977456211003135,0.9920099377632141
3716.111719547396,1.0038489436089115,0.992016077041626
3716.114034317079,1.007639532504785,0.9920099377632141
3716.116349086761,0.9967635269198454,0.9919702410697937
3716.1186638564454,1.0091876226040333,0.9919702410697937
3716.1209786261265,1.011040544007055,0.991931140422821
3716.1232933958104,0.9947502251277005,0.9919205904006958
3716.1256081654924,0.9968137391873905,0.9919077157974243
3716.1279229351767,1.006802936523513,0.9918750524520874
3716.130237704718,0.985568813103429,0.9918710589408875
3716.1325524742037,1.0106107055325049,0.9918710589408875
3716.1348672436893,0.9858872660339895,0.9918386340141296
3716.137182013172,1.0028858266727547,0.9918180704116821
3716.1394967826577,0.996429806467324,0.99177086353302
3716.1418115521415,1.008924935392752,0.9917616844177246
3716.1441263216275,0.9903028901411715,0.9917480945587158
3716.1464410911112,1.0,0.9917479157447815
3716.1487558605972,1.0023416992552094,0.9917480945587158
3716.1510706300824,1.0075227921007859,0.9917479157447815
3716.153385399566,1.0021131896753015,0.9917232394218445
3716.1557001690508,0.9919353350656445,0.9916954636573792
3716.1580149385345,1.0014660473790158,0.9915761947631836
3716.160329708021,1.0104728410709503,0.9915533661842346
3716.1626444775047,0.9939918752326001,0.9915415644645691
3716.1649592469903,1.009001036169636,0.9915415644645691
3716.167274016474,0.9990641287611663,0.9915093779563904
3716.169588785959,1.000990242644017,0.9914217591285706
3716.1719035553024,0.999773335773531,0.9913761615753174
3716.1742183245874,0.9920311838454665,0.991371750831604
3716.1765330938724,1.002272343159531,0.9913546442985535
3716.1788478631565,0.994505186282843,0.9913472533226013
3716.1811626324425,1.001718325048559,0.9913034439086914
3716.183477401726,0.9933492939374919,0.9912320375442505
3716.1857921710116,0.9926763632431946,0.9911920428276062
3716.1881069402957,1.0030173887875715,0.991182267665863
3716.1904217095816,0.9922895033512878,0.991182267665863
3716.192736478866,1.0074113755431704,0.9911514520645142
3716.1950512481526,0.989807108687206,0.9910452365875244
3716.1973660174367,1.0172049805135,0.991024911403656
3716.1996807867226,1.0023674658480286,0.991024911403656
3716.201995556006,1.0110772559373546,0.9909897446632385
3716.20431032529,1.000896250400128,0.9909828901290894
3716.206625094576,0.9990299420581649,0.990975558757782
3716.2089398638605,1.008417393894349,0.990975558757782
3716.211254633147,1.0066328131677724,0.9909135699272156
3716.213569402288,1.0024790982852934,0.9909029603004456
3716.2158841713726,1.01210526280964,0.990882933139801
3716.218198940454,0.9920558047473882,0.9908653497695923
3716.2205137095384,1.0038792960058598,0.9908304810523987
3716.222828478621,1.0023152157349726,0.990786612033844
3716.2251432477033,1.0110297143401688,0.9907488822937012
3716.227458016788,0.9917163800177596,0.990746021270752
3716.2297727858713,1.0012163801854086,0.990715503692627
3716.2320875549563,0.9932412822353518,0.9907095432281494
3716.234402324037,1.002011509535809,0.9907095432281494
3716.236717093122,1.0155756282238642,0.9906523823738098
3716.2390318622042,0.9949043697657066,0.9906482100486755
3716.241346631289,1.0174180065248932,0.9906316995620728
3716.2436614003714,0.9970076981435779,0.9906280636787415
3716.245976169455,1.010668841594962,0.9906116127967834
3716.2482909385394,1.0095485348000226,0.9905814528465271
3716.2506057076207,1.0059699593977776,0.9905720353126526
3716.2529204767056,1.001315418862015,0.9905720353126526
3716.2552352456437,1.021667014360215,0.9905720353126526
3716.2575500145253,0.9899273596267119,0.9905446767807007
3716.2598647834047,0.9919473083658572,0.9905127286911011
3716.2621795522855,1.0030866758732178,0.990502655506134
3716.264494321165,1.0124946322798802,0.9905014038085938
3716.266809090043,0.9986759558774723,0.9904665350914001
3716.2691238589255,1.0016902060425317,0.9904449582099915
3716.271438627805,1.0040775745497428,0.9903180003166199
3716.2737533966856,0.9975420646885335,0.990292489528656
3716.2760681655654,0.992424970631804,0.9902752041816711
3716.278382934446,0.9946608668760131,0.9902675747871399
3716.2806977033256,0.9902840585669871,0.9902675747871399
3716.2830124722063,1.0082142719348357,0.9902576804161072
3716.2853272410853,0.9989831324828379,0.9902576804161072
3716.2876420099656,1.0179570997852805,0.9902574419975281
3716.2899567788463,0.9985615754769567,0.9901893138885498
3716.292271547726,1.0044950661001597,0.990165114402771
3716.2945863166074,0.9978789654046526,0.9901628494262695
3716.2969010853403,1.0066874727528121,0.9901407957077026
3716.2992158540164,0.9890805260260316,0.9900906682014465
3716.301530622691,0.9997857925300112,0.9900370240211487
3716.3038453913673,1.001375643352134,0.9900142550468445
3716.306160160042,1.008208152762241,0.9899938106536865
3716.3084749287164,1.0215061642863557,0.9899045825004578
3716.310789697393,0.9951888873962651,0.9898896813392639
3716.3131044660663,1.0068117616908285,0.9898462295532227
3716.3154192347424,1.01129852292237,0.9898249506950378
3716.317734003417,0.9940690650679332,0.9897735714912415
3716.3200487720933,0.9980119496215231,0.9897178411483765
3716.3223635407676,0.9962447098920201,0.9897098541259766
3716.324678309445,0.9912963721603882,0.9896615743637085
3716.3269930781194,0.9961381647512788,0.9895842671394348
3716.3293078467937,1.0014284838327023,0.9895693063735962
3716.3316226154684,1.0047639592855313,0.9895656704902649
3716.3339373841427,1.0063466451979703,0.9895656704902649
3716.3362521528193,1.005037045389547,0.989544153213501
3716.338566921347,1.0054465851001138,0.9894774556159973
3716.340881689817,1.0085655030943081,0.9893789887428284
3716.3431964582855,1.0005348004026335,0.9893605709075928
3716.345511226753,0.9939529151137838,0.9892635345458984
3716.3478259952217,0.99198775110429,0.9892635345458984
3716.3501407636913,1.0034704127699237,0.9892507195472717
3716.352455532159,1.020153704040339,0.9892404675483704
3716.3547703006266,0.9980639864790566,0.9892269968986511
3716.3570850690962,0.9988775153391072,0.989158570766449
3716.359399837565,1.001607741745613,0.989158570766449
3716.3617146060324,1.009644555927355,0.989155113697052
3716.364029374501,0.9915745980700033,0.9891422986984253
3716.366344142971,0.9983562572318234,0.9891422986984253
3716.3686589114386,0.9919900890277344,0.9891355633735657
3716.370973679908,0.9919410939069403,0.9891202449798584
3716.3732884483757,1.0072020611823258,0.9890546202659607
3716.3756032168444,1.0052934318043307,0.9890546202659607
3716.377917985312,1.000550168808231,0.9890251755714417
3716.380232753632,1.0012901724143335,0.9889814853668213
3716.382547521894,1.0157183525439297,0.98888099193573
3716.3848622901533,1.0083586166292078,0.9888806343078613
3716.387177058414,1.0075316696722059,0.9888695478439331
3716.3894918266733,1.0122350905139683,0.9888695478439331
3716.391806594935,1.012178743740039,0.9888148307800293
3716.3941213631933,0.987847509079345,0.988783061504364
3716.3964361314524,0.9913177176429909,0.988778829574585
3716.398750899714,0.9938803008597888,0.9887650012969971
3716.401065667974,0.9890736646460866,0.9887597560882568
3716.403380436235,0.9958157573238112,0.988747239112854
3716.405695204494,0.9823106478831465,0.988718569278717
3716.4080099727557,1.0038590602307238,0.9886741042137146
3716.410324741014,1.0039197328044083,0.9886682033538818
3716.412639509275,0.9963586160329413,0.9886682033538818
3716.414954277534,0.9895136514136333,0.988616406917572
3716.4172690457945,1.002603566264177,0.9886083602905273
3716.4195838140545,0.998204808039566,0.9886008501052856
3716.421898582166,0.9989072692160905,0.9886008501052856
3716.424213350217,1.0015069965760217,0.9886008501052856
3716.426528118265,1.0186860421850927,0.9885461926460266
3716.428842886316,0.9871413897821997,0.9885242581367493
3716.431157654365,1.008324625416881,0.9884577393531799
3716.4334724224163,0.9990509114060562,0.9884403944015503
3716.4357871904654,0.9980974716815745,0.9884355068206787
3716.4381019585153,1.0008002154170976,0.9883514046669006
3716.4404167265666,1.0022798055078996,0.9883188605308533
3716.4427314946147,1.010352845164345,0.9883188605308533
3716.4450462626655,1.0003616383495877,0.9882509708404541
3716.4473610307145,1.0008045960165017,0.9882300496101379
3716.4496757987663,1.0076536743710656,0.9882300496101379
3716.4519905668153,0.9974219460588821,0.9882187843322754
3716.454305334866,0.9938466512431828,0.9881624579429626
3716.4566201029165,0.9977363071374036,0.9881126284599304
3716.4589348709646,0.9884178091649068,0.9881126284599304
3716.4612496390155,1.0014893430537348,0.9881126284599304
3716.4635644069144,1.0070938902418727,0.9880626797676086
3716.465879174754,0.9996478792309614,0.988048255443573
3716.468193942591,0.9955736938677806,0.9880409240722656
3716.47050871043,0.9966681297754132,0.9880409240722656
3716.4728234782683,0.9969635230637234,0.9880136251449585
3716.475138246106,1.0027194119399885,0.9879414439201355
3716.477453013943,1.0110457004256033,0.9879227876663208
3716.479767781781,1.0101311647004974,0.9878584146499634
3716.4820825496204,1.0115680427351263,0.9878371953964233
3716.4843973174584,0.9857419113445092,0.9878348708152771
3716.486712085297,0.9968728056887349,0.987808883190155
3716.4890268531353,1.0017831837541533,0.9878042340278625
3716.4913416209724,1.0113633339751558,0.9878039956092834
3716.4936563888095,1.0175363541305316,0.9878039956092834
3716.4959711566485,1.0140872878071463,0.9878039956092834
3716.4982859244874,0.9960874047670555,0.9877601265907288
3716.5006006923254,0.998314717157245,0.987750232219696
3716.5029154601634,1.002898016374924,0.9877490997314453
3716.5052302278505,0.9850636042810108,0.9877164959907532
3716.5075449954743,0.9921518920578294,0.9877009987831116
3716.5098597630986,0.9905229432240761,0.987700343132019
3716.5121745307233,1.008857923619615,0.9876638054847717
3716.514489298348,1.0054422839391248,0.9876638054847717
3716.516804065973,1.0089586480019517,0.9875904321670532
3716.519118833597,0.9929167630492457,0.9876638054847717
3716.5214336012223,0.9910141325213118,0.9875904321670532
3716.523748368846,1.0100879136611964,0.9875205755233765
3716.5260631364704,0.9977165915328647,0.9875164031982422
3716.528377904095,0.9955634931657623,0.9875022768974304
3716.53069267172,1.0104262954098924,0.9874790906906128
3716.5330074393446,1.0166105797525737,0.9874433279037476
3716.535322206969,1.0030969634595013,0.9874433279037476
3716.537636974595,0.9961886494188867,0.9874287843704224
3716.5399517422175,1.0104508537143675,0.9873943328857422
3716.542266509842,0.9977815506508206,0.9873881936073303
3716.5445812774665,0.9941092932824115,0.9873655438423157
3716.546896044939,0.9925085925381726,0.9873655438423157
3716.5492108123485,1.0107791970317108,0.987348735332489
3716.5515255797577,0.9999256238106676,0.9873176217079163
3716.5538403471683,0.9884686721393133,0.9873176217079163
3716.5561551145756,0.9973845628900245,0.987311840057373
3716.5584698819857,1.001490128434908,0.987311840057373
3716.560784649394,0.9965705816566628,0.9873107075691223
3716.563099416804,0.999674782416034,0.987308919429779
3716.565414184214,0.9963376181864327,0.9872963428497314
3716.5677289516225,1.001448748812783,0.987288236618042
3716.570043719033,0.9793065857874,0.987248957157135
3716.5723584864404,1.0048224721551378,0.987248957157135
3716.5746732538496,0.9979649562164016,0.987248420715332
3716.5769880212592,0.9851910370409726,0.987248420715332
3716.57930278867,0.9814823323185743,0.987244188785553
3716.581617556079,0.997896732563532,0.9872198700904846
3716.5839323234873,1.0080262947041911,0.9871610403060913
3716.586247090898,0.9871524339060926,0.9871610403060913
3716.5885618581515,0.9984055198828174,0.9871429800987244
3716.5908766253447,1.0033059361436498,0.9870294332504272
3716.593191392536,1.002666730114231,0.9870294332504272
3716.59550615973,1.0014434795012082,0.9870107769966125
3716.5978209269224,1.014714971036389,0.9869965314865112
3716.6001356941147,0.9816809176064025,0.986987829208374
3716.6024504613074,1.0038121643219466,0.9869834780693054
3716.604765228498,1.0004394762086168,0.9869544506072998
3716.607079995691,1.007228680059146,0.9869544506072998
3716.6093947628824,0.9864177875715621,0.9869544506072998
3716.611709530076,0.9931411032066726,0.9869544506072998
3716.6140242972683,0.9927648579435582,0.9869544506072998
3716.6163390644606,0.9947450409403802,0.9869834780693054
3716.6186538316533,0.9953450227627728,0.9869834780693054
3716.620968598845,1.0064789582117342,0.9869834780693054
3716.6232833660374,0.9942581228513859,0.9869544506072998
3716.625598133229,0.9984553310946495,0.9869480729103088
3716.6279129004224,1.0149446429726443,0.9869480729103088
3716.6302276674587,1.0000358733756805,0.9869480729103088
3716.6325424344336,1.0065006577237654,0.9869255423545837
3716.6348572014076,0.9971508496868767,0.9868870377540588
3716.6371719683802,0.9869960634084822,0.9868870377540588
3716.6394867353542,1.0062377028699931,0.9868870377540588
3716.641801502328,0.9928955215875764,0.9868837594985962
3716.644116269302,1.0048756544146877,0.9868837594985962
3716.646431036275,0.9965973616264824,0.9868481159210205
3716.6487458032493,0.9979124780984452,0.986842691898346
3716.6510605702215,0.9967389189714501,0.986842691898346
3716.6533753371964,1.0071404691718115,0.9868261218070984
3716.65569010417,1.0001811421863482,0.9868177771568298
3716.658004871144,0.9904315228502804,0.9867851734161377
3716.660319638118,1.007104868693058,0.9867792129516602
3716.662634405093,1.004319723315409,0.9867132306098938
3716.6649491720655,0.998283406831856,0.9867132306098938
3716.667263939037,1.0005771527950262,0.9867792129516602
3716.6695787060125,1.0124002215496746,0.9867132306098938
3716.671893472829,1.0015584469558696,0.9867132306098938
3716.6742082395835,0.9882628085595399,0.9867132306098938
3716.676523006337,1.0014687421715964,0.9867132306098938
3716.678837773092,1.0105259170987981,0.9867064356803894
3716.6811525398443,0.9897390913851584,0.9867064356803894
3716.6834673065973,0.9952091878628652,0.9867064356803894
3716.6857820733508,1.0025915497994555,0.9867064356803894
3716.6880968401038,1.0006303141603212,0.986674427986145
3716.690411606858,1.0062467794111873,0.986674427986145
3716.6927263736115,1.0041591039089681,0.98661208152771
3716.6950411403664,1.0109318432740768,0.9865549802780151
3716.697355907119,1.0079143799854564,0.9865548610687256
3716.6996706738714,0.9883593436398221,0.9865548610687256
3716.7019854406253,0.9988713128015787,0.9864688515663147
3716.70430020738,0.9918298273235473,0.9864688515663147
3716.7066149741327,0.9899492459336294,0.9864688515663147
3716.708929740885,0.9975706116885082,0.9864476323127747
3716.711244507641,1.0093236522758975,0.9864476323127747
3716.7135592742366,1.015645637616335,0.9864404797554016
3716.715874040767,1.0031463362684274,0.9864404797554016
3716.7181888072987,0.9945513987597331,0.9863983392715454
3716.720503573832,1.0112952168536844,0.986336350440979
3716.7228183403627,0.9881841757343405,0.986336350440979
3716.725133106896,0.9912418907010875,0.986336350440979
3716.7274478734266,1.004640627392664,0.986336350440979
3716.7297626399586,0.998054142929124,0.986336350440979
3716.732077406489,0.9983316390679272,0.986336350440979
3716.7343921730208,0.9999772781907251,0.986336350440979
3716.736706939554,0.9896590900163587,0.9863239526748657
3716.7390217060847,1.0005777272138887,0.9863139390945435
3716.7413364726176,0.9962529313915092,0.9863139390945435
3716.7436512391487,0.9859801438299036,0.9863139390945435
3716.7459660056816,1.0017232708400892,0.9863139390945435
3716.7482807722113,0.9989792396033037,0.9863059520721436
3716.750595538743,0.9926276372741699,0.9862983822822571
3716.752910305276,1.0101252619381078,0.9862974286079407
3716.7552250716485,1.0005528386008011,0.9862974286079407
3716.757539837958,0.9956209229245933,0.9862836599349976
3716.759854604266,0.9981023951149774,0.9861942529678345
3716.762169370575,0.9961667136278093,0.9861942529678345
3716.764484136882,0.9915854505295569,0.9861679077148438
3716.766798903191,0.9891120533596062,0.9861201047897339
3716.7691136695003,1.0061178589669586,0.9861201047897339
3716.7714284358076,1.0052075677515686,0.9861679077148438
3716.7737432021167,0.9977505797468649,0.9861679077148438
3716.776057968425,1.0010956683867274,0.9861679077148438
3716.778372734734,0.9942298837986717,0.9861942529678345
3716.780687501041,0.9952795840134923,0.9861679077148438
3716.78300226735,0.9943517273268517,0.9861201047897339
3716.785317033658,1.0103860238394258,0.9860855937004089
3716.7876317999676,1.0008927592383867,0.986045241355896
3716.789946566276,0.9990700604061776,0.9860402345657349
3716.7922613325836,0.9846808205047854,0.9860272407531738
3716.7945760988932,0.9991972661953917,0.9859932065010071
3716.7968908650405,1.0102441352556892,0.9859713912010193
3716.799205631125,0.9941356032923756,0.9859713912010193
3716.8015203972077,0.9965411980699868,0.9859713912010193
3716.803835163293,0.9972170392022518,0.9858999848365784
3716.806149929376,0.9945349079324789,0.9858758449554443
3716.8084646954594,0.9989917375690313,0.9857626557350159
3716.8107794615444,0.9986891068577466,0.9856711030006409
3716.813094227626,0.9984963248973487,0.9856711030006409
3716.8154089937107,1.0105679950379811,0.9856711030006409
3716.817723759794,1.005783519283064,0.9856711030006409
3716.8200385258788,0.9890917095105577,0.9856688976287842
3716.8223532919615,0.9966702707540404,0.9856688976287842
3716.8246680580464,1.00975613148388,0.9856688976287842
3716.82698282413,0.9990157092251333,0.9856688976287842
3716.8292975902123,0.9914498308519183,0.98564612865448
3716.831612356297,0.9985936477823042,0.98564612865448
3716.8339271223795,0.9968659061251016,0.9856342673301697
3716.8362418884644,1.008510117712057,0.9856342673301697
3716.838556654387,1.0100870218119653,0.9856342673301697
3716.840871420246,1.001089889056527,0.9856002330780029
3716.8431861861036,1.0087016350392015,0.9856002330780029
3716.8455009519603,0.992867225146595,0.9855842590332031
3716.847815717818,1.0142758702938912,0.9855690002441406
3716.850130483674,0.9948925154858669,0.9855481386184692
3716.852445249533,1.0076243147052926,0.985499918460846
3716.8547600153897,0.9973209649147106,0.9854995012283325
3716.8570747812482,1.0020087897555836,0.9854637384414673
3716.8593895471063,0.9929159042449536,0.9854995012283325
3716.861704312963,0.9967010291569676,0.9854637384414673
3716.8640190788196,0.9995888858491994,0.985450804233551
3716.8663338446795,0.9886026963693062,0.985450804233551
3716.868648610536,0.998000458361865,0.9854310154914856
3716.870963376393,0.9967883256887795,0.985450804233551
3716.8732781422514,1.0111394998145806,0.9854310154914856
3716.8755929081094,1.0024469740629822,0.9854235649108887
3716.877907673966,1.0069136019929292,0.985386848449707
3716.8802224396613,1.0006547314875034,0.985382080078125
3716.8825372052925,0.9912144200161619,0.9853554368019104
3716.884851970923,1.0071232293699093,0.985382080078125
3716.8871667365543,0.9982250876976172,0.9853554368019104
3716.8894815021836,0.9975612649313998,0.9853554368019104
3716.8917962678142,1.014472896958483,0.9853554368019104
3716.894111033443,1.003568115014981,0.9852991700172424
3716.8964257990724,1.0010218034131537,0.9852991700172424
3716.8987405647035,0.9932729510893661,0.9852991700172424
3716.901055330334,1.0116809221083314,0.9852614998817444
3716.9033700959653,1.0110366432333129,0.9852393269538879
3716.9056848615946,0.9785809037263244,0.9852017164230347
3716.907999627226,0.9950539888528409,0.9851977229118347
3716.9103143928546,1.0049120100430307,0.9851977229118347
3716.912629158485,0.9973583999969992,0.9851824641227722
3716.9149439241146,0.996587434195198,0.9851824641227722
3716.9172586897453,0.9981243442056472,0.9851824641227722
3716.9195734553755,0.9971215187722933,0.9851758480072021
3716.921888220844,1.000214175411356,0.9851758480072021
3716.9242029862467,0.996001020089285,0.9851434826850891
3716.9265177516463,1.0020296509582396,0.9851434826850891
3716.9288325170487,0.9971311652704976,0.9851434826850891
3716.9311472824497,1.0131310176419177,0.9851434826850891
3716.9334620478517,1.0053814247549533,0.9851434826850891
3716.935776813253,0.9899403223566846,0.9851434826850891
3716.9380915786546,1.0011982721405812,0.9851434826850891
3716.940406344058,0.9913048581600942,0.9851434826850891
3716.9427211094576,0.9999457888493835,0.9851434826850891
3716.94503587486,0.9903787913394057,0.9851434826850891
3716.9473506402605,0.9786042020297114,0.9851434826850891
3716.949665405663,0.9934415398386915,0.9851434826850891
3716.9519801710644,0.9964012480739338,0.9851758480072021
3716.954294936466,0.9982471497124846,0.9851758480072021
3716.9566097018687,0.9993085885307978,0.9851758480072021
3716.9589244672684,0.997328191994099,0.9851758480072021
3716.9612392326703,0.99570239491671,0.9851758480072021
3716.963553997909,1.00937338082784,0.9851758480072021
3716.965868763082,0.9981732168444968,0.9851758480072021
3716.968183528254,0.9895635468125737,0.9851758480072021
3716.9704982934254,1.0053702971859286,0.9851758480072021
3716.9728130585986,0.9921318972045148,0.9851758480072021
3716.9751278237686,1.0033987943739386,0.9851758480072021
3716.9774425889404,0.9858623657985343,0.9851758480072021
3716.9797573541127,0.9867460511257278,0.9851758480072021
3716.982072119286,0.9986521469451447,0.9851758480072021
3716.9843868844578,1.0086586762701146,0.9851758480072021
3716.98670164963,0.990841278595745,0.9851758480072021
3716.9890164148023,0.9913767776256635,0.9851758480072021
3716.9913311799723,1.0017369383854853,0.9851758480072021
3716.993645945145,0.9891071837821055,0.9851758480072021
3716.9959607103165,0.9868548933757361,0.9851758480072021
3716.9982754754897,0.9960460435993376,0.9851758480072021
3717.0005902406615,1.0021669832509987,0.9851758480072021
3717.0029050058333,0.9924626590615439,0.9851758480072021
3717.00521977084,1.0038629016000717,0.9851758480072021
3717.0075345357827,0.9890613236234027,0.9851758480072021
3717.0098493007245,0.9893726039882124,0.9851758480072021
3717.012164065665,0.9814963939878905,0.9851758480072021
3717.0144788306075,0.9989251298423306,0.9851758480072021
3717.016793595548,0.9950766881076017,0.9851758480072021
3717.0191083604905,0.9982975589188667,0.9851824641227722
3717.02142312543,0.9878210707020291,0.9851977229118347
3717.0237378903726,0.9986682699215766,0.9851977229118347
3717.026052655314,0.9764298538164273,0.9851977229118347
3717.0283674202556,0.9930309231572022,0.9851977229118347
3717.0306821851973,1.00457585246533,0.9852017164230347
3717.0329969501377,0.9889895522407022,0.9852393269538879
3717.03531171508,1.009137864601826,0.9852393269538879
3717.0376264800198,0.9963535658180643,0.9852393269538879
3717.0399412449624,1.0026033340365175,0.9852393269538879
3717.0422560099037,0.9903772468895597,0.9852393269538879
3717.044570774845,1.0079117591240863,0.9852393269538879
3717.046885539623,0.9795560962161576,0.9852393269538879
3717.0492003043323,0.9858078608564178,0.9852393269538879
3717.051515069043,0.9991610188599548,0.9852393269538879
3717.0538298337515,0.9981860995441322,0.9852393269538879
3717.0561445984627,0.9969088130709729,0.9852393269538879
3717.058459363173,1.0020796060491097,0.9852393269538879
3717.0607741278827,0.989462522716104,0.9852393269538879
3717.063088892593,1.007115489311188,0.9852393269538879
3717.065403657304,0.9937757808631548,0.9852614998817444
3717.0677184220135,0.9983946105083834,0.9852614998817444
3717.0700331867215,0.9936167966681075,0.9852614998817444
3717.072347951433,1.0075319669847662,0.9852614998817444
3717.074662716142,1.0077863537960956,0.9852614998817444
3717.076977480853,0.9935060279994882,0.9852614998817444
3717.0792922455635,0.9721519702548798,0.9852991700172424
3717.0816070102746,0.9883622937057793,0.9852991700172424
3717.083921774984,0.9882650194243069,0.9852991700172424
3717.086236539693,1.0069376283719558,0.9852991700172424
3717.0885513042385,0.9889687456160786,0.9852991700172424
3717.0908660687164,1.0022682123441635,0.9853554368019104
3717.093180833195,0.9980583772802982,0.985386848449707
3717.0954955976727,0.9931886841848028,0.985386848449707
3717.097810362153,0.9914526621263137,0.985386848449707
3717.1001251266302,0.9981756721118871,0.9854235649108887
3717.102439891107,0.9789104548542898,0.9854310154914856
3717.1047546555856,0.9959240391926614,0.9854310154914856
3717.107069420065,0.9875463319962395,0.985450804233551
3717.1093841845423,0.9902343907118323,0.985450804233551
3717.1116989490192,1.010570236557272,0.985450804233551
3717.114013713499,0.9997209843198994,0.985450804233551
3717.116328477977,0.9986144176891949,0.985450804233551
3717.1186432424543,1.0073328562707549,0.985450804233551
3717.120958006932,1.0023322275328415,0.985450804233551
3717.123272771412,1.0013480213445483,0.985450804233551
3717.125587535889,1.0019430088245287,0.985450804233551
3717.1279023003663,1.0063650414220038,0.985450804233551
3717.130217064681,0.9964955799936382,0.985450804233551
3717.132531828927,1.0094569529758601,0.9854637384414673
3717.134846593172,1.000832015894189,0.9854637384414673
3717.1371613574174,0.9848506750176516,0.9854995012283325
3717.1394761216648,1.0024778730874642,0.9854995012283325
3717.1417908859094,0.9851585266619483,0.9854995012283325
3717.1441056501562,0.9991327534916364,0.9854995012283325
3717.1464204144017,1.0029837404200872,0.985499918460846
3717.1487351786473,1.007075504363901,0.985499918460846
3717.1510499428923,1.0052282743168675,0.985499918460846
3717.153364707137,0.9921587981573665,0.985499918460846
3717.155679471385,1.000704550547374,0.985499918460846
3717.1579942356298,0.9929268980959741,0.9855481386184692
3717.1603089998766,0.9851044049400433,0.9855481386184692
3717.162623764122,0.9846618824809852,0.9855481386184692
3717.1649385283686,1.0086084740057215,0.9855481386184692
3717.1672532926127,0.990356554442842,0.9855481386184692
3717.1695680568573,0.9927427405330614,0.9855481386184692
3717.17188282094,0.9859644116870442,0.9855481386184692
3717.174197584953,0.9981850349875178,0.9855481386184692
3717.176512348967,1.0055357982628956,0.9855690002441406
3717.1788271129794,0.9976272903998669,0.9855690002441406
3717.1811418769944,0.9932536862181212,0.9855690002441406
3717.1834566410057,0.9945883618270559,0.9855690002441406
3717.185771405018,0.9961059235246463,0.9856002330780029
3717.1880861690324,0.9862170260529641,0.9856342673301697
3717.190400933046,1.0068681442452403,0.9856342673301697
3717.192715697059,1.00107574817684,0.98564612865448
3717.1950304610723,1.0046887478155764,0.98564612865448
3717.197345225087,0.994125337580835,0.9856688976287842
3717.1996599890986,1.0104267578089567,0.9856688976287842
3717.2019747531126,0.9896251265361213,0.9856688976287842
3717.204289517125,1.0009568972919758,0.9856688976287842
3717.2066042811384,0.9947677238253154,0.9856688976287842
3717.2089190451516,1.0058888126950953,0.9856688976287842
3717.211233809165,0.9959672318311061,0.9856688976287842
3717.213548573015,1.0003818155650617,0.9856688976287842
3717.215863336794,0.9925155925155925,0.9856688976287842
3717.2181781005756,0.9834313572533467,0.9856688976287842
3717.2204928643555,0.9982876995010588,0.9856711030006409
3717.2228076281376,0.9840067771204095,0.9856711030006409
3717.2251223919175,0.9896382719842639,0.9856711030006409
3717.227437155698,0.989523195425093,0.9856711030006409
3717.22975191948,1.0015236946950947,0.9857469797134399
3717.232066683259,0.999897690724866,0.9857469797134399
3717.2343814470405,0.9867547874930472,0.9857626557350159
3717.2366962108204,0.9912005143438406,0.9857626557350159
3717.2390109746025,0.9952951179600532,0.9857626557350159
3717.2413257383823,1.000529979833439,0.9858758449554443
3717.2436405021645,1.0033297557981584,0.9858758449554443
3717.245955265945,0.9944204598575644,0.9858758449554443
3717.248270029724,0.9989356268574384,0.9858758449554443
3717.250584793505,0.9961254520185061,0.9858758449554443
3717.2528995572857,1.01193663796658,0.9858758449554443
3717.255214320903,1.0051167902399551,0.9858758449554443
3717.257529084451,0.9748983268211391,0.9858758449554443
3717.2598438480004,0.9898304633911976,0.9859713912010193
3717.2621586115497,0.9905713386370548,0.9859932065010071
3717.2644733750963,0.9883747774860462,0.9859932065010071
3717.2667881386446,1.0018701841790167,0.9859932065010071
3717.2691029021935,0.9882188129393266,0.9859932065010071
3717.2714176657432,0.9904842282061157,0.9859932065010071
3717.2737324292907,0.9812523965191856,0.9859932065010071
3717.2760471928405,0.9917766181457738,0.9859932065010071
3717.2783619563893,0.9980599405469162,0.9860272407531738
3717.280676719937,0.9837341793500055,0.986045241355896
3717.2829914834847,1.003077472481939,0.9860855937004089
3717.285306247033,1.0076709233946721,0.9860855937004089
3717.2876210105833,0.981562063449742,0.9860855937004089
3717.2899357741308,0.9887178080499301,0.9860855937004089
3717.29225053768,0.9827454091331415,0.9860855937004089
3717.2945653012293,0.9940515980304612,0.9860855937004089
3717.2968800646127,0.9906344206529455,0.9860855937004089
3717.2991948279287,0.981312059989225,0.9860855937004089
3717.3015095912465,0.9985399245059492,0.9861201047897339
3717.303824354564,1.0008396219857534,0.9861201047897339
3717.30613911788,0.9958691637930774,0.9861201047897339
3717.3084538811977,0.9975647275353822,0.9861201047897339
3717.310768644515,0.9902459147684859,0.9861201047897339
3717.313083407831,0.9910565989677892,0.9861283898353577
3717.3153981711484,1.000729850284285,0.9861283898353577
3717.3177129344654,0.9953666746673168,0.9861283898353577
3717.3200276977827,0.9877774711503255,0.9861942529678345
3717.3223424610987,1.0002784427080709,0.9861942529678345
3717.3246572244166,0.9858815731049679,0.9862459301948547
3717.3269719877326,0.9755641081146937,0.9862836599349976
3717.32928675105,0.9952303276851782,0.9863059520721436
3717.331601514367,0.9993541005790131,0.9863059520721436
3717.333916277684,1.0117153270820647,0.9863059520721436
3717.336231041001,0.9896346075423744,0.9863059520721436
3717.3385458041544,0.986565316216354,0.9863059520721436
3717.3408605672407,0.9780558572465589,0.9863059520721436
3717.343175330326,1.0018317606053082,0.9863059520721436
3717.3454900934125,0.9752424358820334,0.9863059520721436
3717.347804856498,1.0076827446055325,0.9863139390945435
3717.3501196195853,1.0013961397819766,0.9863239526748657
3717.3524343826716,0.9980428782851103,0.9863239526748657
3717.354749145758,0.9942398280855971,0.9863239526748657
3717.3570639088443,0.9977049475548669,0.9863239526748657
3717.3593786719293,1.0060003251193363,0.9863239526748657
3717.361693435016,0.9990946816398826,0.9863239526748657
3717.3640081981016,0.9973020533884626,0.9863239526748657
3717.3663229611884,1.0129747573993633,0.986336350440979
3717.3686377242752,0.9807811564651585,0.986336350440979
3717.3709524873625,0.9801634755609064,0.9863983392715454
3717.3732672504475,1.0003494317881414,0.9864404797554016
3717.375582013533,1.0051012327999407,0.9864404797554016
3717.3778967766198,0.9942171244537296,0.9864404797554016
3717.3802115395424,0.9883025850882718,0.9864404797554016
3717.3825263024,0.9911852311745362,0.9864404797554016
3717.384841065256,0.9983762872192741,0.9864404797554016
3717.387155828115,0.9965459244791076,0.9864404797554016
3717.3894705909706,1.0056563477640867,0.9864404797554016
3717.3917853538264,0.9837532647823454,0.9864404797554016
3717.394100116683,0.9915847544294543,0.9864404797554016
3717.3964148795408,0.9946202466060684,0.9864688515663147
3717.3987296423966,0.9835444744944973,0.9865548610687256
3717.4010444052524,0.9926408527586924,0.9865549802780151
3717.4033591681105,0.9875175825502319,0.9865714311599731
3717.405673930967,1.0014482313477686,0.98661208152771
3717.407988693823,0.9822718856566377,0.986674427986145
3717.4103034566797,0.9992874683226962,0.986674427986145
3717.4126182195378,1.0033910950152987,0.986674427986145
3717.4149329823936,0.9830474308403064,0.9867064356803894
3717.4172477452494,0.976868525378535,0.9867792129516602
3717.4195625081074,0.9885909788511403,0.9867792129516602
3717.4218772708027,1.0023842360152042,0.9867792129516602
3717.4241920334307,1.0033192175028245,0.9867792129516602
3717.426506796059,0.9759459869548367,0.9867792129516602
3717.4288215586894,0.9945164746166328,0.9867792129516602
3717.4311363213174,0.9867681499111958,0.9867851734161377
3717.4334510839476,0.9946382194977044,0.9867851734161377
3717.435765846575,0.9889044177925558,0.9867851734161377
3717.438080609204,0.9842152975455581,0.986842691898346
3717.440395371832,0.9906611148400991,0.986842691898346
3717.44271013446,0.9840485953741476,0.986842691898346
3717.4450248970907,0.9940561615991522,0.986842691898346
3717.4473396597186,0.9863446761879779,0.986842691898346
3717.449654422349,1.0089615100994034,0.986842691898346
3717.4519691849764,0.9926237913111083,0.986842691898346
3717.454283947606,0.9906518647226562,0.9868481159210205
3717.4565987102333,0.9921345820014323,0.9868837594985962
3717.4589134728612,1.0059116215001591,0.9868870377540588
3717.461228235491,1.0013120654519245,0.9869255423545837
3717.46354299796,0.9910684730269842,0.9869255423545837
3717.4658577603636,0.9948882292358622,0.9869255423545837
3717.468172522766,0.9860771284313682,0.9869255423545837
3717.4704872851694,1.0074579781753388,0.9869480729103088
3717.4728020475704,0.9966183824618253,0.9869544506072998
3717.4751168099724,0.9895618260584154,0.9869834780693054
3717.4774315723766,0.9905084506246967,0.9869834780693054
3717.4797463347795,0.9958654096136594,0.9869834780693054
3717.4820610971824,0.9790205651544931,0.9869834780693054
3717.4843758595853,0.9883992442705057,0.9869834780693054
3717.486690621989,0.9959669441970449,0.986987829208374
3717.48900538439,0.9919180165726859,0.9869965314865112
3717.491320146794,0.9969727135378628,0.9869965314865112
3717.4936349091963,1.0074475872836697,0.9869965314865112
3717.4959496715987,1.0009742706316436,0.9869965314865112
3717.4982644340016,0.973180895478691,0.9869965314865112
3717.500579196405,1.0004744767786886,0.9870107769966125
3717.5028939588087,0.9883476211802172,0.9871429800987244
3717.505208721051,0.9830760611154381,0.9871429800987244
3717.507523483231,0.9933011287269947,0.9872103333473206
3717.5098382454103,0.9866326024141819,0.987244188785553
3717.5121530075894,0.9916644529344429,0.987248420715332
3717.5144677697685,0.9843163914393768,0.987248420715332
3717.5167825319477,0.9836475021855574,0.987248420715332
3717.519097294128,1.0017838858003971,0.987248420715332
3717.5214120563055,0.989190009303104,0.987248957157135
3717.5237268184856,0.9865928702504982,0.987288236618042
3717.526041580664,0.999141327900812,0.987288236618042
3717.5283563428443,0.9950498922850186,0.9872963428497314
3717.5306711050225,0.9949566311938458,0.9873107075691223
3717.532985867202,0.9974816359857707,0.9873107075691223
3717.5353006293826,1.0059255055669338,0.9873107075691223
3717.53761539156,0.9936459227888852,0.9873107075691223
3717.539930153739,0.9990015404614575,0.9873221516609192
3717.542244915918,0.9987825180776475,0.9873221516609192
3717.5445596780987,0.9950692313650202,0.987348735332489
3717.5468744401205,1.0029934963231755,0.9873655438423157
3717.5491892020805,0.9957711827956989,0.9873881936073303
3717.5515039640386,0.9820831993963404,0.9873881936073303
3717.5538187259954,1.002880465916177,0.9874147176742554
3717.5561334879535,0.9877399337822299,0.9874433279037476
3717.558448249912,0.9850272376359241,0.9874790906906128
3717.5607630118716,0.9832909703841638,0.9874790906906128
3717.5630777738293,0.9876769917179298,0.9875848889350891
3717.5653925357888,0.9879074909569173,0.9875904321670532
3717.5677072977473,0.9941570368682446,0.9877009987831116
3717.5700220597037,0.999301183468125,0.9877009987831116
3717.5723368216622,1.002421058094291,0.9877490997314453
3717.5746515836204,0.9958665627142209,0.9877490997314453
3717.5769663455803,1.0,0.9878029823303223
3717.579281107538,0.9913164526638992,0.9878042340278625
3717.581595869497,0.9809465556845395,0.9878348708152771
3717.583910631456,0.994035656933941,0.9878371953964233
3717.5862253934133,1.001074206859067,0.9878371953964233
3717.588540155217,0.9864279178157681,0.9879414439201355
3717.5908549169576,0.9939866138463476,0.9879581332206726
3717.5931696786997,0.9905303029160395,0.9879581332206726
3717.5954844404396,0.9954279248855533,0.9879581332206726
3717.5977992021812,0.9989840838598081,0.9879581332206726
3717.6001139639225,0.9899772473155205,0.9879581332206726
3717.6024287256623,0.9915905696374014,0.987973153591156
3717.604743487402,0.9974966575545903,0.987973153591156
3717.6070582491434,1.0128050488057578,0.9880136251449585
3717.6093730108855,0.992495770119397,0.9880136251449585
3717.6116877726254,0.9807275036774784,0.9880409240722656
3717.614002534367,1.0045957519606565,0.9880949854850769
3717.6163172961074,1.0057748990380437,0.9881126284599304
3717.618632057848,0.9973938287578102,0.98812335729599
3717.620946819588,1.0030649725565133,0.9881624579429626
3717.6232615813296,0.982672316113258,0.9881624579429626
3717.625576343071,0.9822496192305864,0.9882204532623291
3717.627891104811,0.9967943430761604,0.988230288028717
3717.630205866401,1.0004806464849023,0.988230288028717
3717.632520627927,0.9878240179492283,0.9882509708404541
3717.6348353894546,0.9972158189636975,0.9882509708404541
3717.6371501509807,1.0035196091172602,0.9883615374565125
3717.6394649125086,1.0003845439966694,0.9884403944015503
3717.641779674036,0.9882170461111488,0.9884403944015503
3717.6440944355622,1.0111281582978513,0.9885242581367493
3717.64640919709,0.9750030223667197,0.9885242581367493
3717.648723958616,0.9883673235474589,0.9885792136192322
3717.6510387201433,1.0130958307596425,0.9887052774429321
3717.6533534816695,0.993520262140768,0.9888148307800293
3717.6556682431974,0.9977144662064575,0.9888148307800293
3717.657983004725,0.9936192765913456,0.988820493221283
3717.660297766252,0.9958518979099523,0.9888983368873596
3717.662612527779,0.9929765973170571,0.9888983368873596
3717.6649272893046,1.0070400985211163,0.9888983368873596
3717.667242050832,0.9993731450795776,0.9889814853668213
3717.669556812358,0.9867380043195774,0.9890095591545105
3717.6718715737375,1.0153627226993929,0.9890095591545105
3717.674186335054,1.0066599038583681,0.9891202449798584
3717.6765010963727,1.0017531913457645,0.9891319274902344
3717.67881585769,0.9857566530626363,0.989158570766449
3717.6811306190066,1.0083763941499917,0.989158570766449
3717.6834453803244,0.9875559016115969,0.9891926646232605
3717.685760141641,1.0038983947063485,0.9892635345458984
3717.6880749029588,0.985015100687718,0.9893920421600342
3717.6903896642752,0.998672252086461,0.989544153213501
3717.692704425594,0.9793631966083669,0.989544153213501
3717.6950191869105,0.9945229419756754,0.989544153213501
3717.69733394823,0.9871934940051065,0.989544153213501
3717.6996487095457,1.0026012848248467,0.989544153213501
3717.701963470862,0.9958820387825621,0.9897098541259766
3717.70427823218,0.9901263020562879,0.9900203347206116
3717.7065929934965,1.0031851771802218,0.9900370240211487
3717.7089077548153,0.9902138779781942,0.9900545477867126
3717.711222516132,1.00161908994696,0.9901404976844788
3717.713537277304,0.9800650152262238,0.9901404976844788
3717.7158520384155,1.0016345608763313,0.9901404976844788
3717.7181667995283,0.9932227376441785,0.9902589321136475
3717.7204815606415,0.9862277041805815,0.9902675747871399
3717.722796321753,1.0054599353446292,0.9902675747871399
3717.725111082867,0.9886337106126797,0.9903212189674377
3717.7274258439793,0.9833994396912206,0.9904449582099915
3717.7297406050907,1.004371089713496,0.9904449582099915
3717.732055366202,0.9980945126308646,0.9904665350914001
3717.734370127316,0.9966383458293304,0.9906523823738098
3717.7366848884285,0.9671569016988757,0.9908391833305359
3717.73899964954,0.9888057452447893,0.9908660650253296
3717.7413144106536,1.0002760319845823,0.99092036485672
3717.743629171766,0.9981511597142393,0.991024911403656
3717.7459439328777,0.9888410473288678,0.9911911487579346
3717.748258693989,0.9900721453967817,0.9911938905715942
3717.7505734551028,0.9861524454595043,0.9913034439086914
3717.752888216215,0.9794225284908199,0.9913458824157715
3717.755202977185,0.9951838693835459,0.9913458824157715
3717.757517738099,0.9859314239663194,0.991371750831604
3717.7598324990117,0.988932586812827,0.9914725422859192
3717.7621472599235,1.0037968248716107,0.9914733171463013
3717.7644620208353,0.9796364484349565,0.9917232394218445
3717.7667767817493,0.98592960734846,0.9917436242103577
3717.7690915426624,0.9906803035815833,0.9917589426040649
3717.771406303575,0.9957912618786012,0.9917589426040649
3717.773721064488,0.9975317176950415,0.9918401837348938
3717.776035825401,0.985529375985099,0.9918864369392395
3717.7783505863126,1.0001095934132436,0.9920201301574707
3717.7806653472244,0.9853595516054028,0.992118239402771
3717.7829801081384,0.976618067954889,0.992128849029541
3717.785294869051,0.9801543502474578,0.9921348094940186
3717.7876096299638,0.9838871246228656,0.9921348094940186
3717.789924390877,0.984739772288738,0.9921994209289551
3717.7922391517886,0.9915569486075081,0.9922422170639038
3717.7945539127013,0.9817292276792196,0.9922497868537903
3717.7968686734757,0.9929964025240291,0.9924011826515198
3717.7991834341956,0.9825811579275554,0.9924011826515198
3717.8014981949145,0.9984234618948535,0.9924037456512451
3717.803812955633,0.9892824010861615,0.9924728274345398
3717.8061277163524,0.9877924197965025,0.9926360249519348
3717.808442477072,0.9828462895833379,0.9926769733428955
3717.8107572377885,0.9920508323061803,0.9926824569702148
3717.8130719985065,0.9953399250691846,0.9927211403846741
3717.8153867592264,0.9985992492264049,0.9927364587783813
3717.8177015199453,0.9851259240722232,0.9927364587783813
3717.820016280664,0.9873900368775315,0.9929330945014954
3717.822331041383,1.0052566010634452,0.9930136799812317
3717.8246458021026,0.9941351775841938,0.993034303188324
3717.8269605628197,1.0063634913814241,0.993034303188324
3717.8292753235373,0.9801279454368348,0.9931200742721558
3717.831590084257,1.002534557136973,0.9931610226631165
3717.833904844976,0.9763591978885398,0.9931904673576355
3717.8362196056946,0.9800368635298974,0.9936497807502747
3717.8385343662803,0.9759413489926054,0.9936497807502747
3717.840849126813,0.9917616423136265,0.9936497807502747
3717.8431638873417,1.0059370944268593,0.9937061667442322
3717.845478647873,0.9763719465105467,0.9937061667442322
3717.8477934084044,0.9641036076738233,0.9938188791275024
3717.850108168934,0.9818687290513566,0.9938188791275024
3717.8524229294662,0.9825804707037887,0.9938915371894836
3717.854737689997,0.9758649783868207,0.9940322041511536
3717.8570524505294,0.9763218604970152,0.9942423105239868
3717.8593672110587,0.9913892634170121,0.9943087100982666
3717.8616819715894,0.9907830891505343,0.9943472743034363
3717.8639967321205,0.9733918120943431,0.9944102764129639
3717.8663114926508,0.9979514717688794,0.9947742819786072
3717.868626253183,0.9833344447977563,0.9947832226753235
3717.870941013714,0.9909651363790798,0.9952377676963806
3717.873255774246,0.9815527945402488,0.9956743717193604
3717.8755705347753,0.9816543830565919,0.9956743717193604
3717.877885295306,0.9877861984904975,0.9956782460212708
3717.880200055709,0.9768425254375318,0.9956862926483154
3717.8825148160586,0.963733574503704,0.9957076907157898
3717.884829576409,0.9960096393514799,0.9958602786064148
3717.8871443367584,0.9800666511849498,0.9958672523498535
3717.8894590971104,0.9844455795473214,0.9959462285041809
3717.8917738574587,0.9795738440464711,0.9961130619049072
3717.8940886178084,0.9740338740943336,0.9961130619049072
3717.8964033781585,0.9913250768550914,0.9967702627182007
3717.89871813851,0.9555421260813695,0.9974441528320312
3717.901032898859,0.9841669879476178,0.9976438879966736
3717.903347659208,0.9794645310972063,0.997860848903656
3717.905662419559,0.9734556488942308,0.9980794191360474
3717.9079771799074,0.9744183338727147,0.9982335567474365
3717.910291940258,0.9842718504984047,0.999133825302124
3717.912606700608,0.9851502731450084,0.9993534684181213
3717.9149214609597,0.9884429481070164,0.999524712562561
3717.9172362213085,0.9865171820883732,0.9996058940887451
3717.9195509816577,0.9788181417904864,1.0006651878356934
3717.921865741886,0.9857850233669219,1.0016531944274902
3717.9241805020597,0.9711073978935209,1.0022168159484863
3717.926495262237,1.0,1.0022168159484863
