time,flux_flat,trend
2962.8034050958004,1.0,1.0161917209625244
2962.805719923535,1.001798594487329,1.0161917209625244
2962.8080347512678,0.9905510442100907,1.0161917209625244
2962.8103495790015,1.0040814439996837,1.0161917209625244
2962.812664406735,0.9890105313736959,1.0161917209625244
2962.814979234468,1.014509585035206,1.0161917209625244
2962.8172940622003,1.015252742880055,1.0161917209625244
2962.819608889933,1.0108915149087905,1.0161917209625244
2962.821923717667,0.9994889983311502,1.0161917209625244
2962.8242385453996,0.986877721148407,1.0161917209625244
2962.8265533731333,0.9949963833375917,1.0161917209625244
2962.8288682008656,1.0084346949017378,1.0161917209625244
2962.8311830285984,1.0142911541106425,1.0161917209625244
2962.833497856333,0.9892584070684342,1.0161917209625244
2962.8358126840662,1.004920913224268,1.0161917209625244
2962.838127512052,1.012419710211845,1.0161917209625244
2962.8404423403367,1.0192837436479654,1.0161917209625244
2962.8427571686225,1.0169949113337027,1.0161917209625244
2962.845071996907,1.0190563971754605,1.0161917209625244
2962.847386825192,0.9640925720112327,1.0161917209625244
2962.849701653478,1.0076254916162175,1.0161917209625244
2962.852016481763,1.001635533807875,1.0161917209625244
2962.8543313100486,1.00774796309057,1.0161917209625244
2962.856646138333,0.9805241028319299,1.0161917209625244
2962.8589609666205,1.0011713387657175,1.0161917209625244
2962.861275794904,1.0194102036569233,1.0161917209625244
2962.86359062319,0.9942595602241744,1.0161917209625244
2962.8659054514756,0.9934565743602449,1.0161917209625244
2962.8682202797604,1.0007517214632666,1.0161917209625244
2962.8705351080466,0.9978097079524576,1.0161917209625244
2962.872849936331,0.9903262785540952,1.0161917209625244
2962.875164764616,0.9994222490314313,1.0161917209625244
2962.8774795929016,1.0058119987790393,1.0161917209625244
2962.882109250295,1.0227639747108137,1.0161917209625244
2962.884424079144,0.9907047201022379,1.0161917209625244
2962.8867389079933,1.0040925884346104,1.0161917209625244
2962.8890537368447,1.0286917583032493,1.0161917209625244
2962.8913685656935,0.9954476742972026,1.0161917209625244
2962.893683394545,0.9850407663429619,1.0161917209625244
2962.895998223393,1.0079106718405,1.0161917209625244
2962.8983130522447,0.9952146969523138,1.0161917209625244
2962.900627881094,0.9978920594610738,1.0161917209625244
2962.9029427099435,1.0058970484140062,1.0161917209625244
2962.9052575387936,1.015225996236231,1.0161917209625244
2962.9075723676433,1.0151011785650519,1.0161917209625244
2962.9098871964925,1.0103994001243954,1.0161917209625244
2962.912202025343,1.012553560740807,1.0161917209625244
2962.914516854194,1.0199136974959275,1.0161917209625244
2962.916831683043,1.0112670237108998,1.0161917209625244
2962.9191465118934,1.0116533250184119,1.0161917209625244
2962.9214613410018,1.0003744530135372,1.0161917209625244
2962.9237761704235,1.0232696974368034,1.0161917209625244
2962.9260909998416,1.0035588286565418,1.0161917209625244
2962.928405829263,1.0304159783511726,1.0161917209625244
2962.9307206586823,0.9952779269567926,1.0161917209625244
2962.9330354881026,0.9837731748524301,1.0161917209625244
2962.935350317522,1.0097165395379917,1.0161917209625244
2962.937665146941,1.0055003065306154,1.0161917209625244
2962.9399799763623,1.026237519112706,1.0161917209625244
2962.942294805781,1.0103535319764338,1.0161917209625244
2962.944609635202,1.0006297192282796,1.0161917209625244
2962.9469244646207,0.99583796413932,1.0161917209625244
2962.949239294042,1.0154047764344236,1.0161917209625244
2962.95155412346,1.0080986022063165,1.0161917209625244
2962.9538689528804,0.9984022399610344,1.0161917209625244
2962.9561837823,0.998703022394214,1.0161917209625244
2962.95849861172,1.018110997164152,1.0161917209625244
2962.9608134411405,1.016041768872866,1.0161917209625244
2962.963128270819,0.9875836917735535,1.0161917209625244
2962.967757930795,0.9986564503872046,1.0161917209625244
2962.9723875907707,0.9708744885584193,1.0161917209625244
2962.9747024207595,0.9990372381321739,1.0161917209625244
2962.9770172507456,0.9979507143817408,1.0161917209625244
2962.979332080735,0.9794641497605588,1.0161917209625244
2962.983961740711,0.9859832336082373,1.0161917209625244
2962.9862765706976,1.0186808883733511,1.0161917209625244
2962.988591400687,0.9863795062522626,1.0161917209625244
2962.9909062306756,1.031470945754287,1.0161917209625244
2962.9932210606617,1.0171688818284006,1.0161917209625244
2962.995535890651,1.02250331224337,1.0161917209625244
2962.997850720638,1.0298994631197802,1.0161917209625244
2963.000165550627,1.0279996302393801,1.0161917209625244
2963.0047952108584,1.0049881317633522,1.0161917209625244
2963.0071100414034,1.01565863493107,1.0161917209625244
2963.0117397024983,1.0181122875724065,1.0161917209625244
2963.0140545330473,0.9810107040537823,1.0161917209625244
2963.016369363595,0.9785754690575351,1.0161917209625244
2963.0186841941418,0.9992744386313508,1.0161917209625244
2963.0209990246913,0.990649232547287,1.0161917209625244
2963.0233138552358,1.0019582531813842,1.0161917209625244
2963.025628685785,1.0014325877823678,1.0161917209625244
2963.0302583468797,1.0125969653821005,1.0161917209625244
2963.0325731774255,1.0205267587267377,1.0161917209625244
2963.0348880079746,1.0175290230412952,1.0161917209625244
2963.0395176690695,0.9918705453054126,1.0161917209625244
2963.0441473301635,0.9991800042090772,1.0161917209625244
2963.0464621609594,1.0070430482539956,1.0161917209625244
2963.048776992051,1.01000312748037,1.0161917209625244
2963.051091823143,1.0270741729010981,1.0161917209625244
2963.0534066542355,0.995179973239279,1.0161917209625244
2963.055721485329,0.9982177115806163,1.0161917209625244
2963.0580363164195,1.0088634623718127,1.0161917209625244
2963.060351147512,1.0187438837581475,1.0161917209625244
2963.0626659786026,0.9992648192243614,1.0161917209625244
2963.0672956407884,1.0255087903783406,1.0161917209625244
2963.06961047188,0.9965377173428758,1.0161917209625244
2963.0719253029715,0.9840517270706771,1.0161917209625244
2963.074240134064,1.0128980997448043,1.0161917209625244
2963.0765549651555,0.9969818524021653,1.0161917209625244
2963.078869796248,0.9927022720804689,1.0161917209625244
2963.0811846273396,1.0116117973345797,1.0161917209625244
2963.0834994584316,0.9941673546888861,1.0161917209625244
2963.085814289525,0.988864363311394,1.0161917209625244
2963.0881291208543,1.0053375977806855,1.0161917209625244
2963.090443952472,1.0119542247614328,1.0161917209625244
2963.092758784088,1.0058165738628513,1.0161917209625244
2963.0950736157047,1.0162853041034747,1.0161917209625244
2963.0973884473206,1.0086036210732583,1.0161917209625244
2963.0997032789355,1.0105382949765345,1.0161917209625244
2963.104332942168,1.015403486026169,1.0161917209625244
2963.106647773785,1.00155857855196,1.0161917209625244
2963.1112774370163,0.9957200677487795,1.0161917209625244
2963.113592268632,0.9766392114714009,1.0161917209625244
2963.1159071002494,0.9836339867256876,1.0161917209625244
2963.1182219318644,0.973075631766285,1.0161917209625244
2963.120536763482,1.0081978463320849,1.0161917209625244
2963.122851595099,1.01284495838668,1.0161917209625244
2963.1251664267147,1.0107686915049139,1.0161917209625244
2963.12748125833,1.0116637655942904,1.0161917209625244
2963.1297960901734,0.9840550117462344,1.0161917209625244
2963.1321109222895,0.995362741972077,1.0161917209625244
2963.134425754404,1.008152916662854,1.0161917209625244
2963.13674058652,1.0316991133956812,1.0161917209625244
2963.1390554186346,1.0179938046326595,1.0161917209625244
2963.1413702507493,0.9759630375459531,1.0161917209625244
2963.143685082865,0.9892458549154114,1.0161917209625244
2963.145999914981,1.0289037371865393,1.0161917209625244
2963.1483147470967,1.0177427615722052,1.0161917209625244
2963.1506295792115,1.018013278066321,1.0161917209625244
2963.1529444113276,0.998556385092547,1.0161917209625244
2963.155259243442,1.0053568365946641,1.0161917209625244
2963.1575740755566,0.9824899224980802,1.0161917209625244
2963.1598889076727,0.9701695150669241,1.0161917209625244
2963.1622037397874,1.011236171222629,1.0161917209625244
2963.164518571903,0.9782144480208305,1.0161917209625244
2963.166833404018,1.010492426828573,1.0161917209625244
2963.1691482361325,1.0274053385831834,1.0161917209625244
2963.171463068463,1.0308651577336396,1.0161917209625244
2963.173777901049,1.0159157781032735,1.0161917209625244
2963.176092733634,0.9978639050991538,1.0161917209625244
2963.17840756622,1.0079951349262601,1.0161917209625244
2963.180722398806,1.0001166059822857,1.0161917209625244
2963.1830372313907,0.9825338550336598,1.0161917209625244
2963.185352063976,0.9871999712825509,1.0161917209625244
2963.187666896562,1.0270836749982462,1.0161917209625244
2963.1899817291473,0.9992357263837106,1.0161917209625244
2963.192296561733,0.9906649520660258,1.0161917209625244
2963.194611394318,1.0090136189687198,1.0161917209625244
2963.196926226903,1.0065797916905685,1.0161917209625244
2963.1992410594903,0.9893917883580305,1.0161917209625244
2963.2015558920743,0.9737219503371133,1.0161917209625244
2963.2038707246616,1.0224992063989233,1.0161917209625244
2963.206185557245,1.0099509246009764,1.0161917209625244
2963.2085003898324,0.9946858641875812,1.0161917209625244
2963.213130055203,0.9872777477073551,1.0161917209625244
2963.2177597212512,0.9776171063087591,1.0161917209625244
2963.2200745542746,1.014216896981078,1.0161917209625244
2963.224704220325,1.0181939352219749,1.0161917209625244
2963.227019053348,0.9835683518694613,1.0161917209625244
2963.229333886373,0.9953574630292169,1.0161917209625244
2963.2316487193953,1.0062553126694394,1.0161917209625244
2963.2339635524213,1.0159705617991763,1.0161917209625244
2963.2362783854437,1.0286289975381357,1.0161917209625244
2963.2385932184698,1.0241587887242718,1.0161917209625244
2963.2409080514935,0.994900189267698,1.0161917209625244
2963.243222884518,1.010886470585613,1.0161917209625244
2963.245537717542,1.0152943878737286,1.0161917209625244
2963.25016738359,1.012735977544081,1.0161917209625244
2963.252482216614,1.0015734769018096,1.0161917209625244
2963.2547970498244,1.0151760222438229,1.0161917209625244
2963.257111883253,1.0096138934268246,1.0161917209625244
2963.2594267166837,1.0310712711248629,1.0161917209625244
2963.2663712169706,0.9886503901608013,1.0161917209625244
2963.268686050401,0.9821337111648702,1.0161917209625244
2963.2710008838308,1.0312222488906595,1.0161917209625244
2963.2733157172597,0.9937418718943686,1.0161917209625244
2963.2756305506887,0.9884859217632513,1.0161917209625244
2963.280260217549,1.0180116357285423,1.0161917209625244
2963.282575050978,1.0147456124359693,1.0161917209625244
2963.2848898844077,1.0287404418874027,1.0161917209625244
2963.2895195512665,1.0070121957657248,1.0161917209625244
2963.2918343846945,1.0077364667261193,1.0161917209625244
2963.2941492181258,1.0183724808004848,1.0161917209625244
2963.296464051723,1.0011704002869868,1.0161917209625244
2963.298778885525,0.9983602430378369,1.0161917209625244
2963.3010937193226,0.9920936686236295,1.0161917209625244
2963.303408553124,0.9991600615360504,1.0161917209625244
2963.305723386926,0.9991954891081332,1.0161917209625244
2963.308038220725,0.9892184044125393,1.0161917209625244
2963.310353054527,0.9990588231429793,1.0161917209625244
2963.312667888326,1.0025140672096235,1.0161917209625244
2963.3149827221273,1.0180286456555356,1.0161917209625244
2963.317297555925,0.999815823549106,1.0161917209625244
2963.319612389727,1.015221421152419,1.0161917209625244
2963.321927223526,0.9974732633275124,1.0161917209625244
2963.3242420573274,0.9889035447983995,1.0161917209625244
2963.326556891126,1.0147199215807172,1.0161917209625244
2963.328871724928,0.9889130468955476,1.0161917209625244
2963.331186558728,0.9587935105134253,1.0161917209625244
2963.3335013925275,1.0031649022093432,1.0161917209625244
2963.3358162263294,0.9821187541601002,1.0161917209625244
2963.3381310602817,1.004583412810751,1.0161917209625244
2963.3404458944196,1.0183093681058473,1.0161917209625244
2963.342760728554,0.9957275755786249,1.0161917209625244
2963.345075562692,1.0069726623491952,1.0161917209625244
2963.3497052309644,1.0121770792161853,1.0161162614822388
2963.3520200650996,1.011684493565961,1.016052007675171
2963.354334899236,0.9954257160503793,1.0160045623779297
2963.3566497333727,1.0164580466254995,1.0159053802490234
2963.358964567509,1.0243176810573722,1.0157972574234009
2963.3612794016444,1.0010266337937281,1.0156724452972412
2963.3635942357814,0.9993772209830284,1.015648365020752
2963.3659090699193,0.9552593934697411,1.0156046152114868
2963.3705387381906,1.016878703592722,1.0154544115066528
2963.3728535723258,0.9948173122222187,1.0154446363449097
2963.375168406463,1.004572243525678,1.015415072441101
2963.3774832405984,1.0061398923825275,1.0153741836547852
2963.3797980748736,1.0181360746252044,1.0153584480285645
2963.38211290931,1.005556824871432,1.0153381824493408
2963.384427743749,1.0146462951137178,1.015325903892517
2963.3867425781864,1.010371738093888,1.015304446220398
2963.389057412625,0.9928636779076244,1.0152711868286133
2963.391372247062,1.0241714286787806,1.015270709991455
2963.3936870814996,1.0262894780442138,1.0152353048324585
2963.3960019159385,0.9828900169053737,1.0152133703231812
2963.3983167503748,0.9810807827054097,1.0150158405303955
2963.400631584814,0.9969471828095103,1.0149601697921753
2963.4029464192504,1.0228458080916882,1.014873743057251
2963.40526125369,0.9888667671171826,1.0148264169692993
2963.409890922564,1.01595664390094,1.0148218870162964
2963.4122057570025,1.0321077173651525,1.0147247314453125
2963.4145205914397,0.994213714457865,1.0145680904388428
2963.416835425878,1.0098885418125656,1.0145254135131836
2963.4191502603157,0.9859130632612464,1.0144386291503906
2963.4214650948747,1.0242759086866513,1.0144023895263672
2963.4237799295797,1.0227940423828634,1.0143805742263794
2963.426094764287,1.0267169574839108,1.0142778158187866
2963.428409598991,1.01130626492527,1.0141092538833618
2963.430724433698,0.9705572173634994,1.0140496492385864
2963.4330392684024,0.9960225599487434,1.0140210390090942
2963.435354103109,1.0199848032445766,1.0139659643173218
2963.437668937814,0.9967475717596961,1.0139518976211548
2963.439983772519,0.9865002560600385,1.0137397050857544
2963.442298607225,1.0179353032114355,1.0136240720748901
2963.4446134419304,1.0202113354579818,1.0133063793182373
2963.4469282766363,0.9962584892335374,1.013124704360962
2963.4492431113413,0.9986483718543039,1.0126757621765137
2963.4515579460463,0.9908341691269605,1.0126733779907227
2963.453872780752,0.997752179661764,1.0126705169677734
2963.4561876154576,0.9954653224306437,1.0126280784606934
2963.4585024501635,1.0041886112440848,1.01253342628479
2963.46081728487,1.0017930920800882,1.0124623775482178
2963.4631321196807,1.0308339483481772,1.0119622945785522
2963.4654469546226,1.0187458670132847,1.0118616819381714
2963.467761789563,1.0081178910283433,1.0118534564971924
2963.470076624504,1.0041526792957693,1.011850118637085
2963.4723914594447,1.0086525014874028,1.0118424892425537
2963.4747062943857,1.0194547059908867,1.0117838382720947
2963.4770211293257,0.9906173512135962,1.0117350816726685
2963.479335964266,1.003083149233213,1.0117026567459106
2963.4816507992073,1.0001354054172538,1.0115656852722168
2963.4839656341474,1.0090630987491689,1.0115382671356201
2963.486280469089,1.0337254681038355,1.0114816427230835
2963.4885953040284,1.01869590981819,1.011479377746582
2963.490910138971,1.0043810981419963,1.0114740133285522
2963.493224973911,1.0051538268690874,1.0113931894302368
2963.495539808851,1.0097687637658155,1.011357069015503
2963.4978546437924,0.9825806534504874,1.011328935623169
2963.5001694787325,1.015917447814323,1.0113070011138916
2963.502484313674,0.9864633600940006,1.011293649673462
2963.5047991487068,1.0032949447763388,1.011107087135315
2963.507113983851,1.0005231718433796,1.0110093355178833
2963.509428818996,1.020921655073855,1.0109937191009521
2963.5117436541404,0.9854461552323621,1.010791540145874
2963.5140584892843,1.000970063772995,1.0107545852661133
2963.5163733244294,1.0135585347501959,1.010654091835022
2963.518688159576,1.0202718303556206,1.0103942155838013
2963.5210029947198,0.9910655418559376,1.0103583335876465
2963.5233178298636,0.9896398273735255,1.0102646350860596
2963.5256326650087,0.9878302741791971,1.0101819038391113
2963.527947500153,0.9988951172230935,1.0099878311157227
2963.530262335297,0.9861763046311336,1.0098648071289062
2963.532577170442,1.0264523313241853,1.0098322629928589
2963.5348920055862,1.0154291628901895,1.009594440460205
2963.5372068407314,1.0028924309704434,1.0095423460006714
2963.5395216758757,0.9979832070928372,1.0093340873718262
2963.5418365110195,0.9895816598941599,1.0091781616210938
2963.544151346166,1.0300072160907836,1.0088719129562378
2963.5464661813885,0.9944494099174702,1.0088543891906738
2963.5487810167087,1.0155197953256974,1.0087758302688599
2963.5510958520276,0.9810295798603758,1.008697509765625
2963.553410687347,1.0154912898213706,1.0084543228149414
2963.5557255226654,1.0180817117448366,1.0083043575286865
2963.558040357984,1.02206562711858,1.00826096534729
2963.560355193303,1.0213306386149192,1.0081573724746704
2963.562670028622,0.9900697671668618,1.0081171989440918
2963.5649848639414,1.012888096291163,1.0080361366271973
2963.56729969926,1.0063257352765524,1.008025884628296
2963.5696145345782,1.0191922423474018,1.0079306364059448
2963.5719293698976,1.016778025329093,1.0077852010726929
2963.574244205217,1.0167146518603027,1.0077121257781982
2963.576559040536,1.0072924297577606,1.0076122283935547
2963.578873875855,1.0051363748339641,1.007495641708374
2963.5811887111727,1.0003450729942986,1.0073645114898682
2963.5835035464934,1.007914950261733,1.007298469543457
2963.5858183818114,1.0382803781060397,1.0071684122085571
2963.588133217198,1.0409014716788985,1.0071656703948975
2963.590448052663,0.9810860527661509,1.0070610046386719
2963.592762888129,1.0097570717254805,1.0070221424102783
2963.595077723594,1.0120955755744996,1.00698721408844
2963.597392559059,0.995937862183513,1.0069644451141357
2963.5997073945255,1.015681694577403,1.0067459344863892
2963.60202222999,1.0167014057548391,1.0067055225372314
2963.6043370654565,0.9928863096734513,1.0066953897476196
2963.606651900921,1.0256356513250167,1.0066895484924316
2963.6089667363876,1.0318402962974191,1.0066614151000977
2963.61128157185,1.0161985267219498,1.0066226720809937
2963.6135964073173,1.0326462208696066,1.0065897703170776
2963.615911242782,1.0282440153862062,1.0063775777816772
2963.6182260782484,0.9990572106916737,1.0063613653182983
2963.620540913714,1.034097690931915,1.0061246156692505
2963.6228557491795,1.0114714589882337,1.0060005187988281
2963.625170584646,1.0017869765198633,1.005987524986267
2963.627485420109,1.008493348124238,1.0054125785827637
2963.629800255631,1.0169360819681752,1.0054117441177368
2963.6321150912154,0.9986578946401046,1.0052942037582397
2963.634429926803,1.001764742573128,1.0052869319915771
2963.636744762387,1.0205085624487422,1.0052762031555176
2963.639059597974,1.017313190780576,1.0052634477615356
2963.6413744335587,1.017479690849566,1.0052357912063599
2963.643689269145,1.0253327383357327,1.0052355527877808
2963.6460041047317,1.0187920968929547,1.0052300691604614
2963.648318940317,1.0019530872383315,1.0050243139266968
2963.6506337759033,1.0124482774817913,1.0050015449523926
2963.6529486114882,1.0103496781228396,1.00492525100708
2963.6552634470754,1.036632829342136,1.0049155950546265
2963.6575782826603,1.0103444933744066,1.0048757791519165
2963.6598931182475,1.018222227969507,1.0048271417617798
2963.662207953832,1.0191721688696243,1.0046583414077759
2963.6645227894182,0.9869574757933005,1.0044912099838257
2963.6668376250022,0.9982671872188053,1.004204273223877
2963.66915246059,0.99812610002879,1.0041087865829468
2963.671467296218,1.0025708686648698,1.004080057144165
2963.6737821319016,0.9950730855916162,1.003944993019104
2963.676096967583,1.0049105091355133,1.0039246082305908
2963.6784118032647,0.9930393785463497,1.0038803815841675
2963.6807266389474,1.0079188673251571,1.00383460521698
2963.6830414746278,0.9862063031757193,1.0038076639175415
2963.6853563103114,1.0266819894997345,1.0038076639175415
2963.6876711459918,1.0004854040879172,1.003717064857483
2963.689985981675,1.0101215693005592,1.0035818815231323
2963.6923008173553,1.0246296109101618,1.003580927848816
2963.6946156530385,1.024130282118435,1.0035743713378906
2963.6969304887193,1.0129617908998165,1.003528118133545
2963.6992453244025,1.009081290379606,1.0034210681915283
2963.7015601600815,1.0064515423858957,1.0033913850784302
2963.7038749957655,0.9877719586919367,1.0032634735107422
2963.7061898314487,0.9990534594595237,1.0032546520233154
2963.708504667129,1.0267312572734537,1.0032508373260498
2963.7108195028122,0.9948785673178717,1.00318443775177
2963.7131343385263,1.0131302318748387,1.0029473304748535
2963.715449174283,1.0040787060827079,1.0028740167617798
2963.717764010036,1.017165495364439,1.002856969833374
2963.7200788457926,1.0063132318730839,1.0028469562530518
2963.7223936815467,0.9950499157618391,1.0027016401290894
2963.7247085173035,1.010608486361078,1.0026695728302002
2963.7270233530576,1.0003375883256036,1.002508521080017
2963.7293381888144,0.9974739213670993,1.0024641752243042
2963.731653024568,1.0060068859424218,1.0024328231811523
2963.733967860324,1.00290238082043,1.002384901046753
2963.73628269608,1.0086226417428055,1.0023508071899414
2963.738597531835,1.0057529874849063,1.0023506879806519
2963.740912367591,1.0095264668746604,1.002305030822754
2963.743227203345,1.009218644772985,1.0022423267364502
2963.745542039102,1.0204464676313227,1.0022423267364502
2963.7478568748556,1.004784299722705,1.0022271871566772
2963.7501717106115,1.0180007757847624,1.002189040184021
2963.7524865463665,0.9992782823548364,1.0019479990005493
2963.7548013821465,1.0076315751588736,1.0019479990005493
2963.7571162179524,0.9991636953600025,1.0019340515136719
2963.759431053762,0.9995106610906783,1.0017364025115967
2963.7617458895693,1.000918429290705,1.0015130043029785
2963.764060725378,1.0141207659246654,1.0015063285827637
2963.7663755611857,1.018301579342597,1.0013823509216309
2963.768690396994,0.9938005357142857,1.0013580322265625
2963.7710052328025,1.0112817294175465,1.0013313293457031
2963.7733200686084,1.0189172314718,1.0012462139129639
2963.775634904418,1.002023483360823,1.0012248754501343
2963.7779497402244,0.9986701402490644,1.001194715499878
2963.780264576034,1.0195293935806782,1.0010961294174194
2963.7825794118403,0.9975696606575355,1.0010465383529663
2963.78489424765,0.9688455725549652,1.0010110139846802
2963.787209083455,1.0053819765949756,1.0009902715682983
2963.7895239192644,0.9897528985983637,1.0009374618530273
2963.7918387550726,0.9821946050674617,1.0009374618530273
2963.7941535908803,0.9997888842305217,1.0005830526351929
2963.796468426704,1.0033897630537991,1.0004433393478394
2963.7987832625445,1.006248535015498,1.0003718137741089
2963.8010980983872,0.9911422747539339,1.0003501176834106
2963.803412934226,0.9830283611932984,1.0001726150512695
2963.8057277700686,0.9968472163323062,1.000171422958374
2963.808042605908,1.0065228486232376,1.000171422958374
2963.810357441751,0.9992252570954531,1.0001516342163086
2963.8126722775905,0.9833686536636996,1.0001516342163086
2963.8149871134333,1.0125256083182397,1.0001482963562012
2963.8173019492738,1.0060698063490985,1.0000544786453247
2963.8196167851156,0.9861892073349838,0.9999885559082031
2963.8219316209565,0.9920693059675622,0.9999852180480957
2963.824246456797,1.002999162690285,0.9999483227729797
2963.8265612926384,1.0153736217051512,0.9999318718910217
2963.8288761284794,0.9955956955055839,0.9999192357063293
2963.831190964322,1.0084308229953993,0.9998745918273926
2963.8335058001617,1.0159361694796554,0.9998632669448853
2963.8358206360044,0.9836956670774887,0.9998379945755005
2963.838135471851,1.0075277364485065,0.9998379945755005
2963.840450307708,0.996746598525596,0.9997981190681458
2963.8427651435654,0.9846488240699246,0.9997981190681458
2963.845079979422,0.9902295575797097,0.9997021555900574
2963.847394815279,0.9920736265030988,0.9996504783630371
2963.8497096511355,1.0014509375935832,0.9995607137680054
2963.8520244869915,1.016967394001419,0.9995340704917908
2963.854339322849,0.9987891149996061,0.9994940161705017
2963.856654158705,1.0005719053651392,0.9993767738342285
2963.8589689945625,0.9955245186169147,0.9993724822998047
2963.8612838304184,1.0089232487522666,0.9993435740470886
2963.8635986662744,1.0114787143968713,0.9992840886116028
2963.865913502133,0.9898956067658402,0.9992532730102539
2963.868228337988,1.0018478734898106,0.9990912675857544
2963.8705431738463,0.9801412138453192,0.999048113822937
2963.8728580097027,1.019493668892228,0.9989986419677734
2963.87517284556,0.9994982756769012,0.998985767364502
2963.8774876814164,1.0048854296458392,0.9989274740219116
2963.879802517272,0.9951931683378644,0.9988808631896973
2963.8821173531283,0.9923429160873125,0.9987190961837769
2963.8844321889837,1.003827954175799,0.9986855983734131
2963.8867470248406,1.0040107300562435,0.9986642003059387
2963.889061860696,1.0015599299914641,0.9986136555671692
2963.891376696551,0.9846362862218161,0.9986136555671692
2963.8936915324066,1.0,0.9985188841819763
2963.896006368264,0.9859248482744323,0.9984845519065857
2963.8983212041207,1.003752114041534,0.9984427690505981
2963.9006360399762,0.9946279302612406,0.9983981251716614
2963.9029508758326,1.0057198238531382,0.9983981251716614
2963.905265711688,1.0087843584796274,0.9983981251716614
2963.9075805475436,0.9911530172812698,0.9982837438583374
2963.909895383399,1.0079091354150853,0.9981063604354858
2963.9122102192555,1.001061652255956,0.9982837438583374
2963.914525055112,0.9940451869720281,0.9981063604354858
2963.9168398909674,0.9883680946423292,0.9980887174606323
2963.919154726823,0.9915429215854754,0.9980742931365967
2963.921469562671,0.991610889462147,0.9980466961860657
2963.923784398512,0.9918596023427241,0.9980361461639404
2963.9260992343525,1.0006507301483707,0.9980361461639404
2963.9284140701934,0.9828820008680117,0.9980209469795227
2963.9307289060343,0.9971801796125188,0.9979763627052307
2963.933043741874,1.002560479356236,0.9978882670402527
2963.9353585777135,0.9938746084871346,0.9978882670402527
2963.9376734135535,0.9858599622325447,0.9978650808334351
2963.939988249394,0.9976300739936595,0.9978430867195129
2963.942303085234,0.9929674323269558,0.9977802038192749
2963.944617921075,0.9978447684901891,0.9977381825447083
2963.946932756914,0.998311455536081,0.9977381825447083
2963.949247592754,0.9920625057507251,0.9976041316986084
2963.951562428595,1.0077815973108395,0.9974681735038757
2963.9538772644355,0.9859861414060426,0.9973479509353638
2963.9561921002764,0.9814375670318547,0.9971808791160583
2963.9585069361165,1.010383904078944,0.997141420841217
2963.960821771957,0.984921075795884,0.9970180988311768
2963.9631366077833,0.9842081274239969,0.997008204460144
2963.9654514435933,1.0023965744465122,0.9968949556350708
2963.9677662794047,0.992379846317414,0.9968949556350708
2963.970081115215,0.9941104634146852,0.9968927502632141
2963.9723959510266,0.9999228061766539,0.9968361854553223
2963.9747107868366,0.9956024229130869,0.9967592358589172
2963.977025622647,0.9925473696398205,0.9966458082199097
2963.9793404584584,1.0074612570405115,0.9966438412666321
2963.981655294269,1.006177607055146,0.9965453743934631
2963.983970130081,1.0048676881576528,0.9965315461158752
2963.9862849658916,0.9913661194014227,0.9964689612388611
2963.9885998017025,0.9887968489006593,0.9964689612388611
2963.990914637513,0.9976370536404316,0.9964518547058105
2963.9932294733235,0.9977760462147861,0.9964152574539185
2963.995544309135,0.9770429427051336,0.9963897466659546
2963.9978591449453,0.9987567482137266,0.9963897466659546
2964.0001739807567,0.9781035172589386,0.9963359832763672
2964.0024888165667,1.001219310893107,0.9962534308433533
2964.004803652358,1.00765563309966,0.9962534308433533
2964.007118488127,0.985067119374375,0.9962114095687866
2964.0094333238976,0.986822385234131,0.9962064623832703
2964.011748159664,0.9764346649641068,0.9961181879043579
2964.0140629954344,0.9921693257201945,0.9960806369781494
2964.0163778312017,0.9993534798986344,0.9960534572601318
2964.018692666972,0.9951173124435316,0.996033787727356
2964.0210075027403,0.9887436018439472,0.996033787727356
2964.02332233851,0.977363591970394,0.9960031509399414
2964.0256371742785,0.9881131052204021,0.9959534406661987
2964.027952010046,0.9991245008924956,0.9959534406661987
2964.0302668458157,0.9984274649976905,0.9959534406661987
2964.032581681584,0.9912238256615122,0.995926558971405
2964.0348965173534,1.0005493608077178,0.9959047436714172
2964.037211353122,0.9929741572998739,0.9958932399749756
2964.039526188892,0.9923175140998106,0.9958125352859497
2964.0418410246593,0.9963591257424463,0.9957806468009949
2964.044155860429,0.9814205036181585,0.9957806468009949
2964.046470696173,0.9891450074049952,0.9956920146942139
2964.048785531889,0.9912665993129054,0.9956856369972229
2964.0511003676047,0.985361781228223,0.9956856369972229
2964.0534152033197,0.9886771875072212,0.9956504106521606
2964.055730039034,0.9903575648320786,0.9956221580505371
2964.05804487475,0.9902139445423332,0.9956221580505371
2964.060359710465,0.9914108601125208,0.9956221580505371
2964.0626745461805,0.9819856214478074,0.9956221580505371
2964.0649893818963,0.9896825109835293,0.9955878257751465
2964.06730421761,1.0060003827025168,0.995532751083374
2964.0696190533267,0.9989294867020455,0.995532751083374
2964.071933889041,0.9950158864652393,0.995532751083374
2964.0742487247576,0.9781154623929206,0.9955152869224548
2964.0765635604716,0.9810676994580815,0.9954812526702881
2964.0788783961884,0.9773965631768537,0.9954782724380493
2964.081193231903,1.005197422785356,0.9954094886779785
2964.083508067618,0.9818604431671855,0.9952937364578247
2964.085822903334,0.9837487736691878,0.9952894449234009
2964.0881377390197,0.9952838757278525,0.9951918721199036
2964.090452574672,0.9917986046098508,0.9951918721199036
2964.0927674103227,0.998163093353189,0.9951918125152588
2964.095082245976,0.9959449695053657,0.9951622486114502
2964.0973970816244,0.9833689938639291,0.9951509833335876
2964.0997119172775,0.9854581219559425,0.9951501488685608
2964.1020267529284,0.9885253790432599,0.9951109886169434
2964.1043415885806,0.9982239869342941,0.9950814843177795
2964.10665642423,0.9883772673442351,0.9950814843177795
2964.108971259883,0.9714097851527426,0.9950731992721558
2964.111286095534,1.0060285251111873,0.9950478672981262
2964.1136009311854,0.9919567767730446,0.9950060844421387
2964.115915766837,0.998832594759424,0.9950060844421387
2964.1182306024884,0.9854081523041852,0.9948998093605042
2964.120545438141,0.9898969838150802,0.9948998093605042
2964.122860273791,0.9856582915187023,0.9948924779891968
2964.125175109444,0.9853090005310613,0.9948673248291016
2964.127489945094,0.9906856970036254,0.9948673248291016
2964.1298047807136,0.9928127555569376,0.9948171973228455
2964.1321196162903,0.9866602461566962,0.9948171973228455
2964.134434451868,0.9821705185276,0.9947077631950378
2964.1367492874447,0.9882579755326949,0.9946472644805908
2964.139064123024,0.9905443096868466,0.9946472644805908
2964.141378958601,0.9962408191276155,0.9946472644805908
2964.1436937941803,0.985506996251579,0.9946401715278625
2964.1460086297575,1.0044679186922454,0.9946472644805908
2964.1483234653356,0.9813261503828092,0.9946401715278625
2964.150638300914,0.9960360106168249,0.9945611953735352
2964.152953136491,0.9966087458527098,0.99446702003479
2964.1552679720703,0.9853113484874749,0.9944136142730713
2964.1575828076466,0.992807370354941,0.9943872690200806
2964.159897643226,0.9896275561123415,0.9943872690200806
2964.1622124788023,0.9871252620695873,0.9943599700927734
2964.1645273143818,0.9882075467456631,0.994300901889801
2964.1668421499585,0.9900774989885428,0.9942876696586609
2964.1691569855375,0.9914478232634866,0.994300901889801
2964.171471821077,0.997141303485761,0.9942876696586609
2964.1737866565722,0.9926957903013889,0.9942200183868408
2964.17610149207,0.9952085832797171,0.9942200183868408
2964.178416327564,0.9892693017378348,0.9942163228988647
2964.180731163061,0.9961261214056297,0.9942163228988647
2964.1830459985554,0.9824426363329843,0.994199275970459
2964.185360834052,1.0008711004554676,0.994140088558197
2964.187675669545,0.9922290452795367,0.994140088558197
2964.1899905050423,0.9972348900883949,0.994140088558197
2964.1923053405367,0.9826944364641123,0.994199275970459
2964.194620176034,0.9914479987083084,0.994140088558197
2964.196935011528,0.9995412168294282,0.994140088558197
2964.199249847025,0.9965244722314522,0.994123101234436
2964.201564682519,0.9895826794102596,0.9940972924232483
2964.203879518015,0.9993926797190462,0.9940972924232483
2964.2061943535123,0.9871852532409212,0.9940893054008484
2964.208509189007,0.9948888512212848,0.9940893054008484
2964.2108240245034,0.985503377676486,0.9940794110298157
2964.213138859956,0.9880024955202653,0.9940794110298157
2964.2154536953635,1.000792606496567,0.9940794110298157
2964.217768530767,0.9947125736141103,0.9940671324729919
2964.2200833661727,0.9865171779955922,0.9940442442893982
2964.2223982015776,0.9906195219308647,0.9940442442893982
2964.224713036984,0.9982804362248533,0.994020938873291
2964.227027872387,0.986727981852253,0.9940201640129089
2964.229342707794,0.9924005678751884,0.994020938873291
2964.2316575431987,0.9900377192313393,0.994020938873291
2964.2339723786044,0.9800735041081698,0.9940201640129089
2964.23628721401,0.9925564901201129,0.9940153360366821
2964.238602049415,1.0028378328949001,0.9940153360366821
2964.240916884822,0.99914090701918,0.9940201640129089
2964.2432317202247,0.9943937991799551,0.9940201640129089
2964.2455465556313,0.9961252781557144,0.9940153360366821
2964.2478613910353,0.9999826694378775,0.9939517378807068
2964.250176226442,0.9829632224705847,0.9939345121383667
2964.252491061846,0.997977386402793,0.9939345121383667
2964.2548058972084,0.9930583599103209,0.9939345121383667
2964.257120732513,1.0040675395793226,0.9939334988594055
2964.2594355678225,0.9894215665832325,0.9939334988594055
2964.2617504031305,0.9890969189215802,0.9939135909080505
2964.2640652384375,0.994070374216023,0.993902325630188
2964.266380073747,0.9821576187656946,0.9938783645629883
2964.2686949090526,1.0114273809032612,0.9938783645629883
2964.2710097443623,0.9978300874706069,0.9938445091247559
2964.273324579668,0.9894630208665688,0.9938445091247559
2964.2756394149765,0.9805916944425386,0.9938445091247559
2964.2779542502835,0.9916442901739909,0.9938328266143799
2964.280269085592,1.0058917594177645,0.9937952756881714
2964.2825839208977,1.0029521240303567,0.9937122464179993
2964.284898756207,0.9815375582792197,0.9936839938163757
2964.287213591514,0.9823700093052405,0.9936839938163757
2964.289528426822,0.9989601860112357,0.9936839938163757
2964.2918432621295,1.002877492053661,0.9935308694839478
2964.2941580974375,0.9983137239045055,0.9935308694839478
2964.296472932697,1.002448935856707,0.9934935569763184
2964.2987877678997,1.002730672371151,0.9934935569763184
2964.3011026031045,1.0100117964417248,0.9934746026992798
2964.3034174383065,0.9857400881871335,0.9934475421905518
2964.3057322735112,1.0006305507698072,0.9933937788009644
2964.308047108713,1.0022431983138271,0.9933937788009644
2964.310361943918,0.985727740737534,0.9933773875236511
2964.3126767791196,0.9997554317873995,0.9933773875236511
2964.3149916143234,1.0023019489282232,0.9933637380599976
2964.317306449527,1.0047420243925942,0.9933637380599976
2964.31962128473,0.9993482491591502,0.9933637380599976
2964.3219361199326,0.9983405014725297,0.9933637380599976
2964.3242509551364,0.9969527558044047,0.9933637380599976
2964.3265657903394,0.9984759718949487,0.9933142066001892
2964.328880625543,1.009097424087673,0.9933142066001892
2964.331195460747,1.002591632528652,0.9932066202163696
2964.3335102959486,0.9854415485293918,0.9932066202163696
2964.335825131154,0.9992297704002817,0.9931662082672119
2964.3381399663053,0.9879279256030231,0.9931626915931702
2964.3404548013996,1.0046493009304422,0.9931626915931702
2964.342769636491,1.0049885275090413,0.9931344389915466
2964.3450844715853,0.9879544096394971,0.9931344389915466
2964.3473993066777,1.0020716562104584,0.9931344389915466
2964.3497141417697,0.9845269814021747,0.9930461645126343
2964.3520289768635,0.9899575320040531,0.9930459260940552
2964.354343811956,0.9969959567951735,0.9930459260940552
2964.3566586470492,0.9942468872268652,0.9930459260940552
2964.3589734821417,0.9854710643936879,0.9930459260940552
2964.361288317236,0.9925717320428754,0.9930459260940552
2964.363603152327,1.0008850950792951,0.9930346608161926
2964.3659179874203,0.9931844255537433,0.9930092692375183
2964.368232822513,0.9833265292928798,0.9929668307304382
2964.3705476576065,0.9943557978318192,0.9929668307304382
2964.3728624927,1.0106460825077848,0.9930092692375183
2964.3751773277922,0.9968827470243353,0.9929668307304382
2964.377492162884,1.0094847783680616,0.9929668307304382
2964.379806997925,0.9949142273716433,0.9929668307304382
2964.3821218329012,0.9976063703826692,0.9929668307304382
2964.3844366678786,0.9947728642020973,0.9929668307304382
2964.386751502855,0.9916439692178713,0.9929315447807312
2964.389066337831,0.9960791884475357,0.9929264187812805
2964.3913811728094,1.0009587274179654,0.9929264187812805
2964.393696007785,0.9954407288446583,0.9929028153419495
2964.396010842763,1.0148145546818088,0.9929028153419495
2964.3983256777387,1.0088967288974853,0.9929028153419495
2964.400640512717,0.9884336461232628,0.9929028153419495
2964.4029553476935,0.9972965144462744,0.9928795695304871
2964.4052701826695,0.9987612036477945,0.9928523302078247
2964.407585017646,0.9998646239023881,0.9928523302078247
2964.4098998526233,0.9924870168018847,0.9928523302078247
2964.4122146876007,1.0120610197404165,0.9928523302078247
2964.414529522577,0.992774878614767,0.9928523302078247
2964.416844357553,1.0026997175652377,0.9928523302078247
2964.4191591925296,0.9919885566074401,0.9928523302078247
2964.4214740274515,0.9828378528138237,0.9928523302078247
2964.423788862307,0.9866837346609276,0.9928523302078247
2964.426103697164,1.0022368573822718,0.9928523302078247
2964.4284185320203,0.9936872114553033,0.9928523302078247
2964.430733366875,0.990244156044996,0.9928523302078247
2964.4330482017303,1.0060719331550652,0.9928523302078247
2964.435363036586,1.0125241200583672,0.9928523302078247
2964.437677871442,1.0038188066275815,0.9928523302078247
2964.4399927062973,0.9894235410517923,0.9928059577941895
2964.4423075411532,0.9929776447901483,0.9928059577941895
2964.4446223760083,0.9921668511789977,0.9928059577941895
2964.446937210864,0.9965669299469517,0.9928059577941895
2964.4492520457197,0.9926865875945275,0.9928059577941895
2964.4515668805752,0.9871855585680562,0.9928059577941895
2964.453881715431,0.991093937989448,0.9928059577941895
2964.4561965502876,0.9928321161923379,0.9928059577941895
2964.458511385143,1.0066141066681396,0.9928059577941895
2964.4608262199986,1.0133669423729497,0.9927179217338562
2964.4631410547963,1.001336051789239,0.9927179217338562
2964.4654558895268,1.011080373657598,0.9927173852920532
2964.4677707242563,0.9933427334942697,0.9927173852920532
2964.4700855589867,0.9968878444788044,0.9927163124084473
2964.472400393716,1.000099430412641,0.9927072525024414
2964.4747152284453,0.9858016252789575,0.9927072525024414
2964.477030063176,1.0063874433318698,0.9927072525024414
2964.4793448979053,1.0113177964938986,0.9926895499229431
2964.4816597326358,1.0019747187010568,0.9926869869232178
2964.483974567365,0.9992708887987433,0.9926869869232178
2964.486289402096,1.0072079216766878,0.9926828145980835
2964.4886042368257,1.0014680157031868,0.9926828145980835
2964.490919071556,1.0002453998191716,0.9926828145980835
2964.4932339062857,0.985348483955103,0.9926828145980835
2964.4955487410148,1.0013106226787742,0.9926507472991943
2964.4978635757448,1.0003981045659172,0.9926507472991943
2964.5001784104743,0.9938617859936374,0.9925410151481628
2964.502493245204,1.0074336681764886,0.9925410151481628
2964.504808079875,0.9989033954382235,0.9924463629722595
2964.5071229144746,0.9998517117829613,0.9924178123474121
2964.5094377490736,0.9990049254030389,0.9924178123474121
2964.5117525836736,0.9882146603172803,0.9924178123474121
2964.514067418274,1.0001408431247834,0.9924012422561646
2964.5163822528743,0.9979465493813161,0.9923896789550781
2964.5186970874747,0.9973795065520145,0.9923896789550781
2964.521011922074,1.000581577768894,0.9923896789550781
2964.523326756673,1.01272263316697,0.992375910282135
2964.5256415912727,0.9965098242839566,0.992375910282135
2964.527956425873,0.9957157370833197,0.992375910282135
2964.530271260472,1.0003160492284813,0.992375910282135
2964.5325860950725,1.0066606383870078,0.992375910282135
2964.534900929672,0.9824225095281754,0.992375910282135
2964.537215764271,1.0025359016487474,0.992375910282135
2964.5395305988714,1.0041875621835266,0.992375910282135
2964.541845433471,1.0149033848560045,0.992375910282135
2964.544160268072,0.9976821855326694,0.992375910282135
2964.54647510261,0.9972885955299635,0.992375910282135
2964.548789937077,0.9999163929064907,0.992375910282135
2964.5511047715418,0.99620728913309,0.992375910282135
2964.553419606007,0.9883505047207676,0.992375910282135
2964.5557344404733,0.9869045584785672,0.992375910282135
2964.5580492749386,1.004000688083754,0.992365837097168
2964.5603641094053,0.9916677013113768,0.9923116564750671
2964.5626789438707,0.9765918016374957,0.9923116564750671
2964.5649937783355,1.0049073714787526,0.9923112392425537
2964.5673086128018,1.001825900907124,0.9923112392425537
2964.5696234472675,0.9891619644622668,0.9923112392425537
2964.5719382817338,0.9963757086343165,0.9923112392425537
2964.5742531162,0.9862779924820791,0.9923112392425537
2964.576567950664,0.9965494208990511,0.9923112392425537
2964.5788827851316,0.9875419714540052,0.9923112392425537
2964.581197619597,0.9972764655921174,0.9923112392425537
2964.583512454063,0.9948565672486308,0.9923112392425537
2964.5858272885284,1.0113579710023053,0.9923112392425537
2964.5881421229324,0.9867724597584606,0.9923112392425537
2964.59045695726,1.0037513920407106,0.9923112392425537
2964.5927717915874,0.9854114795527475,0.9923116564750671
2964.5950866259154,0.9982786147708284,0.9923112392425537
2964.5974014602443,0.9881276797159095,0.9923112392425537
2964.5997162945723,0.9989816929377435,0.9923112392425537
2964.6020311289008,0.995226817041101,0.9923112392425537
2964.6043459632306,0.985102022085103,0.9922959804534912
2964.6066607975563,0.9994871429229598,0.9922929406166077
2964.608975631886,0.9874442520212594,0.9922929406166077
2964.6112904662145,0.9948859794347126,0.9922723174095154
2964.6136053005425,0.9981636956319203,0.9922723174095154
2964.61592013487,0.9946386760299568,0.9922723174095154
2964.618234969199,0.9960197787460474,0.9922723174095154
2964.6205498035265,1.0089935815738291,0.9922706484794617
2964.6228646378554,1.003042311539261,0.9922706484794617
2964.6251794721834,0.9947937650123541,0.9922706484794617
2964.6274943065114,0.9986122273087932,0.9922706484794617
2964.6298091407766,1.0017768621551428,0.992257833480835
2964.6321239749623,1.0030595908387439,0.992257833480835
2964.634438809151,0.9938790162310771,0.992257833480835
2964.636753643337,0.9855317287030636,0.992257833480835
2964.639068477526,0.9976042996459972,0.992257833480835
2964.641383311713,0.9860140284408473,0.992257833480835
2964.6436981459,0.9874393339550963,0.9922555685043335
2964.646012980088,0.9870029264830316,0.9922555685043335
2964.648327814275,1.0006522985188095,0.9922555685043335
2964.650642648463,0.9989779056418587,0.9922499060630798
2964.65295748265,0.9844617097453532,0.9922465085983276
2964.6552723168365,1.0012376905237863,0.9922465085983276
2964.6575871510245,1.0037859970370875,0.9922465085983276
2964.6599019852124,1.004933161467914,0.9922465085983276
2964.6622168193994,0.9841617035699274,0.9922004342079163
2964.6645316535873,1.0016452244427476,0.9922004342079163
2964.6668464877735,1.008013703415419,0.9922004342079163
2964.6691613219623,0.9830430807069485,0.9922004342079163
2964.6714761560834,0.9949177957350023,0.992162823677063
2964.6737909901276,1.005747299757956,0.992162823677063
2964.676105824171,0.9906187226282788,0.992155134677887
2964.678420658215,0.9963934014758614,0.992155134677887
2964.680735492258,0.9957546392218325,0.9921469688415527
2964.683050326301,0.9958281727682688,0.9921469688415527
2964.685365160344,1.0163703911922435,0.992155134677887
2964.6876799943884,1.001761005805678,0.992155134677887
2964.6899948284336,1.0080891707194224,0.9921469688415527
2964.692309662476,1.0098645492850185,0.9921469688415527
2964.6946244965206,0.9996143093397697,0.9921469688415527
2964.6969393305617,1.0048997132191688,0.9921469688415527
2964.699254164607,1.0007109444350726,0.9921469688415527
2964.7015689986492,0.9875989638979124,0.9921469688415527
2964.7038838326944,0.993185230522862,0.9921469688415527
2964.706198666738,0.9934407294756135,0.992155134677887
2964.7085135007815,0.9933427456299114,0.992155134677887
2964.7108283348243,1.0001035108314804,0.992155134677887
2964.713143168801,0.9943130920896157,0.992155134677887
2964.715458002699,1.008259779866164,0.992155134677887
2964.717772836595,0.9926623856957764,0.992155134677887
2964.7200876704937,1.0029156051499732,0.992155134677887
2964.722402504389,0.9964163504820283,0.992155134677887
2964.724717338288,0.9892271237307683,0.992155134677887
2964.727032172183,0.9940165572874179,0.992155134677887
2964.729347006081,1.00943186130678,0.992155134677887
2964.7316618399773,0.9994424352716372,0.992155134677887
2964.733976673875,1.0092756638826077,0.992155134677887
2964.7362915077724,1.0009063129751143,0.9921469688415527
2964.738606341669,1.0043562017856638,0.9921469688415527
2964.7409211755653,0.9946011117503243,0.9921469688415527
2964.743236009463,0.9949693201703479,0.9921469688415527
2964.7455508433604,1.0147236508396522,0.9921469688415527
2964.7478656772573,1.0071625519120404,0.9921469688415527
2964.750180511155,1.000894260069933,0.9921220541000366
2964.75249534505,1.007821120305102,0.9921151399612427
2964.7548101788807,1.0104341682422215,0.9921151399612427
2964.7571250126275,0.9945489707676752,0.9921151399612427
2964.759439846377,0.9954596384604801,0.9921151399612427
2964.761754680123,1.000822893217334,0.9921151399612427
2964.764069513873,0.9947728227153854,0.9921151399612427
2964.7663843476203,0.9874817737292978,0.9921151399612427
2964.768699181368,0.9922906254336906,0.9921151399612427
2964.771014015116,1.0043342927846497,0.9921151399612427
2964.773328848864,0.9989875866260499,0.9920827746391296
2964.7756436826135,0.9971007643597809,0.9920827746391296
2964.77795851636,1.000090122761621,0.9920575618743896
2964.7802733501094,0.993931914296378,0.9920575618743896
2964.7825881838558,0.9984558366023863,0.9920575618743896
2964.7849030176044,0.9958923246889984,0.9920575618743896
2964.7872178513508,0.9931711513316771,0.9920827746391296
2964.7895326851003,0.9862483971323185,0.9920827746391296
2964.7918475188467,1.0116347330784847,0.9920827746391296
2964.7941623525962,0.9990154038115071,0.9920827746391296
2964.796477186275,1.000310743282069,0.9920575618743896
2964.798792019872,0.9875592737403182,0.9920575618743896
2964.8011068534684,0.9924771906129056,0.9920546412467957
2964.8034216870637,0.9979757826921519,0.9920575618743896
2964.8057365206623,0.9887469571573888,0.9920827746391296
2964.8080513542573,1.0083791010146543,0.9920827746391296
2964.8103661878554,1.0022953684025733,0.9920827746391296
2964.8126810214508,1.0086527067653497,0.9920827746391296
2964.814995855049,1.0036053020349138,0.9921151399612427
2964.817310688644,0.9961961390044897,0.9921151399612427
2964.819625522241,0.9982424104894941,0.9920827746391296
2964.8219403558373,0.9936846835643046,0.9921151399612427
2964.8242551894346,0.9919560450598935,0.9921220541000366
2964.82657002303,0.9966371976382643,0.9921220541000366
2964.8288848566276,0.9989095253927205,0.9921220541000366
2964.8311996902235,0.9850821079136699,0.9921220541000366
2964.8335145238207,0.9889990691524674,0.9921220541000366
2964.835829357418,1.004171180053025,0.9921151399612427
2964.838144190944,1.0164552263778663,0.9921220541000366
2964.840459024388,0.9837847320475364,0.9921151399612427
2964.8427738578293,1.013111627361224,0.9920827746391296
2964.8450886912747,0.9890502425832804,0.9920827746391296
2964.847403524716,0.9900556866407877,0.9920827746391296
2964.8497183581603,0.9973334222492976,0.9921151399612427
2964.8520331916025,0.9896375653126808,0.9921151399612427
2964.854348025047,0.9951566633203024,0.9921151399612427
2964.8566628584877,0.995110282830868,0.9921151399612427
2964.858977691932,1.0030196582382744,0.9921151399612427
2964.861292525377,1.0066892820985236,0.9920827746391296
2964.8636073588186,0.9976154123308957,0.9920827746391296
2964.8659221922635,0.9986720448160692,0.9920827746391296
2964.868237025705,1.00246549549923,0.9921151399612427
2964.8705518591496,1.0068664752570302,0.9921151399612427
2964.8728666925904,0.9905988244189893,0.9921220541000366
2964.875181526035,1.0001288671716497,0.9921220541000366
2964.877496359477,0.991154785634116,0.9921220541000366
2964.8798111928504,0.9966087807747722,0.9921220541000366
2964.8821260261366,1.0021178821418895,0.9921151399612427
2964.8844408594264,1.001055877074881,0.9921151399612427
2964.8867556927125,1.0053071945515326,0.9920827746391296
2964.8890705260005,0.9908805292739228,0.9920827746391296
2964.89138535929,1.009355703965714,0.9920575618743896
2964.8937001925765,0.9995216283813159,0.9920575618743896
2964.896015025866,0.9947119568391279,0.9920575618743896
2964.898329859152,0.9916038361761235,0.9920827746391296
2964.900644692441,0.9995930159518641,0.9920827746391296
2964.9029595257275,0.9933090356526798,0.9920827746391296
2964.905274359016,1.0069579578518675,0.9920575618743896
2964.9075891923035,0.9963986219623193,0.991987943649292
2964.9099040255915,0.998717132529246,0.9920575618743896
2964.9122188588776,1.0116335267247634,0.9920575618743896
2964.914533692167,1.0027817291601928,0.9920575618743896
2964.9168485254536,0.9963662355772431,0.991987943649292
2964.9191633587425,0.994589029392277,0.9920575618743896
2964.9214781919604,0.995077735087627,0.9920575618743896
2964.9237930250897,0.9968084135510668,0.9920827746391296
2964.9261078582203,1.0089907257044637,0.9921151399612427
2964.9284226913496,0.992914899612074,0.9921151399612427
2964.9307375244816,0.988789379108233,0.9921151399612427
2964.9330523576114,0.9907085220544635,0.9921151399612427
2964.9353671907434,1.0132597733964637,0.9921151399612427
2964.937682023872,0.997731381267449,0.9921151399612427
2964.939996857004,0.9939640479112859,0.9921151399612427
2964.9423116901335,1.0038408744040859,0.9920827746391296
2964.944626523265,0.9926215970869208,0.9921151399612427
2964.946941356394,1.0058718180250683,0.9921151399612427
2964.9492561895263,1.0001741728307567,0.9920827746391296
2964.9515710226583,0.9987467054532522,0.9921151399612427
2964.953885855787,0.9997227293501407,0.9920827746391296
2964.956200688919,0.9981345663255727,0.9920827746391296
2964.958515522049,1.0040676175097347,0.9920827746391296
2964.960830355181,0.9962664290370081,0.9920827746391296
2964.9631451882365,1.0041615831210846,0.9920827746391296
2964.9654600212098,0.9957414472518573,0.9920827746391296
2964.9677748541803,1.0090444800289162,0.9920575618743896
2964.9700896871536,0.9958527760740002,0.9920827746391296
2964.972404520124,0.9835767407853322,0.9921151399612427
2964.9747193530975,0.9926312096235911,0.9921151399612427
2964.9770341860676,0.9999419643098529,0.9921151399612427
2964.97934901904,1.0003268840470612,0.9921220541000366
2964.981663852013,0.9905442736535544,0.9921220541000366
2964.9839786849843,0.9938584729654697,0.9921220541000366
2964.9862935179576,1.0033928649744996,0.9921151399612427
2964.988608350928,1.0045704890211777,0.9921220541000366
2964.9909231839015,0.9988508360155971,0.9921278953552246
2964.9932380168716,1.0001514564753982,0.9921220541000366
2964.995552849844,0.9947489481254663,0.9921220541000366
2964.9978676828155,1.0078310527082253,0.9921278953552246
2965.0001825157888,0.9989045990020093,0.9921220541000366
2965.002497348758,1.0038618096940075,0.9921220541000366
2965.004812181659,1.0114984362314168,0.9921220541000366
2965.0071270144686,0.9970430841705094,0.9921220541000366
2965.009441847282,1.0007576383839034,0.9921278953552246
2965.011756680093,0.9972795101327929,0.9921290874481201
2965.0140715129055,0.9960697400805408,0.9921469688415527
2965.0163863457183,1.0019577105210165,0.9921469688415527
2965.0187011785274,0.9943466280062845,0.9921469688415527
2965.0210160113406,0.9941687296241211,0.992155134677887
2965.023330844151,0.9981762148449912,0.992155134677887
2965.025645676964,0.9996139520585648,0.992155134677887
2965.0279605097744,1.0025728118798474,0.992155134677887
2965.0302753425876,1.0089869528419273,0.9921469688415527
2965.0325901753963,1.0002729872835026,0.9921469688415527
2965.0349050082095,1.0035584176263748,0.992155134677887
2965.037219841021,0.9908938103226191,0.992155134677887
2965.0395346738333,1.0005318522293067,0.992155134677887
2965.041849506645,0.9892465987010615,0.9922004342079163
2965.0441643394565,1.0090602983072041,0.9922465085983276
2965.046479172196,1.0021806081278217,0.9922499060630798
2965.0487940048433,0.9996959864809195,0.9922555685043335
2965.051108837495,1.0049761150801173,0.992257833480835
2965.0534236701446,1.0029568716269353,0.992257833480835
2965.055738502795,1.0011282894476012,0.992257833480835
2965.0580533354437,0.992606895229379,0.9922706484794617
2965.060368168095,1.0079627985854245,0.9922706484794617
2965.0626830007436,1.0033797731524372,0.9922723174095154
2965.0649978333954,1.001247543761191,0.9922929406166077
2965.067312666044,1.0017357731266376,0.9922929406166077
2965.069627498696,1.017808898929253,0.9922929406166077
2965.071942331345,1.0119138657199855,0.9922929406166077
2965.0742571639944,0.9900689958243543,0.9922959804534912
2965.076571996646,0.9859903341017838,0.9923112392425537
2965.078886829295,0.9998093489874593,0.9923112392425537
2965.0812016619466,0.9949487113552692,0.9923116564750671
2965.083516494595,0.9965919494009783,0.9923116564750671
2965.0858313272465,0.997118016797694,0.9923548698425293
2965.08814615982,1.0019610243335437,0.9923548698425293
2965.0904609923086,1.0074511974675442,0.992365837097168
2965.0927758247944,0.9918143664784412,0.9923896789550781
2965.0950906572834,1.0015556589685142,0.9923896789550781
2965.097405489769,0.9948982962648328,0.9923896789550781
2965.0997203222573,0.9893179005108611,0.9923896789550781
2965.1020351547445,0.9952758502823829,0.9923909306526184
2965.104349987232,0.998193225201127,0.9923909306526184
2965.106664819719,1.003278830112743,0.9923896789550781
2965.108979652206,1.0019112820839617,0.9923909306526184
2965.1112944846946,0.9986558890336966,0.9923974871635437
2965.11360931718,0.9903138603312607,0.9923974871635437
2965.115924149669,1.007109965146582,0.9924012422561646
2965.1182389821547,0.9978861519075685,0.9924012422561646
2965.1205538146432,1.0052696671376975,0.9924178123474121
2965.122868647129,0.9901831416385146,0.9924374222755432
2965.1251834796167,0.999642649875495,0.9924374222755432
2965.1274983121025,1.0036036783788966,0.9924463629722595
2965.1298131445164,0.9966703836572052,0.9924511313438416
2965.1321279768404,1.0097079192833325,0.9925410151481628
2965.1344428091634,0.9884640803023047,0.9925410151481628
2965.136757641486,0.9968217174135956,0.9925410151481628
2965.1390724738094,1.0098017214609978,0.9925653338432312
2965.1413873061333,1.0020903789542976,0.9925653338432312
2965.1437021384563,1.001480511887811,0.9925975799560547
2965.1460169707802,1.0040547583934207,0.9926271438598633
2965.148331803102,1.0008563009336924,0.9925975799560547
2965.1506466354267,0.9925997626928121,0.9926271438598633
2965.1529614677484,0.9955378062432884,0.9926507472991943
2965.155276300073,1.000745468031731,0.9926537871360779
2965.1575911323953,1.0015778222690126,0.9926537871360779
2965.1599059647197,1.010397582750104,0.9926537871360779
2965.1622207970427,0.9868065068220683,0.9926537871360779
2965.164535629365,0.9966027913949872,0.9926537871360779
2965.166850461688,0.9873628307297595,0.9926537871360779
2965.1691652940117,1.0060703855123527,0.9926537871360779
2965.1714801262615,0.9898861289598566,0.9926828145980835
2965.1737949584185,0.9941709887337045,0.9926828145980835
2965.1761097905783,1.0040086405351483,0.9926869869232178
2965.178424622734,1.0011164534032915,0.9926869869232178
2965.1807394548937,1.0075972554555157,0.9926895499229431
2965.1830542870507,0.996432213436267,0.9927072525024414
2965.1853691192105,0.9954526797697058,0.9927072525024414
2965.1876839513684,0.9784530212915579,0.9927072525024414
2965.189998783527,1.0020868378150671,0.9927072525024414
2965.1923136156843,1.0027543905492113,0.9927072525024414
2965.194628447842,0.9912276878028817,0.9927163124084473
2965.196943280001,1.0027222429567164,0.9927163124084473
2965.199258112159,0.9925345532692431,0.9927072525024414
2965.2015729443187,0.997056235343621,0.9927072525024414
2965.2038877764753,1.0027282720531372,0.9927072525024414
2965.2062026086355,0.9965535593686025,0.9927072525024414
2965.208517440792,1.0066169258422044,0.9927072525024414
2965.210832272951,0.9937464514870851,0.9927072525024414
2965.2131471050334,1.0055660108642346,0.9927163124084473
2965.2154619370262,1.004159643264613,0.9927173852920532
2965.217776769019,0.9946356759163626,0.9927173852920532
2965.2200916010106,0.9912416917806817,0.9927179217338562
2965.2224064330026,1.002082035025786,0.9927928447723389
2965.2247212649954,0.9806786171421161,0.9928059577941895
2965.2270360969874,0.9955904354571062,0.9928059577941895
2965.2293509289802,1.002784938220346,0.9928406476974487
2965.231665760973,1.006106632660351,0.9928523302078247
2965.2339805929637,0.9930250504944994,0.9928795695304871
2965.2362954249575,0.9926645493841001,0.9929028153419495
2965.2386102569485,1.0025532706272366,0.9929085969924927
2965.2409250889423,1.0101549722373049,0.9929028153419495
2965.243239920933,1.0018511064707385,0.9929028153419495
2965.245554752927,0.9997768071804936,0.9929085969924927
2965.2478695849186,1.0002821975826095,0.9929264187812805
2965.2501844169105,0.9916488186448486,0.9929085969924927
2965.2524992489034,1.003330123310731,0.9929085969924927
2965.2548140808194,1.0085104091648842,0.9929264187812805
2965.2571289126445,0.9912448515149076,0.9929264187812805
2965.2594437444704,1.008701998686296,0.9929085969924927
2965.2617585762955,0.9962330959053182,0.9929085969924927
2965.2640734081215,0.9980120951538584,0.9929085969924927
2965.2663882399474,0.9946217013776124,0.9929085969924927
2965.268703071772,1.0013436951051116,0.9929264187812805
2965.271017903599,0.9918998908727962,0.9929264187812805
2965.2733327354226,1.0057311741766581,0.9929264187812805
2965.2756475672495,1.0039024824794984,0.9929315447807312
2965.277962399074,0.9960471736400128,0.9929668307304382
2965.280277230901,0.9927783833257012,0.9930040240287781
2965.282592062726,0.998845427294843,0.9930040240287781
2965.2849068945507,0.9847059182970692,0.9930040240287781
2965.2872217263766,1.0057725329114509,0.9930092692375183
2965.289536558202,1.0044137637784933,0.9930092692375183
2965.291851390028,0.9972263657672673,0.9930403232574463
2965.294166221853,1.0021312146873327,0.9930403232574463
2965.2964810536037,0.9991949843660586,0.9930459260940552
2965.29879588526,1.0110633829167424,0.9930459260940552
2965.3011107169186,0.9855927678312689,0.9930403232574463
2965.303425548576,0.9993760478359724,0.9930092692375183
2965.3057403802345,0.9987208830576789,0.9930092692375183
2965.3080552118913,1.0099412776679568,0.9930092692375183
2965.3103700435504,0.9935683407092142,0.9930092692375183
2965.3126848752077,1.0036497750200766,0.9930092692375183
2965.3149997068663,0.9970458461082462,0.9930092692375183
2965.3173145385235,1.006708646654113,0.9930040240287781
2965.319629370182,1.0037133603239838,0.9930040240287781
2965.32194420184,1.015697123835627,0.9930092692375183
2965.3242590334967,1.01181511496056,0.9930092692375183
2965.3265738651567,0.9961610885466973,0.9930403232574463
2965.328888696813,1.0155255415998972,0.9930459260940552
2965.331203528472,0.9913700907521278,0.9930459260940552
2965.333518360129,1.0154036637181272,0.9930403232574463
2965.3358331917884,0.9996747987389538,0.9930403232574463
2965.338148023367,0.9978275021718976,0.9930459260940552
2965.340462854858,0.9992445627545309,0.9930461645126343
2965.3427776863473,0.999658954754544,0.9930459260940552
2965.345092517837,1.0068742044828543,0.9930459260940552
2965.3474073493276,1.0102157516326296,0.9930459260940552
2965.3497221808166,0.999260168304208,0.9930459260940552
2965.3520370123056,0.9937394623826944,0.9930461645126343
2965.3543518437946,1.0072179668248058,0.993076741695404
2965.356666675286,1.0024010026064478,0.9930952191352844
2965.358981506774,1.003291994004539,0.9931288957595825
2965.361296338265,1.0005505774791965,0.9931626915931702
2965.363611169753,0.9750683345631405,0.9931626915931702
2965.3659260012446,0.9974860322622559,0.9931626915931702
2965.368240832732,0.986180709323118,0.9931626915931702
2965.3705556642226,1.0005577734528763,0.9931730628013611
2965.3728704957125,1.0034567070517293,0.9931730628013611
2965.375185327202,0.9990206856892581,0.9931730628013611
2965.377500158692,1.011924192982413,0.9931730628013611
2965.3798149901036,1.0007163914038073,0.9931730628013611
2965.382129821424,1.0042866590729322,0.9931838512420654
2965.384444652745,1.0048412547810324,0.9932066202163696
2965.3867594840654,0.9937773213639939,0.9932066202163696
2965.3890743153866,0.9911902883435314,0.9932380318641663
2965.3913891467078,1.0112076085548234,0.9932380318641663
2965.3937039780267,0.9876497927929749,0.9932380318641663
2965.396018809349,1.0011904794765756,0.993294358253479
2965.398333640668,1.0085663093385415,0.9932380318641663
2965.4006484719903,1.0041296779858147,0.9932380318641663
2965.40296330331,0.9970085895263489,0.993294358253479
2965.4052781346313,0.9940130640095184,0.993358314037323
2965.407592965951,1.0061031938743892,0.9933726787567139
2965.4099077972714,1.0034582161268975,0.9933773875236511
2965.4122226285926,1.0033909538682309,0.9933773875236511
2965.414537459913,1.0049109249088584,0.9933773875236511
2965.416852291234,1.004452749523329,0.9933773875236511
2965.419167122554,0.9995280841530658,0.9933773875236511
2965.421481953799,1.004447349341991,0.9933773875236511
2965.4237967849485,1.0139694890954438,0.9933773875236511
2965.4261116161,1.0087671097422344,0.9933937788009644
2965.4284264472494,1.0074200867350815,0.9933937788009644
2965.4307412784024,1.0051222874886703,0.9933937788009644
2965.433056109554,0.9961665945254345,0.9933937788009644
2965.435370940704,1.0101983741882312,0.9933937788009644
2965.437685771855,1.0084879849747834,0.9933937788009644
2965.4400006030064,0.9958857297282637,0.9933937788009644
2965.4423154341566,1.003461991767825,0.9934475421905518
2965.444630265307,1.0201946519900902,0.9934475421905518
2965.4469450964584,1.0014648912380053,0.9934573769569397
2965.449259927609,0.9993618810182882,0.9934746026992798
2965.4515747587616,1.0110436311532665,0.9934996962547302
2965.4538895899113,1.0009652535711953,0.9934996962547302
2965.456204421064,1.006661166389853,0.9935052394866943
2965.458519252213,1.0034758596990452,0.9935308694839478
2965.4608340833647,0.9991710202402325,0.9935308694839478
2965.463148914439,1.0019917505446883,0.9935052394866943
2965.4654637454196,0.9907322698325592,0.9934996962547302
2965.4677785764006,1.006610268116593,0.9934996962547302
2965.4700934073812,0.9904406892816355,0.9935052394866943
2965.4724082383614,0.9978374457021648,0.9935052394866943
2965.474723069343,1.0013327732266106,0.9935052394866943
2965.4770379003235,0.9954535124618946,0.9935052394866943
2965.479352731305,0.9971740888006733,0.9935052394866943
2965.481667562287,0.9979460239130188,0.9934996962547302
2965.4839823932653,1.0058953721283797,0.9934996962547302
2965.486297224248,0.9930494811333546,0.9935052394866943
2965.4886120552273,1.001999740943196,0.9934996962547302
2965.4909268862098,1.0042175623594662,0.9934996962547302
2965.4932417171904,1.0074365326370156,0.9935052394866943
2965.4955565481714,0.9938773803471684,0.9935308694839478
2965.497871379152,1.0040833915877923,0.9935052394866943
2965.500186210132,0.996999565401339,0.9935052394866943
2965.5025010411136,1.009653561753206,0.9935052394866943
2965.5048158720165,0.989172289513197,0.9934996962547302
2965.507130702827,0.9959646038468821,0.9935052394866943
2965.509445533637,1.0001963013278177,0.9935052394866943
2965.511760364449,0.999705255640488,0.9935308694839478
2965.5140751952563,0.9899565394886544,0.9935590624809265
2965.516390026068,0.9875535088794924,0.9935615062713623
2965.518704856878,1.008236888574743,0.9936243891716003
2965.5210196876887,1.0109664860673129,0.9936783313751221
2965.5233345184997,0.994796784328258,0.9936826825141907
2965.5256493493093,1.0045719684945662,0.9936783313751221
2965.527964180119,1.0067050245665752,0.9936826825141907
2965.5302790109286,1.0085498795559704,0.9936826825141907
2965.5325938417395,1.0087348689169826,0.9936826825141907
2965.5349086725505,1.0104094761035167,0.9936783313751221
2965.53722350336,1.0002226590493117,0.9936826825141907
2965.5395383341697,0.9994979974181868,0.9936826825141907
2965.5418531649793,1.0073235473292914,0.9936783313751221
2965.5441679957903,1.0073866314310445,0.9936243891716003
2965.546482826524,1.0029985151393341,0.9936243891716003
2965.5487976571617,0.9989421249492236,0.9936783313751221
2965.5511124878026,1.005401881289016,0.9936826825141907
2965.5534273184408,0.9937732747168165,0.9937002658843994
2965.55574214908,1.0005306653428925,0.9937002658843994
2965.5580569797185,0.9982768222029372,0.9937002658843994
2965.560371810358,0.9929687291935638,0.9937002658843994
2965.562686640997,1.0077298272191553,0.9937002658843994
2965.5650014716366,0.9969151877264432,0.9937095046043396
2965.567316302275,1.0046789363707842,0.9937002658843994
2965.569631132914,0.9988903234041471,0.9937002658843994
2965.5719459635534,1.0067126412402734,0.9937095046043396
2965.574260794192,1.0041287965716246,0.993709921836853
2965.576575624833,1.0130290361754655,0.993709921836853
2965.57889045547,1.005587257341579,0.993709921836853
2965.581205286111,1.0091108961625117,0.993709921836853
2965.583520116749,1.0115126928374252,0.993709921836853
2965.5858349473892,1.008912708575207,0.9937241077423096
2965.58814977795,1.0016618357905183,0.9937241077423096
2965.5904646084173,1.0032211544488465,0.9937270283699036
2965.592779438885,1.0033089664912485,0.9937270283699036
2965.595094269352,0.9971696337101418,0.9937946200370789
2965.5974090998197,1.0116011370886062,0.9937946200370789
2965.599723930288,1.0038182445539394,0.9937946200370789
2965.602038760755,1.0055973370770066,0.9937946200370789
2965.604353591223,0.9926094207454179,0.9937952756881714
2965.6066684216908,0.9960883419852573,0.9938328266143799
2965.6089832521575,1.001860252733856,0.9938845634460449
2965.6112980826265,0.9931457492034599,0.9938845634460449
2965.6136129130928,1.0064580797542804,0.9938845634460449
2965.6159277435618,1.0094484934465657,0.9938845634460449
2965.618242574029,1.0041114454923126,0.993902325630188
2965.620557404497,0.9967027769393607,0.9939039349555969
2965.6228722349642,1.0025538362596653,0.993902325630188
2965.6251870654314,1.0008554919645525,0.9938845634460449
2965.6275018958995,1.0110113911232166,0.993902325630188
2965.6298167262885,0.9844588104022606,0.993902325630188
2965.6321315565833,1.0131038699781751,0.9938845634460449
2965.63444638688,1.005285638961641,0.9938845634460449
2965.636761217177,1.0054051019825585,0.9938845634460449
2965.6390760474715,1.0012792269873176,0.993902325630188
2965.6413908777686,1.0039311083619427,0.9939039349555969
2965.643705708062,0.9982002335120705,0.9939039349555969
2965.646020538359,1.0045646338418828,0.9939039349555969
2965.6483353686544,1.0118029290626687,0.9939334988594055
2965.6506501989506,0.9976980900047527,0.9940019845962524
2965.6529650292464,0.9973487978894481,0.9940019845962524
2965.6552798595426,1.0119174272240135,0.9940019845962524
2965.657594689838,1.0099218015915514,0.9940153360366821
2965.6599095201327,1.000682324737165,0.9940153360366821
2965.6622243504294,0.9970565318345134,0.9940019845962524
2965.6645391807247,1.0128795614988717,0.9940153360366821
2965.666854011021,0.9951511823366632,0.9940176606178284
2965.669168841316,1.000234037564738,0.9940153360366821
2965.671483671535,0.9888294845147305,0.9940176606178284
2965.6737985016566,1.0102260632309807,0.9940671324729919
2965.676113331781,0.991626715574387,0.9940176606178284
2965.678428161905,1.0209373485362851,0.9940176606178284
2965.680742992028,0.9935444039818313,0.9940176606178284
2965.6830578221525,1.0008957481433718,0.9940671324729919
2965.685372652275,1.003713046641562,0.9940671324729919
2965.6876874823984,1.0007830825860122,0.9940671324729919
2965.690002312522,0.9919780804031544,0.9940671324729919
2965.6923171426456,1.0049017012499162,0.9940671324729919
2965.6946319727695,1.0006737483801647,0.9940176606178284
2965.696946802893,1.0009316044516745,0.9940671324729919
2965.6992616330153,1.0042509512264866,0.9940671324729919
2965.7015764631406,1.00414773230119,0.9940736293792725
2965.7038912932626,0.999287740362145,0.9940807223320007
2965.706206123388,0.9983382950441871,0.9940893054008484
2965.7085209535107,1.0078809425521194,0.9941062331199646
2965.710835783635,1.0067564877679105,0.9941506385803223
2965.713150613679,1.004594436124304,0.994189977645874
2965.7154654436295,1.0024078274445687,0.9942163228988647
2965.7177802735814,1.0093326394775939,0.994189977645874
2965.720095103532,1.0055492200264962,0.9942163228988647
2965.7224099334826,0.9983394066083932,0.9942163228988647
2965.7247247634336,1.0060093845149987,0.9942200183868408
2965.7270395933842,1.006388287166994,0.9942275881767273
2965.729354423335,1.0026871077579251,0.9942286014556885
2965.7316692532872,1.0002669005383633,0.9942275881767273
2965.733984083237,1.0021428758132005,0.9942286014556885
2965.73629891319,0.9976344650847394,0.9942275881767273
2965.738613743139,1.0050426285048046,0.9942286014556885
2965.7409285730914,1.0005972882645175,0.9942286014556885
2965.743243403042,1.0080040459063615,0.994239091873169
2965.7455582329935,1.003322189825236,0.994239091873169
2965.747873062944,1.0155839300620586,0.9942286014556885
2965.7501878928947,0.9971292034693677,0.9942286014556885
2965.7525027228457,0.9971203307740804,0.9942286014556885
2965.7548175527177,1.0061746228546116,0.9942275881767273
2965.7571323824955,1.0049943733265885,0.9942275881767273
2965.7594472122746,1.0134669067012958,0.9942275881767273
2965.761762042054,1.000299273614019,0.9942286014556885
2965.7640768718306,1.008020916539831,0.9942286014556885
2965.7663917016093,1.0090288313992262,0.994239091873169
2965.768706531386,1.0049805192741983,0.9942406415939331
2965.771021361166,0.998918871153769,0.9942479729652405
2965.7733361909445,0.9946108021358957,0.9942406415939331
2965.7756510207223,1.0243991368954073,0.9942479729652405
2965.7779658504996,0.992438668718911,0.9942606091499329
2965.780280680279,1.0014193778740348,0.9942800998687744
2965.7825955100566,1.009037331250676,0.9942800998687744
2965.7849103398353,1.004539707211425,0.9942800998687744
2965.787225169613,1.005875817954192,0.9942800998687744
2965.789539999391,1.0184432593971997,0.9942876696586609
2965.7918548291705,0.9920865055580836,0.9942876696586609
2965.794169658947,0.9969773252031682,0.9942800998687744
2965.796484488648,0.9948988030306127,0.9942876696586609
2965.7987993182514,1.0055928668452645,0.9942905306816101
2965.8011141478582,0.9970126656430532,0.9942905306816101
2965.803428977463,1.011796289816547,0.994300901889801
2965.8057438070673,0.9994056325888624,0.994300901889801
2965.8080586366723,0.998313102876447,0.9943311214447021
2965.8103734662777,1.0118048021889505,0.994300901889801
2965.8126882958836,1.0105323723204256,0.9942905306816101
2965.815003125488,1.005067791862171,0.9942905306816101
2965.8173179550927,1.0025908529504666,0.9942876696586609
2965.819632784697,0.9971378347907526,0.9942905306816101
2965.821947614303,1.0002455999277287,0.994300901889801
2965.8242624439076,1.0050130355228488,0.9943311214447021
2965.8265772735144,0.9977778755531184,0.9943386316299438
2965.8288921031185,0.9986910549125152,0.9943783283233643
2965.831206932725,1.0191814759164328,0.9944136142730713
2965.8335217623285,0.9993486563812675,0.994442343711853
2965.835836591934,0.996764969851178,0.9944578409194946
2965.8381514214607,1.000015583817141,0.994442343711853
2965.8404662508924,0.9969738624622647,0.994442343711853
2965.8427810803246,0.9955848737197045,0.9944578409194946
2965.845095909756,0.9973279564407932,0.9944578409194946
2965.847410739187,0.996104769001276,0.9944586753845215
2965.8497255686198,0.9996016674824911,0.994476854801178
2965.852040398051,0.9996953518775716,0.9944929480552673
2965.8543552274837,1.0022917160252365,0.9944961667060852
2965.856670056916,1.0006949826757767,0.9945218563079834
2965.858984886346,1.003795778100349,0.9945261478424072
2965.8612997157793,0.9928431647770601,0.9945218563079834
2965.86361454521,1.0002574187391373,0.9944961667060852
2965.865929374643,1.0006293560778141,0.9945218563079834
2965.868244204075,0.9978167713291516,0.9945261478424072
2965.870559033507,1.001939122752973,0.9945261478424072
2965.8728738629384,1.0106841300142617,0.9945218563079834
2965.8751886923696,0.9991978571807005,0.9945218563079834
2965.8775035218023,1.0057087348941955,0.9945218563079834
2965.8798183511544,1.0058004073026805,0.9945261478424072
2965.8821331804133,0.9970261957276225,0.9945451021194458
2965.884448009671,0.9967237873926252,0.9946016073226929
2965.886762838931,0.9942472032443911,0.9946235418319702
2965.889077668187,1.000905194901856,0.9946235418319702
2965.8913924974468,0.9955182582122568,0.9946250319480896
2965.893707326704,0.9966530860464311,0.9946235418319702
2965.8960221559637,1.0138702258681123,0.9946250319480896
2965.8983369852226,0.9993893464262893,0.9946250319480896
2965.90065181448,1.0013664497338324,0.9946250319480896
2965.902966643738,0.9977391169384354,0.9946396946907043
2965.905281472997,0.9952389521775641,0.9946401715278625
2965.907596302255,0.9920257849014984,0.9946396946907043
2965.9099111315127,0.9974741858970175,0.9946401715278625
2965.9122259607716,1.005172432906472,0.9946873784065247
2965.9145407900296,1.0028486192394155,0.9946873784065247
2965.9168556192894,0.9954241604114552,0.9946873784065247
2965.9191704485465,1.0009089718802366,0.9946873784065247
2965.9214852777272,0.9966720567398836,0.9946873784065247
2965.92380010681,1.0019773265990695,0.9946935772895813
2965.9261149358954,1.0026654399482946,0.9947077631950378
2965.928429764979,1.00380341418637,0.9947077631950378
2965.930744594065,0.987112017875854,0.9947348237037659
2965.93305942315,1.0112936451397792,0.9947385191917419
2965.935374252235,1.0073520965719835,0.9947407841682434
2965.9376890813187,0.9917697191937602,0.9947407841682434
2965.940003910404,0.9890715316890828,0.9947407841682434
2965.942318739488,0.9962498439107704,0.9947521686553955
2965.9446335685734,0.99833430921558,0.9947521686553955
2965.9469483976577,1.0014700549553925,0.9947521686553955
2965.9492632267416,0.9956267452932955,0.9947521686553955
2965.951578055828,1.0141800712059352,0.9947788715362549
2965.953892884911,0.9934031360283765,0.994795560836792
2965.956207713997,0.9957078143027841,0.9948212504386902
2965.9585225430806,0.9874916351369722,0.9948224425315857
2965.960837372167,1.0058425973186544,0.9948224425315857
2965.963152201172,0.9955708249505542,0.9948293566703796
2965.965467030082,0.9903410132262926,0.9948293566703796
2965.9677818589935,0.9967638554534485,0.9948337078094482
2965.970096687904,0.9981651801594287,0.9948293566703796
2965.9724115168156,1.006863169196443,0.9948337078094482
2965.974726345726,1.0092182257478235,0.9948455691337585
2965.977041174636,1.0055309114833082,0.9948455691337585
2965.9793560035464,1.0042493747800452,0.9948567152023315
2965.981670832459,1.0099066088334303,0.9948598742485046
2965.9839856613694,1.0086376033748075,0.9948732852935791
2965.986300490281,0.9964668417819099,0.9949126839637756
2965.98861531919,1.0042296052598076,0.9949126839637756
2965.9909301481025,0.9996071739137598,0.9949126839637756
2965.9932449770126,0.9866611223552293,0.994931697845459
2965.995559805923,0.9987245129488804,0.9949473738670349
2965.9978746348347,1.007036164129557,0.9949575662612915
2966.0001894637453,0.9924988828779867,0.9949473738670349
2966.002504292657,0.9957636962638216,0.9949575662612915
2966.0048191214873,1.0014906589248014,0.9949575662612915
2966.0071339502238,1.0057377458706598,0.9949575662612915
2966.0094487789615,1.008208413340617,0.9949654936790466
2966.011763607699,1.006853562549002,0.9949932098388672
2966.0140784364353,1.008383165951965,0.9949932098388672
2966.0163932651726,0.9884185315715196,0.9950088858604431
2966.018708093908,1.000137359025042,0.9950088858604431
2966.0210229226464,1.0109053960531535,0.9950088858604431
2966.023337751382,0.992173809959243,0.9950291514396667
2966.0256525801205,0.9932941402463535,0.9950966238975525
2966.027967408857,0.986141102070632,0.9951455593109131
2966.0302822375943,0.9947137033012297,0.9951477646827698
2966.0325970663303,1.0003202008268919,0.9951455593109131
2966.034911895067,1.017944084051273,0.9951477646827698
2966.0372267238045,0.9990868965978228,0.9951477646827698
2966.039541552541,0.9931864351128318,0.9951567053794861
2966.041856381279,1.0041492076016718,0.9951567053794861
2966.0441712100146,1.002352808705446,0.9951719641685486
2966.0464860386737,1.009691837341577,0.9951719641685486
2966.048800867235,1.0028563360019023,0.9951719641685486
2966.051115695798,1.0095732303880303,0.9951737523078918
2966.053430524361,0.9941123288499899,0.9951737523078918
2966.055745352924,0.9818827800193037,0.9951719641685486
2966.0580601814877,1.0138900094003171,0.9951737523078918
2966.0603750100495,0.9964564057412132,0.9952121376991272
2966.0626898386117,0.997607545888312,0.9951737523078918
2966.0650046671753,1.0010633528676658,0.9951737523078918
2966.0673194957376,0.9951283140230495,0.9952121376991272
2966.0696343243,1.0029612103188803,0.9952121376991272
2966.0719491528644,1.0025621928763024,0.9951737523078918
2966.0742639814252,1.004366318953128,0.9951719641685486
2966.0765788099898,1.0043233074263105,0.9951737523078918
2966.078893638551,0.9911741642410152,0.9952121376991272
2966.0812084671156,0.9972257107297055,0.9952121376991272
2966.0835232956765,0.9971709126434457,0.9952130317687988
2966.08583812424,0.9996063342042333,0.9952130317687988
2966.088152952723,0.9960323368618352,0.9952176809310913
2966.0904677811122,0.9982637754505275,0.9952276349067688
2966.0927826095012,0.9991167266036461,0.9952176809310913
2966.0950974378893,0.999047921294827,0.9952276349067688
2966.0974122662774,0.9832577405879291,0.9952276349067688
2966.0997270946664,0.9963418904628568,0.9952276349067688
2966.1020419230545,0.9982929385484228,0.99526047706604
2966.104356751444,0.9931183336627201,0.99526047706604
2966.106671579833,0.9787259220364091,0.9952936172485352
2966.1089864082196,1.0120932389586075,0.9952936172485352
2966.1113012366104,1.0009377259878312,0.9953324794769287
2966.113616064997,1.0021088205288633,0.9953324794769287
2966.115930893387,0.9995328464180949,0.9953382611274719
2966.118245721774,1.008215040357195,0.9953382611274719
2966.1205605501646,1.0011606080721576,0.9953382611274719
2966.1228753785526,1.004709409741044,0.9953324794769287
2966.1251902069403,0.993006110244293,0.9953382611274719
2966.1275050353297,1.0071398864782661,0.9953382611274719
2966.129819863638,1.0005043443559303,0.9953324794769287
2966.132134691853,0.9992598960237451,0.9953382611274719
2966.134449520067,0.9939681684574824,0.9953324794769287
2966.1367643482827,0.9935053238211744,0.9953324794769287
2966.1390791764943,1.000005808763064,0.9953324794769287
2966.14139400471,0.9908151479126659,0.9953324794769287
2966.143708832924,1.009566138820846,0.9953382611274719
2966.1460236611388,0.9995915325493944,0.9953382611274719
2966.1483384893513,0.9927152545915161,0.9953382611274719
2966.1506533175675,1.0002928917022302,0.9953382611274719
2966.15296814578,0.9986413780623038,0.9953542947769165
2966.155282973995,1.0034105674294582,0.9953542947769165
2966.1575978022097,0.9867018769798016,0.9953542947769165
2966.1599126304245,0.9919594708129228,0.9953542947769165
2966.1622274586384,0.9966899225432893,0.9953382611274719
2966.164542286852,0.9912872653191014,0.9953382611274719
2966.1668571150676,0.9957554442187128,0.9953542947769165
2966.1691719432806,0.9972340240787815,0.9953588247299194
2966.1714867714163,1.0045275414911359,0.9953588247299194
2966.1738015994556,0.9928316371595302,0.9953588247299194
2966.176116427497,1.0069269761996724,0.9953588247299194
2966.178431255534,0.9924900926830711,0.9953542947769165
2966.1807460835757,1.00121399934728,0.9953588247299194
2966.183060911614,0.9996093842163438,0.9953542947769165
2966.1853757396557,0.9977642141808081,0.9953542947769165
2966.187690567695,0.9899811669316471,0.9953588247299194
2966.1900053957356,0.9964270465616926,0.9953588247299194
2966.1923202237745,1.0006088260920336,0.9953588247299194
2966.194635051814,0.9979947032427877,0.9953542947769165
2966.1969498798553,0.9865618708933095,0.9953542947769165
2966.199264707894,0.9843293786304722,0.9953542947769165
2966.2015795359353,0.995802572016005,0.9953542947769165
2966.2038943639736,0.9880920514870339,0.9953588247299194
2966.2062091920147,0.9919715671471706,0.9953542947769165
2966.2085240200536,0.9962540287679572,0.9953542947769165
2966.2108388480938,1.0013852698027472,0.9953542947769165
2966.213153676054,1.0008888968732317,0.9953588247299194
2966.21546850392,1.0021236851374498,0.9953542947769165
2966.2177833317837,1.0014884479409105,0.9953542947769165
2966.22009815965,1.004615329339166,0.9953588247299194
2966.2224129875153,0.9998681984628144,0.9953588247299194
2966.2247278153814,1.0051770877309596,0.9953588247299194
2966.2270426432465,0.9907489812477731,0.9953588247299194
2966.2293574711125,1.0028798725698904,0.9953588247299194
2966.2316722989785,1.0057620469009612,0.9953542947769165
2966.233987126842,1.010984190091138,0.9953542947769165
2966.236301954709,1.0019352937139663,0.9953542947769165
2966.238616782573,1.0170599033227432,0.9953542947769165
2966.24093161044,0.993597462842846,0.9953382611274719
2966.2432464383037,1.0084082255200235,0.9953382611274719
2966.245561266171,0.9987622017000414,0.9953382611274719
2966.2478760940344,0.997675228276391,0.9953542947769165
2966.2501909219004,0.9955158733723168,0.9953588247299194
2966.2525057497664,0.9969285630877849,0.9953588247299194
2966.254820577552,1.0033302645372488,0.9953542947769165
2966.257135405242,0.9949031317169836,0.9953542947769165
2966.2594502329334,0.9942342666031911,0.9953588247299194
2966.2617650606257,0.9939006330454845,0.9953542947769165
2966.2640798883153,0.9906028848918821,0.9953542947769165
2966.2663947160077,0.9941971394096177,0.9953588247299194
2966.268709543696,0.9994556765628939,0.9953755140304565
2966.2710243713886,1.0032372573524084,0.9953755140304565
2966.273339199078,0.9963106845416418,0.995388388633728
2966.27565402677,0.9981210362145748,0.9953755140304565
2966.2779688544597,0.9979091752332238,0.9953755140304565
2966.280283682152,0.9990624941989733,0.9953755140304565
2966.282598509841,1.0189837738919965,0.9953755140304565
2966.2849133375325,0.9982863913834894,0.995388388633728
2966.287228165224,0.9995569420221001,0.995388388633728
2966.289542992915,0.9932631441534933,0.9953755140304565
2966.291857820607,1.0025507750770526,0.9953755140304565
2966.294172648297,1.00370858516027,0.9953755140304565
2966.2964874759095,1.0043391418100502,0.995388388633728
2966.298802303424,1.0089578071558265,0.995388388633728
2966.301117130941,0.9941004680942033,0.9953755140304565
2966.3034319584567,0.9942190335953551,0.9953755140304565
2966.3057467859735,0.9908392581152996,0.9953755140304565
2966.308061613488,0.9991036444288169,0.995388388633728
2966.310376441006,1.001056729999407,0.9953755140304565
2966.3126912685207,0.9921308436174934,0.9953755140304565
2966.315006096039,1.0109225174449974,0.9953755140304565
2966.3173209235547,0.9938472486512749,0.995388388633728
2966.3196357510715,1.0038000841934822,0.9953755140304565
2966.3219505785883,1.0056366265752859,0.9953588247299194
2966.3242654061028,0.993152037627504,0.9953542947769165
2966.3265802336205,1.0061167928617736,0.9953542947769165
2966.3288950611354,1.0124580266184027,0.9953542947769165
2966.331209888653,1.0027411812859508,0.9953382611274719
2966.333524716168,0.9933565375357036,0.9953542947769165
2966.335839543686,0.9952877592163587,0.9953542947769165
2966.3381543711203,1.0009711156422256,0.9953588247299194
2966.3404691984633,1.009434738477845,0.9953588247299194
2966.3427840258037,0.9853774548111154,0.9953588247299194
2966.3450988531467,1.0057756739034753,0.9953588247299194
2966.3474136804866,0.9971620452293053,0.9953588247299194
2966.34972850783,1.0115214589568384,0.9953542947769165
2966.352043335171,1.0011235218968202,0.9953542947769165
2966.354358162512,1.0005575691494133,0.9953542947769165
2966.3566729898553,1.0022879806311813,0.9953382611274719
2966.3589878171956,1.0079162062573193,0.9953324794769287
2966.3613026445387,0.9990413744419695,0.9953324794769287
2966.3636174718786,0.9966986464025073,0.9953324794769287
2966.365932299222,1.0021216832978972,0.9953382611274719
2966.3682471265624,0.9959951506092728,0.9953382611274719
2966.3705619539046,1.007522482713919,0.9953542947769165
2966.372876781246,0.99674363089078,0.9953542947769165
2966.375191608588,1.0011265341857194,0.9953382611274719
2966.377506435928,0.9975512912296272,0.9953382611274719
2966.3798212631914,1.0053178617528409,0.9953382611274719
2966.382136090357,0.9980942285275396,0.9953542947769165
2966.3844509175256,1.0049143453781284,0.9953542947769165
2966.386765744694,0.9899578867919647,0.9953542947769165
2966.3890805718597,1.0070139256917185,0.9953588247299194
2966.391395399027,0.9942005900729537,0.9953755140304565
2966.3937102261925,1.0078327483902338,0.9953755140304565
2966.396025053361,0.9994044256456017,0.995388388633728
2966.3983398805267,0.9869679037758792,0.995388388633728
2966.400654707695,1.0141672599931855,0.9953755140304565
2966.4029695348604,1.0011171692311378,0.9953588247299194
2966.405284362029,1.0074208829776468,0.9953755140304565
2966.4075991891946,1.0003641996858612,0.9953755140304565
2966.409914016362,1.000112337818263,0.9953755140304565
2966.4122288435274,0.9951925880992573,0.9953755140304565
2966.4145436706963,1.000031138414444,0.9953755140304565
2966.4168584978647,0.9929115205082832,0.9953588247299194
2966.41917332503,0.9988811489649191,0.9953542947769165
2966.4214881521184,0.9894494097075635,0.9953588247299194
2966.4238029791095,0.9956670571427237,0.9953542947769165
2966.4261178061033,1.0012904361667057,0.9953382611274719
2966.428432633093,1.0059768231700033,0.9953382611274719
2966.430747460087,0.9970861138133679,0.9953382611274719
2966.4330622870775,0.9961932241317816,0.9953324794769287
2966.4353771140713,1.00046703381429,0.9953382611274719
2966.4376919410624,1.0016653088013328,0.9953382611274719
2966.4400067680563,1.0000206599135697,0.9953382611274719
2966.442321595047,1.0026589778693373,0.9953542947769165
2966.44463642204,0.9941463323495381,0.9953542947769165
2966.4469512490323,1.0058346590111207,0.9953382611274719
2966.4492660760243,1.0207049719646495,0.9953542947769165
2966.451580903018,1.0042784898813426,0.9953588247299194
2966.453895730009,0.9979772266585226,0.9953588247299194
2966.456210557003,0.9996316684860682,0.9953755140304565
2966.458525383993,1.0165756152185563,0.9953588247299194
2966.460840210986,1.003534824328291,0.9953542947769165
2966.4631550378986,0.9916413731519107,0.9953542947769165
2966.4654698647164,0.9886622616049057,0.9953542947769165
2966.4677846915324,0.9981963886573751,0.9953542947769165
2966.470099518352,1.0040553314404062,0.9953382611274719
2966.4724143451676,0.9932398857579078,0.9953542947769165
2966.474729171987,0.9922422130202673,0.9953588247299194
2966.4770439988038,0.9960685894959983,0.9953588247299194
2966.479358825622,0.9986920668302232,0.9953755140304565
2966.481673652439,0.9903776910027348,0.9953755140304565
2966.483988479256,1.0092524206510647,0.995388388633728
2966.486303306075,1.0035255870938458,0.9953755140304565
2966.488618132891,0.9911380619917094,0.995388388633728
2966.4909329597103,0.9982407394654852,0.9953755140304565
2966.4932477865264,1.002664430289773,0.9953755140304565
2966.4955626133456,1.0042891369449503,0.9953755140304565
2966.49787744016,0.9927935529110525,0.9953755140304565
2966.5001922669794,0.9974619198149899,0.9953755140304565
2966.502507093796,0.9974878485331711,0.9953755140304565
2966.504821920535,0.9967830484420053,0.9953588247299194
2966.507136747176,0.9988645067023567,0.9953588247299194
2966.509451573821,0.9879833646219763,0.9953588247299194
2966.511766400463,1.0032844392147,0.9953588247299194
2966.514081227105,1.0004947497956507,0.9953588247299194
2966.5163960537498,1.0040473950620463,0.9953755140304565
2966.518710880391,0.9994658633379014,0.995388388633728
2966.5210257070353,1.0031550998435295,0.9953755140304565
2966.5233405336767,1.0088722016126377,0.9953588247299194
2966.525655360321,0.9928142120514047,0.9953755140304565
2966.527970186962,1.002895442038163,0.9953588247299194
2966.5302850136063,0.9975333059389289,0.9953542947769165
2966.532599840248,0.9949437706019011,0.9953382611274719
2966.5349146668914,0.9950780613917988,0.9953324794769287
2966.5372294935323,1.00895973807085,0.9952936172485352
2966.539544320177,1.0048066097441553,0.9952936172485352
2966.541859146819,0.9907317891684894,0.9953324794769287
2966.5441739734624,0.9974147411315758,0.9953324794769287
2966.546488800025,0.9917008944536972,0.9953324794769287
2966.5488036264937,0.9989921702002892,0.9952936172485352
2966.551118452962,1.0164506565339482,0.9953324794769287
2966.553433279429,0.9990329529023869,0.9952936172485352
2966.5557481058986,0.9983218663160489,0.9953324794769287
2966.5580629323654,0.996310776728634,0.9953324794769287
2966.560377758835,1.0141711062783267,0.9953324794769287
2966.562692585301,0.9941128827735545,0.9953382611274719
2966.5650074117707,1.0001334218980067,0.9953324794769287
2966.5673222382375,0.9837068387944888,0.9953324794769287
2966.569637064707,0.9999237046072357,0.9952936172485352
2966.5719518911746,1.0028828831202614,0.9953324794769287
2966.5742667176423,1.0065019963761486,0.9952936172485352
2966.5765815441105,0.9839114128789186,0.9952812194824219
2966.578896370578,0.9900816550533332,0.9952812194824219
2966.581211197046,0.9904731379380393,0.9952812194824219
2966.5835260235144,0.9937542296244393,0.99526047706604
2966.585840849984,1.0056454481754973,0.99526047706604
2966.5881556763698,0.9998005647550968,0.9952276349067688
2966.590470502664,1.0093767405758858,0.9952223300933838
2966.5927853289563,1.0003054444210338,0.9952176809310913
2966.595100155251,1.0030437237100693,0.9952176809310913
2966.597414981543,0.989580021872114,0.9952223300933838
2966.599729807838,0.9953298964009233,0.9952223300933838
2966.602044634131,0.9868991906359563,0.9952223300933838
2966.604359460423,1.0061950117691927,0.9952176809310913
2966.606674286717,0.9989231637186426,0.9952223300933838
2966.608989113011,1.0014361134346947,0.9952276349067688
2966.611303939304,0.995873487144422,0.9952276349067688
2966.6136187655966,0.9952473323439828,0.9952276349067688
2966.615933591889,0.994905836918626,0.9952276349067688
2966.618248418183,1.0154430555779312,0.9952276349067688
2966.6205632444767,0.9999440623066849,0.9952276349067688
2966.6228780707697,0.9854559011121292,0.99526047706604
2966.6251928970646,0.9985669409789659,0.9952276349067688
2966.627507723355,1.0046047060373584,0.99526047706604
2966.6298225495702,0.9956704216748414,0.99526047706604
2966.6321373756873,0.9918292339663547,0.99526047706604
2966.6344522018076,0.9995085388529503,0.9952276349067688
2966.6367670279255,0.9889109220425631,0.9952223300933838
2966.639081854045,1.0078122735379762,0.9952223300933838
2966.641396680163,1.0015401431705497,0.9952276349067688
2966.6437115062804,0.9921374182041629,0.9952223300933838
2966.6460263323997,0.9902307274134046,0.9952276349067688
2966.6483411585177,1.0001668557219054,0.9952223300933838
2966.6506559846366,1.003138157256427,0.9952223300933838
2966.652970810755,0.9966606696029121,0.9952223300933838
2966.655285636875,0.9948113021094732,0.9952223300933838
2966.6576004629906,1.0032739895526517,0.9952223300933838
2966.659915289111,1.004610632051391,0.9952223300933838
2966.662230115229,0.9917989592115396,0.9952276349067688
2966.664544941348,1.0121779646298592,0.99526047706604
2966.666859767467,1.0127439108380196,0.99526047706604
2966.6691745935846,0.9955760098425875,0.9952812194824219
2966.6714894196234,1.009908343777668,0.9952812194824219
2966.6738042455668,1.0017304801172051,0.9952936172485352
2966.676119071511,0.9942363442026521,0.9952936172485352
2966.6784338974553,0.9975485822186696,0.9953324794769287
2966.6807487233987,0.9915801386683735,0.9952936172485352
2966.6830635493416,1.0132977557574423,0.9953324794769287
2966.6853783752867,0.9942071398864782,0.9953382611274719
2966.687693201229,1.0127191410506196,0.9953382611274719
2966.6900080271744,0.997801665428569,0.9953382611274719
2966.692322853117,1.004332403911691,0.9953542947769165
2966.694637679062,0.9864221850343778,0.9953382611274719
2966.696952505005,1.0083799603629078,0.9953382611274719
2966.6992673309483,1.0032118680124953,0.9953382611274719
2966.7015821568925,1.0031227609070121,0.9953382611274719
2966.703896982836,1.0065348204878075,0.9953382611274719
2966.7062118087792,1.001908796362418,0.9953382611274719
2966.708526634723,1.0089899368255772,0.9953382611274719
2966.7108414606664,1.003495357956956,0.9953382611274719
2966.71315628653,1.0052361802394814,0.9953382611274719
2966.7154711123,1.0058461567021508,0.9953382611274719
2966.7177859380686,0.9849549718680843,0.9953382611274719
2966.720100763839,1.0099870022195934,0.9953382611274719
2966.722415589606,1.0121665332754857,0.9953382611274719
2966.7247304153766,1.0010409602248758,0.9953382611274719
2966.7270452411453,1.0047684555181693,0.9953324794769287
2966.729360066915,1.0013722454186824,0.9953324794769287
2966.7316748926833,0.9974724694572843,0.9953324794769287
2966.733989718452,1.0052147418364148,0.9953382611274719
2966.736304544221,0.9923945326245285,0.9953324794769287
2966.7386193699895,1.0140715788122194,0.9953324794769287
2966.740934195759,1.016923803300177,0.9952936172485352
2966.743249021528,1.0112430106208143,0.9953324794769287
2966.7455638472966,0.9944360433628354,0.9953324794769287
2966.7478786730653,0.9968581150031476,0.9952936172485352
2966.750193498834,1.0017431378805475,0.9952812194824219
2966.752508324603,0.9891205846336051,0.9952812194824219
2966.7548231502933,0.9963605181283602,0.9952936172485352
2966.7571379758883,1.0054844050779914,0.9952936172485352
2966.759452801482,0.9962562689962323,0.9952812194824219
2966.7617676270756,1.0105106896327043,0.9952812194824219
2966.76408245267,0.9879468546263611,0.9952812194824219
2966.7663972782643,1.0170670212065134,0.99526047706604
2966.768712103859,0.9993615288333124,0.99526047706604
2966.7710269294525,1.0142649586469994,0.99526047706604
2966.7733417550467,0.994269150501903,0.9952812194824219
2966.77565658064,1.0129229064400498,0.9952936172485352
2966.777971406235,1.0000609644504193,0.9952936172485352
2966.7802862318285,1.0066695379122994,0.9953324794769287
2966.7826010574236,0.9836451581145306,0.9953324794769287
2966.784915883017,0.9939035534539145,0.9953324794769287
2966.7872307086104,0.9982309621683046,0.9953324794769287
2966.7895455342064,1.0002533099769157,0.9953324794769287
2966.7918603598,0.9920861292247374,0.9953324794769287
2966.794175185395,0.9851377372484169,0.9953382611274719
2966.79649001091,1.0044151620004558,0.9953542947769165
2966.798804836329,1.0061094593502142,0.9953588247299194
2966.8011196617476,0.9964978277597631,0.9953588247299194
2966.8034344871667,1.00826941757427,0.995388388633728
2966.805749312587,0.9769087690988288,0.995388388633728
2966.808064138006,1.0144590318051034,0.9954065084457397
2966.810378963426,0.9955790370477797,0.995423436164856
2966.812693788845,0.9902617500838601,0.995423436164856
2966.8150086142637,1.010975523151075,0.995423436164856
2966.8173234396836,0.9910340054635706,0.995423436164856
2966.8196382651026,1.0064665287437538,0.9954065084457397
2966.8219530905235,1.013799397011404,0.9954065084457397
2966.824267915943,1.0009761422966612,0.995423436164856
2966.826582741363,1.0130312781092994,0.995423436164856
2966.8288975667815,0.9991929710037799,0.9954430460929871
2966.8312123922005,1.0038380949062073,0.9954568147659302
2966.8335272176205,1.0142995081610113,0.9954568147659302
2966.8358420430395,1.003780465475425,0.9954642057418823
2966.83815686838,0.9942970883745627,0.9954642057418823
2966.840471693624,1.0109063239770038,0.9954652786254883
2966.8427865188683,1.0045431321829565,0.995472252368927
2966.8451013441127,1.0056917286385638,0.995472252368927
2966.847416169358,1.0024237702404724,0.995472252368927
2966.8497309946033,1.0015571286777105,0.995472252368927
2966.8520458198486,0.9991322938182939,0.9954873323440552
2966.854360645091,1.0012052988363966,0.9955216646194458
2966.8566754703374,0.9996890806786842,0.9955216646194458
2966.858990295582,1.0032168373366277,0.9955238699913025
2966.861305120827,0.9983013532594277,0.9955238699913025
2966.8636199460716,0.9923438191982938,0.9955437779426575
2966.865934771317,1.009724875847458,0.9955788254737854
2966.868249596561,0.9996792204158065,0.9955798387527466
2966.870564421805,1.0008349928019513,0.9955846071243286
2966.87287924705,0.9968016036344961,0.9955798387527466
2966.8751940722946,0.9970230002194808,0.9955798387527466
2966.877508897539,0.9850305972446615,0.9955846071243286
2966.8798237227043,1.0173915823481792,0.9955846071243286
2966.882138547776,1.0112257288455802,0.9955798387527466
2966.8844533728434,1.00383588442308,0.9955798387527466
2966.886768197915,1.0003975300928485,0.9955846071243286
2966.8890830229834,1.0072256579466492,0.9955915212631226
2966.891397848055,1.0004137479257975,0.9956006407737732
2966.893712673124,0.9919367946910471,0.9956006407737732
2966.8960274981946,1.0044611149398919,0.9956297874450684
2966.8983423232644,0.9962749515712573,0.9956006407737732
2966.9006571483346,0.9970745489228635,0.9956006407737732
2966.9029719734044,1.000604008511557,0.9956006407737732
2966.905286798474,1.0100571746854745,0.9956297874450684
2966.907601623544,0.9961368830834678,0.9956590533256531
2966.909916448614,1.0000441800109157,0.9956590533256531
2966.912231273683,0.9997682148442469,0.9957030415534973
2966.914546098754,1.0065678646523148,0.9957030415534973
2966.9168609238254,1.0008878712371203,0.9957030415534973
2966.9191757488934,0.9955670464912988,0.9957159161567688
2966.9214905738845,0.9927593217043579,0.9957159161567688
2966.9238053987783,1.0035836442967552,0.9957159161567688
2966.9261202236753,0.9996278387620565,0.9957030415534973
2966.928435048571,1.0048292104343608,0.9956590533256531
2966.9307498734656,1.0000293943400989,0.9956297874450684
2966.9330646983603,1.0058878544899612,0.9956590533256531
2966.935379523256,1.0047941298294873,0.9956590533256531
2966.937694348151,1.0059120397533894,0.9956590533256531
2966.9400091730467,0.9952400835073069,0.9957030415534973
2966.9423239979415,1.0014008693387342,0.9957159161567688
2966.9446388228366,1.0024259367095518,0.9957380294799805
2966.946953647733,0.9974503800966361,0.9958031177520752
2966.949268472627,1.0013157513549569,0.9958031177520752
2966.9515832975235,1.0194874357235677,0.9958344101905823
2966.9538981224173,1.001194543253156,0.9958031177520752
2966.9562129473143,1.0033189027402285,0.9958344101905823
2966.9585277722067,1.0039797502054488,0.995834469795227
2966.9608425971037,1.000721168291435,0.9958512783050537
2966.963157421919,1.00021936109122,0.9958512783050537
2966.96547224664,1.000427146810724,0.99590665102005
2966.96778707136,1.0081480867470225,0.9959092736244202
2966.9701018960814,0.9979098127126358,0.9959357380867004
2966.972416720801,1.0135459929811257,0.9959648251533508
2966.974731545521,1.0028027740119598,0.9959648251533508
2966.977046370243,0.9899049146662947,0.9959648251533508
2966.979361194962,1.0127000080253665,0.9959648251533508
2966.9816760196845,1.001637916841248,0.9959357380867004
2966.9839908444037,0.9996426482951224,0.9959357380867004
2966.9863056691256,1.0096771210727897,0.9959092736244202
2966.9886204938443,1.009322692496103,0.9959092736244202
2966.9909353185653,0.9991840122906877,0.9959092736244202
2966.993250143286,0.9996635352060255,0.9959357380867004
2966.995564968007,1.002885960138764,0.9959648251533508
2966.997879792728,1.003391367617212,0.9959803819656372
2967.0001946174475,0.9921688965586497,0.9959803819656372
2967.002509442168,1.0044882449274752,0.9960125684738159
2967.0048242668095,1.0115783937247511,0.996014416217804
2967.007139091356,1.0005586956921126,0.996014416217804
2967.0094539159013,1.0044490393348458,0.996014416217804
2967.0117687404477,1.0037306222628863,0.996014416217804
2967.014083564992,0.9948281151997483,0.996014416217804
2967.016398389539,1.0011664029279101,0.996014416217804
2967.0187132140836,0.9908798711193645,0.9960697293281555
2967.021028038631,0.9909444349639038,0.9961483478546143
2967.0233428631755,1.0049852219248285,0.9961483478546143
2967.0256576877227,1.002125049121979,0.9962019920349121
2967.027972512266,1.0011187819247584,0.9962149262428284
2967.030287336813,1.0053991268038247,0.9962319731712341
2967.0326021613596,0.9977986374933784,0.9962435960769653
2967.034916985905,1.0090118570832076,0.9962506890296936
2967.0372318104523,0.9995821545282777,0.9962506890296936
2967.039546634997,0.999039326354604,0.9962506890296936
2967.0418614595446,0.9988511218986409,0.9962658286094666
2967.044176284088,1.001579664087899,0.9962506890296936
2967.0464911085555,1.0047099153880867,0.9962506890296936
2967.0488059329255,0.9934956943788237,0.9962506890296936
2967.051120757298,1.0080867794163453,0.9962435960769653
2967.053435581667,1.0060323578869552,0.9962435960769653
2967.05575040604,0.9908712371247326,0.9962506890296936
2967.0580652304097,1.010982024807122,0.9962506890296936
2967.0603800547824,1.005297914428191,0.9962506890296936
2967.0626948791523,0.991739780037377,0.9962658286094666
2967.0650097035236,0.9993051606509378,0.9962710738182068
2967.0673245278954,1.018798294071879,0.9962710738182068
2967.069639352266,0.9867589250271692,0.9962710738182068
2967.071954176639,0.9986591407360786,0.9962710738182068
2967.074269001009,0.991512657604958,0.9962710738182068
2967.0765838253815,1.0102580041287121,0.9962710738182068
2967.078898649751,1.0072678137837723,0.9962710738182068
2967.0812134741227,0.9960341159830235,0.9963254332542419
2967.083528298492,1.0036058363890474,0.996332049369812
2967.085843122865,0.9982262161307486,0.996332049369812
2967.088157947155,1.00756251888865,0.9963743686676025
2967.0904727713532,1.0049076566143056,0.9963951110839844
2967.092787595548,0.9983301895026143,0.99640291929245
2967.095102419746,1.008572965920793,0.996415913105011
2967.0974172439414,0.9942869284273987,0.9964273571968079
2967.0997320681395,0.9912055653561282,0.9964273571968079
2967.102046892336,1.0015581079516145,0.9964532852172852
2967.104361716531,0.9937316781148042,0.9964532852172852
2967.1066765407295,1.0027150132714975,0.9964574575424194
2967.1089913649243,1.0059933787867315,0.9964574575424194
2967.1113061891224,1.0040543655850998,0.9964574575424194
2967.1136210133177,0.9936319436921699,0.9964595437049866
2967.1159358375153,1.003034666547672,0.9964595437049866
2967.118250661709,1.0014217604659312,0.9964708089828491
2967.1205654859073,0.987813917521025,0.9964708089828491
2967.1228803101026,0.9982155168505144,0.9964708089828491
2967.1251951343006,1.0052561292297657,0.9964708089828491
2967.127509958496,0.9986699394593959,0.9964725971221924
2967.129824782614,0.9865571288824756,0.9964708089828491
2967.132139606635,1.0102876916881864,0.9964725971221924
2967.1344544306567,0.9899512088280938,0.9965671896934509
2967.13676925468,0.986997398391139,0.996569037437439
2967.1390840787003,0.9986482381431059,0.9965694546699524
2967.1413989027237,1.0062297315717106,0.9965694546699524
2967.143713726744,1.0018479441658537,0.9965694546699524
2967.146028550768,0.9908700301997749,0.9965694546699524
2967.148343374788,0.9999981458980836,0.996570885181427
2967.15065819881,0.9954791749763471,0.9965870976448059
2967.1529730228317,0.9992815429440914,0.9966226816177368
2967.155287846854,0.9920350469178874,0.9966568946838379
2967.1576026708744,0.9976110463361084,0.9966568946838379
2967.1599174948974,0.9923084453705201,0.996676504611969
2967.162232318919,0.9954501572440727,0.996676504611969
2967.1645471429415,0.9952437602048533,0.9966983199119568
2967.166861966963,0.9997350231096805,0.9967215657234192
2967.1691767909856,1.0068560798508155,0.9967317581176758
2967.171491614928,1.0059527913655013,0.9967331290245056
2967.1738064387737,0.994675228273059,0.9967331290245056
2967.1761212626225,0.977924416659466,0.9967604279518127
2967.1784360864685,0.9903297670584555,0.9967604279518127
2967.180750910317,1.0060079671297446,0.9967661499977112
2967.1830657341625,0.9984344890786477,0.996766984462738
2967.1853805580117,0.997112896204663,0.9968090057373047
2967.1876953818564,1.0021686030902655,0.9968358278274536
2967.1900102057048,0.9867884906419646,0.9968358278274536
2967.192325029551,0.9925378809755874,0.9969280958175659
2967.1946398533996,0.9946304743494527,0.9969285726547241
2967.1969546772475,0.9970116328337993,0.9969586730003357
2967.1992695010936,1.0009932327091087,0.9969586730003357
2967.2015843249405,0.985476848853394,0.9969586730003357
2967.2038991487884,1.0078578871306885,0.9969926476478577
2967.2062139726354,0.9971913958031697,0.9969958066940308
2967.208528796482,0.9887226581224613,0.9969958066940308
2967.2108436203307,1.0013148245163925,0.9970037341117859
2967.2131584440967,1.0072353022200073,0.9970159530639648
2967.215473267771,0.9973038451547798,0.9970161318778992
2967.217788091442,1.001363770467841,0.9970161318778992
2967.220102915116,1.004461998226966,0.9970223307609558
2967.2224177387875,0.9963825886709365,0.9970161318778992
2967.2247325624603,0.9954375071253455,0.9970223307609558
2967.227047386133,0.9876048855887328,0.9970161318778992
2967.2293622098055,0.9938004998459092,0.9970161318778992
2967.2316770334787,0.9827983300208553,0.9970161318778992
2967.233991857151,0.9996595355862133,0.9970159530639648
2967.2363066808225,0.9946779344146571,0.9970159530639648
2967.2386215044958,0.9947698807304435,0.9970159530639648
2967.240936328168,0.9914016444640427,0.9970159530639648
2967.243251151841,1.0005044492929818,0.9970159530639648
2967.245565975514,0.9906584267888217,0.9970037341117859
2967.2478807991856,1.001661450831404,0.9970037341117859
2967.25019562286,1.003341733551257,0.9970037341117859
2967.2525104465303,0.9877388571587082,0.9970159530639648
2967.254825270125,0.9930798154258749,0.9970161318778992
2967.2571400936226,1.004064290203138,0.9970159530639648
2967.2594549171213,1.0042164978234192,0.9970159530639648
2967.261769740619,0.9870682133333493,0.9970161318778992
2967.264084564116,0.9910489261323877,0.9970161318778992
2967.2663993876145,1.0025102140165343,0.9970223307609558
2967.268714211112,0.9996284805440073,0.9971022009849548
2967.271029034611,0.9927571964014271,0.9971107840538025
2967.2733438581085,1.001613689683678,0.9971107840538025
2967.2756586816054,0.9847986785378914,0.9971107840538025
2967.277973505103,1.0048191905393011,0.9971107840538025
2967.2802883286026,0.9945700781873831,0.9971133470535278
2967.2826031521004,0.9903829923059635,0.9971761703491211
2967.2849179755985,1.0027503550542025,0.9971761703491211
2967.287232799097,0.992788525622381,0.9971777200698853
2967.289547622595,0.9961583075441249,0.9971777200698853
2967.291862446092,1.0002631709656737,0.9972196221351624
2967.2941772695895,0.9887949491047926,0.9971777200698853
2967.2964920930085,0.9983614333790839,0.9971777200698853
2967.2988069163325,0.987201611013614,0.9971761703491211
2967.3011217396556,0.9909647956522368,0.9971133470535278
2967.3034365629783,0.9980914335325947,0.9971133470535278
2967.3057513863014,0.9892551871386696,0.9971761703491211
2967.3080662096254,1.0040562252836847,0.9971761703491211
2967.310381032948,0.996613003355795,0.9971777200698853
2967.312695856272,0.9940416139615225,0.9971777200698853
2967.315010679596,1.0013836333178041,0.9971777200698853
2967.31732550292,1.0016672578250179,0.9971777200698853
2967.3196403262427,0.9977561432608777,0.9972196221351624
2967.321955149566,0.9873954675420782,0.9972196221351624
2967.3242699728894,0.9921276117812301,0.9971777200698853
2967.3265847962125,1.0019094389437682,0.9972196221351624
2967.3288996195365,0.9941778374076636,0.9971777200698853
2967.331214442859,0.9935444193037769,0.9971777200698853
2967.3335292661823,1.00236798071186,0.9971777200698853
2967.3358440895063,1.0013616392843543,0.9972196221351624
2967.33815891275,1.0105829460255527,0.9972381591796875
2967.3404737358987,0.9896364088440058,0.9972381591796875
2967.3427885590468,0.9889167814245275,0.9972381591796875
2967.3451033821952,0.9974304997704843,0.9972381591796875
2967.3474182053437,1.0164773161961593,0.9972381591796875
2967.349733028493,0.9833040496897321,0.9972562193870544
2967.3520478516434,0.9934604146042751,0.9972562193870544
2967.354362674792,0.9869003883347639,0.9972562193870544
2967.3566774979413,0.9951956774365567,0.9972562193870544
2967.3589923210893,0.9775096109708515,0.9972381591796875
2967.361307144238,1.0115226455512203,0.9972381591796875
2967.363621967387,0.992524736595135,0.9972562193870544
2967.3659367905357,1.0013227994697087,0.9972562193870544
2967.3682516136846,0.995941277446255,0.9972381591796875
2967.3705664368326,1.0032256522071763,0.9972381591796875
2967.372881259981,0.9901645340830847,0.9972381591796875
2967.3751960831305,0.9968888033798925,0.9972562193870544
2967.377510906279,0.9905833915031591,0.9972562193870544
2967.379825729348,1.001127990393734,0.9973294734954834
2967.3821405523236,1.0008633543089902,0.9973294734954834
2967.384455375296,1.0121939339899635,0.9973591566085815
2967.3867701982717,1.0012383749575375,0.9973294734954834
2967.3890850212456,1.0054275078273893,0.9973591566085815
2967.3913998442204,1.0028024650600285,0.9973294734954834
2967.393714667194,1.0005580021645966,0.9973591566085815
2967.3960294901676,1.0013107104502446,0.9973591566085815
2967.3983443131424,0.9945308917127794,0.9973798990249634
2967.4006591361162,0.9952299348523944,0.9974332451820374
2967.402973959091,0.9936747919061096,0.9974332451820374
2967.405288782065,1.0044839437048292,0.9974332451820374
2967.4076036050387,0.9855902476808954,0.9974332451820374
2967.4099184280135,1.0049366081998823,0.9974820613861084
2967.4122332509883,1.0122869640893335,0.9974820613861084
2967.414548073962,0.9986351715823136,0.997509777545929
2967.416862896937,0.9868547855101006,0.9975147247314453
2967.41917771991,0.9882359689739053,0.9975188970565796
2967.421492542806,1.0043229149986448,0.9975666999816895
2967.4238073656047,0.9969438463965691,0.9975669980049133
2967.426122188405,0.9954131704691278,0.9975669980049133
2967.428437011204,0.9986287589109012,0.9975828528404236
2967.4307518340042,1.0029035059139328,0.9975828528404236
2967.433066656804,0.9881334979981514,0.9976047277450562
2967.4353814796027,1.0049546424903344,0.9976047277450562
2967.437696302403,1.0065930804112757,0.997608482837677
2967.440011125202,0.9998676636364527,0.9976418018341064
2967.442325948003,1.0014799992782824,0.9976533651351929
2967.4446407708015,1.0063423931609838,0.9976533651351929
2967.4469555936025,0.9930889964147642,0.9976679086685181
2967.4492704164,1.0117524082847937,0.9976533651351929
2967.451585239201,1.0042830380270782,0.9976418018341064
2967.4539000619993,1.003676205897882,0.997608482837677
2967.4562148848004,0.9978293721615815,0.997608482837677
2967.4585297075987,0.9925509166974217,0.997608482837677
2967.4608445303998,0.9970507423242495,0.997608482837677
2967.4631593531194,0.9879856222997748,0.9976047277450562
2967.465474175744,1.0016436010451077,0.9976047277450562
2967.4677889983695,0.9930202670366248,0.9976047277450562
2967.4701038209946,0.9928704464986841,0.997608482837677
2967.47241864362,1.0013211971756386,0.997608482837677
2967.4747334662443,1.0010472795108896,0.9976418018341064
2967.4770482888716,0.9911095489825871,0.9976533651351929
2967.479363111495,1.0008309191789506,0.9976679086685181
2967.4816779341204,0.9950550510840843,0.9976679086685181
2967.483992756745,0.9990969698454244,0.9976679086685181
2967.486307579371,0.9927266029332568,0.9976533651351929
2967.4886224019942,1.0032917400839736,0.9976418018341064
2967.4909372246207,0.9939817226183106,0.9976533651351929
2967.493252047245,1.0053745266864087,0.9976533651351929
2967.4955668698713,1.007334481562886,0.9976418018341064
2967.497881692496,0.986981865795752,0.9976418018341064
2967.5001965151214,1.0034809735972001,0.9976533651351929
2967.502511337746,0.9835606086948105,0.9976533651351929
2967.504826160291,0.9878173674535147,0.9976679086685181
2967.5071409827433,0.9822554425265966,0.9976679086685181
2967.5094558051924,0.9902784325917082,0.9977385997772217
2967.5117706276446,0.9904128470072421,0.9977385997772217
2967.5140854500933,0.9890069319604982,0.9977385997772217
2967.5164002725455,1.0067234365651792,0.9977522492408752
2967.5187150949937,0.9999008931267681,0.9977522492408752
2967.5210299174455,0.9957346452306105,0.9977532625198364
2967.523344739895,0.9843512257996375,0.9977532625198364
2967.525659562347,0.9986981096513905,0.9977522492408752
2967.527974384796,0.9923206211892167,0.9977522492408752
2967.5302892072477,0.9948824548923143,0.9977385997772217
2967.5326040296973,0.9929203999759849,0.9977522492408752
2967.534918852149,0.9944881938683793,0.9977532625198364
2967.5372336746004,0.9945036662337192,0.9977532625198364
2967.539548497049,0.9956095475941493,0.9977522492408752
2967.5418633195013,1.0004640583021631,0.9977385997772217
2967.5441781419504,1.0008778754827867,0.9977385997772217
2967.546492964323,1.0005292940985022,0.9977385997772217
2967.5488077865975,0.9917006506464797,0.9977522492408752
2967.551122608875,0.9992046359793794,0.9977522492408752
2967.553437431149,0.9871974749684514,0.9977385997772217
2967.555752253426,1.0147719650479508,0.9977385997772217
2967.558067075701,0.9968359876830288,0.9977522492408752
2967.560381897978,0.9975223904242905,0.9977532625198364
2967.562696720253,1.0001160129884366,0.9977522492408752
2967.56501154253,0.9957050701320022,0.9977522492408752
2967.5673263648055,0.996524751423607,0.9977532625198364
2967.569641187082,0.985587342338688,0.9977532625198364
2967.5719560093585,1.0013256512349058,0.9977636933326721
2967.5742708316343,0.9903694980059765,0.9977532625198364
2967.576585653911,0.9875219727226103,0.9977522492408752
2967.5789004761855,1.003545501478477,0.9977532625198364
2967.581215298463,1.0094248808299304,0.9977532625198364
2967.583530120737,0.9895412682798261,0.9977636933326721
2967.5858449430148,1.0060090096015477,0.9977636933326721
2967.58815976521,0.9937545464532602,0.9977636933326721
2967.590474587313,0.9925827211806761,0.9977636933326721
2967.5927894094116,0.9945621505799269,0.9977532625198364
2967.5951042315146,1.0030309389709982,0.9977636933326721
2967.5974190536167,1.0040909342624302,0.9977636933326721
2967.599733875718,1.0033778954445574,0.9977999329566956
2967.60204869782,1.0059711902406085,0.9978244304656982
2967.6043635199208,0.995977997554806,0.9978659152984619
2967.6066783420215,0.9998724121955782,0.9978659152984619
2967.6089931641227,1.000951829313201,0.997868001461029
2967.6113079862257,1.001532039723725,0.9978850483894348
2967.613622808327,0.9967539881523912,0.9978875517845154
2967.6159376304286,0.9985122246595717,0.9978875517845154
2967.618252452529,1.0037742971611687,0.9978964924812317
2967.620567274632,1.0027796933120892,0.9978875517845154
2967.6228820967317,1.001369090195036,0.9978875517845154
2967.625196918834,0.9914079772785985,0.9978964924812317
2967.6275117409346,1.0108415848237284,0.9978964924812317
2967.629826562958,1.0022035100503677,0.9978964924812317
2967.6321413848846,0.9861604598235828,0.9979156851768494
2967.6344562068107,0.9943792569034434,0.9979488849639893
2967.6367710287373,0.9961766652173706,0.9980058670043945
2967.6390858506647,0.9996018218130217,0.9980058670043945
2967.6414006725913,1.0076474645465598,0.9979488849639893
2967.643715494519,0.9889326184550689,0.9979488849639893
2967.646030316447,0.9982983137113711,0.9979488849639893
2967.6483451383715,0.9919608857269813,0.9980058670043945
2967.6506599603,1.0073075581589799,0.9980058670043945
2967.6529747822256,0.994605622809656,0.9979488849639893
2967.655289604154,0.9941042133683223,0.9979488849639893
2967.6576044260796,1.008923117059723,0.9979488849639893
2967.659919248008,1.0073405320086366,0.9979156851768494
2967.662234069934,1.0043702859736858,0.9978964924812317
2967.6645488918607,1.0025102365291827,0.9979156851768494
2967.666863713788,1.0005086034013413,0.9978964924812317
2967.6691785357148,1.002112839473358,0.9978964924812317
2967.6714933575627,0.9933604409289851,0.9978964924812317
2967.673808179314,1.0156980156105107,0.9978964924812317
2967.676123001066,1.000113306176883,0.9979156851768494
2967.678437822819,1.0071815927606869,0.9979488849639893
2967.680752644571,0.9872087136658829,0.9979488849639893
2967.683067466324,1.010676574437283,0.9980058670043945
2967.685382288077,0.999151575805343,0.9979488849639893
2967.6876971098277,1.0025363478692957,0.9980058670043945
2967.6900119315815,0.9918747779643123,0.9979488849639893
2967.6923267533334,1.0027752428367345,0.9980058670043945
2967.6946415750863,0.9908084691190316,0.9979488849639893
2967.6969563968382,0.9921438792720393,0.9980058670043945
2967.699271218591,0.9883306975255259,0.9980058670043945
2967.701586040343,1.0091288933907319,0.9980058670043945
2967.703900862095,1.001331540824761,0.9980058670043945
2967.706215683848,0.9912668361228303,0.9980058670043945
2967.7085305056,0.9847549686624769,0.9980287551879883
2967.7108453273518,0.9996122823597312,0.9980287551879883
2967.7131601490246,0.9991701983306019,0.9980058670043945
2967.7154749706024,1.0032145153225231,0.9979488849639893
2967.7177897921806,1.002724394312924,0.9979488849639893
2967.720104613759,1.0017980261848614,0.9979488849639893
2967.7224194353375,1.009253895250739,0.9979156851768494
2967.724734256915,0.9952007039437418,0.9979156851768494
2967.7270490784917,0.9906068761260063,0.9979156851768494
2967.72936390007,1.0107949951991781,0.9978964924812317
2967.7316787216478,1.0091870558493123,0.9978964924812317
2967.733993543226,1.0026795604448115,0.9978964924812317
2967.7363083648033,0.9957630074804257,0.9978907108306885
2967.7386231863807,0.99678499862739,0.9978907108306885
2967.740938007959,0.9947074906931911,0.9978875517845154
2967.7432528295362,1.0040587793390325,0.9978850483894348
2967.7455676511145,0.9980636082412709,0.997868001461029
2967.7478824726923,0.989272850787629,0.997868001461029
2967.7501972942696,0.9953778381246434,0.9978850483894348
2967.7525121158474,0.9934152740674151,0.9978875517845154
2967.7548269373456,1.002881405781973,0.9978907108306885
2967.75714175875,1.0138130674858206,0.9978907108306885
2967.7594565801533,0.990986499340721,0.9978875517845154
2967.761771401557,1.0103601589981692,0.9978907108306885
2967.76408622296,0.996831170407437,0.9978907108306885
2967.7664010443623,0.9811651885909177,0.9978964924812317
2967.768715865766,1.004250228095037,0.9978964924812317
2967.771030687169,1.0096157998557513,0.9978964924812317
2967.7733455085727,1.0063185685039207,0.9978964924812317
2967.775660329976,1.003460235307469,0.9978964924812317
2967.777975151378,1.0034349096654058,0.9978964924812317
2967.7802899727812,1.0036387094076697,0.9978964924812317
2967.782604794185,1.005546614263294,0.9978964924812317
2967.784919615589,1.0208626118107085,0.9979156851768494
2967.7872344369925,1.0094560186574717,0.9979156851768494
2967.7895492583943,0.9980947599208159,0.9979156851768494
2967.7918640797993,0.9974693605682776,0.9979488849639893
2967.7941789012007,1.0021580614573282,0.9979488849639893
2967.796493722525,1.0033499765033385,0.9979488849639893
2967.7988085437546,1.016744287669391,0.9979156851768494
2967.8011233649836,1.0005084741612043,0.9979156851768494
2967.803438186212,1.0035824345790585,0.9979488849639893
2967.8057530074398,1.0042160202078456,0.9979488849639893
2967.8080678286683,1.000910860169496,0.9979912042617798
2967.8103826498973,1.0075993244620196,0.9979488849639893
2967.812697471126,1.0044669937006967,0.9979488849639893
2967.8150122923553,1.0001018945213718,0.9979488849639893
2967.8173271135843,1.0052749789200937,0.9979156851768494
2967.8196419348114,0.9970474691957417,0.9979156851768494
2967.8219567560413,0.9962126947476047,0.9979156851768494
2967.824271577269,1.0047992689012764,0.9978964924812317
2967.826586398499,0.999598202081238,0.9979156851768494
2967.8289012197265,0.9975359938244849,0.9979156851768494
2967.831216040957,0.9998476906952812,0.9979156851768494
2967.8335308621827,1.0097380596523273,0.9979156851768494
2967.835845683413,0.9995165523480809,0.9979156851768494
2967.8381605045624,0.9905178765285354,0.9978964924812317
2967.8404753256164,1.0117995511594113,0.9979156851768494
2967.842790146671,1.0073375455516813,0.9979156851768494
2967.845104967724,0.9839640304206356,0.9978964924812317
2967.8474197887804,0.9847544724506786,0.9978907108306885
2967.849734609833,0.9965434679703797,0.9978964924812317
2967.8520494308877,1.005763315747741,0.9978964924812317
2967.854364251941,1.0029123330936403,0.9979156851768494
2967.856679072996,1.0056519892461269,0.9979156851768494
2967.8589938940486,1.0076805533887871,0.9979488849639893
2967.861308715104,1.0016180623783653,0.9979156851768494
2967.863623536157,1.0023598385569152,0.9979156851768494
2967.8659383572126,1.0060773801748355,0.9979156851768494
2967.868253178265,1.0103208561739465,0.9978964924812317
2967.870567999321,1.0073110469674187,0.9978964924812317
2967.8728828203743,0.9871784158631699,0.9978964924812317
2967.875197641428,1.0018979298975477,0.9978964924812317
2967.8775124624826,1.0013480269404698,0.9979156851768494
2967.879827283457,1.002180053848208,0.9979156851768494
2967.882142104338,0.9927028701896586,0.9978964924812317
2967.8844569252155,0.9914428699183865,0.9978907108306885
2967.8867717460957,1.014208962127672,0.9978907108306885
2967.889086566974,1.0008991200235338,0.9978964924812317
2967.8914013878552,1.0049247907695624,0.9978907108306885
2967.893716208733,0.9934900556536957,0.9978964924812317
2967.8960310296143,1.015201722922855,0.9979156851768494
2967.898345850492,0.9928673253954502,0.9979156851768494
2967.9006606713733,0.996903445802746,0.9979488849639893
2967.9029754922512,1.004735445617927,0.9979912042617798
2967.9052903131324,1.0179817689404984,0.9979912042617798
2967.9076051340107,1.0037563600457844,0.9979488849639893
2967.9099199548905,0.9965470538865533,0.9979488849639893
2967.9122347757716,1.0022197252022484,0.9979912042617798
2967.9145495966495,0.99772013210608,0.9979912042617798
2967.9168644175306,1.0031872640354946,0.9979912042617798
2967.919179238409,1.0039177580185097,0.9980058670043945
2967.9214940592105,0.9960263405591098,0.9980058670043945
2967.9238088799134,0.9929026530111065,0.9980287551879883
2967.926123700619,0.9952511861135134,0.9980058670043945
2967.9284385213227,0.9934469318719332,0.9980058670043945
2967.930753342029,0.9902595952163672,0.9980058670043945
2967.933068162733,1.0149222319158269,0.9980287551879883
2967.935382983439,1.0081700205158293,0.9980287551879883
2967.9376978041423,1.0111388196374804,0.9980287551879883
2967.940012624849,1.0020988830483064,0.9980287551879883
2967.9423274455535,1.0032412602340852,0.9980447888374329
2967.944642266259,1.01258646690093,0.9980447888374329
2967.9469570869633,0.9996384407587512,0.9980287551879883
2967.9492719076675,1.016987073211984,0.9980287551879883
2967.9515867283744,1.0150037508033276,0.9980447888374329
2967.9539015490777,0.994973585989227,0.9980287551879883
2967.9562163697833,1.0033010944005258,0.9980287551879883
2967.9585311904875,1.0039059327176214,0.9980058670043945
2967.960846011194,1.0087728204417645,0.9980058670043945
2967.963160831817,1.0056776864795238,0.9980287551879883
2967.9654756523487,0.9997546644364302,0.9980447888374329
2967.967790472878,1.0124516159509445,0.9980447888374329
2967.9701052934092,1.0078853836899635,0.9980287551879883
2967.9724201139393,0.9991892687974973,0.9980287551879883
2967.9747349344702,1.0180442146805735,0.9980058670043945
2967.977049755,1.001577924442862,0.9979912042617798
2967.97936457553,1.0044976221837303,0.9979912042617798
2967.9816793960604,0.9962278122589263,0.9979488849639893
2967.9839942165904,1.0049629970104241,0.9979910850524902
2967.9863090371214,0.9936408203965811,0.9979910850524902
2967.988623857651,0.9968723407610064,0.9979910850524902
2967.9909386781833,1.013693423458591,0.9979910850524902
2967.9932534987115,0.9982765264539483,0.9979910850524902
2967.9955683192425,1.0086733286692386,0.9979912042617798
2967.9978831397725,1.0097612723350666,0.9979912042617798
2968.0001979603035,1.0047138258687902,0.9979910850524902
2968.0025127808344,1.0038800700832657,0.9979910850524902
2968.0048276012844,1.018842721923998,0.9979488849639893
2968.0071424216394,1.0047341912946333,0.9979156851768494
2968.0094572419957,1.0006902069689163,0.9979488849639893
2968.011772062351,1.004080635054542,0.9979156851768494
2968.0140868827075,1.0015221666564627,0.9978964924812317
2968.016401703062,1.0002205797107162,0.9979156851768494
2968.0187165234174,1.0021217582084412,0.9979156851768494
2968.021031343773,1.017656709998365,0.9979156851768494
2968.023346164129,1.0012297035159021,0.9979156851768494
2968.025660984484,1.0052761735028757,0.9979156851768494
2968.02797580484,1.0055560642487236,0.9979156851768494
2968.0302906251977,1.0099416165583985,0.9979156851768494
2968.032605445551,1.000288437560197,0.9978964924812317
2968.0349202659077,1.00050542797511,0.9979156851768494
2968.037235086264,1.0105907176146112,0.9978964924812317
2968.0395499066194,0.9973819020214223,0.9978964924812317
2968.0418647269744,1.0178945514302828,0.9979156851768494
2968.0441795473303,0.994231730837917,0.9979488849639893
2968.046494367606,0.9989353488085415,0.9979910850524902
2968.048809187788,1.0008528676659951,0.9979910850524902
2968.0511240079686,0.9970626831455671,0.9979910850524902
2968.053438828149,1.0042110031270748,0.9979488849639893
2968.05575364833,0.9989771127942488,0.9979488849639893
2968.058068468511,0.9951715028483868,0.9979910850524902
2968.0603832886914,1.00656660323115,0.9979910850524902
2968.062698108873,1.0236684368998168,0.9979488849639893
2968.065012929054,1.0195508564750335,0.9979910850524902
2968.067327749236,0.99503168749782,0.9979910850524902
2968.0696425694164,0.9874269566794188,0.9979488849639893
2968.0719573895976,1.0006160258460888,0.9979488849639893
2968.0742722097784,1.0069285344675598,0.9979910850524902
2968.07658702996,1.0098832300077512,0.9979912042617798
2968.0789018501405,1.004318926638569,0.9979910850524902
2968.081216670321,1.0023776373797804,0.9979910850524902
2968.0835314905025,1.011787370321427,0.9979912042617798
2968.085846310683,0.9979193134630298,0.9979910850524902
2968.088161130785,1.0100963286555413,0.9979910850524902
2968.090475950791,0.9988148341221698,0.9979488849639893
2968.092790770797,1.0027897358172502,0.9979488849639893
2968.0951055908026,1.008844157764733,0.9979488849639893
2968.09742041081,1.0095832417237662,0.9979156851768494
2968.0997352308154,0.9901569365211252,0.9979156851768494
2968.102050050823,1.0216327593303336,0.9979156851768494
2968.1043648708282,0.9899349830402095,0.9979156851768494
2968.106679690836,1.008084667299456,0.9979488849639893
2968.1089945108415,0.9899026471312691,0.9979488849639893
2968.1113093308472,1.004582120906471,0.9979156851768494
2968.1136241508543,1.00267000359875,0.9978964924812317
2968.115938970861,1.0020633230647014,0.9978964924812317
2968.118253790867,1.0062354003397955,0.9978907108306885
2968.1205686108724,1.0048079895233075,0.9978964924812317
2968.1228834308786,1.008524169114364,0.9978964924812317
2968.125198250885,1.0036062662317669,0.9979156851768494
2968.1275130708923,0.9989102208975371,0.9978964924812317
2968.1298278908184,0.9960343867267354,0.9978964924812317
2968.1321427106514,1.0039964169684032,0.9979156851768494
2968.1344575304806,1.0054441170892834,0.9978964924812317
2968.1367723503135,1.0070276707780026,0.9979156851768494
2968.1390871701437,0.9990861441716874,0.9979156851768494
2968.141401989977,0.9941939095749812,0.9979156851768494
2968.1437168098073,0.9985508516270247,0.9979156851768494
2968.14603162964,0.9996856992251488,0.9978964924812317
2968.148346449471,1.0056181711481804,0.9978964924812317
2968.1506612693024,1.010365693446047,0.9979156851768494
2968.1529760891344,1.007803791211538,0.9979156851768494
2968.1552909089655,1.0093845690363454,0.9979488849639893
2968.157605728798,1.0120186558953925,0.9979488849639893
2968.1599205486286,1.0030911077675937,0.9979910850524902
2968.162235368462,0.9922133430294262,0.9979912042617798
2968.164550188291,1.0038208227974128,0.9979912042617798
2968.166865008124,1.0012667115141867,0.9980287551879883
2968.1691798279553,1.0126889488452058,0.9980447888374329
2968.1714946477077,1.0129167546576283,0.9980287551879883
2968.173809467363,1.008485115751513,0.9980287551879883
2968.176124287021,1.0148834123739021,0.9980287551879883
2968.1784391066767,1.0077805112043947,0.9980287551879883
2968.180753926335,1.0135393817627407,0.9980447888374329
2968.1830687459906,0.999575135044228,0.9980287551879883
2968.185383565649,1.0075263327883468,0.9980287551879883
2968.187698385305,0.999329078870798,0.9980287551879883
2968.1900132049614,0.9981547481609894,0.9979912042617798
2968.1923280246197,1.0156987421990638,0.9980287551879883
2968.194642844275,1.01024286460986,0.9980287551879883
2968.1969576639335,1.0080391590914535,0.9980447888374329
2968.199272483589,0.995495990214766,0.9980447888374329
2968.2015873032474,0.9903688897724965,0.9980491995811462
2968.2039021229016,1.002524648377289,0.9980505704879761
2968.20621694256,1.0051888720150102,0.9980491995811462
2968.2085317622154,0.997689153041803,0.9980505704879761
2968.2108465818737,1.0166025760084947,0.9980505704879761
2968.2131614014493,1.0015809979726462,0.9980491995811462
2968.215476220933,1.0084080808208695,0.9980491995811462
2968.2177910404134,0.9998469944167295,0.9980491995811462
2968.220105859897,1.0057838396604288,0.9980447888374329
2968.2224206793785,0.9974997033338822,0.9980447888374329
2968.2247354988604,0.9999955806349875,0.9980491995811462
2968.227050318344,0.9983349146498188,0.9980491995811462
2968.229365137824,0.9823816638873439,0.9980491995811462
2968.2316799573077,1.0054177234572788,0.9980491995811462
2968.233994776788,0.9801275164218003,0.9980505704879761
2968.236309596272,1.0067167718887478,0.9981210827827454
2968.238624415753,1.0028719797156804,0.9981358051300049
2968.2409392352347,1.006292629735924,0.9981358051300049
2968.2432540547156,0.9886844811339346,0.9981358051300049
2968.245568874199,0.9981216342588114,0.9981358051300049
2968.24788369368,0.9978868740772092,0.998184323310852
2968.2501985131635,0.9925415354408292,0.9981358051300049
2968.2525133326444,1.010064020641009,0.9981210827827454
2968.2548281520476,0.999615727752518,0.9981358051300049
2968.2571429713544,0.9936857614317377,0.998184323310852
2968.259457790662,0.9866797470124659,0.998184323310852
2968.261772609969,0.9991187714753547,0.9981358051300049
2968.2640874292756,0.9924504175555454,0.998184323310852
2968.2664022485847,1.020081498272691,0.9981905221939087
2968.26871706789,1.0073898499971994,0.998184323310852
2968.2710318871987,1.0123903414357194,0.998184323310852
2968.2733467065045,1.0029189953124342,0.9981905221939087
2968.275661525813,0.9986847600436478,0.998184323310852
2968.2779763451176,0.9944672009519636,0.9981905221939087
2968.280291164426,1.0026222395098179,0.998184323310852
2968.2826059837334,1.0071590742573922,0.9981905221939087
2968.284920803041,0.9996637018449346,0.9982016086578369
2968.287235622349,1.0043434530893929,0.9982016086578369
2968.2895504416556,0.9963763157247333,0.9982016086578369
2968.2918652609624,1.0086722170193139,0.9982016086578369
2968.2941800802687,0.9979289479385138,0.9982016086578369
2968.296494899497,1.0035007686237887,0.9982267022132874
2968.298809718629,0.9946127369127208,0.9982267022132874
2968.301124537762,0.9939186068228727,0.9982666969299316
2968.3034393568937,0.9942501063999003,0.9982666969299316
2968.3057541760277,1.005002586556498,0.9982666969299316
2968.308068995158,0.9888920175952715,0.9982666969299316
2968.310383814291,1.0043837679314451,0.9982267022132874
2968.312698633423,0.9984347481842775,0.9982267022132874
2968.315013452556,0.991881663726638,0.9982666969299316
2968.317328271689,1.0071874161253658,0.9982267022132874
2968.31964309082,1.013482936074206,0.9982267022132874
2968.3219579099523,1.0146941725335883,0.9982666969299316
2968.3242727290854,0.9929638737110804,0.9982666969299316
2968.326587548217,0.9990892325240595,0.9982891082763672
2968.32890236735,0.9941431811972311,0.9982891082763672
2968.331217186482,1.0005823749134333,0.9982979893684387
2968.3335320056135,1.0069213294125423,0.9982979893684387
2968.3358468247457,1.0047020296489622,0.9982891082763672
2968.3381616437987,1.0087610170981158,0.9982891082763672
2968.3404764627567,0.9988626452308121,0.9982891082763672
2968.3427912817137,0.999276353624728,0.9982891082763672
2968.3451061006726,0.9957383676830515,0.9982891082763672
2968.3474209196293,0.9998227918040732,0.9982979893684387
2968.3497357385863,1.0084437197695983,0.9982979893684387
2968.3520505575443,1.0113801189700091,0.9984040260314941
2968.3543653765014,0.9956996910628639,0.9984169602394104
2968.3566801954594,0.9955129660481834,0.9984200596809387
2968.3589950144155,0.9881761507459887,0.998420774936676
2968.3613098333726,1.0105572523276556,0.9984230995178223
2968.3636246523297,1.007748424549095,0.9984230995178223
2968.3659394712877,0.9970744335688615,0.9984544515609741
2968.3682542902447,0.9928652044983293,0.9984544515609741
2968.3705691092027,0.9944475973644892,0.9984771609306335
2968.3728839281594,1.0023708088275634,0.9984771609306335
2968.3751987471164,1.0045759317784064,0.9984968900680542
2968.3775135660753,0.9915271072873324,0.998511791229248
2968.379828384952,1.0182623704412497,0.9985288977622986
2968.3821432037357,1.000459867433542,0.9985359907150269
2968.3844580225173,1.00412353091526,0.9985636472702026
2968.3867728413,0.9922900919100552,0.9985636472702026
2968.3890876600826,1.0070455702123378,0.9985359907150269
2968.3914024788655,0.9918598569516209,0.9985359907150269
2968.3937172976475,1.0,0.9985359907150269
2968.3960321164295,1.0044826282486639,0.9985636472702026
2968.398346935212,1.0034662204372942,0.9985636472702026
2968.400661753994,1.0068893444193492,0.9985636472702026
2968.4029765727764,1.0007336171227705,0.998614490032196
2968.4052913915593,0.9986531196342043,0.9986324310302734
2968.407606210343,1.0030313462739533,0.9986324310302734
2968.4099210291242,1.0094453025958616,0.9986376762390137
2968.4122358479067,0.9955978391660348,0.9986324310302734
2968.4145506666882,1.0173497242971823,0.9986324310302734
2968.416865485472,1.0006354763774923,0.9986376762390137
2968.419180304253,1.007230539616373,0.9986866116523743
2968.4214951229574,1.0081220766658916,0.9987683296203613
2968.423809941563,1.0006176091596888,0.9987683296203613
2968.4261247601717,0.9972023595185242,0.9987937211990356
2968.428439578779,1.0049777471809058,0.9987937211990356
2968.430754397387,1.004709441045993,0.9987937211990356
2968.433069215994,1.0160385024317653,0.9987683296203613
2968.435384034601,0.993786707841951,0.9987937211990356
2968.4376988532076,1.0023236886746525,0.9987937211990356
2968.4400136718154,1.0075027848100058,0.9987937211990356
2968.4423284904246,1.0041445164003822,0.9988142848014832
2968.4446433090307,1.007562938854488,0.9987937211990356
2968.4469581276394,0.9989836811296262,0.9987683296203613
2968.4492729462445,0.9831314452999819,0.9987937211990356
2968.4515877648532,0.9906965325132013,0.9987937211990356
2968.4539025834592,0.9970575243340416,0.9987937211990356
2968.456217402068,0.9893222662991766,0.9987683296203613
2968.4585322206744,0.9863366771741301,0.9987937211990356
2968.460847039283,1.0154284189664422,0.9988142848014832
2968.463161857809,0.9938129356960413,0.9988178014755249
2968.465476676242,0.9947187454460369,0.9988178014755249
2968.467791494675,0.9985170714614013,0.9988178014755249
2968.470106313107,1.0006710475419132,0.9988178014755249
2968.4724211315406,1.004637239874343,0.9988178014755249
2968.474735949972,1.0008825961000352,0.9988178014755249
2968.4770507684057,1.0033221560453787,0.9988422393798828
2968.479365586836,1.0050048289172933,0.9988793730735779
2968.4816804052693,0.9838277068565255,0.9988793730735779
2968.483995223701,0.9967248183264101,0.9989002346992493
2968.486310042134,0.9976723155373758,0.9989484548568726
2968.488624860565,0.9983645337408664,0.9989951848983765
2968.4909396789985,1.0013105925303027,0.9989951848983765
2968.4932544974295,0.9985192967823134,0.9990307688713074
2968.495569315863,0.9979520260032916,0.9990307688713074
2968.4978841342945,1.0036321916024475,0.9990307688713074
2968.500198952728,1.000775747934839,0.9990863800048828
2968.50251377116,0.9962913211090896,0.9990307688713074
2968.504828589512,1.002781906190997,0.9990863800048828
2968.507143407771,0.997598813659194,0.9991008639335632
2968.5094582260267,1.0086655950135617,0.9991088509559631
2968.5117730442853,0.9963221241740365,0.9991164803504944
2968.514087862541,1.0086105363442401,0.9991428256034851
2968.5164026807997,1.0033531917482932,0.9991428256034851
2968.518717499054,1.0048087927847527,0.9991428256034851
2968.5210323173133,0.9988814809454761,0.9991667866706848
2968.523347135569,1.0088281216165738,0.9991945028305054
2968.5256619538277,0.9861047946326609,0.9992070198059082
2968.527976772083,0.9956325230053701,0.9992070198059082
2968.5302915903417,0.9982293512397344,0.9992070198059082
2968.532606408599,1.0028265478845273,0.9992070198059082
2968.5349212268557,1.0069460251471307,0.9992537498474121
2968.5372360451133,0.9919249933909206,0.9992609024047852
2968.53955086337,0.9971935320606901,0.9992626309394836
2968.5418656816278,0.9909127381404573,0.9992656707763672
2968.544180499884,0.9877186234856452,0.9992656707763672
2968.5464953180613,0.9966244571207158,0.9992722868919373
2968.548810136144,1.0064151344492935,0.9992929697036743
2968.5511249542274,0.9954440130858174,0.9993095397949219
2968.553439772308,0.9801758776210981,0.9993097186088562
2968.5557545903907,0.9937696733071674,0.9993347525596619
2968.558069408471,1.0015589236704758,0.9993347525596619
2968.5603842265546,1.0060373624126833,0.9993470907211304
2968.562699044637,0.9923159169252789,0.9993754029273987
2968.565013862719,0.9976254175156443,0.9993754029273987
2968.5673286808005,1.005813894887314,0.9993851780891418
2968.569643498882,0.9797885561383405,0.9994138479232788
2968.571958316964,1.0011562311147775,0.9994154572486877
2968.5742731350456,0.9967211984618657,0.9994880557060242
2968.576587953128,0.9843235305009375,0.9995303750038147
2968.57890277121,1.004212469317062,0.9995400309562683
2968.581217589291,0.9907467718624152,0.9995400309562683
2968.5835324073737,1.0045682342686564,0.9995400309562683
2968.5858472254554,0.9937859468072229,0.9995442628860474
2968.588162043458,1.000516650098959,0.9995442628860474
2968.5904768613664,0.9936043874710538,0.9995659589767456
2968.5927916792702,0.9950792292921368,0.9995659589767456
2968.595106497179,1.004102103204461,0.9995659589767456
2968.597421315085,1.0099224004101626,0.9995659589767456
2968.5997361329923,0.9995426934894317,0.9995659589767456
2968.6020509508985,1.0002040556629501,0.9995659589767456
2968.604365768806,1.0011335763158042,0.9995659589767456
2968.606680586712,1.0039299998735873,0.9995987415313721
2968.6089954046183,1.0087686095488868,0.9996271133422852
2968.6113102225254,1.0102896747293186,0.9996634721755981
2968.613625040432,1.0035995061537895,0.9996904730796814
2968.615939858339,0.9884935594507378,0.9996993541717529
2968.6182546762457,1.0026937731640524,0.9997341632843018
2968.6205694941514,0.9901947539211803,0.9997341632843018
2968.622884312059,0.9896210222504277,0.9996993541717529
2968.6251991299655,1.0102631907185307,0.9996993541717529
2968.6275139478735,0.9961722450383229,0.9997341632843018
2968.629828765699,1.0059985075278264,0.9996993541717529
2968.632143583432,1.0022013845314728,0.9996993541717529
2968.634458401163,1.0008790445648885,0.9997341632843018
2968.6367732188937,1.0010415605928322,0.9997432231903076
2968.6390880366257,0.9919254456196046,0.9997450113296509
2968.641402854357,0.9955577863670246,0.999758780002594
2968.6437176720888,0.9948251761259715,0.9997450113296509
2968.64603248982,0.9974992203321865,0.999758780002594
2968.6483473075505,0.9988622431909273,0.999769926071167
2968.6506621252815,0.9973694005191446,0.9997703433036804
2968.652976943013,0.9979349400594264,0.9997703433036804
2968.655291760745,0.9938355282376578,0.9997904300689697
2968.657606578477,0.9880649469109379,0.9997904300689697
2968.6599213962068,0.9962461472424092,0.9997904300689697
2968.6622362139397,0.9967167053184449,0.9997904300689697
2968.66455103167,1.0040077025343246,0.9997904300689697
2968.666865849402,0.9831934716967611,0.9997703433036804
2968.669180667133,1.0065177033093473,0.9997904300689697
2968.6714954847857,0.9974665100723156,0.9997904300689697
2968.6738103023417,1.005497323350715,0.9998614192008972
2968.676125119897,0.9989527204677515,0.9998614192008972
2968.6784399374524,1.0018815024263643,0.999861478805542
2968.680754755009,0.9980289589941921,0.999861478805542
2968.683069572565,0.9996176065280258,0.9999223947525024
2968.6853843901213,0.992790139482117,0.9999223947525024
2968.6876992076786,0.9984652312712526,0.9999554753303528
2968.690014025232,0.9939883058824833,0.9999554753303528
2968.6923288427893,1.002660849991363,0.9999629259109497
2968.6946436603444,0.9917831950871554,0.9999629259109497
2968.6969584779017,1.0000141858885456,1.0000011920928955
2968.699273295456,1.00288188113942,1.0000011920928955
2968.7015881130133,1.0039169186016919,1.000015377998352
2968.7039029305683,1.0050874166158743,1.000015377998352
2968.706217748125,1.0044338021325498,1.000015377998352
2968.7085325656803,1.0013161695258774,1.000015377998352
2968.710847383237,1.0106539784488642,1.0000330209732056
2968.7131622007114,0.9931225181386789,1.0000606775283813
2968.715477018093,0.9929831466547023,1.0000911951065063
2968.7177918354732,1.0070101782338203,1.0000911951065063
2968.7201066528546,0.9882040648329738,1.0000911951065063
2968.7224214702364,0.9953849278643175,1.0001025199890137
2968.7247362876155,0.9979002006466992,1.0000911951065063
2968.727051104997,0.9918934073054454,1.0001025199890137
2968.7293659223756,0.9873581048254253,1.0001235008239746
2968.7316807397574,0.9964282751449287,1.0001235008239746
2968.733995557137,0.9936570610147463,1.0001235008239746
2968.736310374519,0.9944856455737122,1.0001025199890137
2968.7386251918974,0.9963400711639254,1.0001235008239746
2968.7409400092797,0.9927994137645425,1.0001424551010132
2968.743254826659,0.990108505733975,1.000206470489502
2968.7455696440397,0.9924094256013463,1.000206470489502
2968.747884461419,0.9858033166713148,1.000206470489502
2968.750199278801,1.0104425245792694,1.0002140998840332
2968.7525140961807,1.0063492759637311,1.0002706050872803
2968.754828913482,1.0017117320683462,1.0002751350402832
2968.7571437306865,0.9948395383769781,1.0002751350402832
2968.759458547892,0.9866370360765584,1.0002706050872803
2968.7617733650986,0.9994591770433645,1.0002751350402832
2968.764088182301,1.0020711777718614,1.0002706050872803
2968.7664029995076,1.0002377571173398,1.0002751350402832
2968.7687178167107,1.0115603774542787,1.0003044605255127
2968.7710326339175,0.9958734559051535,1.0003044605255127
2968.773347451121,1.0062191064718082,1.0002751350402832
2968.7756622683273,0.9974321635444807,1.0002751350402832
2968.7779770855304,1.0089173816064896,1.0002751350402832
2968.7802919027363,0.9972489172170064,1.0002706050872803
2968.7826067199417,1.0003713556555107,1.0002706050872803
2968.784921537146,1.0016256666544305,1.0002140998840332
2968.787236354352,0.9921716522827745,1.0002140998840332
2968.7895511715565,0.9954343080500057,1.0002140998840332
2968.7918659887605,1.0064953964076104,1.0002140998840332
2968.794180805966,0.9955846694469875,1.0002706050872803
2968.796495623091,0.9967421764444674,1.0002706050872803
2968.7988104401206,0.9960171629238322,1.0002706050872803
2968.8011252571505,1.0119660898418497,1.0002706050872803
2968.803440074178,0.9980145195113382,1.0002751350402832
2968.8057548912093,0.9988461874907488,1.0002706050872803
2968.808069708237,1.0019822717002917,1.0002706050872803
2968.8103845252676,0.9938222793848271,1.0002706050872803
2968.8126993422966,0.9933822777544853,1.0002706050872803
2968.8150141593264,0.9949410538444249,1.0002706050872803
2968.8173289763554,0.9917988320173408,1.0002706050872803
2968.819643793384,0.9924027616657041,1.0002706050872803
2968.821958610413,0.9988919564919968,1.0002751350402832
2968.8242734274427,0.9955307739261857,1.0003044605255127
2968.8265882444725,1.0032699881136844,1.0003044605255127
2968.8289030615015,0.9988434947503242,1.0003639459609985
2968.83121787853,0.990078186202135,1.0003759860992432
2968.833532695559,1.0039823973746207,1.0003960132598877
2968.8358475125888,1.0011717209271287,1.0003960132598877
2968.8381623295377,0.9946610083153457,1.0004419088363647
2968.8404771463915,1.0057351425111183,1.000460147857666
2968.842791963247,1.0084073004508327,1.000460147857666
2968.8451067800997,0.9934314316122504,1.000460147857666
2968.8474215969527,0.9848763150259833,1.0005110502243042
2968.849736413806,1.0020785398534549,1.000512957572937
2968.85205123066,0.9861795138766023,1.0005594491958618
2968.8543660475134,1.0013407120750226,1.0005594491958618
2968.8566808643673,0.9924440336406379,1.0005594491958618
2968.85899568122,1.0009605725593897,1.000512957572937
2968.861310498073,0.9944389973871998,1.000512957572937
2968.8636253149275,0.9890331852679005,1.000512957572937
2968.8659401317805,0.9902721825417675,1.0005594491958618
2968.868254948635,0.9911035598508858,1.0005594491958618
2968.8705697654873,0.9968398011700045,1.0005594491958618
2968.8728845823407,0.9964888225313006,1.000512957572937
2968.875199399195,0.9936999161593275,1.0005594491958618
2968.877514216049,1.0067526374865325,1.0005608797073364
2968.8798290328223,0.9923996758402324,1.000570297241211
2968.8821438495006,0.9957461209393382,1.0005710124969482
2968.884458666176,0.9874267758749069,1.0006129741668701
2968.8867734828555,1.0092064929262845,1.0006129741668701
2968.889088299533,1.0069128816083395,1.0006129741668701
2968.891403116211,0.990093183511247,1.0006269216537476
2968.8937179328886,1.0141834508457186,1.0006269216537476
2968.896032749567,0.998677078486076,1.0006334781646729
2968.898347566244,1.003162288141348,1.0006334781646729
2968.9006623829214,1.0055727940715706,1.0006420612335205
2968.9029771995997,0.9995723132515939,1.0006420612335205
2968.9052920162767,0.9945197125468519,1.0006420612335205
2968.907606832956,0.9907541630360946,1.0006420612335205
2968.909921649632,0.9967043415461807,1.0006334781646729
2968.9122364663117,1.0019051717215905,1.0006420612335205
2968.9145512829878,0.9920733826218403,1.000672459602356
2968.916866099666,0.9976006233626129,1.0006990432739258
2968.919180916342,0.9978313704542704,1.0006990432739258
2968.921495732942,0.9925725525083651,1.0006990432739258
2968.923810549442,0.9996925371829283,1.0007036924362183
2968.926125365945,0.9865344743069491,1.000712513923645
2968.9284401824457,0.9917576772354912,1.000728726387024
2968.930754998949,1.003983572068514,1.0007294416427612
2968.9330698154504,1.006986528567278,1.0007294416427612
2968.9353846319514,1.0005034112485136,1.0007294416427612
2968.937699448455,0.9990162872479356,1.0007294416427612
2968.940014264955,1.0032020100236732,1.0007294416427612
2968.9423290814584,1.0032738408288917,1.0007294416427612
2968.944643897959,0.9898239096995054,1.0007294416427612
2968.946958714462,0.9966032224299056,1.000728726387024
2968.9492735309623,0.9966472405832852,1.0007294416427612
2968.9515883474646,1.0027853218707328,1.000728726387024
2968.953903163966,0.9959407823083102,1.000728726387024
2968.9562179804684,0.9907830170889539,1.000728726387024
2968.958532796969,0.994629303344328,1.000728726387024
2968.960847613472,0.9988870206210313,1.000712513923645
2968.9631624298922,1.0037447088937044,1.0007036924362183
2968.9654772462195,0.9982506344651575,1.0006990432739258
2968.967792062545,0.9917551097913008,1.0006990432739258
2968.9701068788713,0.9873859844907458,1.0006990432739258
2968.9724216951968,0.9944475959893606,1.0006990432739258
2968.9747365115218,0.9924450281089746,1.0006990432739258
2968.9770513278495,0.9880379016095354,1.0006990432739258
2968.9793661441736,0.9917948168749794,1.0007036924362183
2968.9816809605004,0.9944142407050736,1.0006990432739258
2968.983995776825,0.9972893001152777,1.0007036924362183
2968.986310593152,0.9963068128685518,1.0007036924362183
2968.9886254094754,1.006895815610939,1.0007036924362183
2968.9909402258027,0.9997295875853303,1.000712513923645
2968.993255042127,0.9968548495558586,1.0007036924362183
2968.9955698584545,1.010696419179745,1.000712513923645
2968.997884674779,1.0005345112355166,1.000712513923645
2969.0001994911063,0.9970152783014289,1.000712513923645
2969.0025143074313,0.9908036549752013,1.000712513923645
2969.0048291236767,0.9801208755406015,1.000712513923645
2969.0071439398266,0.9870777411867293,1.000712513923645
2969.009458755976,1.0005242665361063,1.000712513923645
2969.011773572126,0.9954458737388447,1.000712513923645
2969.014088388275,0.9957669735907135,1.000712513923645
2969.0164032044245,1.003675524177635,1.000728726387024
2969.0187180205744,0.9816979158464594,1.0007294416427612
2969.0210328367248,0.9879101488350961,1.0007294416427612
2969.0233476528742,0.9897988271438681,1.000728726387024
2969.025662469024,0.9983025654080234,1.0007294416427612
2969.0279772851723,1.0022635654002081,1.000728726387024
2969.030292101323,0.9888935558430113,1.000728726387024
2969.0326069174725,0.9944409111392744,1.000728726387024
2969.034921733623,1.0028116459296412,1.0007294416427612
2969.037236549772,0.9849878977601059,1.0007294416427612
2969.0395513659223,0.9932444449315231,1.000728726387024
2969.0418661820713,1.0009502393585878,1.0007294416427612
2969.0441809982203,1.0047135574845192,1.000728726387024
2969.04649581429,1.0016431743402734,1.0007294416427612
2969.0488106302632,0.9998941005551562,1.0007328987121582
2969.0511254462376,0.9877778213212353,1.0007845163345337
2969.05344026221,0.9928163668056565,1.0008018016815186
2969.055755078183,1.0042564119545452,1.0008018016815186
2969.058069894157,0.9974269635966836,1.0008018016815186
2969.06038471013,1.0057518737660838,1.0008245706558228
2969.062699526105,0.9873743558028781,1.0008018016815186
2969.065014342078,0.9989693679846448,1.0008018016815186
2969.0673291580506,0.9967322324519787,1.0008018016815186
2969.0696439740245,0.9899126618049496,1.0008245706558228
2969.0719587899976,0.9917097251404313,1.000828742980957
2969.0742736059715,1.0049013237862137,1.0008443593978882
2969.0765884219445,1.0026363523860038,1.0008443593978882
2969.078903237917,0.9862014931230795,1.0008443593978882
2969.081218053891,0.9994468504781099,1.000828742980957
2969.083532869864,1.0002632302689558,1.0008443593978882
2969.0858476858384,0.9875366423085367,1.0008443593978882
2969.088162501731,0.9892100310866018,1.0008692741394043
2969.0904773175275,0.9907431681323193,1.0008443593978882
2969.0927921333264,1.0161400207244011,1.0008692741394043
2969.0951069491216,0.9919852467033526,1.00087571144104
2969.09742176492,0.981287294989221,1.0008692741394043
2969.0997365807157,0.9850650912945604,1.0008692741394043
2969.1020513965145,0.9884491387161006,1.00087571144104
2969.1043662123097,0.9991326718993795,1.0008692741394043
2969.1066810281072,1.0025626629207354,1.00087571144104
2969.108995843905,1.0055371908898023,1.00087571144104
2969.1113106597018,0.9930065124225311,1.00087571144104
2969.1136254754992,0.9890061220357556,1.0008692741394043
2969.115940291296,0.9865779398029099,1.00087571144104
2969.1182551070924,0.9955472732840327,1.0008786916732788
2969.12056992289,1.001067776216973,1.00087571144104
2969.1228847386874,0.9891821703644398,1.00087571144104
2969.125199554484,1.0007798994610975,1.00087571144104
2969.127514370282,0.9881322598956592,1.00087571144104
2969.129829185997,0.9845283081341676,1.0008786916732788
2969.1321440016195,0.9990445426316573,1.0008786916732788
2969.1344588172383,0.9885005667593976,1.0008786916732788
2969.1367736328593,0.9996840144669683,1.00087571144104
2969.1390884484795,0.9934215933055374,1.00087571144104
2969.1414032641014,0.995578597802591,1.0008786916732788
2969.1437180797197,1.0034660156339328,1.0008926391601562
2969.1460328953417,0.9892159403608535,1.0008926391601562
2969.148347710961,0.994889881629764,1.0009149312973022
2969.150662526583,1.0051089273670266,1.0009149312973022
2969.152977342203,0.9897327186327569,1.0009149312973022
2969.1552921578245,0.9992504849873084,1.0008926391601562
2969.1576069734465,0.9917053116114918,1.0008926391601562
2969.1599217890644,0.9988671520668654,1.0008926391601562
2969.1622366046863,1.0018409746625099,1.0008926391601562
2969.1645514203055,0.9916704808544448,1.0009149312973022
2969.166866235928,1.0013817135964143,1.0008926391601562
2969.169181051547,1.0088533223570477,1.0009149312973022
2969.1714958670887,0.9828407999111035,1.0009149312973022
2969.173810682531,0.9975990566301779,1.0009149312973022
2969.1761254979756,0.9966744808387236,1.0009149312973022
2969.1784403134193,0.996065759098401,1.0009149312973022
2969.180755128864,1.0033967411531983,1.0009149312973022
2969.183069944306,0.9950492378591813,1.0009149312973022
2969.1853847597517,0.9883146173399235,1.000937581062317
2969.1876995751954,0.9857505050037081,1.000937581062317
2969.1900143906396,0.9958380245744418,1.0009829998016357
2969.1923292060833,1.0010547998095478,1.0009829998016357
2969.194644021528,0.9909856715384119,1.0009829998016357
2969.1969588369725,1.0080332467374091,1.0009829998016357
2969.199273652415,0.9964263996968389,1.0009829998016357
2969.2015884678603,1.003156716248163,1.0010024309158325
2969.203903283303,0.9974044089381079,1.0010151863098145
2969.2062180987486,0.9929996270151542,1.0010151863098145
2969.208532914191,0.9982960832780367,1.0010151863098145
2969.2108477296365,0.9857357918793864,1.0010709762573242
2969.2131625449974,0.9787081225189316,1.0010709762573242
2969.2154773602665,0.9976998168046268,1.0010709762573242
2969.217792175534,0.9882905718686976,1.0010709762573242
2969.220106990801,0.9854392783074005,1.0010709762573242
2969.2224218060683,0.9986766302367335,1.0010151863098145
2969.2247366213355,1.0031351844671663,1.0010709762573242
2969.2270514366023,0.9860721247087506,1.0011042356491089
2969.22936625187,0.9965021616711128,1.0011078119277954
2969.2316810671373,0.9909696500030126,1.0011146068572998
2969.233995882404,1.0051712922074219,1.0011078119277954
2969.2363106976713,0.9980820337515381,1.0011146068572998
2969.2386255129386,0.9979952728663984,1.0011078119277954
2969.240940328207,0.994992915491621,1.0011078119277954
2969.243255143473,0.9948868770898823,1.0011078119277954
2969.2455699587417,0.9944223345722853,1.0011146068572998
2969.247884774009,1.0025297816445378,1.0011146068572998
2969.2501995892753,0.9835218419185652,1.0011227130889893
2969.252514404543,0.991219972055564,1.0011308193206787
2969.25482921973,0.9998844976014796,1.0011308193206787
2969.2571440348206,1.001214378460053,1.0011833906173706
2969.2594588499105,1.0034865059966402,1.0012332201004028
2969.261773665001,0.991267185326552,1.0012332201004028
2969.2640884800912,1.0064192272733876,1.001237154006958
2969.2664032951816,0.9998798671514049,1.001242995262146
2969.2687181102715,0.9891539883504985,1.001237154006958
2969.2710329253623,0.9921714647051841,1.0012332201004028
2969.2733477404527,0.9995960210754841,1.0012332201004028
2969.275662555542,0.9900531649599659,1.0012332201004028
2969.2779773706334,1.0065052155905623,1.0012332201004028
2969.2802921857233,0.9897178255432552,1.0012332201004028
2969.282607000815,1.0025850739601185,1.001237154006958
2969.2849218159045,0.999400996767097,1.0012332201004028
2969.287236630996,1.011098288084241,1.0012332201004028
2969.289551446086,0.9882134800890869,1.0011833906173706
2969.291866261176,0.994453675551748,1.0011833906173706
2969.294181076267,0.9881298345485254,1.0011833906173706
2969.2964958912776,0.9995458731790723,1.0011833906173706
2969.2988107061906,0.985978268829028,1.0011833906173706
2969.3011255211036,1.003751896218493,1.0012332201004028
2969.303440336016,0.9928492872861653,1.0012332201004028
2969.3057551509305,0.9930885109226281,1.001237154006958
2969.3080699658435,0.9933790817129592,1.001237154006958
2969.3103847807574,0.992027370923109,1.001237154006958
2969.3126995956723,0.9955758176048848,1.0012332201004028
2969.315014410583,1.0039751227112417,1.001237154006958
2969.3173292254983,0.9918365026458397,1.001242995262146
2969.3196440404104,1.004672706919621,1.001237154006958
2969.321958855325,0.9972434172410812,1.001237154006958
2969.3242736702373,0.9927005474232247,1.001237154006958
2969.3265884851526,1.0076736196479714,1.001242995262146
2969.3289033000633,0.9991340671874804,1.001242995262146
2969.331218114978,1.0049267564666655,1.001242995262146
2969.333532929892,0.9952216149593669,1.0012474060058594
2969.335847744805,0.9945578511530798,1.0012474060058594
2969.5534402951153,1.0056260977403217,1.0012474060058594
2969.5557551089646,1.0135460799960947,1.001242995262146
2969.5580699228126,0.9922058651241471,1.0012474060058594
2969.5603847366615,0.993780205717965,1.0012474060058594
2969.562699550511,1.0049851936023408,1.0012474060058594
2969.5650143643584,1.0084581963340713,1.0012474060058594
2969.5673291782086,0.9984180395167466,1.0012474060058594
2969.5696439920557,1.0009680831406136,1.0012474060058594
2969.5719588059046,0.9986157994597499,1.0012474060058594
2969.574273619753,0.9979637541451744,1.0013015270233154
2969.576588433602,1.0027599538940195,1.0013315677642822
2969.578903247449,1.0026911425516245,1.0013315677642822
2969.581218061299,0.9980464364653446,1.0013315677642822
2969.583532875146,0.9994643477606701,1.0014740228652954
2969.585847688996,1.0145552187823959,1.0014740228652954
2969.588162502762,1.0003747047176847,1.0015108585357666
2969.5904773164343,1.0024142287019573,1.0015298128128052
2969.592792130104,1.0165416420970037,1.0015108585357666
2969.595106943774,1.0047477569621688,1.0015298128128052
2969.5974217574453,1.0117553487670097,1.0015108585357666
2969.5997365711155,0.9984355064803764,1.0015298128128052
2969.602051384785,1.0005188493851296,1.0015108585357666
2969.604366198456,0.9933661380232272,1.0015298128128052
2969.606681012126,0.999365811075024,1.0015108585357666
2969.608995825797,1.0073837540508699,1.0015108585357666
2969.6113106394673,1.003859218912565,1.0015298128128052
2969.613625453137,1.0075938163465052,1.0015298128128052
2969.6159402668095,0.9930455382594486,1.0015298128128052
2969.6182550804783,1.0070117733374548,1.0015298128128052
2969.6205698941503,1.0092477019406523,1.0015681982040405
2969.6228847078205,1.0006913802885564,1.0016003847122192
2969.625199521491,1.0071540937300898,1.0015681982040405
2969.6275143351613,0.9883660131808051,1.0015681982040405
2969.62982914875,1.0044883184819673,1.0016003847122192
2969.632143962243,1.0095307885603402,1.0016003847122192
2969.634458775735,1.0001472262374531,1.0016006231307983
2969.6367735892277,1.0096375461420954,1.0016006231307983
2969.6390884027196,1.0062199217213448,1.0016006231307983
2969.641403216211,1.0018189550036258,1.0016056299209595
2969.643718029704,0.9949914170032005,1.0016056299209595
2969.646032843196,0.9919044612406399,1.0016006231307983
2969.6483476566887,0.9966675922363075,1.0016003847122192
2969.6506624701806,1.015998270894675,1.0016003847122192
2969.6529772836743,1.007467238591603,1.0016006231307983
2969.655292097164,0.9999950012360039,1.0016056299209595
2969.6576069106577,1.0047655121646124,1.0016006231307983
2969.6599217241505,0.9932785331172745,1.0016006231307983
2969.6622365376425,0.9909761147150661,1.0016006231307983
2969.6645513511353,1.0124115739477275,1.0016056299209595
2969.666866164627,1.0013380711899573,1.0016433000564575
2969.6691809781187,1.0051808378028353,1.0016562938690186
2969.671495791529,0.9955806615696134,1.0016562938690186
2969.6738106048438,1.0162569096805028,1.0016803741455078
2969.6761254181574,0.9990197254517212,1.001685619354248
2969.678440231472,0.9975893474291133,1.0016803741455078
2969.6807550447847,0.9925524364172292,1.001685619354248
2969.6830698580984,1.0003138211997467,1.0017006397247314
2969.685384671413,0.9873539696061133,1.0017006397247314
2969.687699484727,0.9956018024309302,1.0017006397247314
2969.6900142980408,1.0053292480644123,1.0017006397247314
2969.6923291113553,1.009306320177018,1.0017411708831787
2969.6946439246676,1.011113816534676,1.0017006397247314
2969.6969587379826,0.9939105953510667,1.0017006397247314
2969.6992735512954,1.0012340516378615,1.0017411708831787
2969.701588364611,1.0037578420766213,1.0017427206039429
2969.703903177923,1.0070327367720573,1.0017480850219727
2969.7062179912386,1.0036241835323194,1.0017480850219727
2969.708532804552,0.997800023609851,1.0017480850219727
2969.7108476178655,1.0141026730286067,1.0018022060394287
2969.7131624310987,1.0065087712534584,1.0018401145935059
2969.7154772442336,1.0062722184700603,1.0018401145935059
2969.7177920573704,0.9968277177035246,1.0018401145935059
2969.720106870504,1.0069692638448824,1.0018401145935059
2969.722421683641,0.9993444822516399,1.0018401145935059
2969.7247364967748,1.0265543313191519,1.0018635988235474
2969.7270513099106,0.9986499673200709,1.0018635988235474
2969.7293661230447,0.9985991596385682,1.0018635988235474
2969.7316809361814,0.9926983293315839,1.0018635988235474
2969.733995749315,0.9994624016723378,1.0018401145935059
2969.7363105624518,1.0010107421398555,1.0018022060394287
2969.738625375586,0.9991143214331357,1.0018022060394287
2969.7409401887226,1.0107677104822979,1.0017480850219727
2969.7432550018566,0.9967397794740095,1.0018022060394287
2969.745569814992,0.9933412414309111,1.0018401145935059
2969.747884628128,0.9957913118969868,1.0018401145935059
2969.750199441263,1.0033374481747739,1.0018022060394287
2969.7525142543986,1.0041416152787466,1.0018022060394287
2969.7548290674526,1.0098540654951353,1.0018401145935059
2969.7571438804102,1.0042743707672164,1.0018401145935059
2969.759458693365,0.9938206534853935,1.0018401145935059
2969.7617735063222,1.0115417918167744,1.0018635988235474
2969.7640883192785,1.0037554004257279,1.0018861293792725
2969.7664031322356,1.0078853652181052,1.0018861293792725
2969.768717945191,1.005499404072581,1.00190007686615
2969.771032758149,1.003953332919272,1.0019009113311768
2969.773347571104,1.005629329051845,1.0019009113311768
2969.775662384062,1.0075221553239824,1.0019110441207886
2969.777977197018,1.013498277243504,1.0019009113311768
2969.7802920099753,0.9959705178882782,1.0019009113311768
2969.7826068229315,1.0073158406922653,1.0019110441207886
2969.7849216358873,1.0086305590992692,1.0019009113311768
2969.7872364488444,1.0057446236885383,1.0019009113311768
2969.7895512618006,1.0076911096359997,1.0019110441207886
2969.7918660747578,1.0075604535867626,1.0019444227218628
2969.794180887714,1.0023268516924435,1.0019444227218628
2969.796495700589,1.0031150653823442,1.0019110441207886
2969.7988105133654,1.0113472836561541,1.0019444227218628
2969.801125326144,1.0081491564642087,1.0019444227218628
2969.803440138921,1.0107567833113165,1.0019456148147583
2969.8057549517,1.001555214579042,1.0019863843917847
2969.808069764478,0.9971662424685652,1.0019863843917847
2969.8103845772553,0.9936309074332929,1.001987338066101
2969.8126993900323,1.00997480274004,1.001987338066101
2969.8150142028094,1.0054903590945643,1.001987338066101
2969.817329015588,0.999082840697793,1.0019899606704712
2969.8196438283658,1.0014602652938223,1.0019924640655518
2969.8219586411433,1.0030061770108598,1.0019969940185547
2969.82427345392,1.0084141547774277,1.0019969940185547
2969.826588266697,1.01264895257312,1.0019969940185547
2969.8289030794754,1.0019040231471348,1.0019969940185547
2969.8312178922524,1.0021947899911485,1.0019969940185547
2969.833532705031,1.0151570796826035,1.0020149946212769
2969.835847517808,1.0082339126462163,1.0019969940185547
2969.838162330503,0.9975941974259507,1.0020149946212769
2969.8404771431024,0.9924440759066288,1.0020244121551514
2969.842791955701,1.0085021600709345,1.0020149946212769
2969.8451067682995,0.9955528999154134,1.0020244121551514
2969.8474215808983,1.002566387368406,1.0020244121551514
2969.8497363934953,1.0043594533718487,1.0020304918289185
2969.852051206095,1.000635163402596,1.002038836479187
2969.8543660186924,1.004131586429733,1.0020411014556885
2969.856680831292,1.0148062769201927,1.0020848512649536
2969.8589956438905,0.9897387724591855,1.0021560192108154
2969.8613104564893,1.0111981883058512,1.002158761024475
2969.863625269087,1.0074990516902276,1.0022000074386597
2969.8659400816855,1.0066014039714524,1.0022104978561401
2969.8682548942834,1.0141087350929912,1.0022166967391968
2969.8705697068826,1.0010997309429628,1.0022534132003784
2969.8728845194823,0.9964089452795456,1.0022755861282349
2969.87519933208,1.003309467503408,1.0022755861282349
2969.8775141446795,1.0045623432025321,1.002280831336975
2969.8798289571937,1.011286249194502,1.0022928714752197
2969.8821437696142,0.9802346428489023,1.0022928714752197
2969.884458582032,1.009758265000701,1.0023423433303833
2969.886773394453,1.0089952055461673,1.0023423433303833
2969.8890882068704,1.0036021687225003,1.0023436546325684
2969.891403019291,1.0114097219546285,1.0023436546325684
2969.8937178317087,1.0043987809429211,1.0023672580718994
2969.8960326441293,1.004636636456638,1.0023672580718994
2969.898347456547,1.0020095223076362,1.0023672580718994
2969.9006622689667,1.0067684911532004,1.0023738145828247
2969.902977081386,0.9983238746537952,1.0023926496505737
2969.905291893805,0.9993096418593218,1.0023926496505737
2969.9076067062256,1.0019827126296368,1.0023930072784424
2969.9099215186434,1.0045796713444508,1.0023930072784424
2969.912236331064,1.0088635221425721,1.002399206161499
2969.9145511434817,0.9873545984256856,1.0024150609970093
2969.916865955901,1.0140203031752462,1.002399206161499
2969.9191807683187,1.007841894841546,1.0023930072784424
2969.921495580658,0.9950484493462053,1.0023926496505737
2969.923810392896,0.9951314267990768,1.0023738145828247
2969.926125205137,0.9997827204094513,1.0023738145828247
2969.928440017375,1.0072936726922606,1.0023738145828247
2969.930754829616,1.0024394301923014,1.0023738145828247
2969.933069641855,1.012997761003839,1.0023926496505737
2969.9353844540947,1.0017957636389736,1.0023926496505737
2969.9376992663347,1.0052581367686397,1.0023930072784424
2969.9400140785738,0.9952997086124974,1.002399206161499
2969.9423288908138,1.0028666168700253,1.0024150609970093
2969.944643703053,1.0203082712283555,1.0024646520614624
2969.946958515292,1.0039596003989208,1.002512812614441
2969.949273327532,1.0003042811248437,1.0025484561920166
2969.9515881397715,0.9887495738722671,1.0025545358657837
2969.95390295201,1.0038954208917792,1.0025657415390015
2969.956217764251,1.0004414795283338,1.0025925636291504
2969.9585325764897,1.0029702158016764,1.0026097297668457
2969.9608473887306,0.9993322668150518,1.0026150941848755
2969.963162200887,0.9947126494180817,1.0026150941848755
2969.965477012948,1.0198704085696793,1.0026752948760986
2969.9677918250077,1.0017651779504342,1.0026752948760986
2969.9701066370667,1.0194891244256068,1.0026752948760986
2969.972421449127,1.0049937270798865,1.0027352571487427
2969.9747362611865,0.991931870369241,1.0027352571487427
2969.977051073247,1.0091926777165832,1.0028040409088135
2969.9793658853064,0.9949811108126035,1.002814769744873
2969.9816806973654,1.0088412765188073,1.0028449296951294
2969.9839955094258,1.0081786549266878,1.0028491020202637
2969.9863103214852,1.0122286276580026,1.0028449296951294
2969.9886251335456,0.9970455302984556,1.0028491020202637
2969.990939945605,1.0049718823447182,1.0028491020202637
2969.993254757664,1.0177178249863745,1.002853512763977
2969.9955695697245,0.9968752481424089,1.0028491020202637
2969.997884381785,1.0015176144674411,1.002853512763977
2970.0001991938443,0.9963034373070219,1.002853512763977
2970.0025140059047,1.0106402996952766,1.002853512763977
2970.004828817881,1.0111569960101454,1.0028884410858154
2970.007143629763,0.9969180764736857,1.0029184818267822
2970.009458441642,1.0061613509424006,1.0029184818267822
2970.0117732535223,0.993257795412194,1.0029489994049072
2970.0140880654017,1.006835969070969,1.0029773712158203
2970.016402877282,0.9978919934259101,1.002983570098877
2970.018717689162,1.0112714153682902,1.0029773712158203
2970.0210325010407,0.9972796541233778,1.002983570098877
2970.02334731292,1.0134725138918883,1.0029939413070679
2970.0256621248004,0.9854176380060586,1.0030351877212524
2970.027976936682,1.017667684519318,1.00304114818573
2970.0302917485606,0.9990311199103492,1.0031306743621826
2970.0326065604418,0.9968877712905844,1.0031306743621826
2970.034921372319,1.011421061769324,1.0031541585922241
2970.0372361842,1.0100720529022527,1.0031541585922241
2970.039550996079,1.0094025746183126,1.0032011270523071
2970.04186580796,1.0087290799447546,1.0032116174697876
2970.0441806198382,1.0018348179067105,1.0032116174697876
2970.046495431638,0.9995937282285445,1.0032116174697876
2970.048810243336,1.0082210340595712,1.003218650817871
2970.051125055036,1.0116970384225676,1.0032116174697876
2970.0534398667355,1.017431186010562,1.0032116174697876
2970.0557546784357,1.0047617474578188,1.003218650817871
2970.058069490137,1.0066991000531393,1.003218650817871
2970.060384301835,1.0083217387243542,1.0032116174697876
2970.062699113536,0.998778689304762,1.0032116174697876
2970.0650139252343,0.9985880996358195,1.003218650817871
2970.0673287369345,1.0018293390091364,1.003218650817871
2970.069643548634,0.9993983797724418,1.003218650817871
2970.071958360334,1.00278849193052,1.0032248497009277
2970.074273172032,0.9971209460502363,1.0032604932785034
2970.076587983733,0.9983452866155835,1.0032604932785034
2970.0789027954315,0.9954366347190502,1.0033233165740967
2970.081217607132,1.010176486935371,1.0033437013626099
2970.08353241883,1.0003711643332462,1.003355622291565
2970.0858472305317,1.0016953689340216,1.0033901929855347
2970.0881620421487,0.9931678532863129,1.0033901929855347
2970.0904768536675,0.9973111521902355,1.003427505493164
2970.092791665187,1.0008148635676744,1.003427505493164
2970.095106476706,1.0039877405935835,1.0033901929855347
2970.097421288226,1.001303852989536,1.003427505493164
2970.0997360997444,1.006056808043272,1.0034406185150146
2970.102050911263,0.9922585408679805,1.0034406185150146
2970.104365722783,1.0179308001558685,1.003427505493164
2970.1066805343016,0.99725436478896,1.003427505493164
2970.1089953458204,0.9997145222970798,1.0034406185150146
2970.1113101573414,1.0087072481398804,1.0034406185150146
2970.113624968859,1.0086491440073864,1.003455638885498
2970.1159397803794,1.0120118040218735,1.0034406185150146
2970.1182545918973,0.987981602548034,1.0034406185150146
2970.1205694034184,1.0117196734885898,1.0034406185150146
2970.122884214937,1.0017318743042742,1.0034406185150146
2970.1251990264554,0.9940492808409177,1.0034406185150146
2970.127513837975,1.0049950128278906,1.003455638885498
2970.129828649412,1.0025425263126881,1.0034575462341309
2970.132143460751,0.9998662328460851,1.0034575462341309
2970.134458272089,0.9985884357701448,1.0034575462341309
2970.1367730834268,1.0046518280503403,1.0034759044647217
2970.139087894766,1.0076254852055013,1.0034829378128052
2970.141402706104,0.9987319764903642,1.0034829378128052
2970.1437175174433,0.9989029348601091,1.0034935474395752
2970.1460323287815,0.9980206942110355,1.0035160779953003
2970.1483471401193,0.9912668981887912,1.0034935474395752
2970.1506619514585,1.0090396504407149,1.0034935474395752
2970.1529767627976,1.000057496429638,1.0034935474395752
2970.155291574136,0.9999824184471354,1.0034935474395752
2970.157606385475,0.9942665724548861,1.0034935474395752
2970.159921196814,1.0032557103527335,1.0034829378128052
2970.162236008152,0.9810064583696151,1.0034935474395752
2970.1645508194897,1.000169044254907,1.0034935474395752
2970.166865630829,0.9941363867845285,1.0035160779953003
2970.169180442167,1.004686434192604,1.0034935474395752
2970.171495253424,0.9951801604356209,1.0035431385040283
2970.173810064581,1.0008540874200644,1.003544569015503
2970.176124875738,0.992048553028613,1.003544569015503
2970.1784396868957,0.9922263790185764,1.003544569015503
2970.180754498054,0.986618505164081,1.003544569015503
2970.183069309213,0.9888794623835118,1.0035446882247925
2970.1853841203692,1.0111342576561682,1.0035446882247925
2970.1876989315283,1.0135380561233962,1.0035446882247925
2970.1900137426833,0.9952665269162827,1.0035446882247925
2970.1923285538423,1.008015776873462,1.0035512447357178
2970.1946433649987,0.9984785703883328,1.0035512447357178
2970.1969581761578,0.9896881922582182,1.0035697221755981
2970.1992729873145,1.007760290503693,1.0035940408706665
2970.2015877984736,1.0043190549034153,1.0036472082138062
2970.2039026096295,0.990815963299723,1.003663182258606
2970.2062174207877,1.0005652464083574,1.003663182258606
2970.208532231945,0.9949751062434105,1.0036922693252563
2970.210847043103,1.0126038598407745,1.0037280321121216
2970.21316185418,0.9971073225381689,1.0037280321121216
2970.2154766651547,1.0039426923017083,1.0037280321121216
2970.2177914761332,1.0019991969007638,1.0037280321121216
2970.2201062871077,1.001840049758423,1.0037280321121216
2970.222421098085,0.9979208776732358,1.0037301778793335
2970.224735909061,1.0070572913388296,1.0037524700164795
2970.2270507200383,0.988875352764942,1.0037740468978882
2970.2293655310127,0.997919424645323,1.0037740468978882
2970.231680341991,1.0091425912673748,1.0038254261016846
2970.233995152966,0.9987962376965006,1.0037740468978882
2970.236309963944,0.9959329974783563,1.0038254261016846
2970.238624774919,0.993921646003703,1.0038355588912964
2970.240939585897,1.0011969195738686,1.0038355588912964
2970.243254396871,0.9905002778127097,1.0038782358169556
2970.2455692078493,1.0060983509301957,1.0038963556289673
2970.2478840188264,1.0011931558830611,1.0039048194885254
2970.2501988298022,1.003677112323925,1.00392746925354
2970.2525136407794,0.9957008802473223,1.0039477348327637
2970.2548284516724,0.9936322408015319,1.0040130615234375
2970.2571432624673,1.0034946166660907,1.0040262937545776
2970.259458073263,0.991715943100664,1.0040262937545776
2970.261772884058,1.0077725033402067,1.0040262937545776
2970.2640876948526,1.0134105751305778,1.0040262937545776
2970.2664025056492,0.9991696007874189,1.0040348768234253
2970.2687173164427,0.9990394114373793,1.004095196723938
2970.271032127239,0.9974154261424482,1.004106044769287
2970.273346938033,0.9910058135697132,1.004106044769287
2970.2756617488294,0.9983573383301335,1.004162311553955
2970.277976559624,0.9918485009946514,1.004106044769287
2970.2802913704186,1.0024514867057688,1.004106044769287
2970.2826061812143,1.0003566203408454,1.004162311553955
2970.284920992009,0.9967247845568529,1.0041675567626953
2970.287235802805,1.0005903642534386,1.004172921180725
2970.289550613599,0.9991742260714019,1.004172921180725
2970.291865424394,1.0171782583079256,1.004172921180725
2970.2941802351893,1.0139099175160755,1.0041835308074951
2970.2964950459013,0.9932714262684031,1.0041835308074951
2970.2988098565156,1.000355422429767,1.0041927099227905
2970.3011246671285,1.0023707805306104,1.0041961669921875
2970.303439477742,0.9983519549093534,1.0042095184326172
2970.3057542883553,0.9958081273326432,1.0042095184326172
2970.308069098969,0.9987316048575795,1.0042227506637573
2970.3103839095816,1.0032590527925243,1.0042095184326172
2970.3126987201963,0.9873875226735297,1.0042095184326172
2970.3150135308088,1.0063177592770016,1.0042227506637573
2970.3173283414235,0.9973861883815189,1.0042304992675781
2970.3196431520364,0.988311742886121,1.0042304992675781
2970.3219579626502,1.0031145913941697,1.0042451620101929
2970.324272773263,1.0008845859824222,1.0042524337768555
2970.3265875838774,0.9943544730232139,1.0042524337768555
2970.3289023944903,0.99380827958914,1.0042757987976074
2970.3312172051037,1.0029104963037172,1.0043001174926758
2970.333532015716,1.0044642645180588,1.0043001174926758
2970.33584682633,0.9915883451953071,1.0043001174926758
2970.3381616368624,1.0073488844680154,1.0043001174926758
2970.3404764472925,0.999093971521767,1.0043001174926758
2970.342791257726,0.9991968834424572,1.0043001174926758
2970.3451060681546,1.0099284483208857,1.0043001174926758
2970.3474208785874,0.9820014782541503,1.0043147802352905
2970.349735689018,1.0072368634228968,1.0043617486953735
2970.352050499451,0.9921511034104009,1.0043617486953735
2970.3543653098814,1.00703085758018,1.0043725967407227
2970.356680120314,1.0013744298134004,1.0043754577636719
2970.358994930744,1.0010482697851426,1.0043754577636719
2970.3613097411762,0.9890418847682839,1.004380464553833
2970.3636245516072,0.9980925430551643,1.004380464553833
2970.365939362039,0.9973722172385873,1.004380464553833
2970.3682541724716,1.0043211240738372,1.004380464553833
2970.3705689829026,0.9873366880453697,1.004381537437439
2970.372883793336,0.9966162882240207,1.004381537437439
2970.3751986037655,1.004912383814687,1.004390835762024
2970.3775134141974,1.0099669670710407,1.004401683807373
2970.379828224546,1.0008207196886796,1.004401683807373
2970.3821430347957,0.9845576516711348,1.004401683807373
2970.3844578450435,0.99933143687544,1.004401683807373
2970.3867726552944,0.9967542351789064,1.004390835762024
2970.3890874655426,1.0033948004707596,1.004401683807373
2970.391402275793,1.0091271432669413,1.0044273138046265
2970.3937170860413,1.0088227192200288,1.0044273138046265
2970.3960318962922,1.0021043456856877,1.004445195198059
2970.398346706539,0.9995697787428448,1.004445195198059
2970.4006615167896,0.9999246387048966,1.0044665336608887
2970.4029763270387,1.0011736089073224,1.0044748783111572
2970.4052911372887,1.0104936467989043,1.0044748783111572
2970.407605947538,0.9939862682631447,1.004512906074524
2970.4099207577874,0.9992429803007549,1.004512906074524
2970.412235568036,0.9978572416947348,1.0045197010040283
2970.414550378285,1.0063141542746572,1.004512906074524
2970.416865188535,1.0039932252001478,1.0045197010040283
2970.419179998784,1.0011614510745113,1.0045204162597656
2970.421494808951,0.9924299189417041,1.0045204162597656
2970.423809619017,1.011095099821484,1.0045400857925415
2970.4261244290856,1.0056052831164017,1.0045400857925415
2970.428439239151,0.9974519308874228,1.0045496225357056
2970.4307540492186,0.991411425302303,1.0045639276504517
2970.433068859286,0.997509695822386,1.0045865774154663
2970.4353836693526,0.9959371469344731,1.0045865774154663
2970.4376984794194,0.9944795473944411,1.004590630531311
2970.440013289486,0.999578861780514,1.0045959949493408
2970.4423280995525,1.0014174404146972,1.0045959949493408
2970.44464290962,1.002462104019712,1.0046178102493286
2970.4469577196865,1.004778578261723,1.004624605178833
2970.449272529754,0.9937122858777633,1.0046417713165283
2970.45158733982,1.0095626888301767,1.0046417713165283
2970.4539021498867,0.9859522570981204,1.0046629905700684
2970.456216959954,0.9963104972380935,1.0047240257263184
2970.4585317700207,0.9976901724955166,1.0047358274459839
2970.460846580088,1.0038502266461882,1.0047358274459839
2970.4631613900724,0.9928269343826509,1.0047358274459839
2970.465476199955,1.0057845351424688,1.0047358274459839
2970.4677910098408,1.0046063479686866,1.0047657489776611
2970.4701058197234,0.9964742115470699,1.0047856569290161
2970.472420629609,0.9984404573250634,1.0047856569290161
2970.4747354394917,1.0045911892304829,1.0047856569290161
2970.477050249376,0.9942386495368888,1.0047856569290161
2970.47936505926,0.9998247720999219,1.0048178434371948
2970.481679869145,0.9994007417230045,1.0047856569290161
2970.4839946790294,0.9913215920753805,1.0048178434371948
2970.4863094889133,0.9871403398230852,1.0048190355300903
2970.488624298797,1.0087537918050624,1.0048190355300903
2970.4909391086812,0.9940469707873412,1.004833459854126
2970.493253918566,0.9900210234197409,1.0048354864120483
2970.49556872845,0.9898422783591331,1.004833459854126
2970.4978835383354,0.9990653885180405,1.0048354864120483
2970.500198348217,0.9869110345159761,1.004852533340454
2970.5025131581033,0.9913443098023519,1.0048658847808838
2970.504827967902,0.9950469872162788,1.004852533340454
2970.507142777605,0.9955507053505185,1.0048658847808838
2970.509457587305,0.9991730160511523,1.0048658847808838
2970.5117723970075,0.9936012250418949,1.0048658847808838
2970.514087206707,0.9992438393788616,1.0048658847808838
2970.5164020164084,1.0048325305213859,1.0049039125442505
2970.518716826109,0.9935281553593851,1.0049039125442505
2970.521031635811,1.0070830137803695,1.0049039125442505
2970.5233464455105,1.000266081595588,1.0049039125442505
2970.5256612552134,0.9924374352441936,1.00490403175354
2970.5279760649137,0.9936237699214188,1.00490403175354
2970.5302908746153,1.0015328993874928,1.0049077272415161
2970.5326056843164,1.009945458818187,1.0049077272415161
2970.534920494018,0.9912228401771482,1.0049077272415161
2970.5372353037196,1.0033365058174137,1.0049077272415161
2970.539550113419,1.005477553064648,1.0049175024032593
2970.541864923122,0.9997085360502471,1.0049175024032593
2970.5441797328217,0.9914421816852332,1.0049077272415161
2970.5464945424396,0.9940269463581776,1.0049175024032593
2970.5488093519575,0.9973055040483277,1.0049077272415161
2970.5511241614768,1.000822916193394,1.0049077272415161
2970.553438970992,0.9974975613233897,1.0049077272415161
2970.555753780511,0.9938703004836308,1.0049077272415161
2970.5580685900286,1.0045291826818195,1.0049077272415161
2970.560383399547,0.9873171615334546,1.0049077272415161
2970.5626982090644,0.9944071425156696,1.0049175024032593
2970.5650130185827,0.993888391116396,1.0049077272415161
2970.5673278280997,0.9996844519137339,1.0049077272415161
2970.569642637617,0.9990245293558774,1.0049077272415161
2970.5719574471354,0.9900543632411628,1.0049077272415161
2970.574272256653,1.0078456405193161,1.0049077272415161
2970.576587066171,1.005823641598111,1.0049077272415161
2970.578901875688,0.9999008287089974,1.0049175024032593
2970.5812166852056,1.0114131473954253,1.0050091743469238
2970.5835314947244,1.0065412379815961,1.0050320625305176
2970.585846304242,0.9932958219456088,1.0050370693206787
2970.5881611136774,0.9975848258458032,1.0050370693206787
2970.5904759230098,1.0145714637483094,1.0050370693206787
2970.592790732346,0.9938147487172724,1.0050370693206787
2970.5951055416795,0.9991348452862827,1.0050370693206787
2970.597420351013,0.9863433212902185,1.0050320625305176
2970.599735160348,0.9978238178492721,1.0050320625305176
2970.602049969682,0.9945961958623242,1.0050320625305176
2970.6043647790166,1.005628040926031,1.0050320625305176
2970.60667958835,0.984424902222335,1.0050370693206787
2970.608994397684,0.9896805265864104,1.0050421953201294
2970.6113092070186,1.00218185354953,1.0050421953201294
2970.6136240163523,0.996884557470402,1.0050421953201294
2970.6159388256856,1.0027902247717968,1.0050370693206787
2970.618253635022,1.0107840692920842,1.0050370693206787
2970.6205684443544,1.013219881905314,1.0050370693206787
2970.62288325369,1.0003737477493293,1.0050320625305176
2970.625198063023,0.9941546902321494,1.0050370693206787
2970.6275128723587,0.9984333670983369,1.0050320625305176
2970.6298276816074,1.014843751853319,1.0050320625305176
2970.6321424907583,1.0022121217153255,1.0050320625305176
2970.6344572999074,0.9994600639477865,1.0050091743469238
2970.636772109059,1.0007552053062454,1.0050320625305176
2970.6390869182082,1.0045153219902478,1.0050091743469238
2970.6414017273596,1.003881028143296,1.0049936771392822
2970.6437165365082,0.9911216988604944,1.0049936771392822
2970.64603134566,0.9944165220132903,1.0049936771392822
2970.648346154811,0.9962103069118812,1.0049936771392822
2970.650660963961,1.0091878320829921,1.0049936771392822
2970.6529757731114,0.9970182069908563,1.0049936771392822
2970.65529058226,1.0040939000284583,1.0049175024032593
2970.6576053914123,0.9920946483209269,1.0049175024032593
2970.659920200561,0.9970989742670535,1.0049077272415161
2970.6622350097127,0.99986879970353,1.0049175024032593
2970.664549818862,1.0057556504965661,1.0049936771392822
2970.666864628013,0.9999242037658985,1.0049936771392822
2970.669179437161,0.9973477657892152,1.0050091743469238
2970.671494246229,0.987226377374148,1.0049936771392822
2970.6738090551935,1.0032886550711477,1.0049936771392822
2970.676123864161,1.0006245182668925,1.0049936771392822
2970.678438673126,0.9921265058783284,1.0050091743469238
2970.6807534820937,1.0118769325369357,1.0050091743469238
2970.6830682910586,1.0005565294953516,1.0050320625305176
2970.6853831000244,0.9953178931586726,1.0050320625305176
2970.687697908991,0.9901415283448111,1.0050320625305176
2970.6900127179574,1.0082755476249048,1.0050370693206787
2970.6923275269232,0.9968424343797823,1.0050370693206787
2970.694642335889,0.99201275795237,1.0050320625305176
2970.696957144854,0.9982600347210197,1.0050091743469238
2970.6992719538207,0.9992470311820187,1.0050091743469238
2970.7015867627865,0.999217496015718,1.0050091743469238
2970.703901571753,1.0138125885327296,1.0049936771392822
2970.7062163807204,0.9887335837100014,1.0049936771392822
2970.708531189684,0.9927180458378615,1.0049936771392822
2970.710845998651,1.0082627384526988,1.0049936771392822
2970.713160807533,1.0102703304122722,1.0049936771392822
2970.715475616315,0.9999902726724136,1.0049175024032593
2970.717790425096,0.994859937752221,1.0049175024032593
2970.7201052338783,0.990221514790704,1.0049936771392822
2970.722420042659,1.0048169251703973,1.0049175024032593
2970.72473485144,1.0113577225906152,1.0049175024032593
2970.727049660222,1.0014477251296208,1.0049077272415161
2970.729364469003,0.995133323218396,1.0049077272415161
2970.731679277785,1.0138455619881759,1.0049077272415161
2970.7339940865663,0.9934132302669454,1.0049077272415161
2970.736308895347,0.9903502785423624,1.0049077272415161
2970.7386237041283,0.993051841080616,1.0049175024032593
2970.74093851291,0.9956303886199842,1.0049936771392822
2970.743253321693,1.0029688637610732,1.0049936771392822
2970.745568130473,0.9982399616250428,1.0049936771392822
2970.747882939256,0.9952663531857786,1.0049936771392822
2970.750197748035,0.9882427501249017,1.0050091743469238
2970.7525125568177,0.99965554167495,1.0050091743469238
2970.754827365514,1.0067521515336342,1.0049936771392822
2970.7571421741122,0.9898632322788049,1.0049936771392822
2970.759456982707,0.9935254551707211,1.0049175024032593
2970.761771791305,1.0134035456583557,1.0049175024032593
2970.764086599901,1.013156575790795,1.0049077272415161
2970.7664014084976,0.9986685294284772,1.0049077272415161
2970.7687162170946,1.003544116275864,1.00490403175354
2970.7710310256907,1.0047644383074459,1.0049039125442505
2970.7733458342886,0.9957650734462821,1.0048658847808838
2970.775660642884,0.9987343147682891,1.0048658847808838
2970.777975451482,0.9953651340491638,1.004859209060669
2970.780290260077,0.9956481630652269,1.004852533340454
2970.782605068675,1.0030913547650497,1.004852533340454
2970.7849198772706,0.9967312325257134,1.0048354864120483
2970.7872346858676,0.9951015250166269,1.004833459854126
2970.7895494944623,1.0119950353262024,1.004833459854126
2970.7918643030607,1.000395419023748,1.0048190355300903
2970.794179111656,0.9968836245908926,1.0048178434371948
2970.7964939201697,0.9917171993513372,1.0048190355300903
2970.7988087285794,0.9980786645395742,1.0048190355300903
2970.8011235369922,1.0067095478212031,1.0048190355300903
2970.8034383454024,1.011008736114807,1.0048190355300903
2970.8057531538143,1.0059344956111758,1.0048178434371948
2970.8080679622262,0.9967220400276521,1.0048178434371948
2970.8103827706373,0.9982306392678734,1.0048190355300903
2970.8126975790487,1.000658310430679,1.004833459854126
2970.8150123874593,1.0003137963749815,1.0048190355300903
2970.8173271958703,1.002587844403794,1.0048178434371948
2970.8196420042823,1.0010720103622923,1.0048178434371948
2970.821956812695,1.004555208171566,1.0048190355300903
2970.824271621104,0.9990637122906032,1.0048190355300903
2970.826586429517,0.9974751522210819,1.0048178434371948
2970.828901237927,1.0031359506315263,1.0048178434371948
2970.8312160463397,1.0026277066749016,1.0048178434371948
2970.83353085475,1.0056800177197287,1.0048178434371948
2970.8358456631627,0.9954126072979004,1.0047856569290161
2970.838160471489,1.003841450985966,1.0047657489776611
2970.840475279714,1.001881179813906,1.0047856569290161
2970.8427900879406,0.989739644761212,1.0047856569290161
2970.845104896166,1.000617766352864,1.0047856569290161
2970.8474197043925,0.9996433636149974,1.0047856569290161
2970.849734512618,1.0090510423072072,1.0047856569290161
2970.852049320843,1.0016686928659553,1.0047856569290161
2970.8543641290694,1.002363737766524,1.0048178434371948
2970.856678937295,1.005825942105034,1.0048178434371948
2970.8589937455213,0.998072668637935,1.0047856569290161
2970.8613085537463,1.0027894098758539,1.0048178434371948
2970.8636233619713,1.003395411306862,1.0048178434371948
2970.8659381701978,1.0000345235740844,1.0048178434371948
2970.868252978424,1.0024418013807768,1.0048178434371948
2970.8705677866496,1.0099603108549984,1.0047856569290161
2970.872882594876,1.0052608706845385,1.0048178434371948
2970.8751974031,0.9964163106447805,1.0048178434371948
2970.877512211328,1.007706587109799,1.0048178434371948
2970.8798270194684,1.014651520110931,1.0048178434371948
2970.882141827509,1.0127388429240256,1.0048178434371948
2970.8844566355483,1.0081830361597068,1.0048178434371948
2970.8867714435887,1.0055878362177917,1.0048178434371948
2970.889086251628,1.0020076516656735,1.0047856569290161
2970.8914010596673,1.0069991573912873,1.0047657489776611
2970.8937158677068,1.0034073330924071,1.0047657489776611
2970.896030675747,0.9975800113708737,1.0047616958618164
2970.8983454837885,0.9910389115473215,1.0047616958618164
2970.9006602918275,1.0209623535905072,1.0047657489776611
2970.902975099869,0.9984532399621954,1.0047657489776611
2970.905289907906,0.9955561941231899,1.0047657489776611
2970.9076047159474,1.004579443720797,1.0047856569290161
2970.909919523986,1.0035474998496219,1.0047856569290161
2970.9122343320273,1.000606507426038,1.0047657489776611
2970.9145491400654,1.0102549049943572,1.0047616958618164
2970.916863948107,0.9957397361787612,1.0047657489776611
2970.9191787561454,0.9951041412570035,1.0047616958618164
2970.921493564101,0.9932356153380235,1.0047358274459839
2970.9238083719547,0.9968801284016519,1.0047616958618164
2970.9261231798087,0.992134532716889,1.0047616958618164
2970.928437987661,1.0098062711823785,1.0047657489776611
2970.9307527955157,0.9955505999132472,1.0047616958618164
2970.933067603369,1.007148505606386,1.0047358274459839
2970.935382411223,1.0125320125505215,1.0047358274459839
2970.9376972190767,1.0083673703050484,1.0047358274459839
2970.9400120269306,0.9988143565722055,1.0047358274459839
2970.942326834785,1.0045681620391216,1.0047358274459839
2970.9446416426367,1.0052049426132208,1.0047358274459839
2970.946956450492,0.999033784210304,1.0046629905700684
2970.949271258344,1.0032527689710544,1.004646897315979
2970.9515860661995,1.0048102725465136,1.004646897315979
2970.953900874051,1.0081253369142704,1.004646897315979
2970.956215681907,0.9982795791299267,1.004646897315979
2970.958530489758,1.0012074627749408,1.004646897315979
2970.9608452976127,1.0095176686950444,1.004646897315979
2970.963160105382,0.9962288750794402,1.0046629905700684
2970.9654749130486,1.013709587955391,1.0047358274459839
2970.9677897207166,1.0066066472988437,1.0046629905700684
2970.9701045283828,1.0044727378352685,1.0046629905700684
2970.9724193360494,1.0078640449070235,1.0046629905700684
2970.974734143717,0.9916083511989714,1.0046629905700684
2970.9770489513835,1.0002019525081742,1.0046629905700684
2970.9793637590496,0.99985061209883,1.0046629905700684
2970.981678566717,1.008576427016724,1.0047358274459839
2970.9839933743838,1.0055605288589027,1.0047358274459839
2970.9863081820513,0.9928434263706889,1.0047358274459839
2970.988622989718,0.999042752809422,1.0047358274459839
2970.990937797385,1.013156115071723,1.0047616958618164
2970.9932526050534,1.006333872585748,1.0047358274459839
2970.9955674127186,0.99634613479412,1.0047358274459839
2970.997882220387,1.0146639660050742,1.0047616958618164
2971.0001970280537,0.9885763889218456,1.0047616958618164
2971.002511835721,0.9942279167585167,1.0047657489776611
2971.0048266433027,1.0052999613694025,1.0047616958618164
2971.007141450782,1.0015331616505514,1.0047358274459839
2971.0094562582626,1.0078092529544684,1.0047358274459839
2971.0117710657423,1.0042141182095872,1.0047358274459839
2971.014085873223,1.0123872627274544,1.0047358274459839
2971.0164006807026,1.0073700799883811,1.0046629905700684
2971.018715488182,0.9955488242932916,1.0047358274459839
2971.0210302956625,1.004219694637197,1.0047358274459839
2971.0233451031427,1.000399000919731,1.0047616958618164
2971.0256599106224,1.0092282755092452,1.0047616958618164
2971.027974718103,1.0087544933396895,1.0047657489776611
2971.030289525582,1.015138662014543,1.0047616958618164
2971.0326043330633,0.9927133685294307,1.0047657489776611
2971.0349191405417,1.0004016094751835,1.0047657489776611
2971.037233948023,0.9953549553944735,1.0047616958618164
2971.039548755502,1.022001498516611,1.0047358274459839
2971.0418635629835,1.0051546361173351,1.0047358274459839
2971.044178370461,1.0021431646313999,1.0046629905700684
2971.046493177857,0.9931199184013364,1.004646897315979
2971.0488079851484,1.007163258673388,1.004646897315979
2971.0511227924426,0.9836521805991922,1.0046417713165283
2971.053437599736,0.9891125995888175,1.004624605178833
2971.055752407028,1.0053575363449214,1.0046221017837524
2971.0580672143196,1.0047674564171754,1.0046178102493286
2971.060382021612,0.9930778910795749,1.0046178102493286
2971.062696828906,0.9985919265153196,1.004590630531311
2971.0650116361976,1.003880211939623,1.004590630531311
2971.0673264434918,0.9969547941848826,1.0046178102493286
2971.069641250783,0.9911413381082654,1.0046178102493286
2971.0719560580774,1.0028992399892682,1.0046221017837524
2971.074270865368,1.0090266477806094,1.0046221017837524
2971.076585672661,0.9944256248841576,1.004624605178833
2971.0789004799535,1.0023224239213935,1.004624605178833
2971.081215287247,1.0073383232460016,1.004624605178833
2971.0835300945378,0.9992145859423818,1.004624605178833
2971.085844901832,1.0016654005587962,1.004624605178833
2971.088159709039,0.9986469105882362,1.0046221017837524
2971.0904745161442,1.009987300949925,1.004624605178833
2971.092789323249,0.9956425037608813,1.0046417713165283
2971.0951041303542,0.9984873491101666,1.004646897315979
2971.0974189374588,1.007365333074501,1.004646897315979
2971.099733744563,1.0109528918619963,1.0046417713165283
2971.1020485516674,0.9830833393256901,1.004624605178833
2971.104363358773,0.9947189252956911,1.0046417713165283
2971.1066781658783,1.0055598628592475,1.0046417713165283
2971.108992972983,1.005884363843562,1.004646897315979
2971.111307780087,1.0095156515107702,1.004646897315979
2971.1136225871915,1.0009840349729329,1.0046417713165283
2971.115937394297,0.9899519448579764,1.004624605178833
2971.1182522014033,1.0112213984392067,1.0046221017837524
2971.120567008507,0.9822679786282358,1.0046221017837524
2971.1228818156133,0.9973768725500143,1.0046178102493286
2971.1251966227173,0.9981989582721486,1.0046178102493286
2971.127511429822,1.0027621985334645,1.0046178102493286
2971.129826236841,1.0049447364502107,1.0046178102493286
2971.132141043758,0.996956218120891,1.0046178102493286
2971.1344558506744,0.9935712530381622,1.0046221017837524
2971.1367706575916,1.0096291834660314,1.004624605178833
2971.139085464508,1.0068322531044935,1.0046221017837524
2971.141400271424,0.9949453238238141,1.0046178102493286
2971.1437150783413,1.004892762785907,1.0046178102493286
2971.1460298852576,1.0004506738214398,1.0046221017837524
2971.148344692176,0.996086101030899,1.004624605178833
2971.150659499091,1.0018732938098835,1.004624605178833
2971.152974306009,0.9850283261193483,1.0046221017837524
2971.155289112925,0.9931405142356801,1.0046221017837524
2971.157603919843,1.0158257550784928,1.004624605178833
2971.1599187267584,0.9984576767661666,1.0046417713165283
2971.1622335336756,1.0127340549317572,1.004624605178833
2971.164548340591,0.9899448783785932,1.0046417713165283
2971.166863147509,1.0119253561131185,1.004646897315979
2971.1691779544244,0.9835502775467574,1.004646897315979
2971.171492761257,1.0102391087178078,1.004646897315979
2971.173807567983,1.0093635320849177,1.004646897315979
2971.1761223747135,0.9930447115767971,1.0046501159667969
2971.178437181441,0.9967630228999518,1.0046501159667969
2971.1807519881686,1.0122738950634833,1.0046629905700684
2971.1830667948975,1.0073856239240868,1.0046629905700684
2971.1853816016255,0.9951272175813829,1.0047616958618164
2971.187696408355,0.9947938863045515,1.0047616958618164
2971.1900112150815,0.9927713562187194,1.0047616958618164
2971.1923260218114,1.0020617930457136,1.0047657489776611
2971.194640828538,0.9963147881154438,1.0047616958618164
2971.196955635268,0.9998031690378134,1.0047616958618164
2971.199270441993,1.0046101445722924,1.0047657489776611
2971.2015852487234,1.0045108396592264,1.0047657489776611
2971.20390005545,1.004940211798278,1.0047657489776611
2971.2062148621794,1.0139304504931195,1.0047657489776611
2971.2085296689065,1.0129527064207449,1.0047657489776611
2971.2108444756363,1.0038101290062176,1.0047657489776611
2971.213159282278,1.0082520365812249,1.0047657489776611
2971.2154740888163,0.9883489947186871,1.0047657489776611
2971.2177888953565,0.9926718729385545,1.0047616958618164
2971.2201037018954,0.992376567173104,1.0047616958618164
2971.222418508435,1.002563444175438,1.0046629905700684
2971.224733314974,1.0072985252982956,1.0047616958618164
2971.2270481215123,1.0056973863880687,1.0046629905700684
2971.229362928052,0.9980507192689272,1.0046629905700684
2971.231677734591,1.0051148761970028,1.0047616958618164
2971.233992541131,0.9909381227956682,1.0046629905700684
2971.23630734767,1.0088517374323127,1.0046629905700684
2971.2386221542083,1.0001416613434906,1.0047616958618164
2971.240936960747,0.9981382329966049,1.0047616958618164
2971.243251767288,1.0105090057529174,1.0046629905700684
2971.2455665738266,1.0020071063214655,1.0047616958618164
2971.2478813803664,0.9999239415054408,1.0046629905700684
2971.250196186906,0.9998573754907019,1.0046629905700684
2971.2525109934454,1.000252621856525,1.0046501159667969
2971.2548257998974,1.0016464706248092,1.0046629905700684
2971.257140606247,1.0050352859206115,1.0046629905700684
2971.2594554125976,0.9899980706534766,1.0046629905700684
2971.261770218947,1.0060705595009993,1.0046629905700684
2971.2640850252974,0.9946360962936138,1.0046629905700684
2971.2663998316466,1.0066194283175693,1.0046501159667969
2971.2687146379963,1.005273614744668,1.0046501159667969
2971.2710294443464,1.002186858062826,1.0046501159667969
2971.273344250697,1.000390264577788,1.0046501159667969
2971.2756590570466,0.9996516215261825,1.0046501159667969
2971.2779738633967,0.9858468312441176,1.0046629905700684
2971.280288669745,0.9937614829341824,1.0046629905700684
2971.2826034760965,1.001495203388479,1.0046501159667969
2971.2849182824452,1.001973511844868,1.0046501159667969
2971.2872330887963,1.005261037047725,1.0046501159667969
2971.2895478951446,0.9991229994723283,1.004646897315979
2971.2918627014965,1.002453014735294,1.004646897315979
2971.2941775078434,1.0045519775270286,1.0046417713165283
2971.2964923141085,0.9906020091732516,1.0046417713165283
2971.2988071202685,1.0138264448512058,1.0046417713165283
2971.301121926429,1.0010431269078803,1.0046417713165283
2971.3034367325895,0.9999158696832072,1.004624605178833
2971.305751538749,0.9944495349812433,1.004624605178833
2971.3080663449086,1.006841137384477,1.0046417713165283
2971.310381151069,0.9919713099440421,1.004646897315979
2971.31269595723,0.9979107797216414,1.0046417713165283
2971.3150107633896,1.0009453474771965,1.004646897315979
2971.31732556955,1.0115912154709965,1.004646897315979
2971.319640375709,0.9994424265350387,1.004646897315979
2971.32195518187,1.003890080543795,1.004646897315979
2971.3242699880293,1.0118024867499982,1.0046417713165283
2971.3265847941907,1.0062936359271815,1.004624605178833
2971.328899600349,0.9998509623725081,1.004624605178833
2971.33121440651,1.0007978734134197,1.004624605178833
2971.3335292126703,0.998670883387312,1.004624605178833
2971.33584401883,0.9984071010259152,1.004624605178833
2971.338158824904,0.9945991065811267,1.004624605178833
2971.340473630874,0.9996771238893791,1.0046221017837524
2971.342788436843,0.9977466308928005,1.0046221017837524
2971.3451032428134,0.9956690092628784,1.004624605178833
2971.347418048783,1.006456810247454,1.0046221017837524
2971.3497328547533,1.0014486077678506,1.004624605178833
2971.3520476607227,0.9985942286840002,1.004624605178833
2971.3543624666922,0.9997491516365304,1.004624605178833
2971.356677272662,1.0142117699437108,1.0046221017837524
2971.3589920786317,0.9972936909548619,1.0046178102493286
2971.361306884601,1.0024432368676017,1.0046178102493286
2971.3636216905716,0.9976118219913864,1.0046178102493286
2971.365936496541,0.9960529680462826,1.0046178102493286
2971.3682513025124,1.0050469038588072,1.0046178102493286
2971.3705661084805,1.0019956463156545,1.0046178102493286
2971.372880914452,0.9929078493879152,1.0046178102493286
2971.3751957204204,1.0059284389092888,1.0046178102493286
2971.3775105263917,1.0086895694907472,1.0046178102493286
2971.379825332275,0.994323407028495,1.0046050548553467
2971.3821401380533,0.9958663205933892,1.004590630531311
2971.3844549438327,0.9960064634204082,1.004590630531311
2971.3867697496116,0.9960135832930764,1.004590630531311
2971.3890845553915,1.0089633163321126,1.0046050548553467
2971.3913993611704,1.0104933549995858,1.0046050548553467
2971.3937141669494,0.9940064911879116,1.004590630531311
2971.3960289727274,1.001699639127798,1.0045865774154663
2971.398343778508,0.9984215178609253,1.0045865774154663
2971.4006585842862,1.0043252214319,1.0045865774154663
2971.402973390067,1.0032471496958082,1.0045865774154663
2971.4052881958446,0.9992266600435762,1.0045865774154663
2971.4076030016254,1.0111266394387588,1.0045639276504517
2971.409917807403,0.9992957072078642,1.0045639276504517
2971.412232613183,1.012716311931337,1.0045639276504517
2971.414547418962,0.9979623569446058,1.0045639276504517
2971.416862224741,1.0002703250177734,1.0045639276504517
2971.4191770305188,1.0014711529652567,1.0045437812805176
2971.4214918362127,0.9975776974431132,1.0045400857925415
2971.4238066417993,1.0000736941188533,1.0045437812805176
2971.426121447389,0.9959362468764437,1.0045400857925415
2971.4284362529766,1.003750225622317,1.0045400857925415
2971.4307510585654,1.011305621315503,1.0045400857925415
2971.4330658641534,1.0027573094213826,1.0045400857925415
2971.4353806697404,0.9967924664436618,1.0045437812805176
2971.4376954753293,1.0113579227836405,1.0045639276504517
2971.440010280917,1.0042104486196752,1.0045639276504517
2971.4423250865057,0.9883406612615112,1.0045639276504517
2971.444639892093,1.0037771928515054,1.0045639276504517
2971.446954697683,1.000510874688669,1.0045437812805176
2971.449269503268,1.0037541417493197,1.0045400857925415
2971.451584308858,1.004022455784256,1.0045400857925415
2971.4538991144445,1.0014920746661553,1.0045197010040283
2971.4562139200343,1.002656083471891,1.0045400857925415
2971.4585287256227,1.0005509851752592,1.0045437812805176
2971.4608435312102,0.9992693629787396,1.0045639276504517
2971.463158336711,0.998682643456698,1.0045437812805176
2971.465473142107,0.9962150178408596,1.0045437812805176
2971.4677879475043,1.0006564852902555,1.0045400857925415
2971.4701027529004,1.0034392599936248,1.0045197010040283
2971.4724175582974,0.9960583975215397,1.0045197010040283
2971.474732363693,0.994579071529009,1.0045400857925415
2971.4770471690895,0.9964042104203846,1.0045197010040283
2971.4793619744864,1.0067791907503476,1.0045197010040283
2971.4816767798825,0.9930173345786096,1.0045182704925537
2971.48399158528,1.000313771656356,1.0045182704925537
2971.4863063906755,1.0016571510625396,1.0045182704925537
2971.4886211960716,0.9863875629826873,1.0045197010040283
2971.4909360014685,1.003160501797304,1.0045182704925537
2971.493250806866,1.005666038728671,1.0045197010040283
2971.495565612262,0.9961838348015943,1.0045197010040283
2971.497880417659,1.0055453483655534,1.0045197010040283
2971.500195223054,1.0053693661321232,1.0045400857925415
2971.502510028452,1.0075794858077778,1.0045400857925415
2971.50482483376,0.9992011130304018,1.0045437812805176
2971.507139638966,1.0048899192616252,1.0045437812805176
2971.5094544441686,0.992272359456801,1.0045639276504517
2971.511769249375,0.9917804441355951,1.0045738220214844
2971.5140840545787,0.9933622096467345,1.0045738220214844
2971.516398859783,1.0042119498145006,1.0045738220214844
2971.518713664988,1.0085051862020256,1.0045738220214844
2971.521028470192,0.99948925925504,1.0045738220214844
2971.523343275398,0.9943352787320309,1.0045639276504517
2971.525658080601,1.0041731869622648,1.0045639276504517
2971.527972885807,0.9980616818084672,1.0045639276504517
2971.53028769101,1.0037826143090949,1.0045738220214844
2971.532602496215,1.0033187795311984,1.0045639276504517
2971.534917301418,0.9880281498768289,1.0045639276504517
2971.5372321066243,1.0032536309645796,1.0045639276504517
2971.539546911827,1.0063252256792627,1.0045639276504517
2971.541861717033,0.999307085410653,1.0045437812805176
2971.5441765222363,0.9950950509292317,1.0045400857925415
2971.546491327355,1.0144975021636602,1.0045400857925415
2971.5488061323654,0.9947895528558903,1.0045437812805176
2971.5511209373776,0.9875852110499881,1.0045437812805176
2971.5534357423903,0.9963396079577125,1.0045400857925415
2971.555750547402,1.005188037584851,1.0045400857925415
2971.5580653524144,1.008536919524658,1.0045400857925415
2971.560380157426,0.9984265476385576,1.0045400857925415
2971.5626949624375,1.0035538259196104,1.0045400857925415
2971.56500976745,0.9972876667038897,1.0045400857925415
2971.5673245724615,1.0136823543945412,1.0045400857925415
2971.5696393774742,0.9888122778413786,1.0045400857925415
2971.571954182486,0.9988329984463713,1.0045437812805176
2971.574268987497,0.9838483496077479,1.0045437812805176
2971.5765837925087,0.9894949893155002,1.0045400857925415
2971.5788985975214,1.0063452038694018,1.0045197010040283
2971.5812134025346,1.0136212975478578,1.0045182704925537
2971.5835282075464,1.013849698539067,1.004512906074524
2971.585843012559,1.0017407084878172,1.0045115947723389
2971.588157817483,1.010203105600529,1.0045115947723389
2971.590472622301,0.9977535063635818,1.004512906074524
2971.5927874271197,0.9991055549582304,1.0045115947723389
2971.5951022319396,1.0048049867714224,1.0045115947723389
2971.597417036759,1.0001346948550363,1.0045115947723389
2971.5997318415775,1.004801420287155,1.004512906074524
2971.602046646396,0.9923701101232842,1.004512906074524
2971.6043614512146,0.9876752653233664,1.0045182704925537
2971.606676256034,1.0049816856772087,1.004512906074524
2971.608991060853,1.0058851487545488,1.004512906074524
2971.6113058656724,1.0026299284456768,1.004512906074524
2971.6136206704928,1.0173675438039558,1.004512906074524
2971.6159354753095,0.9952420736334868,1.004512906074524
2971.61825028013,1.0001100106877698,1.0045115947723389
2971.6205650849474,1.0011333769910942,1.0044748783111572
2971.6228798897682,0.9958105053882733,1.0044665336608887
2971.625194694586,1.000722055165537,1.0044513940811157
2971.627509499406,0.9922043795897649,1.0044513940811157
2971.6298243041356,0.9927960535841357,1.0044665336608887
2971.6321391087617,1.0039059101829362,1.0044513940811157
2971.634453913387,0.9971776983097166,1.0044273138046265
2971.636768718013,1.0094556929514438,1.004411220550537
2971.639083522637,1.0005798985284393,1.004411220550537
2971.641398327264,0.9951223127768049,1.004411220550537
2971.6437131318885,0.9970923180417043,1.004411220550537
2971.6460279365156,0.9949740954718911,1.0044273138046265
2971.6483427411404,0.9983949197620104,1.0044273138046265
2971.6506575457665,0.9924450022057392,1.0044273138046265
2971.6529723503927,1.0023622831305046,1.0044273138046265
2971.6552871550166,0.9932257638402862,1.0044273138046265
2971.6576019596437,0.9882012835182448,1.0044273138046265
2971.659916764268,0.9951399539683898,1.0044513940811157
2971.662231568895,1.003225986770155,1.0044513940811157
2971.6645463735194,1.004931670011295,1.0044513940811157
2971.6668611781465,1.0022350004729437,1.0044513940811157
2971.6691759827695,1.0096149338450346,1.0044273138046265
2971.6714907873084,0.9989297091403291,1.0044273138046265
2971.6738055917385,0.9998393020820587,1.0044273138046265
2971.6761203961714,1.0079926538274016,1.004411220550537
2971.678435200603,1.0032258294235428,1.0043895244598389
2971.6807500050345,0.9900753203446824,1.004411220550537
2971.6830648094656,1.0036970219917558,1.0043895244598389
2971.685379613898,0.9977007701684069,1.0043895244598389
2971.687694418329,0.9919599355759884,1.0043895244598389
2971.69000922276,1.0064484336568074,1.004411220550537
2971.692324027192,1.0057869980245946,1.004411220550537
2971.6946388316233,0.9970984897002141,1.004411220550537
2971.6969536360543,0.9943885094105009,1.0044273138046265
2971.699268440487,0.9963740900361713,1.0044273138046265
2971.701583244918,0.9884094954764145,1.0044513940811157
2971.7038980493503,0.989567413144752,1.0044748783111572
2971.706212853781,1.001352963327929,1.0044513940811157
2971.708527658214,1.0100812383269826,1.0044513940811157
2971.7108424626445,0.9964347042689198,1.0044513940811157
2971.713157266989,1.007402073667771,1.0044273138046265
2971.7154720712233,0.995159639442215,1.004411220550537
2971.7177868754625,1.0115800490219582,1.004411220550537
2971.7201016797,1.0063346312202348,1.0044273138046265
2971.7224164839363,0.9992372189670542,1.0044273138046265
2971.724731288173,0.9921226568991449,1.0044273138046265
2971.727046092411,0.998922333475598,1.004411220550537
2971.729360896648,0.9909239647115934,1.0043895244598389
2971.731675700884,0.9964718714653139,1.0043895244598389
2971.7339905051217,0.9952655624353731,1.0043725967407227
2971.7363053093586,0.9966894900209939,1.0043725967407227
2971.738620113597,1.0088391769012781,1.004377841949463
2971.740934917833,1.005822017392584,1.0043895244598389
2971.7432497220716,1.0149411958796168,1.0043895244598389
2971.745564526307,0.9963848308885632,1.004377841949463
2971.7478793305445,0.9876741949159986,1.004377841949463
2971.7501941347814,1.002324418788482,1.004377841949463
2971.75250893902,1.0055661901513198,1.004377841949463
2971.7548237431656,0.9987644339279559,1.0043725967407227
2971.7571385472097,1.0184940858994969,1.0043725967407227
2971.75945335125,0.9964086875152219,1.004377841949463
2971.761768155294,1.0004792689475026,1.004377841949463
2971.7640829593347,1.0001331698264235,1.004377841949463
2971.7663977633783,1.0083702776688463,1.0043725967407227
2971.768712567418,0.9982816107424609,1.004377841949463
2971.7710273714615,0.9855352719099929,1.0043725967407227
2971.7733421755042,1.0003887112554282,1.0043712854385376
2971.775656979546,1.0018592860507731,1.0043712854385376
2971.777971783589,0.9929208948109548,1.0043725967407227
2971.7802865876306,0.9960166346835859,1.0043725967407227
2971.782601391672,0.9830525966217117,1.004377841949463
2971.7849161957133,1.0000116315891172,1.004377841949463
2971.787230999756,0.9988700873427232,1.0043895244598389
2971.789545803799,1.002322086514309,1.004411220550537
2971.7918606078415,0.9910792236813183,1.004411220550537
2971.794175411882,0.9895587524909708,1.0043895244598389
2971.7964902158374,1.0052498210773813,1.0043895244598389
2971.7988050196823,1.0137559744725195,1.0043895244598389
2971.8011198235295,1.0016983929475984,1.004411220550537
2971.8034346273766,1.0066764289644479,1.004411220550537
2971.805749431224,0.9994307831882123,1.004411220550537
2971.80806423507,0.998778103906863,1.0043895244598389
2971.810379038916,1.0097219050675488,1.004411220550537
2971.812693842762,1.0164294296960268,1.004411220550537
2971.8150086466094,0.9952469328044063,1.004411220550537
2971.8173234504557,0.9928903331936768,1.0043895244598389
2971.819638254303,0.9947292878191625,1.004377841949463
2971.8219530581487,1.0010202618592978,1.0043725967407227
2971.824267861995,1.0097937432798945,1.0043712854385376
2971.826582665842,0.9996944907568024,1.0043712854385376
2971.8288974696884,1.0011580613030677,1.0043725967407227
2971.8312122735356,0.9979260056154757,1.0043725967407227
2971.8335270773828,0.9876584040806676,1.0043725967407227
2971.8358418812277,0.9891226721685233,1.0043712854385376
2971.8381566849866,0.9918752226187935,1.0043712854385376
2971.840471488636,1.0112707701675143,1.004367470741272
2971.8427862922877,0.9950326256199722,1.0043351650238037
2971.8451010959366,1.005307316081925,1.0043351650238037
2971.847415899589,0.9976012982354604,1.0043351650238037
2971.849730703237,1.0000804754078785,1.0043303966522217
2971.852045506889,1.005596414344521,1.0043001174926758
2971.8543603105386,1.0047072522808043,1.0042977333068848
2971.8566751141907,1.0019482709318048,1.0042659044265747
2971.8589899178396,0.9999391048194797,1.004256248474121
2971.8613047214917,1.0123003516488942,1.004256248474121
2971.863619525142,1.0101794662875734,1.004256248474121
2971.8659343287927,1.0119158826083101,1.0041950941085815
2971.868249132444,1.0021238553513105,1.0040867328643799
2971.870563936093,0.9954001702303881,1.0040644407272339
2971.8728787397454,1.001657787457472,1.0040607452392578
2971.8751935433943,0.99848093191989,1.0040127038955688
2971.8775083470464,1.001745135426095,1.0040127038955688
2971.879823150606,1.0015472277895456,1.0039997100830078
2971.882137954062,1.0070286007390028,1.0039997100830078
2971.884452757514,0.9960752902152736,1.003983497619629
2971.8867675609686,1.0018398443678083,1.003969669342041
2971.8890823644215,0.9967951442832195,1.003969669342041
2971.8913971678767,0.9943386937971775,1.003969669342041
2971.8937119713314,1.0078989226669302,1.003969669342041
2971.896026774785,0.9988068937035858,1.0039465427398682
2971.898341578238,1.0061828269162312,1.0039465427398682
2971.900656381693,1.0119983500175969,1.003969669342041
2971.9029711851463,1.0048967526123533,1.003969669342041
2971.905285988601,0.9999631917458321,1.003983497619629
2971.907600792055,1.005210421079628,1.0039997100830078
2971.9099155955078,0.9935540288952003,1.0039997100830078
2971.9122303989625,0.9990426446422296,1.0039997100830078
2971.914545202416,0.9930654368950483,1.0039997100830078
2971.9168600058706,1.0010499681791845,1.0039997100830078
2971.9191748093244,0.9982757392402899,1.0039997100830078
2971.921489612688,0.9834155371068705,1.0039997100830078
2971.9238044159442,1.0102664874568994,1.0039997100830078
2971.9261192192016,0.999329753062981,1.0040127038955688
2971.92843402246,1.005719800082444,1.0040607452392578
2971.930748825716,0.9994988526206411,1.0040607452392578
2971.933063628974,0.9926072425918377,1.0040644407272339
2971.9353784322284,1.007181687711453,1.0040607452392578
2971.9376932354867,1.0004810824878376,1.0040607452392578
2971.940008038743,1.0044148435534415,1.0040127038955688
2971.9423228420005,0.9989905816111562,1.0040607452392578
2971.944637645258,1.0043843292110475,1.0040127038955688
2971.9469524485144,0.994410222555734,1.0039997100830078
2971.949267251771,0.9939448621268212,1.0040127038955688
2971.951582055027,0.9910061076968378,1.0039997100830078
2971.9538968582847,0.9953974989788843,1.0039997100830078
2971.956211661541,1.0025694121223059,1.0039997100830078
2971.9585264647994,0.9912832871996845,1.0040127038955688
2971.960841268055,1.001052447980467,1.0040127038955688
2971.9631560712232,1.0169099324659423,1.0040127038955688
2971.965470874281,1.0136689402127972,1.0040607452392578
2971.9677856773405,0.9938052322954776,1.0040127038955688
2971.9701004803997,1.000334118563409,1.0039997100830078
2971.972415283459,1.0077733095987378,1.003983497619629
2971.9747300865165,1.0083997592944496,1.003969669342041
2971.9770448895774,0.9963731496473246,1.003969669342041
2971.979359692635,1.0134407785029236,1.003969669342041
2971.9816744956956,1.0069049673779387,1.003969669342041
2971.983989298754,1.010057103449717,1.003969669342041
2971.9863041018143,1.0121527518032551,1.0039465427398682
2971.9886189048734,1.0088785106652791,1.003969669342041
2971.9909337079316,1.0042150781034416,1.003969669342041
2971.9932485109903,0.9965408466732544,1.0039465427398682
2971.9955633140503,1.0059409521624696,1.0039465427398682
2971.99787811711,1.0037827216644972,1.0039465427398682
2972.0001929201685,0.9985738721745362,1.003909707069397
2972.002507723227,1.0015079431520038,1.003909707069397
2972.0048225261958,0.9909496693247742,1.003909707069397
2972.007137329057,0.990056282125972,1.0038788318634033
2972.009452131918,0.9936816794293793,1.0038788318634033
2972.011766934779,1.0104808740288218,1.0038564205169678
2972.0140817376396,1.0000309943669816,1.0038477182388306
2972.016396540502,0.9997319759146456,1.0038477182388306
2972.0187113433626,1.0014270588503538,1.0038394927978516
2972.021026146223,1.0112534490139695,1.0038477182388306
2972.0233409490843,1.0041110030191849,1.0038394927978516
2972.025655751945,1.006467781744667,1.0038394927978516
2972.0279705548064,1.0066512817157265,1.0038355588912964
2972.030285357667,0.9940207126787968,1.0038299560546875
2972.032600160527,1.0020832182884287,1.0038167238235474
2972.0349149633885,0.9941265642395903,1.0038167238235474
2972.0372297662493,0.9973026753783534,1.0038096904754639
2972.0395445691106,0.9925609513659771,1.0038096904754639
2972.041859371971,1.0107827185309775,1.0038031339645386
2972.0441741748314,0.999032683079424,1.0037658214569092
2972.0464889776026,1.0007741099991545,1.0037412643432617
2972.0488037802643,0.9946344367073033,1.0037412643432617
2972.051118582927,0.9963676614504651,1.003732681274414
2972.0534333855894,0.9952095744377619,1.003732681274414
2972.0557481882497,0.9945132495320621,1.003732681274414
2972.0580629909136,0.9969681997684017,1.0037124156951904
2972.0603777935744,1.0018346333453132,1.0037024021148682
2972.062692596238,0.9968302780656619,1.0037024021148682
2972.065007398898,0.9997068767335902,1.0037024021148682
2972.067322201562,1.0102262415491987,1.0036611557006836
2972.0696370042224,1.002267285243939,1.0036611557006836
2972.0719518068854,1.0089285014393683,1.0037024021148682
2972.074266609546,1.0047704565214293,1.0036611557006836
2972.0765814122096,1.0012583258375012,1.003637671470642
2972.07889621487,0.9939994343828924,1.003637671470642
2972.0812110175334,0.9963372669576154,1.003637671470642
2972.0835258201955,1.0075071952268662,1.003637671470642
2972.085840622858,1.0006408187656441,1.0036131143569946
2972.0881554254292,0.9935389115661126,1.0035786628723145
2972.090470227891,1.0056439125235133,1.0035786628723145
2972.0927850303556,1.0083603246344668,1.003557801246643
2972.0950998328167,1.0018223063073466,1.003557801246643
2972.0974146352805,1.0035524341586275,1.003557801246643
2972.099729437742,0.9951492857771578,1.003557562828064
2972.1020442402064,0.9986139429640143,1.0035185813903809
2972.104359042667,1.0048331433464273,1.0035185813903809
2972.1066738451304,1.0067422385320055,1.0035185813903809
2972.108988647593,1.0060072766806476,1.0035185813903809
2972.111303450056,0.9908627276240265,1.0035160779953003
2972.1136182525192,0.9862707847679232,1.0034253597259521
2972.1159330549817,0.9913720388217563,1.0034253597259521
2972.1182478574433,0.995123545055222,1.0035160779953003
2972.1205626599067,0.9972714664558004,1.0034253597259521
2972.122877462369,0.9996763824019507,1.0034253597259521
2972.125192264832,1.0110749925570328,1.0034253597259521
2972.1275070672946,1.000306272455129,1.0034253597259521
2972.1298218696656,1.0101780345205629,1.0034136772155762
2972.1321366719276,1.0020714731909597,1.0034081935882568
2972.134451474191,1.0057431225925777,1.0034081935882568
2972.136766276454,1.0044488433506265,1.0034136772155762
2972.1390810787166,0.9988618602478436,1.0034136772155762
2972.1413958809785,0.9979000137575473,1.0034081935882568
2972.143710683243,0.9928944881657767,1.0034081935882568
2972.1460254855037,1.0034529530982188,1.0034016370773315
2972.148340287767,1.0054703873775608,1.0034009218215942
2972.1506550900294,0.9951373014363435,1.0034009218215942
2972.1529698922936,0.9939752687750464,1.0033714771270752
2972.1552846945538,0.9958892773934316,1.0033714771270752
2972.157599496818,1.0012743424233892,1.0033714771270752
2972.1599142990794,1.0143665074638852,1.0033522844314575
2972.162229101343,1.0006390721513527,1.0033714771270752
2972.1645439036047,1.0051886147971518,1.0033714771270752
2972.166858705869,1.010705260494078,1.0033714771270752
2972.169173508129,0.9896611260740366,1.0033522844314575
2972.171488310302,1.014017084309118,1.0033522844314575
2972.1738031123655,0.9989741858149407,1.0033522844314575
2972.1761179144264,1.0116565739422363,1.0033397674560547
2972.1784327164896,0.9881529696467373,1.0033397674560547
2972.18074751855,1.0145750837865632,1.0033397674560547
2972.183062320614,1.0010280844195962,1.0033397674560547
2972.185377122674,1.0039586375956273,1.003328800201416
2972.187691924737,1.017330534714298,1.003328800201416
2972.190006726799,1.0143541306561894,1.003328800201416
2972.1923215288616,1.0021608662570285,1.003328800201416
2972.1946363309216,0.9994026996265892,1.0032893419265747
2972.1969511329853,0.9929418672678961,1.003328800201416
2972.1992659350462,1.0037183047315528,1.0032893419265747
2972.20158073711,1.008618635906448,1.0032731294631958
2972.2038955391704,1.003187296442096,1.0032546520233154
2972.206210341234,0.994786244149474,1.0032546520233154
2972.2085251432954,0.9985280260839291,1.0032546520233154
2972.210839945357,0.9983786632318963,1.0032528638839722
2972.2131547473273,1.0100674661875895,1.0032204389572144
2972.2154695491886,0.993025058953331,1.003212332725525
2972.217784351049,0.9974859852918792,1.0032204389572144
2972.2200991529103,1.0060448287666879,1.0032204389572144
2972.2224139547707,0.9902474837572929,1.0032204389572144
2972.224728756631,1.0068983603471782,1.0032204389572144
2972.2270435584924,0.996113300227446,1.0032204389572144
2972.229358360353,0.9932642588634975,1.003212332725525
2972.2316731622145,1.0045518091201353,1.003212332725525
2972.2339879640745,0.9924145767985034,1.0032037496566772
2972.236302765935,0.9980580009280434,1.003212332725525
2972.2386175677975,1.005988961061415,1.0032037496566772
2972.240932369657,0.996682821505959,1.0031980276107788
2972.243247171519,0.989795059891393,1.0032037496566772
2972.2455619733782,1.014389073093012,1.0032037496566772
2972.247876775241,0.999155009878815,1.0032037496566772
2972.2501915771004,1.0055140346280376,1.0031980276107788
2972.2525063789617,0.9964581153558907,1.0031980276107788
2972.2548211807316,1.003864346798952,1.0031622648239136
2972.25713598239,1.00003565005196,1.0031622648239136
2972.25945078405,1.0037545446389156,1.0031622648239136
2972.261765585708,0.9962802141617455,1.0031622648239136
2972.2640803873664,1.0127189878712581,1.0031622648239136
2972.2663951890263,0.9999253725578972,1.0031622648239136
2972.2687099906866,0.9932646676517473,1.003131628036499
2972.2710247923433,0.9914440233120433,1.003131628036499
2972.2733395940036,0.9945460290689895,1.003131628036499
2972.2756543956616,0.990565368429609,1.0031218528747559
2972.277969197322,1.0127247291556445,1.0031218528747559
2972.2802839989795,0.9968154618522098,1.003131628036499
2972.2825988006402,1.0003942895746771,1.0031622648239136
2972.2849136022974,0.9952500796802995,1.003131628036499
2972.287228403957,0.9974138662497543,1.003131628036499
2972.2895432056157,0.995518132584557,1.0031218528747559
2972.291858007275,0.9983319504224671,1.0031006336212158
2972.2941728089327,0.9998289880776525,1.0031006336212158
2972.2964876105016,1.0040130693337115,1.0030874013900757
2972.2988024119572,0.9902911721387837,1.0030874013900757
2972.3011172134143,1.0006396266158832,1.0030608177185059
2972.303432014871,0.9950324868644204,1.003047227859497
2972.305746816328,1.0009283230274146,1.0030385255813599
2972.308061617784,1.005831404130473,1.0030385255813599
2972.3103764192397,1.008856208812425,1.0030385255813599
2972.312691220697,0.9959364029200044,1.0030385255813599
2972.3150060221533,1.008599496773094,1.0030385255813599
2972.3173208236103,1.0039743388917821,1.0030243396759033
2972.3196356250664,0.9998173262650364,1.0030159950256348
2972.3219504265226,0.9921617279390267,1.0030159950256348
2972.3242652279787,0.9978032632884565,1.0030083656311035
2972.3265800294357,0.9883290282929874,1.0030008554458618
2972.3288948308928,0.9990062731606635,1.0030008554458618
2972.3312096323493,0.9999443746750732,1.0029594898223877
2972.3335244338073,1.0023556654234813,1.0029475688934326
2972.3358392352634,1.0041196510206298,1.0029475688934326
2972.3381540366267,0.9963027649833671,1.0029290914535522
2972.34046883788,1.0016710686887798,1.0029290914535522
2972.3427836391343,0.9991614134658335,1.002903699874878
2972.345098440387,1.0074040977851535,1.0029290914535522
2972.3474132416413,0.9959013870125684,1.0029475688934326
2972.349728042894,1.0034968301508058,1.0029475688934326
2972.352042844147,1.001692907948264,1.0029475688934326
2972.3543576454013,1.0005693343447437,1.0029475688934326
2972.3566724466546,0.9933128769165708,1.0029475688934326
2972.3589872479083,0.9902352622634499,1.0029475688934326
2972.361302049161,1.007362510955693,1.0029594898223877
2972.3636168504167,0.9932655916716052,1.0029594898223877
2972.3659316516682,1.0008547045118557,1.0029594898223877
2972.3682464529224,0.9969546390617964,1.0030008554458618
2972.3705612541758,1.001744828568216,1.0029594898223877
2972.3728760554295,1.0010371508233142,1.0029594898223877
2972.3751908566815,0.9883965960131361,1.0030008554458618
2972.3775056579366,1.0092798944968975,1.0030008554458618
2972.379820459096,0.9956010264588536,1.0030008554458618
2972.382135260147,0.9955824854485754,1.0030008554458618
2972.384450061196,1.001355028688433,1.0030083656311035
2972.386764862247,0.9888831430675444,1.0030083656311035
2972.389079663294,1.0046345883506214,1.0030159950256348
2972.3913944643455,1.0189958359104352,1.0030083656311035
2972.393709265396,0.9905719074420681,1.0030083656311035
2972.396024066445,0.995598478138815,1.0030159950256348
2972.3983388674956,1.0067670100505022,1.0030159950256348
2972.4006536685447,0.9920725301835717,1.0030385255813599
2972.4029684695943,0.9992093031492268,1.0030385255813599
2972.4052832706443,1.0106585412552291,1.0030385255813599
2972.407598071694,0.9899648890860228,1.0030159950256348
2972.4099128727435,0.9935800343906779,1.0030159950256348
2972.412227673793,0.9819025831991507,1.0030159950256348
2972.4145424748426,0.9984372303571658,1.0030159950256348
2972.416857275892,1.0107552836626437,1.0030385255813599
2972.4191720769422,0.98885036537124,1.0030159950256348
2972.421486877901,0.9940502082979752,1.0030159950256348
2972.423801678746,1.0027384421127494,1.0030159950256348
2972.4261164795903,0.9984938033551115,1.0030159950256348
2972.4284312804366,1.0017790781643916,1.0030159950256348
2972.4307460812815,0.9955563455174457,1.0030159950256348
2972.4330608821274,0.9953676940052608,1.0030083656311035
2972.435375682973,1.004749784689581,1.0029594898223877
2972.4376904838177,1.004287933077913,1.0030083656311035
2972.440005284663,1.0014387003134357,1.0030083656311035
2972.4423200855085,0.994218278827133,1.0030083656311035
2972.4446348863544,1.0161427959516554,1.0030159950256348
2972.4469496871993,1.0004081337708945,1.0030159950256348
2972.4492644880447,0.9861456309387243,1.0030083656311035
2972.45157928889,0.9922351781183487,1.0030083656311035
2972.453894089736,0.9998875662539025,1.0030083656311035
2972.4562088905805,1.0024246936506545,1.0029594898223877
2972.458523691427,1.0077318013072902,1.0029594898223877
2972.4608384922713,1.0092321399323987,1.0029594898223877
2972.4631532930252,0.9928907744447749,1.0029594898223877
2972.4654680936637,0.9951176891623563,1.0029594898223877
2972.467782894306,0.9914993687476481,1.0029594898223877
2972.470097694945,0.9904940717428817,1.0029594898223877
2972.472412495587,0.9932365310050569,1.0029594898223877
2972.4747272962245,1.0015607610504782,1.0030083656311035
2972.477042096867,1.0001871900667323,1.0030159950256348
2972.4793568975056,0.9948130523889731,1.0030159950256348
2972.4816716981477,1.000694326584032,1.0030159950256348
2972.4839864987866,0.9944887678828911,1.0030159950256348
2972.4863012994288,0.9957041959574552,1.0030159950256348
2972.4886161000686,1.0068084889922733,1.0030159950256348
2972.4909309007085,0.9910875540830729,1.0030159950256348
2972.493245701349,1.0077065259092446,1.0030159950256348
2972.4955605019895,1.0002437649188647,1.0030083656311035
2972.4978753026303,0.9957194682898839,1.0030159950256348
2972.5001901032706,1.0027500894946795,1.0030159950256348
2972.50250490391,0.9874642080707324,1.0030159950256348
2972.5048197044575,1.0031649977632273,1.0030159950256348
2972.5071345048927,0.9945393389136178,1.0030159950256348
2972.5094493053275,1.0107369845260965,1.0030159950256348
2972.5117641057627,1.0046885466301747,1.0030159950256348
2972.5140789061957,0.9907721833896924,1.0030159950256348
2972.5163937066322,0.9995511104756696,1.0030385255813599
2972.5187085070665,1.002833934526783,1.0030385255813599
2972.5210233075018,0.9986932644109047,1.0030385255813599
2972.523338107936,0.9801526234895841,1.0030159950256348
2972.5256529083713,1.0115947082616232,1.0030385255813599
2972.527967708806,0.9990405172008061,1.0030159950256348
2972.53028250924,1.002673251805868,1.0030385255813599
2972.532597309674,0.9982347481850994,1.0030385255813599
2972.5349121101094,1.0030609345245247,1.0030385255813599
2972.537226910544,0.9919388854205032,1.0030385255813599
2972.5395417109794,1.0028306703615015,1.0030159950256348
2972.5418565114132,0.9970372863596797,1.0030159950256348
2972.5441713118475,0.9984412594291028,1.0030083656311035
2972.5464861121895,0.9961210357596362,1.0030083656311035
2972.5488009124183,1.0039249598637674,1.0030083656311035
2972.5511157126466,0.991891758265006,1.0030159950256348
2972.5534305128754,0.9953624851246664,1.0030385255813599
2972.5557453131023,0.9956005761709117,1.003047227859497
2972.558060113332,0.9969542450414004,1.003047227859497
2972.5603749135594,1.005270751601168,1.003047227859497
2972.5626897137895,0.9933508899865989,1.0030608177185059
2972.565004514016,0.9996759082531562,1.0030608177185059
2972.5673193142466,0.9921627018671444,1.0030874013900757
2972.569634114472,1.0023584269405208,1.0030874013900757
2972.5719489147023,1.0079492616301773,1.0031006336212158
2972.57426371493,0.9829782659875379,1.0030874013900757
2972.5765785151593,0.9866411048011924,1.0031006336212158
2972.578893315388,0.9922896083933935,1.0031006336212158
2972.581208115616,1.0008933381361498,1.0030874013900757
2972.5835229158442,0.9900326305510234,1.0030874013900757
2972.585837716073,0.9987792187665641,1.0030608177185059
2972.588152516207,0.9970254938989823,1.003047227859497
2972.590467316229,1.0192372395992106,1.0030385255813599
2972.59278211625,0.9903976268604033,1.003047227859497
2972.595096916271,0.9866507926509686,1.003047227859497
2972.597411716294,0.9941666942988654,1.0030385255813599
2972.599726516314,1.0081433575106158,1.0030385255813599
2972.602041316337,0.9948167937688381,1.0030385255813599
2972.604356116357,1.0024232930877317,1.003047227859497
2972.606670916379,0.9942179680229898,1.003047227859497
2972.6089857163993,0.9984004364066806,1.003047227859497
2972.611300516422,0.9976548879814435,1.0030385255813599
2972.613615316444,1.0075746014812617,1.0030159950256348
2972.6159301164653,0.9975818424967232,1.0030083656311035
2972.6182449164858,0.9944130174032226,1.0030083656311035
2972.620559716508,0.9925988318067487,1.0029475688934326
2972.622874516529,1.0008530506455586,1.0029475688934326
2972.6251893165513,0.9911379959478609,1.0029475688934326
2972.6275041165723,0.9993095483906855,1.0029475688934326
2972.6298189164986,1.007183002600396,1.0029475688934326
2972.632133716313,0.9883560429194894,1.0029475688934326
2972.634448516126,0.9971283678979106,1.0029475688934326
2972.6367633159407,0.9969886492085064,1.0029475688934326
2972.6390781157543,1.0108634698206442,1.0029475688934326
2972.641392915568,1.0061535597899438,1.0029290914535522
2972.6437077153832,1.0056266483810699,1.0029290914535522
2972.646022515195,1.017143579139348,1.0029290914535522
2972.6483373150104,0.9908375205358542,1.0029475688934326
2972.650652114823,0.9976772585041792,1.0029475688934326
2972.6529669146385,1.0032753959369733,1.0029475688934326
2972.6552817144498,0.9992504616863613,1.0029290914535522
2972.6575965142647,1.0066174747975765,1.0029290914535522
2972.6599113140774,1.014037241359965,1.0029475688934326
2972.6622261138928,0.9996540016122027,1.0029475688934326
2972.6645409137054,1.0153617318732906,1.0029290914535522
2972.666855713521,1.0018309369145717,1.0029290914535522
2972.6691705133326,1.0007318465330777,1.002903699874878
2972.6714853130525,0.9965006990400294,1.002903699874878
2972.6738001126587,0.99907416718432,1.002903699874878
2972.676114912264,0.9997869954543974,1.002903699874878
2972.6784297118697,0.9993093937427983,1.0028955936431885
2972.680744511475,1.0039642701005052,1.0028955936431885
2972.68305931108,0.9976401901541027,1.002903699874878
2972.6853741106856,1.0082444836487974,1.0028955936431885
2972.687688910292,0.994303019886209,1.002903699874878
2972.690003709897,1.0036971755860655,1.0029290914535522
2972.6923185095034,1.0053393773373147,1.002903699874878
2972.694633309107,0.9938681652862069,1.0028955936431885
2972.696948108714,1.0069164667966088,1.002903699874878
2972.6992629083184,0.994274280863393,1.0029290914535522
2972.701577707925,1.004003361868326,1.0029290914535522
2972.7038925075303,1.0125506660443098,1.0029290914535522
2972.7062073071365,0.988795495733539,1.0029290914535522
2972.708522106742,0.9976258075927087,1.002903699874878
2972.7108369063462,0.9955484189523647,1.002903699874878
2972.7131517058574,0.9941757163882512,1.002903699874878
2972.7154665052535,0.9888669754465108,1.0028955936431885
2972.7177813046505,1.0037339095279654,1.0028955936431885
2972.720096104047,1.0223367922258602,1.002873420715332
2972.722410903443,0.9955347336269208,1.002873420715332
2972.724725702839,1.0037627697028035,1.0028703212738037
2972.727040502236,0.9964878745403385,1.002873420715332
2972.729355301632,0.9997828279814557,1.0028703212738037
2972.731670101029,0.9969296464683446,1.002873420715332
2972.733984900425,0.9919183611658167,1.002873420715332
2972.7362996998213,0.9961828599386262,1.002873420715332
2972.7386144992192,1.0015001107847268,1.002873420715332
2972.7409292986144,1.0036321224356664,1.002873420715332
2972.7432440980124,0.995537216056798,1.0028703212738037
2972.745558897407,0.9911982514659973,1.0028520822525024
2972.747873696806,0.996229494731254,1.0028520822525024
2972.7501884962007,0.9967143668502545,1.0028703212738037
2972.7525032955978,0.997927653546085,1.0028703212738037
2972.754818094899,0.9996530177058444,1.0028520822525024
2972.757132894086,1.0074782470392687,1.0028520822525024
2972.7594476932713,1.0017540495829258,1.0028520822525024
2972.7617624924596,0.9979405727145438,1.0028520822525024
2972.764077291645,1.009166838335871,1.0028477907180786
2972.7663920908335,1.0001827071107539,1.0028327703475952
2972.76870689002,1.0038183052078897,1.0028327703475952
2972.7710216892074,0.9959166684398488,1.0028327703475952
2972.773336488394,0.9992205643580021,1.0028477907180786
2972.7756512875803,0.9945795899871749,1.0028327703475952
2972.7779660867677,1.0170431142421084,1.0028327703475952
2972.780280885954,0.9978441597066839,1.0028477907180786
2972.7825956851425,1.0041288396729022,1.0028520822525024
2972.7849104843276,1.0044694029729215,1.0028520822525024
2972.7872252835164,1.0123204798765455,1.0028477907180786
2972.789540082702,1.0191270689321714,1.0028327703475952
2972.7918548818893,1.0127323258662302,1.002794861793518
2972.794169681075,0.9913424225929152,1.002794861793518
2972.7964844801677,0.9977277841687398,1.002794861793518
2972.798799279143,0.9943374702941125,1.002794861793518
2972.8011140781205,1.0206261182614993,1.002794861793518
2972.803428877097,1.006069519698746,1.002792477607727
2972.8057436760737,1.0051990129566968,1.0027633905410767
2972.80805847505,1.0015626877944752,1.0027633905410767
2972.810373274026,1.0127469911572913,1.0027633905410767
2972.812688073003,1.0000841675890824,1.0027633905410767
2972.8150028719792,1.0059567272404777,1.002748727798462
2972.817317670956,0.9986946699975962,1.002748727798462
2972.8196324699325,0.9971727954961598,1.002748727798462
2972.8219472689084,1.0001212601641578,1.002748727798462
2972.8242620678852,0.9981465975918609,1.0027357339859009
2972.8265768668616,0.9997063513934756,1.0027186870574951
2972.82889166584,1.0112915616803548,1.0027186870574951
2972.831206464815,1.003787829252014,1.0027186870574951
2972.833521263793,1.0060139876600729,1.0027357339859009
2972.8358360627676,0.9939520709423951,1.0027357339859009
2972.838150861649,0.9956178122146077,1.002748727798462
2972.8404656604134,0.9893997217673645,1.002748727798462
2972.8427804591806,0.9934833361191469,1.002748727798462
2972.8450952579446,0.9867322516054552,1.0027633905410767
2972.847410056712,1.0023103289918471,1.0027633905410767
2972.8497248554754,0.9937689854521493,1.002792477607727
2972.8520396542417,1.0000594386636381,1.002792477607727
2972.854354453007,0.9897467114308264,1.0027633905410767
2972.856669251774,0.9953133037454934,1.0027633905410767
2972.858984050539,0.9966852583067374,1.002748727798462
2972.861298849304,0.9945029914406968,1.002748727798462
2972.863613648069,1.003577293725167,1.002748727798462
2972.8659284468354,0.9944298192534036,1.002748727798462
2972.8682432456008,1.0002589261152308,1.002748727798462
2972.8705580443666,0.9970106991884842,1.002748727798462
2972.872872843132,0.9883186041861386,1.002748727798462
2972.875187641897,0.9876690486672087,1.0027357339859009
2972.8775024406627,0.9851312901999,1.0027357339859009
2972.879817239332,0.9935333702514226,1.0027186870574951
2972.8821320378875,1.0066825392032075,1.002690076828003
2972.88444683644,0.991383307490726,1.002690076828003
2972.8867616349953,0.9912544313076866,1.002690076828003
2972.8890764335474,1.0062773638971207,1.002690076828003
2972.8913912321023,1.0025346045629302,1.002690076828003
2972.8937060306566,1.004698392875953,1.002690076828003
2972.89602082921,1.0004680853644081,1.0026525259017944
2972.8983356277645,0.9929756208457053,1.0026005506515503
2972.900650426318,1.009756822570366,1.0025882720947266
2972.9029652248714,1.0071958998935544,1.0025415420532227
2972.905280023426,1.0019730320185771,1.0025380849838257
2972.9075948219793,1.0029890544031208,1.0025123357772827
2972.9099096205337,1.003605872992506,1.0025041103363037
2972.9122244190876,1.0017695078399507,1.0025123357772827
2972.9145392176406,1.0030404237591357,1.0025123357772827
2972.916854016194,1.0064299226423528,1.0025380849838257
2972.9191688147484,1.0007331835970918,1.0025380849838257
2972.9214836132055,0.9941486217610936,1.0025380849838257
2972.923798411549,0.9982832136271791,1.0025380849838257
2972.9261132098886,1.0033309222238223,1.0025123357772827
2972.928428008232,1.008474824171478,1.0025041103363037
2972.930742806572,1.0018320698191379,1.0025041103363037
2972.933057604914,1.0061884356722453,1.002478003501892
2972.9353724032558,0.995559665402003,1.0025041103363037
2972.937687201598,1.011726408380151,1.002478003501892
2972.9400019999375,0.9972194789280323,1.002478003501892
2972.942316798281,1.0095706718520787,1.0024585723876953
2972.944631596621,0.989235045483345,1.0024585723876953
2972.946946394964,0.9918803904138708,1.0024338960647583
2972.949261193304,1.0047174343626148,1.0024585723876953
2972.9515759916476,0.9986622105395215,1.002478003501892
2972.9538907899882,1.0137650806033014,1.002478003501892
2972.95620558833,1.0038906660876468,1.0025041103363037
2972.958520386672,1.0067438291460227,1.0025041103363037
2972.960835185013,1.010127218680905,1.0025041103363037
2972.9631499832585,1.0042487086803271,1.0025041103363037
2972.9654647813863,1.0142061349240938,1.002478003501892
2972.9677795795146,0.9991413162108702,1.002476453781128
2972.970094377644,0.993035219472727,1.002476453781128
2972.972409175772,1.0014297126709193,1.002476453781128
2972.9747239739,0.9973721143619299,1.0024585723876953
2972.977038772029,0.9936352094935661,1.0024585723876953
2972.9793535701574,1.0057762865333029,1.002476453781128
2972.9816683682875,1.00306562360944,1.002476453781128
2972.983983166416,1.0107194559600219,1.002476453781128
2972.986297964545,0.9961609454941902,1.0024585723876953
2972.9886127626733,1.0114969333543424,1.0024338960647583
2972.990927560801,0.9936483106558921,1.0024242401123047
2972.9932423589303,0.9983701877429556,1.0024242401123047
2972.9955571570586,1.008095190073807,1.0024242401123047
2972.997871955188,0.9955711573061514,1.002400279045105
2973.0001867533165,1.0005835812096602,1.002362608909607
2973.0025015514443,0.9919144210920782,1.002362608909607
2973.004816349476,0.9955670966983858,1.0023560523986816
2973.007131147391,0.9935776509412286,1.0023560523986816
2973.0094459453067,1.0054526250867135,1.002362608909607
2973.011760743221,0.9959697574825827,1.002362608909607
2973.0140755411353,1.0011572989396758,1.0023560523986816
2973.016390339051,1.0040550514623803,1.0023448467254639
2973.0187051369667,0.9923313782729619,1.002323031425476
2973.021019934881,1.0033501048691766,1.002323031425476
2973.023334732797,0.9839382761493537,1.002323031425476
2973.0256495307103,1.0062841820888084,1.002323031425476
2973.027964328627,1.0010881180576576,1.002323031425476
2973.030279126541,0.9864293659092618,1.0023126602172852
2973.032593924457,1.000145575503734,1.0023126602172852
2973.034908722371,0.998818367012946,1.0022945404052734
2973.0372235202876,0.9922238418422057,1.0023126602172852
2973.0395383182,0.9912633004265532,1.002323031425476
2973.0418531161163,0.9983876252587536,1.002323031425476
2973.0441679140304,0.9958423994971513,1.002323031425476
2973.0464827118494,1.001086464237427,1.0023126602172852
2973.0487975095507,1.0,1.0022945404052734
2973.051112307251,0.9944344130024615,1.0023126602172852
2973.053427104951,0.996439502645962,1.002323031425476
2973.055741902652,0.9956287363546678,1.002323031425476
2973.058056700353,0.9961104150226656,1.002323031425476
2973.0603714980534,0.9939436469631475,1.0023448467254639
2973.0626862957547,0.9992446564887766,1.002323031425476
2973.0650010934555,0.999666987587557,1.002323031425476
2973.0673158911554,0.9895759978925072,1.002323031425476
2973.0696306888567,0.992161541942616,1.002323031425476
2973.071945486557,1.00885298872218,1.0023126602172852
2973.0742602842583,0.9943876123809587,1.0023126602172852
2973.076575081959,0.9871659256270926,1.0023126602172852
2973.0788898796613,0.9972006449089963,1.0023126602172852
2973.0812046773603,1.0076198785729034,1.0023126602172852
2973.0835194750616,1.009296992957382,1.002323031425476
2973.085834272763,0.9972825905969642,1.0023126602172852
2973.088149070366,0.9918675462567389,1.0022945404052734
2973.0904638678526,0.9996729308535387,1.0023126602172852
2973.0927786653374,0.9983953102907567,1.0022945404052734
2973.095093462823,0.9991473282197607,1.002274751663208
2973.097408260309,0.9958760245414184,1.0022716522216797
2973.0997230577955,0.9990314628859266,1.0022550821304321
2973.1020378552817,0.9966098227480739,1.0022550821304321
2973.1043526527674,0.9987087971165356,1.0022716522216797
2973.1066674502526,0.9962250483941469,1.0022550821304321
2973.10898224774,1.0045921956818444,1.0022550821304321
2973.1112970452245,1.0011529068763347,1.0022454261779785
2973.113611842712,0.9885903492190968,1.0022454261779785
2973.115926640197,1.0158410471571597,1.0022550821304321
2973.1182414376844,1.0175636706402895,1.0022550821304321
2973.1205562351674,0.9999258997148388,1.0022550821304321
2973.122871032655,0.9896452880009278,1.0022550821304321
2973.12518583014,0.9876486837140991,1.0022454261779785
2973.1275006276273,0.9983068575895361,1.0022454261779785
2973.1298154250135,0.9975195790777792,1.0022454261779785
2973.1321302222855,0.9944710939150393,1.0022029876708984
2973.1344450195547,0.9893730147703937,1.0022029876708984
2973.136759816826,1.00289607139654,1.0021812915802002
2973.139074614097,1.0099532503174178,1.002180814743042
2973.141389411367,0.9989855954072023,1.002180814743042
2973.143704208638,0.9942969479125604,1.002180814743042
2973.146019005908,0.9834535361539839,1.002180814743042
2973.148333803178,0.9960939103041048,1.002177357673645
2973.150648600449,0.9908577687850119,1.002104640007019
2973.1529633977193,0.9959028761348007,1.002177357673645
2973.1552781949904,0.9983766853620841,1.002177357673645
2973.15759299226,0.994059979257448,1.002177357673645
2973.1599077895303,0.9969937890356274,1.002104640007019
2973.1622225868014,1.00377159889907,1.0020713806152344
2973.1645373840715,1.0067321089357295,1.0020713806152344
2973.1668521813413,0.9938784680056493,1.0020713806152344
2973.1691669786123,0.9930440624202949,1.0020713806152344
2973.1714817757843,1.0001697543843204,1.002104640007019
2973.1737965728403,1.009057833086525,1.0020713806152344
2973.1761113698935,0.9981536865597422,1.0020661354064941
2973.1784261669495,0.9946903618155732,1.0020661354064941
2973.1807409640023,0.9877013159741802,1.0020661354064941
2973.1830557610574,1.001978838773534,1.0020661354064941
2973.185370558111,0.9992330417099446,1.0020653009414673
2973.187685355166,0.9992069866074005,1.0020626783370972
2973.1900001522195,0.9967097855239843,1.0020536184310913
2973.1923149492754,0.9939547934546995,1.0020041465759277
2973.1946297463282,0.9917899997858525,1.0020041465759277
2973.1969445433842,1.0074449581341562,1.0020041465759277
2973.1992593404384,0.9939773978432839,1.0020536184310913
2973.2015741374935,0.9914224464315562,1.0020536184310913
2973.2038889345495,0.9876829012227816,1.0020536184310913
2973.2062037316014,1.001910577592827,1.0020536184310913
2973.208518528658,1.0043174770858576,1.0020536184310913
2973.2108333257106,0.9910362861036411,1.0020536184310913
2973.213148122668,0.999315951359978,1.0020536184310913
2973.2154629195047,0.9880838792112708,1.0020041465759277
2973.2177777163442,1.0041763846185419,1.0020536184310913
2973.220092513179,0.9973807122154874,1.0020626783370972
2973.2224073100188,0.9995007039752744,1.0020536184310913
2973.2247221068565,1.0048992158423287,1.0020536184310913
2973.2270369036946,1.0025498954000405,1.0020536184310913
2973.2293517005314,0.9984030140967554,1.0020536184310913
2973.231666497371,0.9924250922951718,1.0020626783370972
2973.2339812942078,1.0010051351233995,1.0020536184310913
2973.2362960910455,1.007190719303912,1.0020536184310913
2973.238610887884,0.9985091308596945,1.0020536184310913
2973.2409256847222,0.9922353341458642,1.0020536184310913
2973.24324048156,1.0077284410174598,1.0020536184310913
2973.245555278397,1.00777500499351,1.0020626783370972
2973.2478700752345,1.0048080451958152,1.0020626783370972
2973.250184872073,0.9912656505867651,1.0020536184310913
2973.252499668911,1.001879408767838,1.0020536184310913
2973.2548144656503,0.9917032037864174,1.0020536184310913
2973.2571292622706,1.0109076048549626,1.0020041465759277
2973.259444058891,1.0044819890023342,1.0020041465759277
2973.261758855512,0.9990774862750207,1.0019892454147339
2973.2640736521334,1.0017929174407323,1.0019892454147339
2973.2663884487542,1.0003271761556873,1.0019848346710205
2973.2687032453755,0.9962684995641983,1.0019776821136475
2973.2710180419945,1.0069888894943344,1.0019776821136475
2973.2733328386166,1.0026109846955322,1.0019848346710205
2973.2756476352365,0.991280258456128,1.0019892454147339
2973.2779624318587,1.021458854210352,1.0019892454147339
2973.280277228478,1.001812072033165,1.0019892454147339
2973.2825920251003,1.0111445225896296,1.0019892454147339
2973.284906821719,0.9924695351409796,1.0019848346710205
2973.287221618341,1.0056893898429502,1.0019892454147339
2973.2895364149604,1.0004102176068776,1.0019892454147339
2973.2918512115825,0.9931086132519256,1.0020041465759277
2973.294166008202,1.0023471759888263,1.0020041465759277
2973.2964808047254,0.9964232665242564,1.0019892454147339
2973.298795601128,0.9986967681420368,1.0019848346710205
2973.301110397531,0.9988746329975832,1.0019848346710205
2973.303425193935,0.9920461124175778,1.0019776821136475
2973.3057399903378,0.9937115553145424,1.0019848346710205
2973.308054786741,0.9954602497169014,1.0019776821136475
2973.3103695831437,1.0062509094097603,1.001975178718567
2973.3126843795485,0.9998829292946478,1.001975178718567
2973.3149991759506,0.9976849386990898,1.001975178718567
2973.317313972355,0.998532754716137,1.0019381046295166
2973.319628768757,0.9943445856245656,1.0019381046295166
2973.321943565161,1.0107243827563699,1.0019381046295166
2973.3242583615624,0.9917469237463156,1.0019381046295166
2973.326573157967,0.9840284148685983,1.001975178718567
2973.3288879543697,1.0134480213801564,1.001975178718567
2973.3312027507736,1.0004578130835318,1.001975178718567
2973.3335175471766,0.9932032824794589,1.0019381046295166
2973.33583234358,1.0014595095567178,1.001857876777649
2973.3381471398834,0.9998154492644327,1.001857876777649
2973.3404619360686,1.0010136606810434,1.001857876777649
2973.342776732254,0.9882340874370686,1.001857876777649
2973.345091528439,1.0015566039475772,1.001857876777649
2973.3474063246244,1.0012806702559067,1.001857876777649
2973.349721120809,1.005243986043323,1.0019381046295166
2973.352035916994,1.0074366444390666,1.0019381046295166
2973.3543507131794,1.0125312448202939,1.001857876777649
2973.356665509364,1.003281457244021,1.001857876777649
2973.358980305551,1.002939128123307,1.001857876777649
2973.3612951017344,1.006320743245639,1.0019381046295166
2973.363609897921,1.0039106669730218,1.001857876777649
2973.3659246941047,0.9997150232032986,1.001857876777649
2973.3682394902908,1.005274391009345,1.001857876777649
2973.370554286474,1.0009038345502062,1.001857876777649
2973.372869082661,1.0123464252719998,1.0018410682678223
2973.375183878845,1.0035406729991676,1.0018410682678223
2973.3774986750313,1.0053187438630793,1.0018410682678223
2973.379813471116,1.018549592742133,1.0018362998962402
2973.382128267084,0.9978114619541238,1.0018362998962402
2973.3844430630493,1.0175733923273789,1.0018362998962402
2973.386757859016,0.9986892603358635,1.001793384552002
2973.3890726549835,1.0103936955028598,1.001793384552002
2973.39138745095,0.9946338863910018,1.001727819442749
2973.393702246917,1.0018846795556835,1.0017180442810059
2973.3960170428836,1.0069822516190607,1.0017180442810059
2973.3983318388496,1.0064958788625995,1.0017180442810059
2973.400646634817,1.0085677591397564,1.0017173290252686
2973.4029614307833,1.0041983745356131,1.0017173290252686
2973.40527622675,1.0087928296838067,1.0016729831695557
2973.4075910227166,0.9970606601530223,1.0016640424728394
2973.4099058186825,1.0147590484040614,1.0016729831695557
2973.412220614649,1.0069613819082142,1.0016729831695557
2973.4145354106163,1.007065634832473,1.0016729831695557
2973.4168502065836,1.0025433667172778,1.0016729831695557
2973.419165002551,0.9981489750485621,1.0016729831695557
2973.421479798417,1.0130359178266275,1.0017173290252686
2973.4237945941663,0.9950285695108921,1.0017173290252686
2973.426109389912,1.003543490466635,1.0017173290252686
2973.428424185661,0.9897639777127747,1.0017180442810059
2973.4307389814085,1.002502911455342,1.0017173290252686
2973.4330537771575,0.9993811744214636,1.0017173290252686
2973.435368572905,0.997155246914976,1.0017173290252686
2973.4376833686524,1.003000722867879,1.0016729831695557
2973.4399981643996,1.0101151231522463,1.0016640424728394
2973.4423129601482,1.0042087919764935,1.0016454458236694
2973.444627755896,1.0182218124532658,1.0016640424728394
2973.446942551644,1.0074032322389372,1.0016454458236694
2973.4492573473913,0.9928745451751884,1.0016454458236694
2973.451572143139,1.0054296502485491,1.0016640424728394
2973.453886938888,1.002200398997116,1.0016640424728394
2973.4562017346348,0.9973693158293174,1.0016640424728394
2973.4585165303843,1.0190064494583757,1.0016454458236694
2973.460831326131,1.0146122345122133,1.0016454458236694
2973.4631461217805,1.0157155998319956,1.0016156435012817
2973.4654609173067,1.0089174677800152,1.0016156435012817
2973.467775712837,0.9973495702602503,1.0016454458236694
2973.4700905083655,1.0129256947797483,1.0016454458236694
2973.472405303895,1.0019154026147972,1.0016454458236694
2973.474720099422,1.0090343819930268,1.0016640424728394
2973.477034894952,1.0101833866493795,1.0016454458236694
2973.4793496904795,0.9923986817200956,1.0016156435012817
2973.48166448601,1.005227547188539,1.0016454458236694
2973.4839792815383,1.0007280269921035,1.0016156435012817
2973.4862940770677,1.0025248266487634,1.0016156435012817
2973.4886088725957,1.0202249159472188,1.0016156435012817
2973.4909236681237,0.9962894069751818,1.0016156435012817
2973.4932384636522,1.0064854004404211,1.0016454458236694
2973.4955532591816,0.9960490506831908,1.0016454458236694
2973.49786805471,1.0041664281367615,1.0016156435012817
2973.5001828502395,1.0100497955228422,1.0016156435012817
2973.5024976457676,1.0158485418215624,1.0016156435012817
2973.504812441196,1.0075018795759805,1.0016156435012817
2973.507127236506,1.006216495970501,1.0016156435012817
2973.509442031815,1.0173654134930288,1.0016156435012817
2973.5117568271253,0.998489793280562,1.0016156435012817
2973.514071622435,1.0008987004726895,1.0016121864318848
2973.516386417743,1.0046880958309152,1.0016121864318848
2973.5187012130536,1.012517677763736,1.0015723705291748
2973.5210160083616,1.0042631351051288,1.0015723705291748
2973.5233308036727,0.9979846446166415,1.001565933227539
2973.52564559898,1.0063096018257045,1.0015723705291748
2973.5279603942913,0.9984006399582566,1.0015723705291748
2973.5302751895993,1.0032329984605677,1.0015723705291748
2973.5325899849095,1.014823850799555,1.0015723705291748
2973.534904780217,1.0032827382383425,1.0016121864318848
2973.5372195755285,0.9955304201362226,1.0016121864318848
2973.539534370836,0.9995778452421361,1.0016121864318848
2973.541849166147,1.005658312661171,1.0015723705291748
2973.544163961456,0.9932577526857942,1.0015723705291748
2973.546478756666,0.9980955862066667,1.0015723705291748
2973.548793551756,1.0108956869518355,1.0016121864318848
2973.551108346845,1.0097676041703612,1.001591444015503
2973.5534231419356,1.0116852524137825,1.001591444015503
2973.555737937025,1.0132173595939697,1.0016121864318848
2973.5580527321154,1.0022324095836628,1.0016121864318848
2973.560367527205,1.0119243132808333,1.0016156435012817
2973.562682322296,1.0053458866117895,1.0016156435012817
2973.5649971173843,1.005673252593809,1.0016454458236694
2973.567311912475,1.0060351140617276,1.0016156435012817
2973.5696267075646,1.007348248020717,1.0016454458236694
2973.5719415026547,1.002971171012701,1.0016454458236694
2973.574256297743,0.9939454266586893,1.0016156435012817
2973.576571092835,1.0065851337193574,1.0016454458236694
2973.578885887924,0.9964879780190982,1.0016640424728394
2973.5812006830142,0.9999910742359367,1.0016729831695557
2973.583515478104,1.014441410213597,1.0016729831695557
2973.5858302731945,0.9932449832881393,1.0017173290252686
2973.588145068184,1.0006441736262726,1.0017173290252686
2973.5904598630536,0.9891054049615495,1.0017180442810059
2973.5927746579246,1.002132092127896,1.0017173290252686
2973.5950894527946,1.0048445712455079,1.0017173290252686
2973.597404247665,0.9864175022789425,1.0017180442810059
2973.599719042535,1.0138578218159693,1.0017648935317993
2973.6020338374046,1.0121038915973783,1.0017648935317993
2973.6043486322747,1.0031674035299705,1.0017648935317993
2973.6066634271456,0.995233246301235,1.0017648935317993
2973.6089782220174,1.0073136950427166,1.0017648935317993
2973.611293016886,0.9980437076642393,1.001793384552002
2973.613607811758,0.9939944445845885,1.0018410682678223
2973.6159226066256,0.9993407628016963,1.001793384552002
2973.6182374014975,0.9905559841847719,1.0018410682678223
2973.6205521963666,0.9993408048463457,1.0018572807312012
2973.622866991238,1.008029444349981,1.001857876777649
2973.625181786107,0.9993322376891141,1.0018572807312012
2973.627496580979,1.009035965737579,1.001857876777649
2973.629811375748,1.0008592139661714,1.001857876777649
2973.6321261703993,0.9954443573582853,1.001857876777649
2973.634440965049,1.0115444754778953,1.001857876777649
2973.6367557597005,0.9962151630739561,1.001857876777649
2973.6390705543517,1.0088861595634464,1.001857876777649
2973.6413853490017,1.0006789468066715,1.001857876777649
2973.643700143652,0.9949619790978146,1.001857876777649
2973.6460149383033,0.9860659352218204,1.0018572807312012
2973.6483297329537,1.0027347522361831,1.0018410682678223
2973.650644527605,0.9993141403694313,1.0018410682678223
2973.652959322255,0.9981330434414256,1.0018410682678223
2973.6552741169053,0.9986608840592609,1.0018410682678223
2973.6575889115556,1.0009496609492659,1.0018410682678223
2973.659903706207,1.0052614030185925,1.001793384552002
2973.662218500858,0.9977652572952806,1.001793384552002
2973.6645332955086,0.999002576498884,1.001793384552002
2973.6668480901585,1.0026706246284354,1.001793384552002
2973.6691628848107,0.9999240806258993,1.001793384552002
2973.67147767936,1.009310383769071,1.0017648935317993
2973.673792473793,1.005969428529406,1.001793384552002
2973.676107268223,1.008726454358485,1.0017648935317993
2973.6784220626555,0.9880897202124899,1.0017648935317993
2973.6807368570844,1.0011727377911808,1.0017648935317993
2973.683051651517,1.0065601414729466,1.0017180442810059
2973.685366445947,0.9967330535819197,1.0017648935317993
2973.68768124038,1.0053386641832314,1.0017648935317993
2973.689996034809,1.0074654191100687,1.0017648935317993
2973.692310829242,0.9901692324297282,1.0017648935317993
2973.694625623672,0.9958066266651752,1.0017180442810059
2973.6969404181036,1.0061632101147475,1.0017648935317993
2973.699255212536,1.0028338485803328,1.0017648935317993
2973.7015700069664,0.9988930688043061,1.0017648935317993
2973.703884801399,0.9915851681895319,1.0017180442810059
2973.7061995958284,0.9928253124414644,1.0017173290252686
2973.7085143902614,0.9929822254379973,1.0017180442810059
2973.710829184691,1.0080663856565855,1.0017180442810059
2973.713143979024,0.99254595371664,1.0017180442810059
2973.715458773235,0.9975653991065117,1.0017180442810059
2973.7177735674477,0.999296238326023,1.0017648935317993
2973.720088361658,0.999894323707429,1.0017180442810059
2973.7224031558712,1.0013041749067655,1.0017173290252686
2973.724717950082,0.9953808273692077,1.0017180442810059
2973.7270327442957,1.0042359770653884,1.0017180442810059
2973.729347538506,0.991965228889738,1.0017648935317993
2973.7316623327197,1.001489632843227,1.0017648935317993
2973.7339771269308,0.9952246783539022,1.0017648935317993
2973.7362919211428,1.0003106982535688,1.001793384552002
2973.738606715355,0.9914960186357075,1.001793384552002
2973.7409215095668,1.0076086942293565,1.0017648935317993
2973.743236303778,0.9931173554269774,1.0017180442810059
2973.7455510979903,0.9916741838053462,1.0017180442810059
2973.7478658922023,0.9984018398238906,1.0017648935317993
2973.7501806864148,1.0073357099073912,1.0017648935317993
2973.7524954806263,1.0043102689164187,1.001793384552002
2973.7548102747382,0.9937841293699753,1.0018410682678223
2973.757125068732,1.0029207539769613,1.001793384552002
2973.759439862725,1.003835465423394,1.0017648935317993
2973.7617546567185,0.9843611756318534,1.0017648935317993
2973.764069450712,0.9899766791866202,1.001793384552002
2973.7663842447037,0.9971261081658132,1.0017648935317993
2973.7686990386987,1.0051546913141125,1.0017648935317993
2973.77101383269,1.000212413694293,1.0017648935317993
2973.773328626685,1.0034507407882964,1.0017648935317993
2973.7756434206767,0.986469366672803,1.0017648935317993
2973.7779582146713,1.0020768942333311,1.0017648935317993
2973.7802730086614,1.004766262605587,1.0017180442810059
2973.782587802656,1.0068014832762506,1.0017180442810059
2973.784902596648,0.9925129298752116,1.0017180442810059
2973.7872173906426,0.9884489147949189,1.0017180442810059
2973.7895321846345,0.988556427491374,1.0017173290252686
2973.791846978629,0.9963481128911597,1.0016729831695557
2973.7941617726215,0.996644388752966,1.0016729831695557
2973.796476566515,1.0003473753584131,1.0017173290252686
2973.7987913602906,1.0051319681247706,1.0017173290252686
2973.801106154066,1.00311138360593,1.0017173290252686
2973.8034209478406,0.9961471562465563,1.0017173290252686
2973.8057357416146,0.9934266508081625,1.0016729831695557
2973.8080505353887,1.0148176014163164,1.0016729831695557
2973.810365329164,1.004536589830227,1.0016640424728394
2973.8126801229387,1.0042564373482532,1.0016640424728394
2973.814994916714,0.9977360664694931,1.0016454458236694
2973.8173097104886,0.9991414113583398,1.0016156435012817
2973.8196245042627,0.9840156002723585,1.0016156435012817
2973.821939298038,0.9941725059628719,1.0016454458236694
2973.824254091813,0.999101805422277,1.0016454458236694
2973.8265688855877,0.9972122882348887,1.0016454458236694
2973.828883679363,1.0020236460596268,1.0016156435012817
2973.8311984731363,1.0042938953443048,1.0016156435012817
2973.8335132669126,1.0156951289079084,1.0016156435012817
2973.8358280606863,0.9927801657960146,1.0016121864318848
2973.8381428543635,1.0112834067331011,1.0016156435012817
2973.8404576479193,1.0008946241739425,1.0016454458236694
2973.8427724414782,1.001283774351338,1.0016640424728394
2973.8450872350345,1.0046517511992061,1.0016729831695557
2973.847402028591,1.0100507673657881,1.0016729831695557
2973.849716822148,1.0021477937242103,1.0016651153564453
2973.852031615706,1.0128434604258993,1.0016729831695557
2973.8543464092636,0.9918536336547481,1.0016729831695557
2973.8566612028203,1.0112883543057052,1.0016729831695557
2973.858975996379,0.9983011295732938,1.0016729831695557
2973.8612907899337,1.0150005200745194,1.0016729831695557
2973.8636055834922,1.001559271476757,1.0016729831695557
2973.865920377048,1.001515011586923,1.0016651153564453
2973.8682351706066,1.0123430005274574,1.0016651153564453
2973.8705499641624,1.0073228812099921,1.0016640424728394
2973.872864757721,0.9949864130806693,1.0016640424728394
2973.8751795512767,0.9948840039002367,1.0016640424728394
2973.8774943448357,0.9996559384768964,1.0016640424728394
2973.879809138293,0.9942618787381393,1.0016651153564453
2973.882123931634,0.998505339314991,1.0016651153564453
2973.884438724973,1.010538446167701,1.0016640424728394
2973.8867535183144,0.9965252322621063,1.0016651153564453
2973.8890683116547,0.993124840972637,1.0016729831695557
2973.8913831049954,0.9945382654646003,1.0016729831695557
2973.8936978983356,0.9876398994506728,1.0016729831695557
2973.896012691677,0.9887316394057964,1.0016729831695557
2973.898327485016,0.9978120400220123,1.0016651153564453
2973.9006422783564,0.9978401861524371,1.0016651153564453
2973.902957071697,1.000176731705918,1.0016640424728394
2973.9052718650373,0.9859736687481724,1.0016454458236694
2973.9075866583785,0.9926079550262419,1.0016454458236694
2973.909901451718,0.9982092702103661,1.0016156435012817
2973.912216245058,1.003006736861549,1.0016121864318848
2973.9145310383988,1.004767341136435,1.001591444015503
2973.916845831739,1.013779074431449,1.0015723705291748
2973.919160625081,1.0014569594122362,1.001565933227539
2973.9214754183217,0.9899748120545065,1.0015532970428467
2973.923790211448,0.9940821658824148,1.0015532970428467
2973.9261050045716,0.9916378075789979,1.001565933227539
2973.9284197976967,0.9971893930593457,1.001565933227539
2973.9307345908196,1.0036565488777307,1.0015532970428467
2973.9330493839466,0.9933486863493347,1.0014201402664185
2973.9353641770695,1.0034832387882806,1.00138521194458
2973.937678970196,0.9954006010313053,1.00138521194458
2973.9399937633193,1.0068620260393186,1.0013750791549683
2973.9423085564454,0.9914791003291815,1.00138521194458
2973.9446233495687,1.0093683171456775,1.00138521194458
2973.946938142694,0.9954952413196404,1.00138521194458
2973.949252935819,1.002664213399922,1.00138521194458
2973.9515677289437,1.009190438781816,1.0013750791549683
2973.953882522069,1.001089732326313,1.00138521194458
2973.9561973151935,1.0084117954893606,1.00138521194458
2973.9585121083173,1.0024769816418602,1.0013750791549683
2973.9608269014425,0.9890548726590267,1.0013681650161743
2973.96314169447,1.0022300964811666,1.0013681650161743
2973.965456487381,0.9933531624977604,1.0013681650161743
2973.967771280291,0.9991276108430067,1.001348614692688
2973.9700860732005,0.996779399586365,1.001319408416748
2973.9724008661105,1.0093975883820812,1.001348614692688
2973.9747156590215,0.9934007573625458,1.001319408416748
2973.9770304519325,1.0047986374712548,1.001319408416748
2973.9793452448425,1.0013071932774549,1.001319408416748
2973.9816600377526,1.009257434860258,1.0013006925582886
2973.9839748306645,1.0017052233910504,1.0012967586517334
2973.986289623573,0.9926010353490677,1.0012967586517334
2973.988604416484,0.9983930564322626,1.0012967586517334
2973.990919209394,0.9925879665908753,1.0012843608856201
2973.9932340023065,1.0022650475951682,1.0012843608856201
2973.9955487952143,0.9938374205278752,1.0012967586517334
2973.997863588126,0.989116104018129,1.0012843608856201
2974.0001783810353,0.9974557651979634,1.0012843608856201
2974.002493173947,1.0022649654820166,1.0012680292129517
2974.0048079667604,0.9953769217782927,1.0012843608856201
2974.007122759459,0.99561527264744,1.0012843608856201
2974.009437552156,1.0043928231862773,1.0012843608856201
2974.011752344853,0.9843780601708844,1.0012680292129517
2974.0140671375525,0.99895230387188,1.0012843608856201
2974.016381930249,0.9947556000569099,1.0012680292129517
2974.018696722948,0.984312697153137,1.0012680292129517
2974.021011515644,1.0056764890559806,1.0012843608856201
2974.0233263083437,1.0017598010297355,1.0012680292129517
2974.0256411010387,1.0018462373701447,1.0012680292129517
2974.0279558937377,1.0020649475042103,1.0012680292129517
2974.0302706864354,1.0008023340193077,1.0012680292129517
2974.0325854791336,0.9978483780387404,1.0012680292129517
2974.0349002718294,0.9883913458451884,1.0011968612670898
2974.0372150645285,1.006779662631414,1.0011968612670898
2974.0395298572253,1.0067466778263998,1.0012680292129517
2974.0418446499234,0.9944836417726923,1.0012843608856201
2974.0441594426215,1.0020368165181677,1.0012843608856201
2974.046474235224,0.9911619092928503,1.0012843608856201
2974.048789027711,1.0006692268174104,1.0012680292129517
2974.0511038201967,1.0191797536936897,1.0011968612670898
2974.0534186126833,1.006885036734484,1.0011968612670898
2974.055733405171,0.9982873433914602,1.0011968612670898
2974.058048197657,0.9922417274780417,1.0011968612670898
2974.0603629901448,1.0011804632440178,1.0012680292129517
2974.062677782631,0.9911846838614661,1.0012680292129517
2974.0649925751172,0.9957624167410285,1.0012680292129517
2974.067307367605,1.001871715850651,1.0012680292129517
2974.0696221600915,1.0014165327877693,1.0012843608856201
2974.0719369525787,0.998452743308972,1.0012843608856201
2974.0742517450662,1.004432898433133,1.0012680292129517
2974.0765665375516,1.0075075795503048,1.0012680292129517
2974.0788813300396,1.004909846063545,1.0012680292129517
2974.0811961225254,0.9974488183164082,1.0012680292129517
2974.083510915014,1.0014519162138977,1.0012680292129517
2974.0858257074988,0.9930074072133864,1.0012680292129517
2974.088140499893,0.9786490928648944,1.0012680292129517
2974.0904552921697,1.0044140872185536,1.0012680292129517
2974.0927700844486,0.9990419886629371,1.0011968612670898
2974.095084876725,0.9976384186912038,1.0012680292129517
2974.097399669005,1.0001170343286807,1.0012680292129517
2974.0997144612816,0.9939045116555119,1.0012680292129517
2974.1020292535613,0.9891738527439178,1.0011968612670898
2974.1043440458393,1.008300740785898,1.0011968612670898
2974.106658838118,0.9950817679226466,1.0011968612670898
2974.108973630396,1.0040552955666198,1.0011968612670898
2974.1112884226736,0.9930225151022464,1.0011893510818481
2974.1136032149525,0.9999995237287845,1.0011882781982422
2974.1159180072304,1.0213227813857968,1.0011882781982422
2974.1182327995093,0.9943283215289457,1.001187801361084
2974.1205475917873,0.9952359967655741,1.0011671781539917
2974.122862384065,0.9954557410287366,1.0011671781539917
2974.1251771763436,0.9981932642834996,1.001187801361084
2974.1274919686216,1.0024216021485557,1.001187801361084
2974.129806760807,1.0028954908546401,1.0011882781982422
2974.1321215528787,1.0009907621343357,1.0011893510818481
2974.1344363449507,1.0056172557639174,1.0011893510818481
2974.136751137023,0.9976961768132204,1.0011968612670898
2974.139065929096,0.9979234157688237,1.0011968612670898
2974.141380721167,1.0135332496373226,1.0011968612670898
2974.143695513241,0.9981726820793061,1.0011968612670898
2974.146010305312,0.9890759203147935,1.0011968612670898
2974.1483250973856,0.9846724139409105,1.0011968612670898
2974.150639889456,0.998463492849655,1.0012680292129517
2974.1529546815295,1.0105247554988572,1.0012680292129517
2974.1552694736006,0.988757050133782,1.0012967586517334
2974.1575842656744,0.9921140722462798,1.0013006925582886
2974.159899057744,0.9928438311192003,1.001319408416748
2974.162213849818,0.9956097801395989,1.001348614692688
2974.164528641889,1.0023344267166323,1.001348614692688
2974.1668434339626,1.0049088798186978,1.001319408416748
2974.1691582260355,1.0052941327736926,1.001319408416748
2974.171473018015,1.0008208649952688,1.001319408416748
2974.1737878098843,0.9959019081926,1.0013006925582886
2974.1761026017525,0.9931044861021209,1.0013006925582886
2974.1784173936226,1.003721284516411,1.0013006925582886
2974.1807321854917,0.9968753556684805,1.001319408416748
2974.183046977362,1.0079185268528121,1.001348614692688
2974.1853617692304,0.9918711140259533,1.001348614692688
2974.187676561101,0.9900324818141721,1.0013681650161743
2974.1899913529687,0.9823321430675999,1.0013681650161743
2974.1923061448383,0.9974159785287887,1.0013681650161743
2974.1946209367075,1.0084139043823421,1.0013750791549683
2974.1969357285775,1.0015493783855822,1.0013750791549683
2974.199250520447,1.0064029113991109,1.0013681650161743
2974.201565312316,1.0037223175843555,1.0013750791549683
2974.2038801041845,1.004856653890823,1.00138521194458
2974.2061948960545,1.0103326734700437,1.0014450550079346
2974.208509687923,0.9923767339266945,1.0014450550079346
2974.2108244797932,0.9984244821580982,1.0014450550079346
2974.2131392715714,0.9996035296926623,1.0015532970428467
2974.2154540632405,0.999283486701299,1.0015723705291748
2974.21776885491,1.0028244606792844,1.001591444015503
2974.2200836465804,1.0052344941500542,1.001591444015503
2974.2223984382504,0.9887707127314848,1.001591444015503
2974.22471322992,1.0001263991083984,1.001591444015503
2974.227028021589,1.0060903660789544,1.001591444015503
2974.2293428132602,0.9983687730883682,1.001591444015503
2974.231657604929,1.0022574499896333,1.001591444015503
2974.2339723965993,0.9896707764172237,1.0016121864318848
2974.2362871882683,0.9975175348352061,1.0016121864318848
2974.2386019799396,0.9900315776995648,1.0016121864318848
2974.240916771607,1.0037062021877305,1.0016121864318848
2974.243231563278,0.9866003232746693,1.0016134977340698
2974.245546354947,1.0069084756115196,1.0016134977340698
2974.2478611466177,1.0029693615069393,1.0016134977340698
2974.250175938286,0.99318821699064,1.0016121864318848
2974.2524907299576,1.0036966807948269,1.0016121864318848
2974.254805521537,0.988243936181912,1.0016121864318848
2974.2571203130115,0.9982463997577761,1.0016134977340698
2974.2594351044854,1.0063271953357613,1.0016134977340698
2974.2617498959603,0.9962935646298807,1.0016134977340698
2974.264064687435,0.9922676360392273,1.0016454458236694
2974.2663794789087,0.9980153315518605,1.0016454458236694
2974.268694270382,0.9963758021358393,1.0016454458236694
2974.271009061857,0.9788897845146608,1.0016640424728394
2974.273323853331,1.007187684430246,1.0016640424728394
2974.275638644806,1.0018774024652228,1.0016640424728394
2974.2779534362794,0.9979100434426765,1.0016640424728394
2974.280268227753,1.0033609967049355,1.0016640424728394
2974.282583019228,0.9874311028998638,1.0016640424728394
2974.2848978107018,0.9900994541311007,1.0016640424728394
2974.2872126021753,1.0010064770613203,1.0016651153564453
2974.28952739365,0.9835249333061671,1.0016651153564453
2974.2918421851236,1.0130694444179975,1.0016651153564453
2974.2941569765994,0.9936911509499036,1.0016729831695557
2974.2964717679856,0.9822093455844008,1.0016729831695557
2974.2987865592704,0.9996930756485815,1.0016825199127197
2974.301101350552,0.9887243681273759,1.0016825199127197
2974.303416141836,0.9955685543306247,1.0017173290252686
2974.3057309331175,1.0042114620695892,1.0017180442810059
2974.3080457244023,0.9945275211393275,1.0017648935317993
2974.3103605156844,0.9968066859503464,1.001793384552002
2974.312675306969,1.0014819747414576,1.001793384552002
2974.3149900982507,0.9983885119058173,1.0017648935317993
2974.317304889535,0.9955174845412447,1.001793384552002
2974.319619680817,1.0008393570149257,1.0018410682678223
2974.321934472102,1.0025043505162612,1.001855731010437
2974.324249263385,0.9815170436122522,1.001855731010437
2974.3265640546674,1.0078197917514458,1.0018572807312012
2974.328878845951,0.9978224233993229,1.001924991607666
2974.331193637234,1.0005651562044158,1.001924991607666
2974.3335084285177,0.9845229296365058,1.001924991607666
2974.3358232198007,0.9912367430962017,1.0019381046295166
2974.338138010999,1.003253353474047,1.0019381046295166
2974.3404528020956,0.9975760175229655,1.0019505023956299
2974.3427675931935,1.0042025135128383,1.0019505023956299
2974.345082384291,1.0049869140500913,1.0019776821136475
2974.347397175389,1.0044247619151863,1.0019776821136475
2974.3497119664858,1.003111645912446,1.0019776821136475
2974.3520267575823,1.001704421478233,1.0019776821136475
2974.354341548681,0.9856134858453067,1.0019776821136475
2974.356656339777,1.0019985251983357,1.0019776821136475
2974.3589711308764,0.9996684194709036,1.0019776821136475
2974.3612859219725,1.007257413805124,1.0019776821136475
2974.3636007130713,0.9846907246545794,1.0019505023956299
2974.365915504167,0.9939632146218249,1.0019505023956299
2974.3682302952648,1.0029774050353542,1.0019505023956299
2974.3705450863617,0.9998431880185176,1.0019505023956299
2974.37285987746,0.9877627165831645,1.0019505023956299
2974.3751746685557,1.0007737088889075,1.0019505023956299
2974.377489459655,0.9877550425522043,1.0019505023956299
2974.3798042506687,0.9989418165680544,1.0019505023956299
2974.382119041588,0.9937134631295728,1.0019381046295166
2974.3844338325057,0.9953233027601526,1.0019505023956299
2974.386748623423,0.9991211152449087,1.0019505023956299
2974.389063414341,0.994679839784857,1.0019776821136475
2974.391378205257,0.9936396501307881,1.0019776821136475
2974.3936929961756,0.993968164041192,1.0020018815994263
2974.3960077870915,0.9958042453893633,1.0020018815994263
2974.3983225780107,0.9937723375719969,1.0020018815994263
2974.4006373689267,0.9871030543337551,1.0020018815994263
2974.402952159846,0.9967099130666104,1.0020018815994263
2974.4052669507605,0.9909874615143287,1.0020018815994263
2974.4075817416797,0.9971831801956861,1.0020018815994263
2974.4098965325957,1.0006033025670042,1.0020018815994263
2974.412211323515,0.9966366863401283,1.0020018815994263
2974.4145261144304,0.9884603958811721,1.0020018815994263
2974.4168409053495,0.9892337081835834,1.0020018815994263
2974.4191556962664,1.005092083054693,1.0020018815994263
2974.4214704871047,1.0019871678729773,1.0020653009414673
2974.4237852778497,0.9904368140930936,1.0020653009414673
2974.4261000685933,1.00127956465299,1.0020713806152344
2974.428414859338,1.0094568919357316,1.0020653009414673
2974.4307296500815,0.9945649102842005,1.0020653009414673
2974.433044440825,0.9917219777983003,1.0020653009414673
2974.4353592315697,0.9801977377068526,1.0020713806152344
2974.437674022314,0.990450136474207,1.0020713806152344
2974.4399888130583,0.9914164718847907,1.0020713806152344
2974.4423036038015,0.9930937294194231,1.0020713806152344
2974.4446183945456,1.0098353744189854,1.0020713806152344
2974.44693318529,0.99779472575727,1.0020713806152344
2974.4492479760347,1.0009559914408073,1.0020653009414673
2974.451562766779,1.0025615085634234,1.0020713806152344
2974.4538775575234,0.9961670757403297,1.0020713806152344
2974.4561923482656,1.0107104653066197,1.0020713806152344
2974.4585071390115,0.9955141480164607,1.0020713806152344
2974.4608219297543,1.0078551184489526,1.0020713806152344
2974.4631367204247,0.9935175346515054,1.0020713806152344
2974.465451511001,0.9871119193184283,1.0020713806152344
2974.4677663015814,0.9996941464556678,1.0020713806152344
2974.470081092157,0.9928875054230399,1.002104640007019
2974.4723958827367,0.9843539870213435,1.002104640007019
2974.474710673314,1.0061918119858968,1.002104640007019
2974.477025463894,0.9935172739658514,1.002104640007019
2974.479340254471,0.9923612906234316,1.002104640007019
2974.48165504505,1.0096580780340254,1.0021374225616455
2974.483969835628,0.9958727956740338,1.0021374225616455
2974.4862846262067,0.9912960008031844,1.0021374225616455
2974.488599416785,0.9982449374522544,1.0021374225616455
2974.490914207363,1.0060322096920278,1.0021374225616455
2974.493228997941,1.0011199616298647,1.0021374225616455
2974.495543788519,1.0024260878854054,1.0021374225616455
2974.4978585790973,0.9949592408129307,1.0021413564682007
2974.500173369676,0.994270969697395,1.0021413564682007
2974.502488160254,1.0082075081504693,1.0021413564682007
2974.504802950761,0.9940192618369607,1.0021413564682007
2974.5071177411814,0.9997165312705977,1.0021413564682007
2974.509432531604,0.9930088617582603,1.0021413564682007
2974.5117473220234,1.0023166401616068,1.0021413564682007
2974.514062112446,0.9934925524324882,1.0021812915802002
2974.516376902864,0.9981845877662959,1.0021812915802002
2974.5186916932867,0.9979193296558805,1.0021812915802002
2974.5210064837065,1.000194126114887,1.0021812915802002
2974.5233212741286,0.9979555278840802,1.0021413564682007
2974.5256360645485,1.0045143837697246,1.0021812915802002
2974.5279508549706,1.002311670904849,1.0021812915802002
2974.53026564539,1.0083179184363913,1.002181887626648
2974.5325804358113,1.0051643225436786,1.002181887626648
2974.534895226232,1.017222616011993,1.002181887626648
2974.5372100166533,1.0005750031135099,1.002181887626648
2974.5395248070727,0.9986255601799712,1.0022865533828735
2974.5418395974957,0.9935237589622886,1.002362608909607
2974.5441543879156,0.9989405866281529,1.002362608909607
2974.54646917827,0.9931835950554068,1.002375841140747
2974.5487839685425,1.0024359607411086,1.0023822784423828
2974.551098758816,0.99921104508341,1.0023822784423828
2974.553413549089,0.9901338416705199,1.0023822784423828
2974.555728339361,1.001781867879902,1.0023822784423828
2974.5580431296344,0.9970200718503169,1.0023822784423828
2974.560357919907,1.001228029615422,1.0023822784423828
2974.5626727101803,1.0021837187486324,1.0023822784423828
2974.5649875004533,1.0027674074327784,1.0023822784423828
2974.5673022907254,0.9920399871940511,1.0023822784423828
2974.569617080998,1.0122725659658596,1.0023822784423828
2974.5719318712713,1.002570822796492,1.0023822784423828
2974.5742466615457,0.9929958547162236,1.0023822784423828
2974.5765614518177,1.0052090543189685,1.0023865699768066
2974.578876242092,1.0033943706393005,1.0023865699768066
2974.5811910323623,1.0143479013172252,1.0024267435073853
2974.5835058226367,1.0048114708509417,1.0024393796920776
2974.5858206129083,1.0044140428829773,1.0024393796920776
2974.5881354031203,1.0077798495925872,1.0024499893188477
2974.5904501932546,1.0081304428791558,1.002476453781128
2974.592764983392,0.9850428961367197,1.002476453781128
2974.595079773526,0.9980084148870868,1.002476453781128
2974.597394563662,1.005307405466894,1.002476453781128
2974.599709353797,1.0028983104822684,1.002476453781128
2974.6020241439332,1.0069090689422837,1.002476453781128
2974.6043389340693,0.9896222690494652,1.0024499893188477
2974.606653724204,1.0026057299421107,1.0024499893188477
2974.6089685143393,0.9941125281263237,1.002476453781128
2974.6112833044754,1.0032462551944958,1.002476453781128
2974.613598094611,1.0057418361722836,1.0024911165237427
2974.615912884747,0.9968275187626955,1.0024912357330322
2974.618227674882,1.0004249865452637,1.002511739730835
2974.620542465017,1.0113149397634487,1.002511739730835
2974.622857255152,1.0056222522374796,1.0025259256362915
2974.6251720452883,0.9864890189612492,1.002511739730835
2974.6274868354244,1.0016061029772776,1.0025259256362915
2974.6298016255028,1.012032632892328,1.0025259256362915
2974.6321164155142,1.0001934648363093,1.0025259256362915
2974.6344312055235,0.9971311189349599,1.0025380849838257
2974.636745995533,0.996873030223074,1.0025380849838257
2974.6390607855437,0.9868556544122613,1.0025415420532227
2974.6413755755534,1.0059130113836885,1.0025415420532227
2974.6436903655635,1.0012860990010855,1.0025415420532227
2974.6460051555728,0.9856560369025662,1.0026063919067383
2974.6483199455824,0.9962283773598725,1.0026181936264038
2974.650634735593,0.9925165604095132,1.0026181936264038
2974.6529495256027,0.9974718975547211,1.0026283264160156
2974.6552643156124,1.0032439535072566,1.0026732683181763
2974.6575791056225,1.0015143073931063,1.0026819705963135
2974.659893895632,0.993655471706099,1.0026819705963135
2974.662208685642,1.0037483774428713,1.0026819705963135
2974.6645234756534,1.0032709647045397,1.0027027130126953
2974.666838265662,1.0015385233599705,1.002706527709961
2974.6691530556736,1.0001368400528814,1.0027027130126953
2974.6714678456306,0.9984686040650175,1.0027027130126953
2974.6737826355297,1.01004508231803,1.0027027130126953
2974.676097425426,0.993857882661329,1.0026819705963135
2974.678412215325,1.0044668323048123,1.0026819705963135
2974.6807270052213,1.0103505055116462,1.0027027130126953
2974.683041795119,0.9866960795503181,1.0027027130126953
2974.685356585015,1.0078745886688385,1.0026819705963135
2974.6876713749143,0.9996804291380147,1.0027027130126953
2974.6899861648103,0.9797122399836597,1.0026819705963135
2974.6923009547095,1.0229736731412016,1.0026819705963135
2974.694615744605,0.9929247986037797,1.0027027130126953
2974.696930534504,1.0068484225944208,1.0027027130126953
2974.6992453244015,1.0212667988700888,1.0027027130126953
2974.7015601142984,0.9982341569891859,1.0027027130126953
2974.7038749041967,0.9979699956439614,1.002706527709961
2974.7061896940936,0.9856522977628223,1.002706527709961
2974.7085044839905,0.9992072685909068,1.0027198791503906
2974.710819273889,0.9926306770411288,1.0027198791503906
2974.7131340637416,0.992617739063775,1.002706527709961
2974.7154488535416,0.9947282410207832,1.0027198791503906
2974.7177636433407,1.00696931797647,1.0027217864990234
2974.7200784331394,0.9911678370720562,1.0027257204055786
2974.72239322294,0.9887785409285627,1.0027257204055786
2974.724708012739,0.9997866009912889,1.0027257204055786
2974.727022802539,1.0085333067039004,1.0027581453323364
2974.72933759234,1.0113550755521001,1.0027581453323364
2974.7316523821373,1.0050811644216258,1.0028177499771118
2974.7339671719387,0.9856329077434145,1.0028177499771118
2974.7362819617365,1.014934684159668,1.0028399229049683
2974.738596751538,0.9884149923251174,1.0029265880584717
2974.740911541336,0.9972760830176013,1.0029377937316895
2974.743226331137,0.9958639655629,1.0029377937316895
2974.745541120934,0.9966911999802218,1.002946138381958
2974.7478559107353,1.000454158947787,1.0029499530792236
2974.7501707005345,0.9789505469519053,1.0029499530792236
2974.7524854903345,1.0054854669772535,1.002946138381958
2974.754800280096,1.0022658112930898,1.002946138381958
2974.757115069815,0.9852362090077275,1.0029499530792236
2974.759429859532,0.9829747987774627,1.002946138381958
2974.7617446492495,1.0126511263921671,1.002946138381958
2974.7640594389677,1.0100477169984765,1.0029499530792236
2974.766374228686,0.9864355523373912,1.0029499530792236
2974.7686890184036,1.008254496363757,1.0029499530792236
2974.7710038081204,0.9994382739630354,1.0029499530792236
2974.7733185978377,0.9959538134256564,1.0029499530792236
2974.7756333875564,1.002978371682434,1.002946138381958
2974.7779481772736,0.9858649119007711,1.0029499530792236
2974.780262966992,0.9908158751085481,1.002946138381958
2974.782577756709,0.9892197754941509,1.002946138381958
2974.7848925464264,1.000046355440203,1.0029377937316895
2974.7872073361445,1.0034901790279749,1.002946138381958
2974.789522125863,0.9977882696038497,1.002946138381958
2974.7918369155805,0.9932352186773551,1.0029499530792236
2974.7941517052986,1.0081806428179378,1.0029842853546143
2974.7964664949855,1.003112740020602,1.0030041933059692
2974.798781284641,0.9934390001009056,1.0030041933059692
2974.801096074293,0.9930716278441786,1.0030041933059692
2974.803410863948,1.0072232445495257,1.0030041933059692
2974.805725653601,0.9952824576835533,1.0030041933059692
2974.808040443256,1.0090804945917913,1.0030232667922974
2974.8103552329067,0.992156614791426,1.0030232667922974
2974.8126700225616,1.005408268083707,1.0030232667922974
2974.8149848122143,0.9867462668331676,1.0030232667922974
2974.8172996018693,0.9848829656815409,1.0030251741409302
2974.819614391521,0.987653948300136,1.0030300617218018
2974.8219291811765,1.0045980158933898,1.0030345916748047
2974.8242439708297,1.0006959591466276,1.0030611753463745
2974.826558760483,0.9890790928237299,1.0030977725982666
2974.828873550137,0.9848952320785521,1.0031096935272217
2974.8311883397905,1.0018397797921088,1.0030977725982666
2974.8335031294446,1.0013900848929846,1.0030977725982666
2974.8358179190973,0.9898430490901963,1.0030611753463745
2974.8381327087304,1.0020180415121633,1.0030977725982666
2974.84044749834,1.0,1.0030977725982666
2974.8427622879485,1.00508574643356,1.0031096935272217
2974.845077077558,0.9999182388262898,1.0031166076660156
2974.847391867166,0.9926256973812714,1.0031096935272217
2974.8497066567747,0.9985599000985657,1.0031096935272217
2974.8520214463842,1.0131049328709991,1.0031096935272217
2974.8543362359937,1.0054307381825174,1.0031096935272217
2974.8566510256023,0.9908324689782896,1.0031166076660156
2974.858965815212,0.9963374782255897,1.0031096935272217
2974.861280604819,0.9869180933674575,1.0031166076660156
2974.8635953944295,0.9911463803674857,1.0031096935272217
2974.865910184037,0.9869656579312331,1.0031096935272217
2974.8682249736476,0.9935531226685129,1.0031096935272217
2974.870539763255,0.9842018616482073,1.0031096935272217
2974.8728545528656,0.9923681603533661,1.0031003952026367
2974.875169342473,0.9940664509012449,1.0031096935272217
2974.8774841320824,0.9941508865325346,1.0031096935272217
2974.8797989216796,1.0011838732739835,1.0031166076660156
2974.8821137112664,0.9933526766477726,1.0031421184539795
2974.884428500851,0.9902630673990492,1.0032222270965576
2974.886743290437,1.0094895214074542,1.0031421184539795
2974.889058080022,0.9986378929321817,1.0032222270965576
2974.8913728696084,0.9992712376649281,1.0032222270965576
2974.8936876591933,1.005430529550004,1.0032579898834229
2974.896002448778,1.0037254314373514,1.0032579898834229
2974.898317238364,0.9857742195090681,1.0032597780227661
2974.900632027949,0.9972470140933534,1.0032597780227661
2974.902946817535,0.9966703128501471,1.0032780170440674
2974.9052616071203,0.992927834132866,1.0033100843429565
2974.9075763967053,1.0003462268579604,1.0033186674118042
2974.909891186291,0.9978519439378636,1.0033186674118042
2974.912205975876,0.9832499058396077,1.0033237934112549
2974.914520765463,0.9953674038463024,1.0033186674118042
2974.9168355550473,0.9864745182854475,1.0033186674118042
2974.919150344634,0.9914405548707134,1.0033100843429565
2974.9214651342168,0.991047350503128,1.0033186674118042
2974.9237799238035,0.9914068846390882,1.0033186674118042
2974.926094713387,1.0029715627033593,1.0033186674118042
2974.928409502974,1.0031410956348787,1.0033237934112549
2974.9307242925574,0.9800798194972014,1.0033237934112549
2974.933039082144,0.9949041442309327,1.0033186674118042
2974.9353538717273,0.9853888616275907,1.0033237934112549
2974.937668661313,0.9734925129121522,1.0033237934112549
2974.9399834508977,0.9919954508887151,1.0033355951309204
2974.9422982404844,0.9988618771007867,1.0033237934112549
2974.944613030069,0.9997866093822959,1.0033237934112549
2974.946927819654,0.9980313646187425,1.0033237934112549
2974.949242609238,0.9929731034745786,1.0033355951309204
2974.9515573988238,0.9875268948026332,1.0033355951309204
2974.9538721884082,1.0068638257137186,1.0033355951309204
2974.956186977994,1.0007530231419766,1.0033535957336426
2974.9585017675786,0.9962132013107212,1.0033535957336426
2974.960816557163,0.9894216763259884,1.0033535957336426
2974.96313134676,0.9994142928001378,1.0034054517745972
2974.965446136369,0.9980462566122245,1.0034054517745972
2974.96776092598,0.9891610823770095,1.0034102201461792
2974.9700757155883,0.9903954126436206,1.0035358667373657
2974.972390505199,1.0059165369982832,1.0035358667373657
2974.9747052948064,0.9964081689477967,1.0035358667373657
2974.9770200844173,0.9942232779684279,1.0035358667373657
2974.9793348740277,0.9836149486498801,1.0034102201461792
2974.9816496636367,0.9972284088332174,1.0035358667373657
2974.983964453247,0.996839373985317,1.0035358667373657
2974.986279242856,1.0038811781923234,1.0035419464111328
2974.9885940324652,0.9839441836375904,1.0035419464111328
2974.9909088220743,0.9968184863488202,1.0035419464111328
2974.9932236116847,0.9961930745982998,1.003544569015503
2974.9955384012947,0.9980783576770662,1.0035419464111328
2974.9978531909037,0.9957464902233718,1.003544569015503
2975.0001679805127,0.992780300537718,1.0036122798919678
2975.002482770122,0.9926685353153457,1.0036132335662842
2975.0047975597554,1.0009961690192504,1.0036532878875732
2975.007112349416,0.9845937239180028,1.0036660432815552
2975.0094271390785,0.9907250243275032,1.0036805868148804
2975.0117419287376,0.9924582067568757,1.0036805868148804
2975.0140567184,0.9987615651194406,1.0036823749542236
2975.01637150806,0.9895688877423474,1.003685474395752
2975.018686297721,0.9995377414178701,1.0036861896514893
2975.0210010873816,1.0053269006702275,1.0036861896514893
2975.0233158770434,0.9913170863340968,1.003685474395752
2975.0256306667025,0.9908601192703156,1.0036861896514893
2975.0279454563647,1.0066921666294741,1.0037592649459839
2975.0302602460247,1.0033826028845354,1.0037592649459839
2975.032575035687,0.9939156623286708,1.0038083791732788
2975.034889825346,0.9884586586038568,1.0038083791732788
2975.037204615009,0.991666760682639,1.0038083791732788
2975.039519404669,1.0053459899671537,1.0037592649459839
2975.04183419433,1.0022396294219706,1.0037592649459839
2975.0441489839914,0.9807927149695003,1.0038083791732788
2975.046463773688,0.9946759447566105,1.0038083791732788
2975.0487785634296,0.9861808396239915,1.0038083791732788
2975.0510933531696,0.977919053233301,1.003830909729004
2975.05340814291,0.9859762806608353,1.0038083791732788
2975.0557229326514,0.9851667602319818,1.0037592649459839
2975.058037722392,0.9806380960513379,1.0037592649459839
2975.0603525121323,1.0088578068092193,1.0037592649459839
2975.0626673018737,0.9876406008867586,1.0038083791732788
2975.064982091614,0.9994811622345959,1.003830909729004
2975.0672968813556,1.0092577715631001,1.0038524866104126
2975.069611671097,1.0092852032288615,1.0038524866104126
2975.0719264608365,0.9922381024530579,1.003939151763916
2975.074241250579,0.9887326590988644,1.0039801597595215
2975.076556040318,0.9965016364960224,1.003939151763916
2975.07887083006,0.9910846470502462,1.003939151763916
2975.0811856197997,0.9875238254917206,1.003939151763916
2975.083500409542,0.998731417112998,1.0039801597595215
2975.0858151992816,0.9983767554033256,1.0040565729141235
2975.088129989073,0.988182271174717,1.0040723085403442
2975.0904447789226,0.9964188736506961,1.0040723085403442
2975.092759568775,0.996596843627078,1.0040723085403442
2975.095074358625,1.0083569851407366,1.004087209701538
2975.0973891484773,1.002457943789866,1.004087209701538
2975.099703938327,0.9867825714059799,1.004087209701538
2975.1020187281792,0.9904433984821226,1.0041091442108154
2975.1043335180298,0.9945874564185265,1.004136085510254
2975.1066483078816,0.9843183810003896,1.0041091442108154
2975.108963097732,0.9946089184974899,1.0041091442108154
2975.111277887583,0.9800051715061882,1.0041091442108154
2975.113592677433,0.985136770559391,1.004136085510254
2975.1159074672846,0.9937260367190831,1.004136085510254
2975.1182222571356,0.9929465808104828,1.0041091442108154
2975.120537046987,0.986361527495624,1.004136085510254
2975.122851836838,0.9991255212918826,1.004136085510254
2975.125166626688,1.004785743252805,1.0041418075561523
2975.1274814165395,0.9879126736569687,1.0041683912277222
2975.1297962064546,0.9984244720610296,1.0042003393173218
2975.1321109964483,0.9974927120555309,1.0042003393173218
2975.1344257864425,0.9939145352067934,1.0042003393173218
2975.136740576433,1.003270953649065,1.0042003393173218
2975.139055366428,1.0030459673991272,1.0042492151260376
2975.1413701564193,1.000242395379151,1.0042492151260376
2975.143684946414,0.9914595394986356,1.0042492151260376
2975.1459997364054,0.9923856750266166,1.0042492151260376
2975.1483145264,0.990335803081119,1.0042598247528076
2975.15062931639,0.997842538037493,1.0043041706085205
2975.152944106385,0.9771348914633778,1.0043041706085205
2975.1552588963773,0.9998132791854841,1.0042598247528076
2975.157573686371,1.0143069545150138,1.0043041706085205
2975.159888476362,1.0001315137745843,1.0043350458145142
2975.162203266357,1.0018325281279834,1.0043350458145142
2975.1645180563496,1.012298429643753,1.0043647289276123
2975.166832846342,0.994478365080469,1.0043647289276123
2975.1691476363358,0.9959034907329445,1.0043647289276123
2975.1714624264087,0.9821111592879882,1.0043350458145142
2975.173777216576,0.9952438048516704,1.0043647289276123
2975.176092006743,1.011753518186227,1.0043647289276123
2975.1784067969106,0.9868975559338377,1.0043647289276123
2975.1807215870795,1.001051041943992,1.0043350458145142
2975.183036377247,0.999970445882613,1.0043647289276123
2975.1853511674153,0.9997780473915109,1.0043647289276123
2975.1876659575823,1.0040509096476595,1.0043996572494507
2975.1899807477503,0.9801460207476932,1.0043996572494507
2975.1922955379187,0.9901873060578493,1.0043996572494507
2975.194610328087,1.0013411643086505,1.0043996572494507
2975.1969251182545,0.9916615186134022,1.0043996572494507
2975.1992399084234,0.9944325621323075,1.0044203996658325
2975.419145042288,1.006302986022864,1.0044203996658325
2975.421459834011,1.017713932026707,1.0043996572494507
2975.423774625937,1.0093393384767784,1.0043647289276123
2975.4260894178637,0.9976257490676824,1.0043350458145142
2975.428404209789,1.0137239608957798,1.0043350458145142
2975.430719001715,1.0265608431445485,1.0043647289276123
2975.4330337936417,1.0249924571720483,1.0043647289276123
2975.4353485855677,1.0202525227228434,1.0043647289276123
2975.4376633774946,1.012183180455067,1.0043647289276123
2975.43997816942,0.9896878601272668,1.0043350458145142
2975.442292961346,0.9910921041605788,1.0043647289276123
2975.444607753274,1.0018728289889571,1.0043647289276123
2975.446922545199,1.0009706569156278,1.0043647289276123
2975.4492373371268,0.9952054562836812,1.0043996572494507
2975.4515521290514,1.0008804973225476,1.0044479370117188
2975.4538669209796,1.0170018229463371,1.0044479370117188
2975.4561817129043,1.0069834510652842,1.0044479370117188
2975.458496504831,0.9874101581785728,1.0044479370117188
2975.460811296756,1.0058782898484675,1.0044479370117188
2975.4631260888664,1.0005758335522972,1.0044629573822021
2975.465440881193,1.0120985572592411,1.0044629573822021
2975.467755673523,0.9869353732292735,1.0044479370117188
2975.47007046585,0.9951835060003232,1.0044629573822021
2975.4723852581797,1.0094914032038278,1.0044629573822021
2975.4747000505076,0.9978332660419846,1.0044629573822021
2975.477014842835,1.0083157282727284,1.0044671297073364
2975.479329635164,1.0019978528481805,1.0044629573822021
2975.481644427492,1.0086182413864762,1.0044671297073364
2975.483959219821,1.023701884660259,1.0044671297073364
2975.486274012149,1.0127405611220686,1.0044671297073364
2975.488588804477,1.004971350263545,1.0044671297073364
2975.4909035968053,1.0157673537674277,1.0044671297073364
2975.4932183891333,1.0030702292085727,1.0044671297073364
2975.4955331814626,0.9930752505227519,1.0044671297073364
2975.4978479737906,1.0001338700636748,1.0044671297073364
2975.5001627661186,1.008121569208746,1.0044671297073364
2975.502477558446,1.0098265136544498,1.0044671297073364
2975.5047923509696,1.011775581079745,1.0044671297073364
2975.5071071437233,1.0049878410323119,1.004492163658142
2975.5094219364796,1.0182703074126884,1.0044926404953003
2975.5117367292337,1.0134604893184913,1.004492163658142
2975.51405152199,1.0099881383217655,1.0044926404953003
2975.5163663147437,1.0051526522784506,1.00449800491333
2975.518681107499,0.9939599614711545,1.0045686960220337
2975.5209959002536,1.0061132409171807,1.0045711994171143
2975.5233106930104,1.0037612641530973,1.0045711994171143
2975.5256254857627,1.0105582897122831,1.0045686960220337
2975.5279402785195,0.998382333640364,1.0045711994171143
2975.530255071273,1.0136564172534939,1.0045711994171143
2975.5325698640295,0.9963812547214569,1.0045711994171143
2975.5348846567836,1.0084397043107154,1.0045711994171143
2975.53719944954,1.0113239018511315,1.0045711994171143
2975.5395142422944,1.0218071678093887,1.0045711994171143
2975.541829035049,1.0172764197494093,1.0046015977859497
2975.5441438278044,1.012648197048394,1.0046015977859497
2975.546458620762,1.0108396504702803,1.0046015977859497
2975.5487734139656,1.0152535673435892,1.0046015977859497
2975.5534030003696,1.0149464668551593,1.0046015977859497
2975.5557177935716,1.0166040737805364,1.0046015977859497
2975.558032586775,1.0102179737087331,1.0046015977859497
2975.560347379978,1.0178034032382488,1.0046015977859497
2975.5626621731803,1.018532944893143,1.0046015977859497
2975.564976966382,1.0246212332475055,1.0045711994171143
2975.5672917595844,1.0083896478113685,1.0045686960220337
2975.569606552788,1.0092280310179376,1.0045299530029297
2975.5719213459897,1.0111554969686498,1.0045299530029297
2975.5742361391935,1.013344871388345,1.0045299530029297
2975.5765509323946,1.0394206290710986,1.0045686960220337
2975.578865725599,1.0008691159344172,1.0045711994171143
2975.5811805188,1.011336137504125,1.0046015977859497
2975.583495312003,0.9958881997586627,1.0046015977859497
2975.5858101052054,1.0326329867931363,1.0046015977859497
2975.588124898619,0.9950494879146821,1.0046015977859497
2975.590439692284,0.9988443036475576,1.0045711994171143
2975.592754485952,1.0153620157413936,1.0045711994171143
2975.5950692796173,0.997412191865658,1.0046015977859497
2975.5973840732854,1.011527185335026,1.0046015977859497
2975.5996988669517,1.0224505834301494,1.0046347379684448
2975.602013660619,0.9941978551850629,1.0046347379684448
2975.6043284542848,0.998430261063877,1.0046381950378418
2975.606643247951,1.0044419310219788,1.0046530961990356
2975.608958041618,1.014599577746608,1.0046530961990356
2975.611272835284,1.008620324477514,1.0046530961990356
2975.6135876289513,1.013231104647196,1.0046530961990356
2975.615902422617,1.0076367362611127,1.0046582221984863
2975.6182172162835,1.0252966295366557,1.0046582221984863
2975.62053200995,1.016337703217159,1.0046582221984863
2975.622846803617,1.018158962770792,1.0046582221984863
2975.6251615972833,1.0087732288016493,1.0046582221984863
2975.6274763909505,1.0383203736637492,1.0046582221984863
2975.629791184834,0.9889572271575441,1.0046582221984863
2975.632105978974,1.022764379869962,1.0046582221984863
2975.634420773118,1.0295819112344506,1.0046582221984863
2975.636735567259,1.0286629161700889,1.0046582221984863
2975.639050361403,1.007548099810102,1.0046582221984863
2975.6413651555436,1.0203930138932116,1.0046530961990356
2975.6436799496873,1.011747415439267,1.0046530961990356
2975.645994743829,1.0080928933731277,1.0046530961990356
2975.6483095379726,0.987914114993745,1.0046530961990356
2975.6506243321137,0.9947625136517094,1.0046381950378418
2975.6529391262566,1.008448871529879,1.0046381950378418
2975.655253920397,1.0081504443302154,1.0046381950378418
2975.6575687145414,0.9960955280298489,1.0046381950378418
2975.6598835086825,1.0195227158275344,1.0046381950378418
2975.6621983028263,1.0080012900598467,1.0046381950378418
2975.664513096968,1.0219853930655092,1.0046530961990356
2975.666827891111,1.01824096210556,1.0046381950378418
2975.6691426852526,0.982690688454344,1.0046381950378418
2975.6714574796138,1.012831657631976,1.0046381950378418
2975.6737722742396,1.0148457066738874,1.0046347379684448
2975.6760870688645,1.0064613573359378,1.0046530961990356
2975.6784018634885,0.990455399100586,1.0046347379684448
2975.6807166581143,1.0087995389372895,1.0046347379684448
2975.6830314527388,1.025417311947526,1.0046015977859497
2975.6853462473646,1.0025110688393823,1.0046347379684448
2975.687661041989,1.0348127073756463,1.0046530961990356
2975.6899758366135,1.0085641996378345,1.0046530961990356
2975.6922906312393,1.0006057448341712,1.0046530961990356
2975.6946054258647,0.9978826815238095,1.0046530961990356
2975.6969202204896,1.0028385686029537,1.0046347379684448
2975.699235015115,1.0053774037266388,1.0046347379684448
2975.7038646043657,1.0036001242125916,1.0046347379684448
2975.7061793989888,1.0022386270070782,1.0046347379684448
2975.7084941936155,1.0316915350922522,1.0046347379684448
2975.710808988239,1.0137158324895665,1.0046347379684448
2975.713123783086,1.0078558198091725,1.0046374797821045
2975.715438578193,0.9749465054054667,1.0046347379684448
2975.717753373304,1.0129591419126485,1.0046347379684448
2975.720068168413,1.0111932536947255,1.0046347379684448
2975.722382963523,1.0268747967217273,1.0046347379684448
2975.7246977586333,1.038663008320274,1.0046347379684448
2975.7270125537425,1.038663334444417,1.0046015977859497
2975.7293273488517,0.9996268163925972,1.0046347379684448
2975.731642143961,1.0249410055453068,1.0046347379684448
2975.733956939071,1.0079479208926694,1.0046347379684448
2975.736271734181,1.0106325883386116,1.0046347379684448
2975.7385865292904,1.0104624308527559,1.0046347379684448
2975.740901324399,1.0075531412863645,1.0046347379684448
2975.743216119509,1.0162894347982976,1.0046347379684448
2975.745530914619,0.9968575448410659,1.0046347379684448
2975.747845709728,1.0013791774463727,1.0046347379684448
2975.7501605048383,1.0010909899113691,1.0046015977859497
2975.7524752999475,1.0221738893624213,1.0046015977859497
2975.7547900952773,1.0050111819763108,1.0045711994171143
2975.7571048908667,1.0046776094897396,1.0045711994171143
2975.7594196864584,1.0332904457531447,1.0045387744903564
2975.761734482049,1.0283995527539784,1.0045387744903564
2975.764049277641,1.0027060472912115,1.0045387744903564
2975.7663640732308,1.038250761094343,1.0045387744903564
2975.7686788688234,1.015831023408739,1.0045387744903564
2975.7709936644133,1.0356724034442026,1.0045387744903564
2975.773308460006,1.0317387494469898,1.0045299530029297
2975.7756232555957,1.010111097107972,1.0045387744903564
2975.7779380511884,1.0172191142373712,1.0045387744903564
2975.780252846777,0.9991456898456593,1.0045387744903564
2975.78256764237,1.0178538836519522,1.0045387744903564
2975.78488243796,1.0272329013958281,1.0045387744903564
2975.7871972335524,1.002062039672428,1.0045299530029297
2975.789512029144,1.0208259976656406,1.0044926404953003
2975.791826824735,1.0393705655925884,1.0044926404953003
2975.7941416203253,1.0096203655914566,1.004492163658142
2975.796456416131,1.0261555757652936,1.0044671297073364
2975.798771212197,1.0245634951764646,1.0044671297073364
2975.801086008262,1.0054829620979073,1.0044479370117188
2975.803400804328,1.0140655263757548,1.0044479370117188
2975.805715600392,1.0158590899191324,1.0043996572494507
2975.8080303964566,1.0174163169424995,1.0043350458145142
2975.8103451925226,1.013561647315268,1.0043041706085205
2975.8126599885873,1.0062522390472752,1.0042598247528076
2975.814974784653,0.9951838459742365,1.0042492151260376
2975.8172895807174,1.0222346123745334,1.0042492151260376
2975.819604376784,1.0100978686181434,1.0042492151260376
2975.821919172848,0.9978719926285425,1.0042003393173218
2975.8242339689136,1.0213374709224161,1.0041695833206177
2975.8265487649783,0.9802930591052114,1.0041418075561523
2975.8288635610443,1.015531273204936,1.0041695833206177
2975.8311783571075,1.022567737879172,1.0041418075561523
2975.833493153174,1.0121184535562564,1.0041418075561523
2975.835807949238,1.0037632501450737,1.004136085510254
2975.8381227455143,1.005504519844171,1.0041091442108154
2975.84043754204,1.0014072052995353,1.0041091442108154
2975.842752338569,0.9965558908513016,1.0041091442108154
2975.845067135094,1.0203956707653188,1.0041013956069946
2975.8473819316223,0.9900148059396144,1.0040963888168335
2975.84969672815,0.9995587067793538,1.0040963888168335
2975.852011524677,1.0201503804746397,1.0040723085403442
2975.854326321203,1.036563372601955,1.003939151763916
2975.856641117731,1.0036318290045707,1.003939151763916
2975.858955914258,1.0058313974502864,1.003939151763916
2975.861270710786,1.0192465801246595,1.003939151763916
2975.8635855073126,1.016160487277318,1.003939151763916
2975.865900303839,0.9687828652670121,1.003830909729004
2975.868215100367,1.0176304161998562,1.0038158893585205
2975.870529896894,1.011366861672148,1.0038158893585205
2975.8728446934215,1.026104497318368,1.0038158893585205
2975.8751594899486,1.0140254551388033,1.0038158893585205
2975.8774742864753,0.9998669931351832,1.0038158893585205
2975.8797890832066,1.0088263684000265,1.0038094520568848
2975.8821038801784,1.0111952240677722,1.0038083791732788
2975.8844186771535,1.002856937577155,1.0038083791732788
2975.886733474126,1.0116749798667315,1.0037592649459839
2975.889048271101,1.0375098372848357,1.0036823749542236
2975.893677865047,0.9856905364191547,1.0036823749542236
2975.895992662019,0.9901564202521338,1.0036823749542236
2975.8983074589946,1.018578067243439,1.0036823749542236
2975.900622255967,0.9884209636149868,1.0036805868148804
2975.902937052942,1.0203238132317625,1.0036805868148804
2975.905251849914,1.0172254165132009,1.0036660432815552
2975.907566646888,0.9998770689678722,1.0036653280258179
2975.909881443862,0.9925079771550196,1.0036653280258179
2975.9121962408362,1.0281701918008412,1.0036532878875732
2975.9145110378095,0.9940625974700371,1.0036532878875732
2975.9168258347827,1.0051765869042555,1.0036532878875732
2975.9191406317555,1.0044831442282176,1.003554105758667
2975.9214554289238,0.9915444367127236,1.003554105758667
2975.9237702263245,1.0103463636450027,1.0035419464111328
2975.926085023726,1.0078634402889828,1.0034971237182617
2975.9283998211267,1.0137347076673353,1.0034971237182617
2975.930714618527,0.9956645589469353,1.0034971237182617
2975.9330294159286,1.0366919760929747,1.0034971237182617
2975.9353442133292,0.9920755590676298,1.0034971237182617
2975.937659010731,0.9734685215297227,1.0034971237182617
2975.939973808132,1.039528060533546,1.0034971237182617
2975.942288605532,1.0442178042524397,1.0034971237182617
2975.9446034029347,1.015573678467284,1.0034102201461792
2975.9469182003345,0.9935156699692238,1.0034102201461792
2975.949232997737,1.0319387113195992,1.0034102201461792
2975.951547795137,1.0140250664857675,1.0034102201461792
2975.9538625925393,1.0188887601837908,1.0034054517745972
2975.9561773899377,1.009873643830942,1.0033186674118042
2975.95849218734,1.019244746105063,1.0033100843429565
2975.96080698474,1.008404330843148,1.0033100843429565
2975.9631217823267,1.041821006761219,1.0032579898834229
2975.965436580132,1.0204907640716936,1.0032579898834229
2975.9677513779407,1.0152953835924172,1.0032579898834229
2975.970066175746,1.014858949768879,1.0032579898834229
2975.9723809735538,1.022775833186984,1.0032579898834229
2975.974695771361,0.981575519007665,1.0032496452331543
2975.9770105691678,0.9952335279022912,1.0032496452331543
2975.979325366975,1.003211521217999,1.0032222270965576
2975.9816401647813,1.0038360277866314,1.0031096935272217
2975.9839549625876,0.9920840258718855,1.0031096935272217
2975.9862697603953,1.0240835852141503,1.0031096935272217
2975.9885845582016,1.0039400490765116,1.0031003952026367
2975.9908993560093,0.978426707218435,1.0030977725982666
2975.9932141538156,0.9996690274064322,1.0030977725982666
2975.995528951622,1.015358164036953,1.0030611753463745
2975.9978437494296,0.9944910959181688,1.0030611753463745
2976.000158547236,0.9980269992824372,1.0030977725982666
2976.0024733450437,1.0139862117847893,1.0030611753463745
2976.0047881430246,0.9807087041361913,1.0030611753463745
2976.007102941212,1.0196879426622838,1.0030611753463745
2976.0094177394026,0.9730051993710221,1.0030611753463745
2976.0117325375904,1.004733853266474,1.0030611753463745
2976.0140473357806,0.9944384472410441,1.0030397176742554
2976.0163621339684,1.0218831303191176,1.0030397176742554
2976.0209917303455,1.013421982867582,1.0030397176742554
2976.023306528536,1.0302984384240481,1.0030345916748047
2976.025621326724,0.9659405642622498,1.002946138381958
2976.0279361249145,1.0147778725216983,1.002946138381958
2976.030250923102,1.0039716772994067,1.002946138381958
2976.0325657212925,0.9924617625853741,1.0028177499771118
2976.0348805194812,1.0159454461918311,1.0028177499771118
2976.037195317671,1.0232578985091079,1.0027657747268677
2976.0395101158597,1.0292536361679159,1.0027657747268677
2976.0418249140484,1.0177302898762999,1.002706527709961
2976.044139712237,1.017033014587974,1.002706527709961
2976.046454510588,1.0178403797172189,1.002706527709961
2976.0487693091336,1.0016885594066658,1.002706527709961
2976.0510841076803,1.0128145877372654,1.0026181936264038
2976.053398906226,1.0316762563983235,1.0025752782821655
2976.0557137047726,1.0168502312248766,1.0025752782821655
2976.0580285033175,0.9969453798483772,1.0025752782821655
2976.060343301863,1.0019171687497332,1.0025259256362915
2976.06265810041,0.9854849958469613,1.0024911165237427
2976.0649728989556,1.0195349191183072,1.0024911165237427
2976.067287697501,1.008030137930813,1.0024393796920776
2976.0696024960484,1.026002962314625,1.0024267435073853
2976.071917294593,1.02178202349787,1.0023924112319946
2976.0742320931404,0.9766415998308235,1.0022865533828735
2976.076546891685,1.0121525409355538,1.0022865533828735
2976.0788616902328,1.0242934260124748,1.0022865533828735
2976.0811764887767,1.016078907886007,1.002249002456665
2976.0834912873233,1.003854152182273,1.0021969079971313
2976.085806085869,0.9734956560795438,1.0021969079971313
2976.088120884566,1.0011193004146408,1.0021969079971313
2976.090435683441,1.0009015066782745,1.0021969079971313
2976.0927504823194,1.0174194546782653,1.0021969079971313
2976.095065281194,1.0269299397635576,1.0021969079971313
2976.097380080072,1.030225869114172,1.0021969079971313
2976.0996948789484,0.9893113352540259,1.0021969079971313
2976.1020096778257,1.020036785849759,1.0021969079971313
2976.104324476702,0.9987630600412488,1.0021969079971313
2976.106639275578,1.014388660356794,1.0021969079971313
2976.108954074455,1.0138047137646633,1.002181887626648
2976.1112688733315,1.0243045275488227,1.002181887626648
2976.1135836722087,0.9961552465584564,1.002181887626648
2976.115898471085,1.0070074030474852,1.0021374225616455
2976.118213269961,0.9840584197680424,1.0021374225616455
2976.1205280688373,1.01002212771789,1.0020970106124878
2976.1228428677146,0.9972075622445475,1.0020633935928345
2976.125157666592,1.0327363322701677,1.0020018815994263
2976.127472465468,0.9955345973380687,1.0020018815994263
2976.129787264484,1.0130398299855057,1.0020018815994263
2976.132102063662,1.0188478812611081,1.0020018815994263
2976.134416862844,1.0078419816020676,1.0020018815994263
2976.1367316620235,1.0002979189693717,1.0019505023956299
2976.1390464612055,1.019942129478154,1.0019505023956299
2976.1413612603847,0.9731019860868034,1.0019505023956299
2976.1436760595666,1.0321013638359209,1.0019505023956299
2976.1459908587453,0.9968808336020236,1.0019505023956299
2976.148305657927,1.0169399771801684,1.0019505023956299
2976.150620457107,0.9841259397713495,1.0019505023956299
2976.152935256288,0.9879921046714027,1.0019505023956299
2976.1552500554667,1.0060432031725834,1.0017149448394775
2976.157564854649,0.9910435570759094,1.0016825199127197
2976.159879653829,0.9902557171354711,1.0016825199127197
2976.1621944530093,1.0187416649033492,1.0016825199127197
2976.1645092521903,1.0141278028714982,1.0016825199127197
2976.166824051369,1.0142124183092098,1.0016825199127197
2976.1691388505515,0.9966733994055735,1.0016825199127197
2976.171453649856,0.9813255975291065,1.0016134977340698
2976.1737684493155,1.0174693003305688,1.001582384109497
2976.1760832487716,1.0254335873795895,1.001582384109497
2976.1783980482305,1.0440836945817615,1.001582384109497
2976.1807128476858,1.0063907110335517,1.001582384109497
2976.1830276471446,1.0116639630215627,1.0014777183532715
2976.1853424466008,1.0081037005117413,1.0014450550079346
2976.18765724606,1.0049675444872053,1.0014450550079346
2976.189972045517,1.0412408207381978,1.0014450550079346
2976.192286844975,1.0240755019856569,1.0013569593429565
2976.194601644432,1.0249261966431975,1.0011186599731445
2976.196916443889,1.0158988005704221,1.0011186599731445
2976.199231243347,0.9981383049662348,1.0011186599731445
2976.2015460428047,1.0180032887188655,1.0010956525802612
2976.2038608422627,0.9911586357330058,1.0010956525802612
2976.2061756417197,0.9885361033289795,1.0010956525802612
2976.2084904411768,1.019364835952849,1.0010956525802612
2976.2108052406347,1.0155088255863234,1.0010956525802612
2976.2131200402055,1.0170804278597285,1.0010956525802612
2976.215434839914,0.9942301087960416,1.0010876655578613
2976.217749639621,0.9795264364235486,1.0010876655578613
2976.220064439329,1.0097691852990784,1.0010876655578613
2976.2223792390373,0.9995028419578048,1.0010876655578613
2976.224694038746,1.0282108031857544,1.0010759830474854
2976.227008838452,1.012547462773443,1.0010759830474854
2976.2293236381615,1.0300622770651828,1.0010759830474854
2976.231638437868,1.0028600913066705,1.0010759830474854
2976.233953237577,1.0198711674839382,1.0009572505950928
2976.236268037284,1.0028484019437303,1.0009572505950928
2976.2385828369934,1.0226207203406887,1.0009572505950928
2976.2408976367,1.009713530582121,1.0009572505950928
2976.2432124364077,1.0077059865355145,1.0009359121322632
2976.2455272361144,1.0152501191275989,1.0009359121322632
2976.247842035824,0.977205658402551,1.000806450843811
2976.2501568355306,0.9925754749088433,1.0007156133651733
2976.25247163524,1.006773273949204,1.0007156133651733
2976.254786435049,1.0093568361893124,1.0007156133651733
2976.2571012349813,0.9981745522601874,1.0006552934646606
2976.259416034913,1.0161601025867315,1.0006508827209473
2976.261730834846,0.9940705150351414,1.0006508827209473
2976.2640456347776,0.9969600556011697,1.0006508827209473
2976.2663604347094,0.9993269651854143,1.0006508827209473
2976.2686752346417,1.0141576875820633,1.0006037950515747
2976.270990034573,1.0146862647147092,1.0005899667739868
2976.273304834505,0.9769514879091189,1.0005899667739868
2976.2756196344376,0.9898186192099487,1.0005899667739868
2976.2779344343694,1.0236650564236354,1.0005899667739868
2976.280249234302,0.9993284730180542,1.0005899667739868
2976.2825640342335,1.0004974053312559,1.0005899667739868
2976.284878834167,0.9984965849400915,1.0005899667739868
2976.287193634098,0.9945775074858013,1.0005899667739868
2976.289508434031,1.0051541797625196,1.000476598739624
2976.2918232339607,1.0105769292636875,1.000476598739624
2976.294138033895,1.0041853747093556,1.0004708766937256
2976.2964528339153,0.9891576572980354,1.000427007675171
2976.2987676340476,1.0089554533229022,1.0003489255905151
2976.3010824341773,1.0052645910432358,1.0003489255905151
2976.30339723431,0.9799118993128194,1.0003489255905151
2976.3057120344392,1.011757768236006,1.0002503395080566
2976.3080268345707,1.0200086810314457,1.0002503395080566
2976.310341634701,1.0174053250333583,1.0002503395080566
2976.3126564348327,1.0063869273227788,1.0001972913742065
2976.314971234964,1.0141258897290246,1.0001556873321533
2976.3172860350946,0.9949231303205254,1.0001556873321533
2976.3196008352247,1.02949003565209,1.0000956058502197
2976.321915635356,1.0126072036105496,0.9999774098396301
2976.3242304354867,0.9814330619847911,0.9999180436134338
2976.326545235618,0.978814893345529,0.9996283054351807
2976.3288600357487,1.0142413860132204,0.9996283054351807
2976.3311748358788,1.0273415149263787,0.9996283054351807
2976.33348963601,0.9953912651496811,0.9996283054351807
2976.3358044361407,0.9987187987821821,0.9996283054351807
2976.3381192363513,1.0185078033603283,0.9996283054351807
2976.3404340366565,1.0169894663281454,0.9996283054351807
2976.3427488369607,1.0044747534133367,0.9996283054351807
2976.345063637266,0.990747171602375,0.9996283054351807
2976.3473784375715,1.0367101982114342,0.9996283054351807
2976.3496932378785,0.9952395745508015,0.9996283054351807
2976.3520080381822,1.015931739956606,0.9996249675750732
2976.3543228384888,1.0231295654930237,0.999624490737915
2976.3566376387917,1.0334513630621012,0.999624490737915
2976.358952439098,1.0039679671800743,0.9995877742767334
2976.3612672394024,0.9899938802295997,0.9995840191841125
2976.363582039709,1.039050432024306,0.9995840191841125
2976.365896840013,1.0118380826173812,0.999561607837677
2976.3682116403197,0.9824817661020826,0.999512791633606
2976.3705264406235,1.010927287015291,0.9994520545005798
2976.372841240929,0.9914146706502013,0.9994520545005798
2976.375156041234,1.021845688069488,0.9994520545005798
2976.37747084154,1.0051855248528703,0.9994520545005798
2976.379785641914,1.004404802921196,0.9994136691093445
2976.3821004423694,0.9805102514829539,0.9994136691093445
2976.3844152428255,1.0175712206589933,0.9994125962257385
2976.386730043282,1.0210842263305975,0.9993876218795776
2976.389044843738,1.0012281446963438,0.9993764162063599
2976.391359644195,1.0099271535577286,0.9993695616722107
2976.3936744446505,0.9881300131560676,0.999265193939209
2976.3959892451057,1.0112037730284866,0.999265193939209
2976.398304045562,0.9870826912357293,0.9992548823356628
2976.4006188460185,1.0158781703118722,0.9992548823356628
2976.402933646474,1.0010100282785248,0.9991465210914612
2976.405248446931,0.9973808577833934,0.9991371631622314
2976.4075632473864,0.9943806919393846,0.9991371631622314
2976.409878047844,1.0166000512114515,0.9990856647491455
2976.412192848299,1.0120220806883242,0.9989189505577087
2976.4145076487566,1.022973300757248,0.9988972544670105
2976.4168224492114,1.0049685923594682,0.9988465905189514
2976.4191372496684,0.9941446598358442,0.9988465905189514
2976.421452050181,0.9928582191108474,0.9988465905189514
2976.4237668507676,1.021703751213482,0.998828649520874
2976.426081651351,1.0066218455140616,0.998828649520874
2976.4283964519373,1.00962275901199,0.998828649520874
2976.4307112525203,0.9905124312345506,0.9988252520561218
2976.4330260531074,0.9860871570328156,0.9988057017326355
2976.4353408536904,0.9891902931188397,0.9987274408340454
2976.4376556542757,0.9975436951130956,0.998690664768219
2976.4399704548614,1.008467549615901,0.9985083341598511
2976.4422852554458,0.9970463348166925,0.9985010623931885
2976.444600056031,0.9831353093703564,0.9984676837921143
2976.446914856615,1.0210027870020781,0.9983503222465515
2976.4492296572,1.0001610197992261,0.9983475804328918
2976.451544457785,1.0128229797846973,0.9983503222465515
2976.4538592583694,0.9933392793676291,0.9983503222465515
2976.4561740589547,1.0321203155223864,0.9983475804328918
2976.458488859539,1.0091433149222795,0.9983287453651428
2976.4608036601235,1.0182734074018216,0.9983237385749817
2976.4631184607574,0.9872148185254256,0.9983041882514954
2976.4654332614496,0.9912186809045924,0.9979427456855774
2976.4677480621413,0.9958473058358586,0.997694194316864
2976.4700628628357,1.0078655050434235,0.997694194316864
2976.4723776635265,1.015093952052987,0.9976089596748352
2976.47469246422,1.0275435386765441,0.9975354075431824
2976.477007264911,0.9902704004335633,0.997527539730072
2976.481636866296,1.0115719447039524,0.997527539730072
2976.483951666989,1.0099411041163182,0.9975114464759827
2976.486266467681,0.9681715009771399,0.9974876046180725
2976.4885812683738,1.0299905770210658,0.9974612593650818
2976.490896069065,1.0,0.9974319338798523
2976.4932108697576,1.0196693301483277,0.9972890615463257
2976.4955256704498,1.004983252767808,0.9971280694007874
2976.497840471142,0.9985054351887892,0.9969037771224976
2976.5001552718345,1.001183645881664,0.9967629313468933
2976.5024700725266,0.9932155787410702,0.9966992735862732
2976.50478487326,1.0136095725612415,0.9966069459915161
2976.5070996740387,0.9851354715261763,0.9965659379959106
2976.5094144748205,1.0005766956463904,0.996553361415863
2976.511729275599,1.0129355948877752,0.9965336918830872
2976.5140440763807,0.9919502769211923,0.9965202808380127
2976.5163588771584,1.0052784032774755,0.9964552521705627
2976.51867367794,1.0144672877402727,0.996268093585968
2976.5209884787187,1.0118343843126876,0.996237576007843
2976.5233032795,1.0039650432842282,0.9961458444595337
2976.525618080279,1.0118663393631226,0.9959859251976013
2976.5279328810607,1.0145795374518065,0.9956662654876709
2976.530247681839,1.0167442623402265,0.9956425428390503
2976.5325624826196,1.016455174491522,0.9955518245697021
2976.5348772834004,0.9864118325471922,0.995544970035553
2976.53719208418,0.9992568983752541,0.9954138398170471
2976.5395068849607,1.0323926212541972,0.9953114986419678
2976.54182168574,1.0071681288573138,0.9952582716941833
2976.5441364865196,1.0094062906773753,0.9951691031455994
2976.546451287332,0.970221224303708,0.9951642751693726
2976.5487660881804,0.9999103304959155,0.9950780272483826
2976.55108088903,1.0045785795411764,0.9950684905052185
2976.553395689879,1.0272608885774015,0.9950459003448486
2976.555710490727,1.0052019065650386,0.9950212836265564
2976.5580252915756,1.0134560647719884,0.9949887990951538
2976.5603400924256,0.9963535923914144,0.9949887990951538
2976.562654893275,0.9853554067567452,0.9948696494102478
2976.564969694125,0.9907000539274051,0.9948585629463196
2976.5672844949722,1.0087899407466785,0.9947533011436462
2976.569599295823,1.015133033100278,0.994717538356781
2976.5719140966708,0.9822388875526424,0.9947143793106079
2976.5742288975202,0.9928282856125877,0.9946858882904053
2976.576543698369,0.9995367291785653,0.9946741461753845
2976.5788584992188,1.0043171230078625,0.9946250319480896
2976.581173300066,1.016175156437835,0.9945643544197083
2976.583488100917,1.0049196702782845,0.9944950342178345
2976.5858029017645,1.0155999964508675,0.994213342666626
2976.5881177026386,1.023622636459202,0.994070291519165
2976.5904325035376,1.013884644336349,0.9939055442810059
2976.59274730444,1.0273294608215997,0.9938643574714661
2976.59506210534,0.9952348158783736,0.9938643574714661
2976.59737690624,0.9993063735662655,0.993802547454834
2976.599691707141,1.007715812319687,0.9936898350715637
2976.6020065080415,1.0058372876756194,0.9936136603355408
2976.6043213089424,1.0274047319979474,0.9935640096664429
2976.6066361098424,1.00013966027159,0.9935510754585266
2976.608950910743,1.0140934180661807,0.993532121181488
2976.611265711643,0.9960797418130977,0.9935227036476135
2976.613580512544,1.0197415234836542,0.9932857751846313
2976.6158953134454,1.0159136249007998,0.9932830929756165
2976.6182101143454,1.0106143643669927,0.9931239485740662
2976.6205249152454,1.005246651372086,0.9931132197380066
2976.622839716146,1.0077656930626127,0.9930943846702576
2976.6251545170467,1.015073102572657,0.9929980039596558
2976.627469317947,0.9947933767521729,0.9929980039596558
2976.6297841188652,0.9939006163130272,0.9929964542388916
2976.6320989197993,1.003966599659143,0.9928247928619385
2976.6344137207366,0.9888784111786115,0.9928061366081238
2976.636728521671,0.9883683068679917,0.9927110075950623
2976.6390433226084,1.0021124040328784,0.992656409740448
2976.641358123543,1.0034975552845244,0.9925145506858826
2976.6436729244792,1.0108196998349286,0.992510974407196
2976.6459877254133,1.0101998800282608,0.9924523830413818
2976.6483025263506,0.997972294795903,0.992379367351532
2976.650617327285,1.0033963308190321,0.9922960996627808
2976.6529321282223,0.981891743079366,0.9922446012496948
2976.6552469291564,1.0120294954332683,0.9922335147857666
2976.657561730094,0.9962402022206157,0.9922012090682983
2976.659876531029,1.0061509491496465,0.9922012090682983
2976.6621913319646,1.0071348890142728,0.9920589327812195
2976.664506132901,0.9948184255973452,0.992058277130127
2976.6668209338363,0.9879568954407114,0.9920427203178406
2976.6691357347727,1.012609427861293,0.9920298457145691
2976.6714505357168,0.9906591946312677,0.9919489026069641
2976.673765336672,1.0146373982397336,0.9919218420982361
2976.6760801376286,0.989346432976734,0.9917633533477783
2976.678394938584,1.0071589516735904,0.991746723651886
2976.680709739539,0.9884981737509232,0.991746723651886
2976.6830245404954,1.000050726689884,0.9917130470275879
2976.685339341451,1.0180553823406995,0.9917005896568298
2976.687654142407,1.0100006130772994,0.9916651248931885
2976.6899689433635,0.9983132803715472,0.9916440844535828
2976.6922837443176,0.999885135285809,0.9916402697563171
2976.6945985452753,1.019564435283393,0.9915617108345032
2976.6969133462294,1.0149432655816164,0.9915263652801514
2976.699228147186,1.003068956726039,0.991521418094635
2976.7015429481407,1.0050131793515997,0.9914847612380981
2976.703857749098,0.9862741874056709,0.9914585947990417
2976.706172550052,0.9900353075016086,0.9913877248764038
2976.7084873510084,1.0008804569814636,0.9913606643676758
2976.710802151964,1.0075399539147203,0.9912534356117249
2976.713116952923,1.0142937195294024,0.9912354350090027
2976.715431753883,0.9907171392563223,0.9911034107208252
2976.717746554846,1.0020386751083536,0.9911034107208252
2976.720061355807,1.0136989020129312,0.9910610318183899
2976.722376156769,0.9976800679320181,0.9910590052604675
2976.72469095773,0.9949828729894821,0.9910610318183899
2976.7270057586925,1.0131529306268117,0.9910610318183899
2976.7293205596534,1.0120887982957574,0.9910590052604675
2976.7316353606134,0.9935844564283479,0.9910534620285034
2976.7339501615756,1.0093793765101085,0.9910534620285034
2976.7362649625366,1.017993133111847,0.9910138845443726
2976.7385797634997,0.9935772171168752,0.9909757971763611
2976.740894564459,1.0013474430100537,0.9909608364105225
2976.743209365422,0.9982247820284472,0.9909608364105225
2976.745524166382,1.0113385627098124,0.9909608364105225
2976.747838967345,0.9938323752537561,0.9908812046051025
2976.750153768306,1.0005896856325318,0.9908742904663086
2976.7524685692683,0.9871076651292969,0.9908714294433594
2976.754783370226,1.0040169007271789,0.9907346963882446
2976.7570981711797,1.0030617622871685,0.9905807375907898
2976.759412972134,0.9914565559688399,0.9905800819396973
2976.7617277730883,0.9970474441692243,0.990498423576355
2976.764042574043,1.0214620697225683,0.9904025793075562
2976.766357374997,0.9980051995047242,0.9904025793075562
2976.76867217595,1.0062145664840352,0.9903789162635803
2976.770986976904,0.9843504927266257,0.9903671145439148
2976.7733017778587,0.9900507100105642,0.9903584122657776
2976.7756165788132,0.9983793688789231,0.9903390407562256
2976.7779313797673,1.00131392275427,0.9903390407562256
2976.7802461807205,0.978136987059919,0.9902876615524292
2976.7825609816746,1.0199898457319387,0.9901365041732788
2976.78487578263,1.0095326895965777,0.9900145530700684
2976.787190583583,0.972999220601645,0.9899714589118958
2976.7895053845386,1.011251962938493,0.9899372458457947
2976.7918201854914,0.9924895629165741,0.9899191856384277
2976.7941349864473,1.0089485268667167,0.9898331165313721
2976.796449787391,1.0067892706075954,0.9898331165313721
2976.7987645883263,1.0049026160854655,0.9898331165313721
2976.8010793892604,1.001117389219937,0.9897752404212952
2976.8033941901954,0.9952282562393275,0.9896751046180725
2976.8057089911285,0.997440323348372,0.9896319508552551
2976.8080237920644,0.988282559988436,0.9896278381347656
2976.810338592998,1.0174317919202218,0.9896191954612732
2976.812653393934,0.9864330117418942,0.9895820617675781
2976.8149681948685,1.0005602793614814,0.9895820617675781
2976.8172829958035,0.9992373993202669,0.9895800352096558
2976.819597796737,0.9992113789827228,0.9895800352096558
2976.8219125976716,1.0015153029211428,0.9895539879798889
2976.8242273986066,1.0021682386974498,0.9894986152648926
2976.826542199541,1.003009645539873,0.9894744157791138
2976.828857000476,1.0062337408239905,0.9894744157791138
2976.83117180141,0.984376026002526,0.9894143342971802
2976.8334866023442,1.0034539637175066,0.9893888235092163
2976.8358014032783,1.0153419534326675,0.9893888235092163
2976.8381162041997,0.9871190100239831,0.9893888235092163
2976.8404310051033,1.0051753264196843,0.9893746972084045
2976.8427458060073,0.99350139847442,0.9893656969070435
2976.8450606069127,0.9891997593279256,0.989348828792572
2976.8473754078136,1.000459933851222,0.9893202185630798
2976.849690208719,0.9968413446915744,0.9892544746398926
2976.8520050096213,1.0074500603857022,0.9892370700836182
2976.8543198105267,0.9924480515458426,0.9892370700836182
2976.8566346114285,0.9871054051650442,0.9892370700836182
2976.858949412334,0.9957149146890466,0.9892087578773499
2976.861264213236,0.9927426104404361,0.9892016649246216
2976.8635790141416,0.9961616167702556,0.9892016649246216
2976.865893815044,0.9951135862968559,0.9891996383666992
2976.8682086159483,1.0083989940031375,0.9891794919967651
2976.87052341685,1.010547869121336,0.9891284108161926
2976.8728382177555,1.0037602965234853,0.9891054630279541
2976.8751530186587,0.9958512600247457,0.9891054630279541
2976.877467819563,0.9920165409658996,0.9891054630279541
2976.8797826204477,0.9798077593580093,0.9889612793922424
2976.882097421311,1.0100470015245284,0.9889611601829529
2976.884412222172,1.0123205786687328,0.9889116883277893
2976.8867270230344,0.9978805612739536,0.9889116883277893
2976.889041823897,0.9686711347019517,0.9889116883277893
2976.8913566247593,1.0079097142408007,0.988877534866333
2976.893671425621,0.9946065280774452,0.988877534866333
2976.8959862264837,1.00385804562096,0.9888414144515991
2976.898301027346,1.0180941465602846,0.9888414144515991
2976.9006158282086,0.9852769794055529,0.9888414144515991
2976.902930629071,0.9910992196145076,0.9888414144515991
2976.905245429932,1.0061013625472182,0.9888253808021545
2976.9075602307953,1.0106896581864038,0.9887996315956116
2976.909875031658,0.9948012003638395,0.9887598156929016
2976.91218983252,0.9940950814147763,0.9887340664863586
2976.9145046333833,1.0001451031018727,0.9887340664863586
2976.9168194342437,0.9892980584698585,0.9887340664863586
2976.9191342351082,0.996802909054958,0.9887340664863586
2976.9214490359454,1.0052304031689987,0.9887340664863586
2976.9237638367586,0.9955273001136773,0.9887332320213318
2976.9260786375685,0.9963732633654869,0.9887332320213318
2976.9283934383793,0.9756176547521065,0.9887332320213318
2976.93070823919,0.9981064528001259,0.9887167811393738
2976.933023040002,0.9919037410470466,0.9886280298233032
2976.9353378408136,0.9887804642181505,0.9886280298233032
2976.9376526416245,0.9914557240963183,0.9886280298233032
2976.9399674424376,0.9983450322570999,0.9886280298233032
2976.942282243246,0.9932196966362735,0.9886280298233032
2976.944597044059,0.9948381887695397,0.9886280298233032
2976.946911844869,1.0034779116974355,0.9885916113853455
2976.949226645682,0.9836303491869408,0.9885916113853455
2976.951541446492,1.0006621571405858,0.9885541796684265
2976.953856247305,0.9812658126797124,0.9885541796684265
2976.9561710481144,0.9805389519422218,0.988547682762146
2976.958485848926,0.987948684956441,0.988547682762146
2976.960800649737,0.9999394622645201,0.9885249733924866
2976.963115450522,0.989734813967358,0.9885249733924866
2976.9654302512713,0.9876736970232257,0.9885249733924866
2976.967745052025,0.9823787555479608,0.9885249733924866
2976.970059852775,0.9888486391971565,0.9884985685348511
2976.972374653527,0.9895818126462912,0.988470733165741
2976.974689454278,0.9840658831423728,0.988470733165741
2976.97700425503,1.0024315917709266,0.988470733165741
2976.9793190557807,0.9778614449748919,0.9884651303291321
2976.981633856531,0.9830785332686678,0.988470733165741
2976.9839486572823,0.9995657782618141,0.9884651303291321
2976.986263458034,0.9966289173346371,0.9884651303291321
2976.9885782587858,1.0041354872432409,0.988426923751831
2976.990893059537,1.0035634582978956,0.988426685333252
2976.9932078602874,0.9822443377116197,0.988426685333252
2976.995522661038,0.9874774399120357,0.9883209466934204
2976.9978374617904,0.99052696433338,0.9883209466934204
2977.000152262542,0.9842452890898773,0.988274872303009
2977.002467063293,0.9853603776813618,0.9881760478019714
2977.004781864015,1.0157636334420506,0.9881730079650879
2977.0070966646954,0.9915946201515335,0.9881088733673096
2977.00941146538,1.0000679828270673,0.9881088733673096
2977.0117262660615,0.9859418587313238,0.9881730079650879
2977.014041066746,0.982049879488827,0.9881088733673096
2977.016355867427,0.9948268245358287,0.9881730079650879
2977.018670668112,0.9947907178528091,0.9881088733673096
2977.0209854687923,0.9967377894518159,0.9881088733673096
2977.0233002694767,1.0034841807828832,0.988078773021698
2977.0256150701593,0.9926952578386308,0.9880359172821045
2977.0279298708433,0.98871866254935,0.9880359172821045
2977.0302446715245,0.9841261347696485,0.9880359172821045
2977.032559472209,0.9906030781422269,0.9880359172821045
2977.0348742728916,1.0016590361820825,0.9880359172821045
2977.037189073575,0.9948026002262803,0.9879481196403503
2977.0395038742577,1.0051182264826983,0.9879399538040161
2977.041818674941,0.9952990817954458,0.987937867641449
2977.0441334756233,0.9911431459970641,0.987937867641449
2977.046448276272,0.9929633285348669,0.987931489944458
2977.0487630768794,0.9984477584565429,0.987931489944458
2977.051077877486,0.9868966873688516,0.987931489944458
2977.0533926780927,1.00873992593549,0.987931489944458
2977.0557074787,0.9980776169037946,0.987931489944458
2977.0580222793064,0.9985828139478282,0.9879108667373657
2977.060337079913,1.0007404299489433,0.9878965616226196
2977.0626518805207,0.9941894039978846,0.9878584742546082
2977.064966681129,0.9800192467368551,0.9878396391868591
2977.067281481735,0.9878055528084831,0.9878396391868591
2977.069596282342,0.9937786301847942,0.9878396391868591
2977.0719110829477,0.9923807105677064,0.9878396391868591
2977.074225883556,0.9869242752112306,0.9878278374671936
2977.076540684162,0.9805376281994772,0.9878219962120056
2977.0788554847704,0.997570069649234,0.9878219962120056
2977.0811702853757,0.9899733921087935,0.9878219962120056
2977.083485085984,0.9922764889168784,0.9878219962120056
2977.08579988659,1.0,0.9877482056617737
2977.088114687161,0.9976296421996225,0.9877035617828369
2977.0904294876823,0.9813468971781645,0.9877035617828369
2977.0927442882085,0.9873285454301542,0.9876959919929504
2977.0950590887323,0.9956361252567903,0.9876161217689514
2977.097373889256,0.9954195830658195,0.9876033067703247
2977.0996886897797,0.9808910900769462,0.9876033067703247
2977.1020034903017,0.9938274153168457,0.9876033067703247
2977.104318290828,0.992731553954522,0.9875739216804504
2977.10663309135,1.001924406929893,0.9875739216804504
2977.1089478918752,0.9831745212264469,0.9875739216804504
2977.111262692398,0.9936223277314794,0.9875739216804504
2977.1135774929235,0.9982344464193146,0.9875739216804504
2977.115892293446,0.9936646966718835,0.9875739216804504
2977.1182070939703,0.9874356174678571,0.9875739216804504
2977.1205218944942,0.9948720907641685,0.9875739216804504
2977.1228366950186,0.9952053305542067,0.9876033067703247
2977.125151495543,0.9998044568626407,0.9876033067703247
2977.127466296067,1.0024713404597247,0.9875739216804504
2977.1297810965493,0.9797883655237707,0.987552285194397
2977.132095896984,0.9986395108854521,0.9875041842460632
2977.1344106974184,0.9801812272832875,0.9874923825263977
2977.136725497853,0.9883898310251118,0.9874923825263977
2977.139040298287,0.9799160675624313,0.9874923825263977
2977.141355098721,0.9874848595489459,0.9874923825263977
2977.1436698991547,0.9928116228064087,0.9874299764633179
2977.14598469959,0.9960911067426779,0.9874299764633179
2977.1482995000247,0.9905633874402809,0.9874299764633179
2977.1506143004585,0.995744982925001,0.9874299764633179
2977.152929100893,0.9843364183464698,0.9874299764633179
2977.1552439013285,0.9928166644162596,0.9874923825263977
2977.1575587017614,0.9924675513448183,0.9874299764633179
2977.159873502196,1.003575807937137,0.9874299764633179
2977.16218830263,0.9991522562093732,0.9874299764633179
2977.164503103066,0.9845179311333122,0.9874299764633179
2977.1668179034978,0.9995321231756517,0.9874299764633179
2977.169132703934,0.9800247803888442,0.9874299764633179
2977.1714475043236,1.00100939701416,0.9874299764633179
2977.173762304664,0.9847646364076138,0.9874299764633179
2977.1760771050012,1.0043082267780172,0.9874923825263977
2977.1783919053414,0.9940887429769343,0.9874923825263977
2977.1807067056775,1.0019603622432638,0.9874299764633179
2977.1830215060177,0.9770202138187422,0.9874101877212524
2977.185336306356,0.9797727124695813,0.987403929233551
2977.1876511066953,0.9864639172911585,0.9874028563499451
2977.1899659070345,0.995099163824071,0.9872615337371826
2977.192280707373,0.987998309536028,0.9872615337371826
2977.1945955077113,0.9861720486508574,0.9872560501098633
2977.1969103080496,0.9780201468402716,0.9872254729270935
2977.199225108389,1.0035024068027025,0.987123429775238
2977.201539908728,1.0065014060415192,0.9871144890785217
2977.2038547090665,0.990364308796438,0.9871144890785217
2977.2061695094044,1.00150608002368,0.9871049523353577
2977.2084843097427,0.9990557261081586,0.9871049523353577
2977.210799110082,0.9817151014113474,0.9870988130569458
2977.2131139103744,0.9940101215100505,0.9870988130569458
2977.2154287106127,0.9922312574133314,0.9870346784591675
2977.2177435108492,0.9756487019680282,0.9870272278785706
2977.2200583110885,0.9995844094734592,0.9870272278785706
2977.2223731113245,1.0040771888659294,0.9870346784591675
2977.224687911563,0.9987864418451954,0.9870272278785706
2977.2270027117997,1.0093984676347136,0.9869918823242188
2977.229317512038,1.0041449735213281,0.986970067024231
2977.2316323122736,0.9930434378247933,0.986970067024231
2977.233947112513,0.98711833596792,0.9869679808616638
2977.236261912749,0.9987195392322139,0.9869397878646851
2977.238576712988,0.9924098184683244,0.9869397878646851
2977.2408915132237,0.9967061314066284,0.9869178533554077
2977.2432063134634,0.993196603441579,0.9868667721748352
2977.245521113698,0.9960392288956426,0.9868667721748352
2977.2478359139373,0.9999416556636859,0.9868667721748352
2977.250150714175,0.9863763558791915,0.9868667721748352
2977.2524655144125,0.9907688509131282,0.9868667721748352
2977.254780314602,0.9954947421545742,0.9868667721748352
2977.257095114731,1.0001046694977562,0.9868667721748352
2977.259409914863,0.9861890017060585,0.9868667721748352
2977.2617247149933,0.9916864096619425,0.9868445992469788
2977.2640395151257,0.9851743468805766,0.9868445992469788
2977.2663543152553,0.9846676578178788,0.9868445992469788
2977.2686691153876,1.0017323704489565,0.9868445992469788
2977.2709839155177,0.9893219613680544,0.9868445992469788
2977.27329871565,0.9784827776152032,0.9868445992469788
2977.27561351578,0.9796057557314871,0.9868404865264893
2977.277928315912,0.9877273103945801,0.9868404865264893
2977.280243116043,1.0065285185773074,0.9868404865264893
2977.282557916174,0.9988462492773204,0.9868404865264893
2977.2848727163046,0.9814085270296177,0.9868291616439819
2977.2871875164365,0.991503743480883,0.9868213534355164
2977.289502316567,1.0042099248525393,0.9868213534355164
2977.291817116699,0.9884131029531988,0.9868213534355164
2977.294131916829,0.9982361804082661,0.9868213534355164
2977.2964467169095,0.985952924342456,0.9868213534355164
2977.29876151693,0.9898586111536433,0.9868213534355164
2977.3010763169495,0.9952235775119949,0.9868213534355164
2977.3033911169687,0.9955029049552425,0.9868157505989075
2977.3057059169896,0.9928917099102496,0.9868157505989075
2977.308020717009,0.9968822395833805,0.9868213534355164
2977.3103355170297,0.9927894919792476,0.9868213534355164
2977.3126503170492,0.9917022199954518,0.9868213534355164
2977.3149651170706,0.9988063624829859,0.9868213534355164
2977.317279917089,1.0054517016824298,0.9868213534355164
2977.3195947171093,0.9802333458060662,0.9868213534355164
2977.321909517129,1.0021239402873432,0.9868157505989075
2977.32422431715,1.0017387143480054,0.9868091940879822
2977.326539117168,0.9868474166115051,0.9868091940879822
2977.32885391719,1.0024157374528577,0.9868157505989075
2977.331168717208,0.9937228878847157,0.9868157505989075
2977.3334835172295,0.9990355774494367,0.9868157505989075
2977.335798317248,0.9967329106432035,0.9868157505989075
2977.3381131172173,0.989783233543857,0.9868157505989075
2977.34042791712,0.9947907169240725,0.9868157505989075
2977.342742717025,0.9945053826641075,0.9868157505989075
2977.34505751693,0.99837779992898,0.9868091940879822
2977.347372316834,0.998894715005414,0.9868091940879822
2977.349687116739,0.98649406849312,0.9868091940879822
2977.352001916643,0.9989407106631241,0.9867810606956482
2977.3543167165467,1.0048446918260519,0.9867810606956482
2977.3566315164508,0.9989926573375675,0.9867810606956482
2977.3589463163557,0.9800890208951873,0.9867810606956482
2977.3612611162607,0.9914992287428923,0.9867810606956482
2977.363575916165,0.9925738000665522,0.9867810606956482
2977.3658907160684,0.989210011283905,0.9867810606956482
2977.3682055159725,0.9885084895664802,0.9867810606956482
2977.3705203158775,0.9832618706016352,0.9867558479309082
2977.3728351157815,0.9918344055992716,0.9867810606956482
2977.3751499156874,0.9965742980297895,0.9867810606956482
2977.3774647155906,0.9944898471130847,0.9867810606956482
2977.379779515442,1.003092941238224,0.9867810606956482
2977.382094315225,1.010648766245341,0.9867810606956482
2977.3844091150104,0.9935994448712595,0.9867810606956482
2977.386723914795,0.9920861497745428,0.9868091940879822
2977.3890387145802,0.9814848002021755,0.9868091940879822
2977.3913535143633,0.9948884117581932,0.9868091940879822
2977.3936683141496,0.9956985133405403,0.9867810606956482
2977.395983113933,1.0036252738450488,0.9867810606956482
2977.3982979137186,0.996110824968157,0.9867810606956482
2977.400612713503,0.9900992054635338,0.9867810606956482
2977.4029275132866,0.9906049265425503,0.9868091940879822
2977.405242313073,1.000629080453501,0.9868091940879822
2977.4075571128565,0.9929040449661756,0.9868091940879822
2977.4098719126428,1.0010918466130678,0.9867810606956482
2977.4121867124263,0.9806060111121185,0.9867810606956482
2977.4145015122126,1.003553575353695,0.9867810606956482
2977.416816311995,0.9959708105595991,0.9867810606956482
2977.419131111781,0.9964782879098395,0.9867558479309082
2977.4214459115087,1.004539711710336,0.9867558479309082
2977.4237607111713,1.0025145249029055,0.9867558479309082
2977.426075510831,0.9977322053599135,0.9867196679115295
2977.4283903104943,0.9906621855241102,0.9867196679115295
2977.430705110154,0.9973013231701597,0.9867196679115295
2977.433019909816,0.9981351549064014,0.9867066144943237
2977.435334709478,0.9902667542175123,0.9867066144943237
2977.4376495091387,0.9968158331716946,0.9867196679115295
2977.439964308801,0.9910514473817821,0.9867196679115295
2977.442279108461,1.0024179057071745,0.9867196679115295
2977.4445939081224,0.9950511673355419,0.9867196679115295
2977.446908707784,0.98925156434156,0.9867196679115295
2977.4492235074454,0.9899930027249747,0.9867558479309082
2977.451538307107,0.9985869539479757,0.9867558479309082
2977.453853106768,1.0161424187086259,0.9867558479309082
2977.4561679064286,1.0050120182484317,0.9867196679115295
2977.4584827060908,0.9973719387989024,0.9867196679115295
2977.460797505752,0.9890148298256978,0.9867196679115295
2977.4631123053555,0.9860504835902024,0.9867196679115295
2977.46542710489,0.9894500009030827,0.9867196679115295
2977.4677419044237,0.9964666298117743,0.9867558479309082
2977.47005670396,0.983220010176976,0.9867558479309082
2977.472371503493,0.9890201857853838,0.9867558479309082
2977.474686303029,0.9965380219855628,0.9867196679115295
2977.4770011025616,0.99687062220101,0.9867196679115295
2977.479315902097,1.0020539210918806,0.9867066144943237
2977.48163070163,1.0016360812579777,0.9867066144943237
2977.483945501166,0.9968190530614908,0.9867066144943237
2977.486260300699,0.99901795255461,0.9867066144943237
2977.4885751002353,1.0009894644985513,0.9867196679115295
2977.490889899768,0.9864255514766956,0.9867066144943237
2977.493204699304,0.9855744074460907,0.9867066144943237
2977.495519498837,1.0009217605935417,0.9867066144943237
2977.497834298373,1.0057491789087838,0.9867066144943237
2977.500149097907,1.0013113882960514,0.9866170287132263
2977.5024638974414,0.9982505559369304,0.9866170287132263
2977.504778696917,0.9886672780074921,0.9866170287132263
2977.507093496321,1.0028093928194257,0.9866170287132263
2977.509408295725,0.9949403746121073,0.9867066144943237
2977.51172309513,0.985164299793587,0.9867066144943237
2977.514037894534,0.9952942427264638,0.9867066144943237
2977.5163526939386,0.9895085171790344,0.9867066144943237
2977.5186674933425,0.9859741853875061,0.9867066144943237
2977.5209822927463,1.006473829284308,0.9867066144943237
2977.5232970921516,1.0080250981775611,0.9867066144943237
2977.5256118915554,0.997387368394346,0.9867066144943237
2977.527926690959,1.0046080780757016,0.9867066144943237
2977.530241490364,0.9888058551943647,0.9867066144943237
2977.532556289768,0.9791954786069267,0.9867066144943237
2977.5348710891726,0.9969408349185312,0.9867066144943237
2977.537185888577,0.9848736369869803,0.9867196679115295
2977.5395006879803,1.0,0.9867196679115295
2977.541815487385,1.000149084150331,0.9867196679115295
2977.5441302867894,0.9943560050980981,0.9867196679115295
2977.5464450861336,0.9885795983414448,0.9867196679115295
2977.5487598854047,1.0044059154035248,0.9867558479309082
2977.5510746846753,0.9959982521309554,0.9867558479309082
2977.5533894839473,0.9961859897930633,0.9867558479309082
2977.555704283218,1.002951479572602,0.9867196679115295
2977.55801908249,1.000997136170793,0.9867196679115295
2977.560333881762,1.0171286694680552,0.9867196679115295
2977.5626486810315,1.00724085045863,0.9867196679115295
2977.5649634803044,0.9885726477099146,0.9867558479309082
2977.567278279574,0.9960193265708819,0.9867691397666931
2977.5695930788465,1.0038620402882736,0.9867691397666931
2977.5719078781167,0.9906538347166115,0.9867691397666931
2977.5742226773896,0.99765527208309,0.9867810606956482
2977.576537476658,1.0053479101339444,0.9867810606956482
2977.578852275931,0.9917287001570904,0.9867810606956482
2977.581167075201,0.9974904319963971,0.9867810606956482
2977.583481874474,0.9956509156900037,0.9867810606956482
2977.5857966737435,0.9945980894858784,0.9867810606956482
2977.5881114729546,1.003605642834358,0.9867810606956482
2977.5904262720883,1.0046683751484935,0.9867810606956482
2977.5927410712243,1.004006598677329,0.9867810606956482
2977.5950558703603,1.0088142633970625,0.9867810606956482
2977.5973706694954,1.000337894996321,0.9867810606956482
2977.5996854686314,0.988980104726969,0.9867691397666931
2977.6020002677665,1.0003403152319335,0.9867691397666931
2977.604315066901,0.9995974084095071,0.9867691397666931
2977.606629866037,0.990476126620703,0.9867691397666931
2977.608944665172,0.9948700831199114,0.9867691397666931
2977.611259464308,0.9987494593101314,0.9867691397666931
2977.6135742634433,0.9977425273051026,0.9867691397666931
2977.615889062578,1.00142269163254,0.9867691397666931
2977.618203861713,0.9951296988222278,0.9867691397666931
2977.620518660849,0.9829998225939233,0.9867691397666931
2977.622833459984,1.005344290106594,0.9867691397666931
2977.625148259121,0.996530343053338,0.9867691397666931
2977.6274630582548,1.011031855233259,0.9867691397666931
2977.629777857329,0.990230585012998,0.9867691397666931
2977.6320926563244,0.9961998132434089,0.9867691397666931
2977.634407455322,0.9899566536007122,0.9867691397666931
2977.6367222543186,0.9939565480565028,0.9867810606956482
2977.6390370533163,0.9830022642668229,0.9868091940879822
2977.641351852312,1.000601597822071,0.9868091940879822
2977.64366665131,0.9960423802713122,0.9868091940879822
2977.645981450306,1.0026283809206147,0.9867810606956482
2977.6482962493033,0.9924134902130956,0.9867810606956482
2977.6506110482997,1.0020879542970742,0.9867810606956482
2977.6529258472965,0.9922307708058965,0.9867810606956482
2977.6552406462947,0.9916133277111722,0.9868091940879822
2977.6575554452907,0.9999459407579565,0.9868091940879822
2977.659870244289,1.00843457058932,0.9868091940879822
2977.6621850432844,0.9936609951575603,0.9868091940879822
2977.6644998422835,1.0042608950966214,0.9868091940879822
2977.6668146412776,0.9855318139847454,0.9868091940879822
2977.6691294402763,0.9990602814528926,0.9868157505989075
2977.671444239208,1.0000250664093746,0.9868157505989075
2977.673759038066,1.0010318845936985,0.9868213534355164
2977.6760738369203,1.0027130157044692,0.9868213534355164
2977.678388635778,0.9956558992902135,0.9868291616439819
2977.680703434633,1.0004325859859777,0.9868291616439819
2977.6830182334907,1.0021490736291312,0.9868404865264893
2977.6853330323465,1.0026081700191998,0.9868404865264893
2977.6876478312024,0.9905129459902927,0.9868291616439819
2977.6899626300587,0.9957051858253375,0.9868291616439819
2977.6922774289146,0.9917541693932308,0.9868291616439819
2977.694592227771,1.0000079124842995,0.9868213534355164
2977.6969070266277,0.9786503657409966,0.9868213534355164
2977.6992218254836,0.9933546608005561,0.9868213534355164
2977.7015366243404,0.9945302385251612,0.9868213534355164
2977.703851423196,0.9978255768336955,0.9868213534355164
2977.7061662220517,0.997411550903508,0.9868291616439819
2977.7084810209085,0.9849788928003588,0.9868404865264893
2977.7107958197644,0.9911566305550183,0.9868291616439819
2977.713110618556,0.9983020909450125,0.9868291616439819
2977.7154254172697,0.9843562363110575,0.9868291616439819
2977.717740215982,1.0045361815791756,0.9868404865264893
2977.7200550146963,0.9941036827007939,0.9868404865264893
2977.7223698134085,0.9997655292479614,0.9868404865264893
2977.7246846121234,1.0100620689138653,0.9868404865264893
2977.726999410835,1.0191963823282753,0.9868445992469788
2977.7293142095496,0.9982768706318151,0.9868445992469788
2977.7316290082617,0.9955990107815629,0.9868445992469788
2977.7339438069757,1.0084406618470378,0.9868667721748352
2977.736258605687,1.0024194780211269,0.9868667721748352
2977.7385734044024,0.9880449676590579,0.9868667721748352
2977.740888203114,0.9893556656589458,0.9868839383125305
2977.7432030018285,1.0142591440020077,0.9868839383125305
2977.7455178005407,1.004539907647233,0.9868839383125305
2977.7478325992556,0.9823298251844443,0.9868839383125305
2977.7501473979687,0.9919269019224178,0.9869679808616638
2977.752462196681,1.0035770590162498,0.9869679808616638
2977.754776995329,0.9945366187137689,0.986970067024231
2977.757091793897,0.9839156789126624,0.986970067024231
2977.759406592466,1.000541168612583,0.986970067024231
2977.761721391034,0.9979603811250164,0.9869918823242188
2977.7640361896015,0.9980522346309337,0.9869918823242188
2977.7663509881686,1.0084451533069503,0.986970067024231
2977.7686657867384,0.9975695372337293,0.9869679808616638
2977.7709805853056,0.9966148657115724,0.9869679808616638
2977.773295383875,0.9923832374818901,0.986970067024231
2977.7756101824416,0.9963386020971345,0.9869918823242188
2977.7779249810105,1.0130545511993012,0.9869918823242188
2977.7802397795795,0.9846323226750253,0.9869918823242188
2977.7825545781484,0.9944758827962249,0.9870272278785706
2977.7848693767164,1.0025599700088812,0.9870272278785706
2977.7871841752844,0.9952080274553039,0.9870272278785706
2977.789498973852,1.0015328785664759,0.9870346784591675
2977.791813772421,0.9960307841437167,0.9870346784591675
2977.7941285709885,0.9975678898414427,0.9870346784591675
2977.796443369491,1.0030923880598277,0.9870346784591675
2977.798758167912,1.0118603640864379,0.9870346784591675
2977.801072966333,0.9939419774302592,0.9870346784591675
2977.803387764755,0.9902702308388066,0.9870346784591675
2977.805702563176,1.001886687635901,0.9870988130569458
2977.808017361598,0.9899716639334171,0.9871049523353577
2977.81033216002,1.000844512537352,0.9871144890785217
2977.81264695844,0.9885626699735457,0.9871144890785217
2977.814961756863,1.013007283356509,0.987123429775238
2977.8172765552827,0.9863961409037023,0.987123429775238
2977.8195913537056,1.005317192618426,0.987123429775238
2977.821906152126,0.9943352476692033,0.987123429775238
2977.824220950549,0.9975299849955012,0.9871144890785217
2977.8265357489677,0.9784869699855075,0.9871144890785217
2977.8288505473906,1.0091316767498741,0.9871144890785217
2977.831165345811,0.9949266563423317,0.9871049523353577
2977.833480144234,0.9856865812657942,0.9871144890785217
2977.8357949426536,0.9911091294848576,0.9871144890785217
2977.8381097410097,1.0065445192941769,0.9871144890785217
2977.8404245392817,0.9955160811881615,0.987123429775238
2977.842739337554,1.0016141358983837,0.987123429775238
2977.845054135828,0.9968154721743995,0.9872254729270935
2977.8473689341004,0.995326022277541,0.9872560501098633
2977.8496837323737,0.9994744276287448,0.9872254729270935
2977.8519985306457,0.995884965219718,0.9872560501098633
2977.854313328918,1.0097822863507318,0.9872560501098633
2977.856628127192,1.007137259637154,0.9872615337371826
2977.8589429254644,0.9920489113484224,0.9872626066207886
2977.8612577237377,0.9965802883660803,0.9873418211936951
2977.8635725220097,1.0033825848195277,0.9873418211936951
2977.865887320282,0.9888189398553207,0.9874028563499451
2977.868202118556,0.9943197492405225,0.9874101877212524
2977.8705169168284,0.9967598080742996,0.9874101877212524
2977.8728317151017,0.9915226336554269,0.9874101877212524
2977.8751465133737,1.000875709601247,0.9874101877212524
2977.877461311646,1.0152287236168116,0.9874299764633179
2977.879776109851,0.9908521405294611,0.9874923825263977
2977.882090907974,0.9960073205661831,0.9875041842460632
2977.8844057060965,0.9960866321321333,0.9875041842460632
2977.8867205042193,1.0041968131598773,0.9875041842460632
2977.8890353023417,1.0029136173888973,0.9875131249427795
2977.8913501004636,0.9936939763323581,0.9875562191009521
2977.893664898587,1.0101757895913461,0.9875562191009521
2977.895979696709,0.9960493043915005,0.9876033067703247
2977.8982944948325,1.0112072772947742,0.9876033067703247
2977.9006092929544,1.008779705808971,0.9876033067703247
2977.902924091077,1.0045421817995275,0.9876102209091187
2977.905238889201,0.9976823007210439,0.9876161217689514
2977.9075536873224,0.9831791630488135,0.9876161217689514
2977.9098684854466,0.9999870243120336,0.9876161217689514
2977.9121832835676,0.9881744107844893,0.9876589775085449
2977.914498081692,1.00139377793055,0.9876959919929504
2977.916812879813,1.0021688164637181,0.9876959919929504
2977.919127677936,1.0270749064203812,0.9877035617828369
2977.9214424759884,1.0028703211174013,0.9877482056617737
2977.923757273961,0.9988295080790011,0.9877482056617737
2977.926072071931,1.00344491690111,0.9877826571464539
2977.928386869903,1.00162792952646,0.9878396391868591
2977.9307016678727,0.9949947250175959,0.9878584742546082
2977.9330164658454,0.9978540684489838,0.9878965616226196
2977.935331263816,1.003838933719085,0.9879108667373657
2977.9376460617864,1.003622783559467,0.9879200458526611
2977.939960859758,1.0117558852881117,0.987937867641449
2977.9422756577283,1.0037996939852678,0.9879481196403503
2977.9445904557,0.9954322433952081,0.9879657030105591
2977.9469052536706,1.0001008715312365,0.9879791140556335
2977.9492200516406,1.0083646148701408,0.9879791140556335
2977.9515348496125,0.9998933995884753,0.9880018830299377
2977.953849647583,1.0053125856475789,0.9880018830299377
2977.9561644455544,0.9992162394793784,0.9880359172821045
2977.9584792435253,1.0005643400433797,0.9880593419075012
2977.9607940414953,0.9934833428856036,0.988078773021698
2977.9631088393976,1.0085531275435897,0.988078773021698
2977.9654236372157,1.0075535134031732,0.9881088733673096
2977.9677384350334,1.004452209296062,0.9881160855293274
2977.970053232852,0.9970484580541212,0.9881730079650879
2977.972368030669,0.9955375052408664,0.9881760478019714
2977.974682828488,1.0167061076386892,0.9881976842880249
2977.976997626304,1.0051911230800112,0.9882011413574219
2977.979312424123,0.9997335828659222,0.9882011413574219
2977.9816272219405,1.0107645118805517,0.988274872303009
2977.9839420197577,0.9894774068627055,0.9883209466934204
2977.986256817575,1.0126887409359244,0.988426685333252
2977.9885716153935,0.9996770200358535,0.9884281158447266
2977.9908864132112,0.9960710536624336,0.9884281158447266
2977.9932012110294,1.0106913845637286,0.9884281158447266
2977.995516008849,0.9940347570600919,0.9884575605392456
2977.9978308066643,0.9977720425040023,0.9885249733924866
2978.000145604484,0.9916606964404991,0.988547682762146
2978.0024604023,0.9976560317132428,0.9885503053665161
2978.0047752000496,0.9880741169816174,0.9885541796684265
2978.0070899977122,0.9957726132361365,0.9885541796684265
2978.009404795377,0.9999627993663713,0.9885870814323425
2978.011719593038,1.0077915375277007,0.9885916113853455
2978.0140343907033,0.9964249884241395,0.988616943359375
2978.0163491883663,1.0136735906819228,0.9886280298233032
2978.0186639860303,0.9949325531145617,0.9886299967765808
2978.0209787836925,1.0055201187017542,0.9886491894721985
2978.023293581358,0.998535375704708,0.9886735081672668
2978.0256083790196,0.9930495757900871,0.9886735081672668
2978.027923176684,1.009260114969241,0.9887167811393738
2978.030237974348,0.9926734969314206,0.98872971534729
2978.032552772012,1.0143162687239373,0.9887332320213318
2978.0348675696755,1.0004244481917308,0.9887574315071106
2978.037182367338,0.9921223597149295,0.9887574315071106
2978.039497165001,0.9967248807607633,0.9887641072273254
2978.0418119626656,0.9869086256199925,0.9887641072273254
2978.0441267603287,1.0065449125705432,0.9888310432434082
2978.046441557922,0.9864628430868583,0.9888391494750977
2978.0487563554298,1.0076711244106844,0.9888414144515991
2978.0510711529373,1.003138858820247,0.9888853430747986
2978.0533859504458,1.008462023658949,0.9889116883277893
2978.0557007479533,1.006312147082924,0.9889116883277893
2978.0580155454622,0.9960813077857029,0.9889611601829529
2978.0603303429707,0.9951921457168227,0.9889612793922424
2978.062645140477,0.9974954975609504,0.9889672994613647
2978.0649599379867,0.9981355605113224,0.9889672994613647
2978.0672747354934,1.0048411613339163,0.9890273809432983
2978.0695895330027,1.0023571809193759,0.9890273809432983
2978.0719043305094,1.0043708668499216,0.9890363216400146
2978.074219128019,0.990363016255687,0.9890726208686829
2978.0765339255245,0.9929893369078647,0.9891054630279541
2978.0788487230334,0.9968580557065397,0.9891283512115479
2978.081163520541,1.0094879148364166,0.9891771078109741
2978.0834783180494,1.004280605658611,0.9891996383666992
2978.0857931155565,0.9955379050008146,0.9891996383666992
2978.0881079129936,0.9965947984948976,0.9892035126686096
2978.090422710346,0.9926572504658171,0.9892370700836182
2978.0927375076963,0.9956356402169654,0.9892544746398926
2978.095052305049,0.9914102100952836,0.9892947673797607
2978.097367102399,0.998106550099218,0.9893656969070435
2978.099681899752,1.0005180447224593,0.9893746972084045
2978.101996697102,0.9994587007987793,0.9893746972084045
2978.104311494454,0.9909197376498492,0.9893888235092163
2978.1066262918052,1.0002819944410768,0.9894143342971802
2978.108941089157,1.0006414003021034,0.9894143342971802
2978.1112558865066,1.0119140281559615,0.9894477725028992
2978.1135706838595,1.0120011816132877,0.9894986152648926
2978.1158854812097,1.0131807799728476,0.9895051717758179
2978.1182002785627,1.0000276473496823,0.9895535111427307
2978.1205150759138,1.0027115471479544,0.9895539879798889
2978.122829873266,1.0029525830343207,0.9895808696746826
2978.1251446706165,1.0053666540004862,0.9896319508552551
2978.127459467967,0.9828077933971948,0.9896360039710999
2978.1297742652478,0.9963840401480738,0.9896360039710999
2978.132089062441,0.9973714320199608,0.9896360039710999
2978.134403859634,0.997155872942891,0.9896360039710999
2978.1367186568286,1.0015747126692913,0.9896933436393738
2978.139033454022,1.0003005179206546,0.9897152781486511
2978.141348251216,0.9992755929505661,0.9897533059120178
2978.1436630484095,0.981014260201785,0.9897533059120178
2978.1459778456024,0.9889616644029455,0.989759087562561
2978.148292642797,1.0071267514049087,0.989787757396698
2978.1506074399904,1.0066754607372808,0.9898331165313721
2978.1529222371846,1.0072671750871092,0.9898381233215332
2978.155237034379,1.006978210876594,0.9898872375488281
2978.157551831571,0.9941610386069962,0.9900112152099609
2978.159866628767,1.0009499895151357,0.9900127053260803
2978.162181425959,1.000212647377366,0.9900127053260803
2978.164496223154,1.007547802518503,0.9900489449501038
2978.1668110203464,0.9985076933441064,0.9900645613670349
2978.1691258175415,1.0087534675267202,0.9900869727134705
2978.1714406146607,1.0103169788231703,0.9901312589645386
2978.1737554116967,1.004739781276335,0.9901366829872131
2978.1760702087313,0.9999773055936655,0.9901537299156189
2978.1783850057673,1.0124232310537975,0.9901537299156189
2978.180699802802,0.9899682543657395,0.9901739954948425
2978.1830145998365,0.9940721184059406,0.9901928901672363
2978.185329396873,0.9930975916391471,0.990214467048645
2978.1876441939066,0.9967724438697471,0.990223228931427
2978.1899589909435,0.9938886270657694,0.9902876615524292
2978.1922737879772,0.9976170517333236,0.9903390407562256
2978.194588585014,0.9952141818674688,0.9903390407562256
2978.1969033820474,0.9881799218643219,0.9903584122657776
2978.1992181790833,0.989767039271668,0.9903740286827087
2978.201532976118,0.9953510287457317,0.9903740286827087
2978.203847773154,1.0097497769697217,0.9903584122657776
2978.206162570187,0.9956079541306638,0.9903740286827087
2978.208477367224,0.9971928851919954,0.9903903603553772
2978.210792164258,0.9893932578048764,0.9904322028160095
2978.213106961222,0.9995582829410797,0.9904487133026123
2978.2154217580974,0.9947169921227869,0.990498423576355
2978.2177365549737,0.9694242361955852,0.9905800819396973
2978.220051351849,1.0085385418856023,0.9905833601951599
2978.2223661487237,0.9996149088519338,0.9905959367752075
2978.224680945599,0.9955787364650025,0.9905833601951599
2978.2269957424755,0.987869628835914,0.9905959367752075
2978.229310539352,0.9916077206442911,0.9905959367752075
2978.231625336227,1.0076135528497288,0.9905959367752075
2978.233940133102,0.9955163021161516,0.9906815886497498
2978.2362549299773,0.9780714462769144,0.9906983375549316
2978.2385697268537,0.9974392618836622,0.9907346963882446
2978.2408845237287,0.9859603864607007,0.9907931685447693
2978.243199320605,0.9934739262950226,0.9908178448677063
2978.2455141174823,1.003960733136251,0.990879237651825
2978.2478289143555,1.0041946760852096,0.9909486770629883
2978.2501437112323,1.0041286736780919,0.9909532070159912
2978.252458508107,0.9922844684606439,0.9909757971763611
2978.2547733049114,1.0075282403744068,0.9909985065460205
2978.2570881016254,1.0060128275097022,0.9910138845443726
2978.2594028983426,0.9984361878272952,0.9911034107208252
2978.261717695056,0.9948897805051311,0.9911791682243347
2978.264032491771,0.9989418697671157,0.9911854863166809
2978.2663472884874,0.9962447770380713,0.9912354350090027
2978.2686620852023,1.000238538401195,0.9912518262863159
2978.270976881917,0.9993366995635061,0.9912534356117249
2978.273291678632,1.001306613897848,0.9913169741630554
2978.275606475349,0.9928696912063373,0.9913586974143982
2978.277921272063,0.9922791348634014,0.9913643002510071
2978.28023606878,0.9996209830151811,0.9913742542266846
2978.2825508654937,1.0006786111528634,0.9913742542266846
2978.2848656622104,0.9953533173095017,0.9913877248764038
2978.287180458925,0.9925391071625894,0.9914277791976929
2978.2894952556408,1.006714364118444,0.9914394021034241
2978.2918100523557,1.0081988465718628,0.9914882779121399
2978.2941248490715,1.0054466613372108,0.9914990663528442
2978.2964396457123,1.0074170130031428,0.9914990663528442
2978.298754442268,1.0015532089331425,0.9914990663528442
2978.3010692388216,1.0076752123074637,0.9915065169334412
2978.3033840353773,0.9890857252604273,0.9915617108345032
2978.30569883193,1.0104952340512092,0.9915788173675537
2978.308013628486,0.9992322644645745,0.9915791153907776
2978.3103284250396,0.9985320760791152,0.9916485548019409
2978.312643221594,1.00360543547121,0.9916651248931885
2978.314958018149,1.0110948010313516,0.9917004704475403
2978.317272814703,1.0003999278999836,0.9917020201683044
2978.3195876112577,1.0019525785522647,0.9917020201683044
2978.321902407811,0.9945336651195676,0.9917033910751343
2978.3242172043656,0.9947486528157297,0.9917484521865845
2978.3265320009205,1.0115346003454941,0.9918174147605896
2978.3288467974744,1.009265733036584,0.9918933510780334
2978.331161594028,0.987397970904638,0.9918933510780334
2978.3334763905827,1.0025392370594968,0.9918939471244812
2978.335791187137,1.0004799362088044,0.9919282793998718
2978.3381059836183,0.9952351221268464,0.9919893145561218
2978.3404207800118,0.9993801263720269,0.9920427203178406
2978.342735576403,0.9993875191986055,0.9920470118522644
2978.3450503727972,0.9844169446050631,0.992058277130127
2978.3473651691884,1.008025854229896,0.9920647740364075
2978.3496799655823,1.000047342650423,0.9920961260795593
2978.351994761974,0.9870155899314933,0.9920986294746399
2978.354309558366,1.003488327452666,0.9920986294746399
2978.356624354759,1.0046718615756822,0.9921430945396423
2978.3589391511514,1.0021634530760828,0.9921833276748657
2978.3612539475434,0.9961611050366018,0.9922372102737427
2978.363568743937,1.0051164060770252,0.99229896068573
2978.365883540329,0.996273059199843,0.9923283457756042
2978.3681983367223,1.0023008254670092,0.9923721551895142
2978.370513133115,0.9843470888345698,0.992379367351532
2978.3728279295065,1.0000574782300453,0.9924043416976929
2978.3751427259003,0.9959657646426384,0.9924613833427429
2978.377457522292,0.9994104870958472,0.9924790263175964
2978.3797723186126,0.9964989180504923,0.9925022125244141
2978.382087114841,1.0077821535108813,0.9925026893615723
2978.384401911073,1.0021949474111043,0.9925022125244141
2978.3867167073017,0.9972356731841442,0.9925026893615723
2978.3890315035337,1.009314214901891,0.9925153851509094
2978.391346299761,1.0140925015924334,0.9925478100776672
2978.3936610959936,0.9841474977586985,0.9926122426986694
2978.395975892222,1.0032128700225764,0.992634654045105
2978.398290688454,1.0031909965241745,0.9927518367767334
2978.4006054846836,1.0017993644951022,0.9928340911865234
2978.4029202809147,1.001253202570425,0.9928538203239441
2978.4052350771444,0.9957549877798104,0.9929726123809814
2978.407549873374,1.008977596045032,0.9930349588394165
2978.4098646696048,0.9917384490233175,0.993039071559906
2978.412179465835,0.9977793308210684,0.9930845499038696
2978.4144942620655,0.9994037101055202,0.9930943846702576
2978.4168090582957,1.0053481436758465,0.9931463003158569
2978.419123854525,0.9921740095287069,0.9932494759559631
2978.421438650682,1.0012316399444285,0.9932494759559631
2978.423753446749,0.9959252836446895,0.9932507276535034
2978.426068242817,0.986710913417911,0.9933310151100159
2978.428383038884,1.0126639562462127,0.9933592677116394
2978.4306978349505,1.0018294646166903,0.9933756589889526
2978.4330126310174,0.9913791019014335,0.9934340119361877
2978.435327427086,1.0126602434970973,0.9934340119361877
2978.437642223152,1.00010973370348,0.9934677481651306
2978.43995701922,0.9937268351976557,0.9935746788978577
2978.4422718152864,1.0082488614502745,0.9935767650604248
2978.4445866113538,0.9950290505940143,0.9936127066612244
2978.4469014074216,1.0069138956116817,0.9936383962631226
2978.4492162034885,1.0059044373739428,0.9936400055885315
2978.4515309995563,1.0027247511819222,0.9936400055885315
2978.4538457956232,1.0028481358716774,0.9936423897743225
2978.4561605916897,0.9903825026080418,0.9936423897743225
2978.4584753877575,1.0016130768942375,0.9936466813087463
2978.4607901838244,1.010615270090559,0.9936624765396118
2978.4631049798186,1.0027436415477304,0.9936853647232056
2978.4654197757227,0.9980507788426968,0.9936853647232056
2978.467734571625,1.0090639000484718,0.9937000870704651
2978.47004936753,0.9987633755971624,0.9937767386436462
2978.4723641634328,0.9952837612070347,0.9938154220581055
2978.474678959338,0.9892128314678615,0.9938464760780334
2978.4769937552405,1.010465105121242,0.9938526153564453
2978.4793085511456,0.990329295836935,0.9938643574714661
2978.481623347047,1.0068917376747566,0.9939271211624146
2978.4839381429524,1.0051377526113172,0.9939767718315125
2978.4862529388547,0.9989508786211657,0.9940154552459717
2978.48856773476,0.9926618435170194,0.9940637350082397
2978.490882530662,0.9924770044917443,0.9940821528434753
2978.493197326568,1.007183564915816,0.9940821528434753
2978.4955121224707,1.0026889220142463,0.9940897822380066
2978.4978269183744,0.99516818303752,0.9940980672836304
2978.5001417142785,0.9912255314173678,0.9941026568412781
2978.502456510182,1.0177204664588362,0.994106650352478
2978.504771306012,0.999573160315865,0.9941096901893616
2978.507086101751,1.0049359067792094,0.9941218495368958
2978.5094008974907,0.996288536739631,0.9941218495368958
2978.511715693231,0.99618492373085,0.9941668510437012
2978.51403048897,0.9937603226209499,0.9941689968109131
2978.5163452847105,0.9947613525012986,0.9941754341125488
2978.5186600804495,1.0015666156371994,0.994199812412262
2978.520974876189,1.0018076693737648,0.9943068623542786
2978.5232896719294,1.0077954280561676,0.9943068623542786
2978.525604467669,0.9998016988795088,0.9943068623542786
2978.527919263409,1.001972938278899,0.9943078756332397
2978.530234059148,1.0033233251930649,0.9943298697471619
2978.5325488548874,0.9994437146862979,0.9943298697471619
2978.534863650628,1.001588452319096,0.9943411350250244
2978.5371784463673,0.9933975279798072,0.9943478107452393
2978.539493242107,1.0052227728335974,0.9944126009941101
2978.5418080378463,1.0011209295425563,0.9944126009941101
2978.544122833586,1.0051823595394165,0.9944728016853333
2978.5464376292507,1.0015275269209687,0.9944728016853333
2978.5487524248265,0.999359651358814,0.9944832921028137
2978.5510672204014,1.002138848994804,0.9945955872535706
2978.553382015977,0.9934240707297436,0.9945997595787048
2978.555696811553,0.9916881225368497,0.9946205615997314
2978.558011607127,0.9932299123584781,0.9946539402008057
2978.5603264027036,1.0081124555799057,0.994655430316925
2978.5626411982776,1.004319574311923,0.9946539402008057
2978.5649559938543,1.0028023887750082,0.994655430316925
2978.5672707894278,0.9985828408022479,0.9946590662002563
2978.5695855850045,0.995056091249372,0.9946708679199219
2978.5719003805784,0.9934002769539476,0.9946807026863098
2978.574215176155,1.0005611730445927,0.9948038458824158
2978.5765299717277,0.9939287140071992,0.9948038458824158
2978.578844767305,1.005760107809767,0.9948098063468933
2978.5811595628784,0.996874441848567,0.9948098063468933
2978.5834743584555,1.0132891412477094,0.9948115348815918
2978.5857891540295,1.0009094409727035,0.9948297142982483
2978.588103949531,1.006481582936111,0.9949429631233215
2978.5904187449414,1.0088240899002197,0.9949429631233215
2978.5927335403508,0.9938570148174858,0.9949429631233215
2978.5950483357615,0.9992199431440935,0.9949429631233215
2978.5973631311717,0.9977977367268273,0.9949429631233215
2978.5996779265824,0.9891295863086692,0.9949429631233215
2978.6019927219927,1.001243525538369,0.9950200319290161
2978.604307517402,1.0022554107064439,0.9950445294380188
2978.606622312811,0.9986110642714778,0.9950445294380188
2978.608937108223,1.0093244136692099,0.9951053857803345
2978.611251903632,0.9982345598256015,0.9951325058937073
2978.6135666990435,0.994534949305851,0.9951538443565369
2978.6158814944524,0.9991900412023039,0.9951538443565369
2978.618196289864,0.9936618711102785,0.9951930046081543
2978.6205110852743,0.9970883941356302,0.9951965808868408
2978.622825880685,0.9922789613810323,0.9952405095100403
2978.625140676095,0.9933771586115534,0.9952405095100403
2978.6274554715046,0.9948888941458727,0.9952405095100403
2978.6297702668394,0.9947992991708572,0.9952405095100403
2978.632085062085,1.0101523204409797,0.9952405095100403
2978.6343998573307,0.9934490854807386,0.9952495098114014
2978.636714652575,1.0079267505748437,0.9952792525291443
2978.6390294478197,1.0066066765274853,0.9953028559684753
2978.641344243064,0.9960528579635511,0.9953028559684753
2978.6436590383096,1.0042548859325267,0.9953051805496216
2978.6459738335543,0.9906457120011843,0.9953172206878662
2978.6482886287995,1.0001640777021696,0.9953621029853821
2978.650603424046,0.9987326520369936,0.9953641295433044
2978.6529182192885,1.0043721605895974,0.9954100847244263
2978.655233014535,0.9975917604303707,0.9954321980476379
2978.6575478097784,0.9946992645302136,0.9954506158828735
2978.659862605025,1.0160905680078816,0.9955254197120667
2978.662177400269,0.999923004044503,0.9955272674560547
2978.6644921955153,1.0036219860064666,0.9955593943595886
2978.6668069907573,1.0062222593680537,0.995572566986084
2978.669121786004,1.0029137683681957,0.9956648945808411
2978.6714365811736,1.0076110697216945,0.9956648945808411
2978.673751376253,1.0025112772511744,0.9956745505332947
2978.6760661713306,1.0011214854585209,0.9957267045974731
2978.678380966412,0.9990791667569562,0.9957267045974731
2978.6806957614904,0.9987434791530435,0.995734453201294
2978.683010556568,1.0023095843921324,0.9957573413848877
2978.685325351649,0.9978235359430512,0.9958097338676453
2978.6876401467266,0.988831130524221,0.995823860168457
2978.6899549418076,1.00937285524735,0.9958701729774475
2978.6922697368855,1.0044840547954716,0.9958931803703308
2978.694584531965,0.986994965515095,0.9959197044372559
2978.696899327044,1.0065447646521064,0.9959205985069275
2978.699214122124,1.0057348816981286,0.9959637522697449
2978.7015289172014,1.0060518271672898,0.9959637522697449
2978.703843712282,1.0009983947167846,0.9959831237792969
2978.70615850736,1.0008326166454746,0.9959918856620789
2978.708473302441,1.0048104770649053,0.9961042404174805
2978.7107880975186,0.9891168281967005,0.9961042404174805
2978.713102892524,1.013252723464201,0.996128499507904
2978.7154176874365,0.9961811426761644,0.9961324334144592
2978.717732482349,1.0099407879978883,0.9961521029472351
2978.7200472772633,1.0107826795771553,0.9962170720100403
2978.722362072176,0.9917536155413127,0.9962170720100403
2978.72467686709,0.9983765461596916,0.9962170720100403
2978.726991662002,0.9977013535383354,0.9962170720100403
2978.729306456915,1.0118979870288742,0.9961521029472351
2978.7316212518276,1.0103213378553346,0.9961521029472351
2978.7339360467413,0.990696034664502,0.9961521029472351
2978.736250841654,1.0038885949525747,0.9962170720100403
2978.738565636568,1.0107844628921774,0.9962181448936462
2978.7408804314805,1.0046674696374551,0.9962181448936462
2978.7431952263933,1.0063353162695161,0.9962181448936462
2978.745510021308,0.9997457183304596,0.9962170720100403
2978.7478248162197,0.9966030997081627,0.9962181448936462
2978.7501396111343,1.0015378340502175,0.9962181448936462
2978.7524544060457,1.0001589109145772,0.9962181448936462
2978.754769200885,1.0120939774097297,0.9962431788444519
2978.7570839956306,1.0133418993098497,0.9962431788444519
2978.759398790377,1.0079147801973445,0.9962573647499084
2978.761713585124,1.0010527902801318,0.9962695837020874
2978.7640283798705,1.0099948368584886,0.9962695837020874
2978.766343174617,0.9834628705511279,0.9962695837020874
2978.768657969364,0.9892306919148076,0.9962695837020874
2978.7709727641104,1.0115143508049529,0.9962741732597351
2978.7732875588563,1.0044410643621695,0.9962863922119141
2978.7756023536053,0.9975571513628071,0.9962863922119141
2978.7779171483503,1.004700795283578,0.9962942600250244
2978.7802319430984,1.0024484125312774,0.9962863922119141
2978.782546737844,1.0055939271472085,0.9962863922119141
2978.7848615325925,1.0051085716555697,0.9962942600250244
2978.7871763273374,0.9952673172741873,0.9962942600250244
2978.7894911220847,0.9932639727742437,0.9963474273681641
2978.791805916831,0.997734078426718,0.9963474273681641
2978.794120711578,0.9877181346448507,0.9963577389717102
2978.7964355062486,1.0093046174800606,0.9963577389717102
2978.79875030083,1.0194315223404091,0.9963625073432922
2978.8010650954084,0.9956865766473447,0.9963625073432922
2978.80337988999,0.9982851952678927,0.9963625073432922
2978.8056946845695,1.0009722196548811,0.9963743090629578
2978.8080094791503,1.0059268062312134,0.9963764548301697
2978.81032427373,1.0126630270214525,0.9964116811752319
2978.812639068309,0.9992602147728057,0.9964116811752319
2978.81495386289,1.0055122887250096,0.9964224100112915
2978.81726865747,1.0102306643088548,0.9964224100112915
2978.81958345205,1.0086025202554927,0.9964224100112915
2978.82189824663,1.0075757584820966,0.9964269399642944
2978.82421304121,0.9891366538575352,0.9964407086372375
2978.826527835789,1.0052949899629138,0.9964407086372375
2978.8288426303698,1.0043468971038552,0.9964509010314941
2978.8311574249497,0.9895439388929272,0.9964509010314941
2978.83347221953,1.0079299400832622,0.9964724183082581
2978.8357870141085,0.9963201407561264,0.9965208768844604
2978.8381018086134,0.9950316400540271,0.9965299367904663
2978.8404166030273,1.0087304779611759,0.9965446591377258
2978.84273139744,0.9943586842356622,0.9965706467628479
2978.8450461918537,1.0028781649602048,0.9965706467628479
2978.8473609862663,0.9971195622691605,0.9965706467628479
2978.849675780679,0.9900730163452282,0.9965706467628479
2978.8519905750923,1.0034095746204728,0.9965706467628479
2978.8543053695053,1.00975598756938,0.9965706467628479
2978.8566201639187,0.999320202341181,0.9965706467628479
2978.8589349583317,1.0060049590659057,0.9965706467628479
2978.861249752744,1.0159890012255617,0.9965706467628479
2978.863564547157,0.989183448629903,0.9966627359390259
2978.8658793415702,1.0099559685396273,0.9966627359390259
2978.868194135984,0.9976362379170044,0.9966627359390259
2978.8705089303976,1.0008804894763177,0.9966719746589661
2978.872823724809,0.9915008814164332,0.9966719746589661
2978.875138519224,1.0008758220138296,0.9966751337051392
2978.8774533136357,1.0140080091217056,0.9966751337051392
2978.8797681079736,0.995129230055819,0.9966719746589661
2978.8820829022193,1.0200071357516347,0.9966751337051392
2978.8843976964663,0.990906299307479,0.9967228770256042
2978.8867124907097,1.0048431371329585,0.9967465400695801
2978.889027284957,1.0080179586774611,0.9967586398124695
2978.891342079202,1.003787216700996,0.9967586398124695
2978.893656873449,0.9966984066995818,0.9967586398124695
2978.8959716676936,0.9973269160022178,0.9967465400695801
2978.898286461941,1.0075886379608185,0.9967465400695801
2978.9006012561863,1.0060246497082517,0.9967465400695801
2978.902916050432,0.9979175526914663,0.9967465400695801
2978.905230844678,0.9989026980174115,0.9967586398124695
2978.907545638923,1.005929078412841,0.9967586398124695
2978.9098604331703,1.0057549211694978,0.9967628121376038
2978.9121752274136,1.017782496521986,0.9967628121376038
2978.914490021661,0.9972049114672361,0.9967628121376038
2978.9168048159054,0.9975550081312364,0.9967782497406006
2978.919119610153,0.996851612529782,0.9967782497406006
2978.921434404321,1.0194939216601422,0.9967628121376038
2978.9237491984013,1.002693311957462,0.9967628121376038
2978.9260639924782,0.9986428793322691,0.9967628121376038
2978.9283787865575,1.008819340898008,0.9967628121376038
2978.930693580636,1.0143840439205987,0.9967628121376038
2978.9330083747145,1.0061488718616771,0.9967628121376038
2978.9353231687933,0.9991044618144993,0.9967628121376038
2978.937637962871,1.0065592850730878,0.9967782497406006
2978.9399527569494,1.0194143883298639,0.9967782497406006
2978.942267551028,0.9936500054654729,0.9967782497406006
2978.9445823451065,1.0095718728824283,0.9967782497406006
2978.9468971391852,0.999355156710254,0.9967948794364929
2978.949211933263,1.0043351718901425,0.9967948794364929
2978.951526727341,1.0036772930071876,0.9967948794364929
2978.95384152142,1.0092834352351965,0.9967948794364929
2978.9561563154984,1.0001732253105797,0.9968211650848389
2978.958471109577,1.0026235589096515,0.9968417286872864
2978.9607859036564,0.9996062605352214,0.9968433976173401
2978.963100697657,1.0069551443829523,0.9968980550765991
2978.9654154915693,1.0058193714457022,0.9968980550765991
2978.967730285479,1.0018493055717073,0.996899425983429
2978.970045079391,1.017096948316218,0.9969069957733154
2978.9723598733003,1.0111122510621873,0.9969391822814941
2978.9746746672126,0.9971033246777845,0.9969515800476074
2978.976989461122,1.0026473639477338,0.9969515800476074
2978.9793042550323,1.013698852904615,0.9969515800476074
2978.981619048943,1.0125684021926966,0.9969515800476074
2978.9839338428537,0.9949386770094507,0.9969391822814941
2978.9862486367642,1.0070621164921585,0.9969391822814941
2978.9885634306747,0.9955582923236644,0.9969069957733154
2978.9908782245857,1.0130774148231747,0.9969069957733154
2978.993193018496,1.0138110653058043,0.9969391822814941
2978.9955078124085,1.010297704202306,0.9969391822814941
2978.9978226063176,1.0128392769425842,0.9969391822814941
2979.00013740023,1.000501080243149,0.9969391822814941
2979.0024521941396,1.008132812055335,0.9969515800476074
2979.0047669879755,1.0045448805912112,0.9969515800476074
2979.0070817817173,1.0083714813615534,0.9969515800476074
2979.009396575461,1.0110265038090025,0.9969726800918579
2979.011711369202,0.9925050101614162,0.9969775080680847
2979.0140261629463,0.9980202407145762,0.9969938397407532
2979.016340956688,1.0000639094797845,0.9969939589500427
2979.0186557504326,1.0028895574241623,0.9969939589500427
2979.0209705441735,1.0048674631577392,0.9969939589500427
2979.023285337917,1.005203434936618,0.9970314502716064
2979.0256001316607,1.0095903301494693,0.9970538020133972
2979.0279149254034,1.000566841268364,0.9970538020133972
2979.0302297191465,0.9937208669622587,0.9970538020133972
2979.032544512889,0.9993628590209909,0.9970576763153076
2979.0348593066315,1.0100035557464282,0.9970576763153076
2979.0371741003746,0.9970407486018351,0.9971197247505188
2979.0394888941173,1.0067008149316665,0.9971266984939575
2979.041803687861,0.9983006167131229,0.9971266984939575
2979.0441184816036,1.0081364049635932,0.9971266984939575
2979.0464332752695,1.0113931692388614,0.9971976280212402
2979.048748068845,1.0072443844066419,0.9971976280212402
2979.0510628624183,1.008938426616016,0.9972798824310303
2979.0533776559946,0.9984336944496291,0.9972887635231018
2979.0556924495695,1.0132012059243847,0.9972887635231018
2979.0580072431435,1.002273098494301,0.9973184466362
2979.060322036719,1.0048539264976504,0.9973184466362
2979.0626368302933,0.9980188958217342,0.9973399639129639
2979.0649516238686,0.9811156506753059,0.9973430037498474
2979.067266417443,1.012355193941613,0.9973430037498474
2979.0695812110175,0.9846734557276726,0.9973526000976562
2979.071896004592,1.014299459743737,0.9973526000976562
2979.0742107981673,1.0015382960413082,0.9973526000976562
2979.0765255917418,0.9997647754316544,0.9973613023757935
2979.078840385317,1.008981549963689,0.9973759651184082
2979.0811551788915,0.9991426620814486,0.9973759651184082
2979.083469972466,0.9933048040087031,0.9973759651184082
2979.0857847660423,0.9766171929420281,0.9973759651184082
2979.0880995595394,0.9941134461866873,0.9973776340484619
2979.090414352948,1.007901271692522,0.9974099397659302
2979.092729146353,0.9952123138837519,0.9974099397659302
2979.095043939761,1.0027829758677491,0.9974387288093567
2979.097358733166,0.9991296888506174,0.9974387288093567
2979.0996735265735,1.010011506345222,0.9974387288093567
2979.1019883199797,0.9901884236186795,0.9974428415298462
2979.104303113387,1.0065906475322703,0.9974521994590759
2979.1066179067916,1.000669336963206,0.9974521994590759
2979.1089327002,0.9956137908353169,0.9975216388702393
2979.1112474936053,1.0067289943447624,0.9975216388702393
2979.1135622870133,0.9992177822651221,0.9974521994590759
2979.1158770804186,1.0150966827693568,0.9974521994590759
2979.118191873825,1.0052657073364346,0.9974428415298462
2979.1205066672333,1.0137023154182765,0.9974521994590759
2979.122821460638,1.0035269116065875,0.9974521994590759
2979.125136254045,0.9966699204021885,0.9975216388702393
2979.127451047452,0.9922469035535907,0.9975216388702393
2979.1297658407825,0.9996751841399992,0.9975216388702393
2979.132080634019,0.9907991415487866,0.9975267052650452
2979.134395427259,0.9894166369554064,0.9975480437278748
2979.136710220496,1.014051140652479,0.9975480437278748
2979.1390250137356,0.9992086557430806,0.9975480437278748
2979.1413398069726,0.9985809101403023,0.9975480437278748
2979.1436546002124,0.9836869441059879,0.9975495338439941
2979.145969393448,1.0048950040774274,0.9976189732551575
2979.1482841866878,1.0041821040218688,0.9976189732551575
2979.1505989799266,1.0038059375158517,0.9976189732551575
2979.1529137731645,1.0085098112481792,0.9976189732551575
2979.1552285664034,0.997033028506622,0.9976189732551575
2979.157543359641,1.0026499544220744,0.9976189732551575
2979.1598581528788,1.013134819067555,0.9976189732551575
2979.1621729461176,1.0023049160529116,0.9976189732551575
2979.1644877393555,1.0048125986592882,0.9976343512535095
2979.1668025325944,1.005772955586569,0.9976343512535095
2979.169117325832,1.003931365784422,0.9976595044136047
2979.1714321189934,1.0063900899686096,0.9976595044136047
2979.173746912063,1.0157976145460437,0.9976343512535095
2979.176061705133,1.004774600214237,0.9976343512535095
2979.1783764982024,1.0131270886075345,0.9976343512535095
2979.180691291274,1.0050885056077878,0.9976343512535095
2979.1830060843417,1.009163062141737,0.9976343512535095
2979.1853208774114,1.0093788646315551,0.9976343512535095
2979.1876356704815,1.0075055890873246,0.9976343512535095
2979.189950463551,1.0037046691545293,0.9976343512535095
2979.1922652566213,1.0050474003716319,0.9976343512535095
2979.19458004969,0.9916574007962385,0.9976595044136047
2979.19689484276,0.995863982036513,0.9977393746376038
2979.19920963583,1.0090618161745861,0.9977501630783081
2979.2015244288996,1.0007110141479987,0.9977501630783081
2979.2038392219697,0.9849668478153729,0.9977501630783081
2979.2061540150385,1.0084890381834073,0.9977501630783081
2979.208468808108,1.0120733550918408,0.99775230884552
2979.210783601179,1.011311094248446,0.9978095889091492
2979.2130983941715,1.0125371390478786,0.997849702835083
2979.215413187074,0.9931715238575309,0.9979939460754395
2979.2177279799735,1.0085476047595203,0.9980125427246094
2979.2200427728762,1.0028100077171895,0.9980462789535522
2979.222357565776,1.0043643429667881,0.9980125427246094
2979.2246723586773,0.990010593368377,0.9980462789535522
2979.2269871515773,1.0011855279944302,0.9980462789535522
2979.22930194448,1.0059595908802672,0.9980462789535522
2979.231616737379,1.0094994093625296,0.9980571269989014
2979.233931530282,1.0136098639443594,0.9980571269989014
2979.2362463231816,1.0113920480383811,0.9980962872505188
2979.2385611160844,1.0040317637026845,0.9980962872505188
2979.240875908985,1.0036220256327049,0.9980992078781128
2979.2431907018854,1.0033642820689188,0.9980992078781128
2979.245505494787,1.0049675951366968,0.9980992078781128
2979.247820287688,1.0060419843143455,0.9981091022491455
2979.2501350805896,0.9988402848957797,0.9981091022491455
2979.252449873488,1.013741131045896,0.9981091022491455
2979.2547646663143,1.0027149993562448,0.9981091022491455
2979.257079459045,0.9996295719468857,0.9981091022491455
2979.2593942517788,1.0199962019828517,0.9981143474578857
2979.26170904451,1.0021683214624053,0.9981198310852051
2979.2640238372437,0.9995388062061648,0.9981198310852051
2979.2663386299746,0.9949002773518704,0.9981749653816223
2979.2686534227073,1.0102502337768426,0.9981834888458252
2979.270968215439,0.9936670707382401,0.9982501268386841
2979.2732830081723,1.0001206124389161,0.9982501268386841
2979.275597800905,1.0103004132453213,0.9982683062553406
2979.277912593637,1.0142195296284136,0.9982683062553406
2979.2802273863686,0.9980802783047147,0.9982741475105286
2979.2825421791017,1.0095223594802207,0.9982743859291077
2979.2848569718335,0.9991763923009339,0.9982743859291077
2979.287171764566,1.0191690948435566,0.9983705282211304
2979.2894865572985,0.9937158467661874,0.9984577894210815
2979.29180135003,1.0032836772122495,0.9984577894210815
2979.294116142763,1.0075780197192559,0.9984577894210815
2979.2964309354184,0.9862379606108611,0.9984593987464905
2979.2987457279824,0.9904204844392122,0.9984593987464905
2979.3010605205454,1.0147207046682505,0.9984595775604248
2979.303375313108,1.0126997358783507,0.9984595775604248
2979.3056901056734,0.9967953101354078,0.9984790682792664
2979.308004898235,1.0097423550888778,0.9984790682792664
2979.3103196908,1.0020213502433393,0.9985660314559937
2979.312634483362,1.008335111559705,0.9985914826393127
2979.314949275925,1.0042311652329319,0.9986733794212341
2979.317264068488,1.0108432971993546,0.9986733794212341
2979.319578861052,1.0057722210756614,0.9987009763717651
2979.321893653615,1.010173581417567,0.9987147450447083
2979.324208446179,1.0208062914647373,0.9987147450447083
2979.326523238742,1.0010308756600308,0.9987150430679321
2979.3288380313047,1.0023291236906364,0.9987150430679321
2979.3311528238687,0.9883124817636173,0.9987147450447083
2979.333467616432,1.0075077922932063,0.9987150430679321
2979.3357824089967,1.0044197732408116,0.9987257122993469
2979.3380972014825,1.0117188686610723,0.9987335801124573
2979.3404119938787,1.0023469248480945,0.9987335801124573
2979.3427267862703,1.0100769814758308,0.9987419247627258
2979.345041578666,1.0157109694859678,0.9987429976463318
2979.3473563710604,1.0017499803064553,0.9987807273864746
2979.3496711634552,1.0109913849694094,0.9987807273864746
2979.3519859558482,1.0030384735864055,0.9987812638282776
2979.354300748244,0.9880731598476097,0.9988247156143188
2979.3566155406374,1.0075081614212336,0.9988247156143188
2979.3589303330323,1.0094366215672725,0.9988868236541748
2979.361245125426,0.9991139538631856,0.9988976120948792
2979.3635599178224,0.9981673794618215,0.9989504218101501
2979.3658747102163,1.0131577683387183,0.9989684224128723
2979.36818950261,0.9978908962730257,0.9990140199661255
2979.370504295004,1.0094807643177117,0.9990140199661255
2979.3728190873994,1.0083514541241003,0.9990140199661255
2979.3751338797933,1.0067142884588054,0.9990140199661255
2979.377448672188,1.0015658081530612,0.9990140199661255
2979.3797634645052,1.00315583967566,0.9990140199661255
2979.3820782567295,1.0068060508783836,0.9990140199661255
2979.3843930489566,0.9915573204275675,0.9990140199661255
2979.38670784118,1.0160644513508537,0.999028742313385
2979.3890226334074,1.011229829403268,0.9990537762641907
2979.39133742563,1.0115179231499272,0.999028742313385
2979.393652217857,1.001469072015792,0.999028742313385
2979.395967010081,1.003349433675981,0.9990537762641907
2979.398281802308,1.0021628775094686,0.9990612864494324
2979.400596594534,1.0013502693409393,0.9990835785865784
2979.4029113867587,1.0004256682424644,0.9990859031677246
2979.4052261789834,1.0049655527900212,0.9990859031677246
2979.4075409712095,0.997203851969518,0.9991562962532043
2979.4098557634343,0.9945558016165251,0.9990859031677246
2979.4121705556595,1.009874867125998,0.9991562962532043
2979.414485347885,1.0010705085425626,0.9991562962532043
2979.41680014011,1.0129974471846162,0.9991562962532043
2979.419114932335,0.9995352919237673,0.9991652965545654
2979.4214297244844,0.9796596103413763,0.9991821050643921
2979.4237445165404,0.9961319519665769,0.9991821050643921
2979.4260593085965,1.0128922865022811,0.9992155432701111
2979.4283741006525,1.0176459096561066,0.9992155432701111
2979.43068889271,0.9986263603518455,0.9991821050643921
2979.433003684765,1.003904675242524,0.9991821050643921
2979.435318476823,0.9934079375099248,0.9991821050643921
2979.4376332688776,0.994845856510077,0.9991652965545654
2979.439948060934,1.0056915342350468,0.9991821050643921
2979.4422628529887,0.9990854531877423,0.9991821050643921
2979.4445776450457,0.9982263840700513,0.9991821050643921
2979.4468924371017,1.0024470809717578,0.9992155432701111
2979.449207229157,0.9949892307653763,0.9991821050643921
2979.451522021214,0.9824133322086672,0.9991821050643921
2979.4538368132694,1.0072248661287437,0.9991821050643921
2979.4561516053263,1.011864590997557,0.9991821050643921
2979.4584663973824,1.0077216997916076,0.9992155432701111
2979.46078118944,1.0002322794602265,0.9992294907569885
2979.4630959814176,1.0060812852260388,0.9992155432701111
2979.4654107733054,0.9939170101398276,0.9992294907569885
2979.467725565192,1.0063231432004065,0.9992294907569885
2979.470040357079,0.9955786374238716,0.9992294907569885
2979.4723551489647,1.0000197436322162,0.9992658495903015
2979.4746699408533,1.001419433673581,0.9992800354957581
2979.476984732739,1.0067291650636465,0.9992855787277222
2979.479299524627,0.9948325790937553,0.9992855787277222
2979.481614316513,1.0156582402985226,0.9992855787277222
2979.4839291084013,0.9976519260397859,0.9992855787277222
2979.4862439002854,1.0007984433128807,0.99935382604599
2979.488558692174,1.0048885830695602,0.9993682503700256
2979.4908734840615,1.0017338586337161,0.9994389414787292
2979.4931882759483,0.9905989076180772,0.9994474053382874
2979.4955030678357,1.0063033961525996,0.9994474053382874
2979.497817859722,1.0079334110411264,0.9994474053382874
2979.5001326516085,1.007637117751999,0.9994570016860962
2979.502447443494,1.0057143007087384,0.9994570016860962
2979.504762235306,0.9979127436307789,0.9994474053382874
2979.507077027022,0.9992573400955361,0.9994570016860962
2979.5093918187413,0.9870049724160856,0.9994570016860962
2979.511706610457,0.9999112004659322,0.9994570016860962
2979.5140214021753,0.9972042161470115,0.9994570016860962
2979.5163361938926,1.0176620806201842,0.9994615912437439
2979.5186509856107,1.0027402325062027,0.999511182308197
2979.520965777329,1.0051420432267488,0.999511182308197
2979.5232805690466,0.993815438742956,0.9995400905609131
2979.5255953607634,0.9974526968603715,0.9995400905609131
2979.5279101524816,1.0043695801752877,0.9995854496955872
2979.530224944199,1.0039743948129414,0.9995908737182617
2979.532539735917,0.9867761510628504,0.999606192111969
2979.5348545276343,1.0119584804582826,0.999606192111969
2979.537169319351,0.9988715982703803,0.9996070265769958
2979.539484111069,1.0100259078943052,0.9996265172958374
2979.5417989027865,0.9934567718902048,0.999670684337616
2979.5441136945046,0.9949228158055314,0.9996711015701294
2979.546428486145,0.9850819752960702,0.9997366070747375
2979.5487432776927,0.9967992475495189,0.9997445940971375
2979.5510580692408,1.0013806173768913,0.9997445940971375
2979.5533728607893,0.9964540512361785,0.9997621774673462
2979.5556876523383,1.0079938110891726,0.9997621774673462
2979.558002443886,1.0039495085799237,0.9997621774673462
2979.560317235436,1.0007620478016572,0.9997621774673462
2979.562632026981,0.9906404409026623,0.9997621774673462
2979.56494681853,1.0058687680928644,0.9998010396957397
2979.567261610078,1.0025549790256598,0.9998265504837036
2979.569576401627,1.0127728682188104,0.9998265504837036
2979.5718911931745,1.0072619397786113,0.9998265504837036
2979.574205984722,1.0015924354784036,0.9998265504837036
2979.576520776271,0.9897445325465367,0.9998593926429749
2979.5788355678187,0.9983750932035284,0.9998748302459717
2979.5811503593677,0.9930946528179,0.9998748302459717
2979.5834651509153,1.0214975136575817,0.9999184012413025
2979.5857799424653,0.9983991168824108,0.9998748302459717
2979.588094733934,0.9998617595252397,0.9998748302459717
2979.5904095253145,0.9950561891792581,0.9998748302459717
2979.592724316692,0.9897843925490589,0.9998748302459717
2979.595039108072,0.9918734988181304,0.9998748302459717
2979.597353899449,0.9996885999258338,0.9999184012413025
2979.5996686908293,0.992535535023361,0.9999685287475586
2979.601983482207,0.9997021462162258,0.9999685287475586
2979.604298273587,1.0131668591743679,0.9999762773513794
2979.6066130649647,0.9822475275108784,0.9999762773513794
2979.608927856344,0.9957844493284574,1.0000253915786743
2979.611242647721,1.0068009557004494,1.0000253915786743
2979.6135574391014,1.0022895946879782,1.0000253915786743
2979.61587223048,0.9834425012316179,1.0000909566879272
2979.6181870218593,1.012069539484529,1.0001517534255981
2979.6205018132378,0.9967292127357367,1.0001693964004517
2979.622816604615,0.9960285237369051,1.0001903772354126
2979.6251313959947,0.9881449061068983,1.00019371509552
2979.6274461873722,0.9932898328572451,1.000196099281311
2979.6297609786757,1.003295579161299,1.000205397605896
2979.6320757698836,0.9939020247883059,1.0002145767211914
2979.6343905610947,1.0019705835520751,1.0002145767211914
2979.6367053523013,0.9987541130300219,1.0002145767211914
2979.639020143512,1.005200986707199,1.000205397605896
2979.64133493472,0.9940666270731049,1.000196099281311
2979.6436497259306,0.9988654096604715,1.000196099281311
2979.6459645171403,1.006605641093302,1.000196099281311
2979.648279308349,1.0097299807288291,1.000196099281311
2979.650594099558,1.0057516205260555,1.000205397605896
2979.652908890768,0.9985007880427269,1.0002145767211914
2979.6552236819766,1.0021535151555312,1.0002217292785645
2979.657538473185,0.9957623341153319,1.0002217292785645
2979.6598532643948,1.0050538301320022,1.0002217292785645
2979.662168055604,1.0035188992001343,1.0002145767211914
2979.664482846814,1.0080282150760727,1.0002145767211914
2979.6667976380227,1.0009402403315786,1.0002145767211914
2979.6691124292315,1.0076530949732496,1.000205397605896
2979.671427220364,0.9914933218980531,1.0002145767211914
2979.673742011403,0.997321857743157,1.000205397605896
2979.676056802443,1.0033146183117674,1.0002145767211914
2979.678371593483,0.9920326851851411,1.0002217292785645
2979.6806863845222,0.9965214242817146,1.0002259016036987
2979.683001175563,0.9984374757913329,1.0002362728118896
2979.6853159666016,1.0102663817443112,1.0002362728118896
2979.687630757641,0.997115773433581,1.0002626180648804
2979.689945548681,1.0060659104508634,1.0002840757369995
2979.6922603397206,0.9996922890276011,1.0002840757369995
2979.6945751307594,1.0061783062447718,1.0002626180648804
2979.6968899217995,1.0098738965756706,1.0002626180648804
2979.6992047128388,0.9995648696933112,1.0002362728118896
2979.7015195038794,0.9895938896631108,1.0002259016036987
2979.7038342949186,0.9985121807269869,1.0002217292785645
2979.7061490859573,1.0031076801950967,1.0002259016036987
2979.7084638769975,1.004240270219795,1.0002259016036987
2979.710778668038,0.9926067602860043,1.0002259016036987
2979.7130934590004,1.0066276626554271,1.0002362728118896
2979.715408249871,1.008616676538837,1.0002362728118896
2979.717723040739,1.0019063021789887,1.0002362728118896
2979.7200378316115,1.0045328159283198,1.0002362728118896
2979.72235262248,0.9930100862990564,1.0002362728118896
2979.724667413351,0.9864125172167506,1.0002626180648804
2979.72698220422,0.9960913436803829,1.0002840757369995
2979.7292969950918,0.9915739988280288,1.0002840757369995
2979.731611785959,0.9931657380913478,1.0002626180648804
2979.7339265768305,0.9899852946276587,1.0002626180648804
2979.7362413676997,0.9985190346916406,1.0002626180648804
2979.73855615857,0.9979000096651277,1.0002840757369995
2979.7408709494416,0.9893560844005196,1.0002840757369995
2979.743185740309,0.9949280126745458,1.0002840757369995
2979.745500531181,0.9887271360438833,1.0002840757369995
2979.7478153220495,1.0025145953789603,1.00028657913208
2979.750130112921,0.9830062466624265,1.0003091096878052
2979.7524449037896,0.9946263353720165,1.0003091096878052
2979.7547596945847,1.0019768095499875,1.0003207921981812
2979.7570744852833,0.9916141920566556,1.0003091096878052
2979.759389275984,0.9977907810812778,1.0003091096878052
2979.761704066684,0.9960009591214981,1.00028657913208
2979.764018857385,0.9909768928944447,1.00028657913208
2979.7663336480837,0.9757764021789028,1.00028657913208
2979.768648438786,0.9937667828385897,1.00028657913208
2979.770963229486,1.0037487730919703,1.00028657913208
2979.773278020187,1.0018279082427721,1.00028657913208
2979.775592810887,0.9893273631207565,1.0002840757369995
2979.7779076015877,1.0034134228007157,1.0002840757369995
2979.7802223922877,0.99582915772404,1.0002840757369995
2979.782537182987,0.9941282263322652,1.0002840757369995
2979.7848519736876,1.008660664624671,1.0002626180648804
2979.7871667643885,0.9956128197858347,1.0002626180648804
2979.7894815550894,1.001531881037651,1.0002840757369995
2979.7917963457894,0.9941871135448263,1.00028657913208
2979.794111136489,1.0027080166254083,1.00028657913208
2979.796425927111,0.9938440278096068,1.0003091096878052
2979.7987407176433,1.0000282438711694,1.0003091096878052
2979.8010555081737,0.9970668615418498,1.00028657913208
2979.803370298705,0.9838051191956908,1.0003091096878052
2979.805685089235,1.0024239393686245,1.0003207921981812
2979.8079998797652,1.0141359561972572,1.0003373622894287
2979.8103146702965,1.011847390970099,1.0003207921981812
2979.812629460827,0.9878972628590353,1.0003091096878052
2979.814944251358,1.001050969581706,1.0003207921981812
2979.817259041888,0.9981392034773162,1.0003207921981812
2979.8195738324184,0.9870938021863617,1.0003091096878052
2979.821888622949,0.9977603416608152,1.00028657913208
2979.82420341348,1.0068366008772243,1.00028657913208
2979.8265182040113,0.9826140160447869,1.00028657913208
2979.8288329945412,1.0070168112443452,1.0002840757369995
2979.831147785071,0.9914499372005047,1.0002840757369995
2979.8334625756015,1.001774045520964,1.0002840757369995
2979.8357773661337,0.9977319236483816,1.0002626180648804
2979.8380921565863,1.0083783319633823,1.0002626180648804
2979.840406946949,0.9974689521178131,1.0002840757369995
2979.842721737308,0.9964134575311016,1.0002626180648804
2979.8450365276703,0.9899494220522903,1.0002626180648804
2979.84735131803,0.9899058406807968,1.0002840757369995
2979.8496661083923,0.9912486498912941,1.0002840757369995
2979.851980898752,0.9890176261659678,1.0002840757369995
2979.8542956891124,0.9901436552607433,1.0002840757369995
2979.8566104794727,0.9970567242891811,1.0002840757369995
2979.8589252698343,0.989526088158121,1.0002840757369995
2979.861240060195,0.9959858468984703,1.0002626180648804
2979.8635548505563,1.0014148811122072,1.0002626180648804
2979.865869640918,0.9897733961592032,1.0002626180648804
2979.8681844312773,0.9925536821606109,1.0002362728118896
2979.8704992216394,1.0055608450720674,1.0002626180648804
2979.8728140119993,0.9947395367245657,1.0002840757369995
2979.875128802362,1.0027441266917507,1.00028657913208
2979.8774435927207,0.9938511781567382,1.0003091096878052
2979.879758383007,0.9930588825281146,1.00028657913208
2979.882073173196,1.002180498357744,1.0003091096878052
2979.884387963388,1.0007126512641038,1.0003091096878052
2979.886702753578,1.0058278223669541,1.0003207921981812
2979.8890175437705,1.000761988659311,1.0003091096878052
2979.89133233396,0.99049316101562,1.00028657913208
2979.8936471241523,0.9910230136722483,1.00028657913208
2979.8959619143434,0.9921070307133395,1.00028657913208
2979.898276704535,0.9831661760932672,1.0003091096878052
2979.9005914947256,1.0033114003412222,1.00028657913208
2979.9029062849163,0.9839324505792627,1.00028657913208
2979.905221075108,0.9995729358985543,1.00028657913208
2979.9075358652976,0.9937053706614822,1.0003091096878052
2979.90985065549,1.0102489425590144,1.00028657913208
2979.912165445679,0.9917267817353159,1.0002840757369995
2979.914480235872,0.9962505412170528,1.0002626180648804
2979.916795026061,1.0013736160603677,1.0002840757369995
2979.9191098162537,0.9939688887760695,1.0002840757369995
2979.921424606367,0.9917875221725342,1.00028657913208
2979.9237393963895,0.9949056204424448,1.00028657913208
2979.9260541864105,0.9959491775247133,1.00028657913208
2979.928368976431,0.995512519824784,1.00028657913208
2979.930683766453,0.9854201964940732,1.0002840757369995
2979.932998556474,0.992114111496493,1.0002626180648804
2979.9353133464956,0.9942276139934507,1.0002626180648804
2979.9376281365167,1.0039522997240673,1.0002626180648804
2979.9399429265372,0.9873787527808695,1.0002626180648804
2979.942257716559,1.003507169926721,1.0002626180648804
2979.9445725065802,0.9960631934147962,1.0002626180648804
2979.9468872966017,1.0024657384045699,1.0002362728118896
2979.949202086623,0.9866115493666119,1.0002362728118896
2979.9515168766434,0.9891025603590154,1.0002259016036987
2979.9538316666653,0.9774166351626632,1.0002217292785645
2979.9561464566864,0.9986104370609867,1.0002145767211914
2979.9584612467083,0.998871568581647,1.0002145767211914
2979.960776036729,1.0079769090353483,1.0002217292785645
2979.9630908266727,1.0036304140526497,1.0002259016036987
2979.9654056165236,0.9960264003242714,1.0002259016036987
2979.967720406376,1.0101170757101987,1.0002217292785645
2979.970035196228,1.0029261776577898,1.0002217292785645
2979.972349986079,1.004442215444112,1.0002145767211914
2979.9746647759293,1.0061637615965329,1.000205397605896
2979.9769795657808,1.00059484592406,1.0002145767211914
2979.9792943556326,0.9964366452739843,1.0002145767211914
2979.9816091454836,0.9957682034056031,1.0002145767211914
2979.9839239353355,0.9887378698170549,1.000205397605896
2979.986238725187,0.9883826865153638,1.0002145767211914
2979.9885535150374,0.9884658767487826,1.0002145767211914
2979.9908683048902,0.9892831790778231,1.0002145767211914
2979.9931830947407,0.9985756223443389,1.000205397605896
2979.9954978845935,1.000564941247898,1.000196099281311
2979.9978126744436,0.9902809247826019,1.000196099281311
2980.0001274642964,0.9957090686061553,1.000196099281311
2980.0024422541455,1.0041390500565472,1.000205397605896
2980.0047570439215,0.9877323075811908,1.000205397605896
2980.0070718336024,0.9958096019273793,1.000196099281311
2980.0093866232846,1.0055229693859515,1.00019371509552
2980.0117014129646,1.0049431285162165,1.00019371509552
2980.0140162026473,1.004904858053744,1.000196099281311
2980.0163309923278,1.0070395315750953,1.000205397605896
2980.018645782009,1.0130444198208628,1.000205397605896
2980.020960571692,0.9937467902041052,1.000205397605896
2980.023275361372,0.9968490516047579,1.000205397605896
2980.0255901510554,0.9999640061875985,1.000205397605896
2980.027904940735,0.9908178831085448,1.000205397605896
2980.0302197304172,0.9979093792604845,1.000205397605896
2980.0325345200986,1.0065566537407955,1.0002145767211914
2980.0348493097804,1.0035885024899862,1.0002145767211914
2980.0371640994604,1.0029877247989383,1.000205397605896
2980.0394788891435,1.0084513948257823,1.000205397605896
2980.0417936788235,0.9897179860961385,1.000205397605896
2980.0441084685067,0.9894387734184082,1.0002145767211914
2980.04642325811,1.0019856007002281,1.0002145767211914
2980.048738047623,0.993601384736788,1.000205397605896
2980.0510528371337,1.0049381109246647,1.000196099281311
2980.053367626645,0.9980810425646105,1.00019371509552
2980.055682416157,0.9841709183263008,1.000196099281311
2980.0579972056685,1.0013795769924936,1.000196099281311
2980.0603119951807,0.9838370189790463,1.000196099281311
2980.0626267846915,1.0084390981752236,1.00019371509552
2980.0649415742027,1.0027822826851174,1.00019371509552
2980.067256363715,0.9873172771244851,1.00019371509552
2980.069571153226,1.0008608819325995,1.00019371509552
2980.071885942736,0.9970726677077979,1.00019371509552
2980.074200732249,0.9902542905685856,1.0001903772354126
2980.0765155217596,1.002761076755574,1.0001903772354126
2980.0788303112718,1.0127987337615707,1.0001903772354126
2980.081145100783,0.9943593758734326,1.0001693964004517
2980.083459890295,1.022722448378794,1.0001903772354126
2980.0857746798074,0.9942768573888234,1.00019371509552
2980.088089469241,1.0000280087573252,1.00019371509552
2980.0904042585826,1.0016983993212123,1.000196099281311
2980.0927190479247,0.9941261604387853,1.000196099281311
2980.095033837266,0.9989769175971722,1.000205397605896
2980.097348626608,0.9904640830022081,1.000205397605896
2980.099663415949,0.9954824331610584,1.0002217292785645
2980.1019782052904,1.0029051297261098,1.000205397605896
2980.1042929946325,1.000081164855117,1.000205397605896
2980.1066077839737,0.9957605569224194,1.000196099281311
2980.1089225733144,0.9985461105880836,1.000196099281311
2980.111237362657,0.9954874843435855,1.000205397605896
2980.113552151998,0.9951649848937809,1.000196099281311
2980.115866941341,1.0099134348811745,1.000205397605896
2980.1181817306815,0.9882029683930229,1.000205397605896
2980.1204965200222,1.0014193850888644,1.000196099281311
2980.122811309365,0.9881593872303666,1.00019371509552
2980.125126098706,1.0084122812799121,1.00019371509552
2980.127440888048,0.987370732135806,1.00019371509552
2980.1297556773125,0.9886070181673902,1.000196099281311
2980.1320704664836,1.0089667499410928,1.000205397605896
2980.1343852556556,0.9994658136848237,1.000205397605896
2980.1367000448267,0.9896257370537587,1.000205397605896
2980.1390148339983,0.9853053298869533,1.000196099281311
2980.1413296231703,0.9805116127010711,1.000196099281311
2980.1436444123415,1.008892818845868,1.000196099281311
2980.145959201515,1.0007413295136987,1.000205397605896
2980.1482739906846,0.9923429123356396,1.000205397605896
2980.150588779858,0.9875689052076729,1.000205397605896
2980.1529035690282,0.9842793179180651,1.000196099281311
2980.155218358201,0.9964464718763546,1.000196099281311
2980.1575331473705,0.9908552817179649,1.000196099281311
2980.1598479365434,0.981645742138508,1.00019371509552
2980.162162725714,0.9974099560141856,1.0001903772354126
2980.164477514887,1.0035499610082341,1.00019371509552
2980.1667923040573,0.9936759205614433,1.00019371509552
2980.1691070932307,0.9991636080405664,1.0001903772354126
2980.1714218823236,1.0005442174276156,1.0001693964004517
2980.1737366713246,0.9904652998058018,1.0001517534255981
2980.176051460328,0.9872059206877575,1.000130295753479
2980.178366249328,0.9946074955472192,1.000130295753479
2980.1806810383314,1.016229303046676,1.000130295753479
2980.182995827331,0.9905068900623818,1.0000253915786743
2980.1853106163335,0.9909432445870522,1.0000253915786743
2980.1876254053345,0.9805563260915926,1.0000253915786743
2980.189940194337,0.9901230972404899,0.9999762773513794
2980.192254983337,0.9905894550444548,0.9999762773513794
2980.1945697723404,0.9998939561882286,0.999932587146759
2980.19688456134,1.0010783803253263,0.999932587146759
2980.1991993503434,1.0128062655858026,0.999932587146759
2980.2015141393435,0.9949160963359449,0.999932587146759
2980.203828928347,0.9926397010983194,0.999932587146759
2980.206143717348,1.008248587200172,0.999932587146759
2980.208458506349,1.0039450955622533,0.9999135732650757
2980.21077329535,0.9979900275751978,0.9998593926429749
2980.213088084275,0.9987647178965258,0.9998265504837036
2980.2154028731065,1.0044298641017897,0.9998010396957397
2980.217717661939,1.0065834507679143,0.9998010396957397
2980.2200324507694,1.0139961825016062,0.9997658729553223
2980.222347239601,0.9944550538006744,0.9997445940971375
2980.2246620284327,0.9983720663882119,0.9997366070747375
2980.226976817263,0.9942396011827962,0.9997366070747375
2980.229291606096,0.9978319829730415,0.9997445940971375
2980.231606394925,0.9994195362884318,0.9997366070747375
2980.233921183758,1.0018711283735255,0.9996711015701294
2980.2362359725894,1.002831198129134,0.9996711015701294
2980.2385507614213,0.9969427650437872,0.999670684337616
2980.2408655502536,1.0034858517183958,0.9996428489685059
2980.243180339085,0.9925061522045141,0.9996428489685059
2980.2454951279155,0.9927006520215818,0.9996428489685059
2980.247809916747,1.0025362802562552,0.9996070265769958
2980.250124705579,0.992517648807002,0.9995935559272766
2980.252439494411,0.9942349605677194,0.9995935559272766
2980.2547542831653,0.9957663853321039,0.999531626701355
2980.2570690718258,1.0012701968757451,0.9995135068893433
2980.259383860487,1.0080503976359738,0.999531626701355
2980.261698649149,1.0006771997991062,0.9995135068893433
2980.2640134378103,0.9909311906513293,0.999511182308197
2980.266328226472,1.0070045259068585,0.999511182308197
2980.268643015133,0.9993861297160268,0.999511182308197
2980.2709578037966,1.014686909159542,0.999511182308197
2980.273272592456,0.9853300013226745,0.9995135068893433
2980.2755873811175,1.004571754614184,0.9995135068893433
2980.2779021697793,0.9897965980709064,0.999511182308197
2980.28021695844,1.0050101433172574,0.9994615912437439
2980.282531747101,1.0024072375641415,0.9994615912437439
2980.2848465357633,0.9873507321869807,0.9994416236877441
2980.2871613244242,1.000744207049744,0.9994615912437439
2980.2894761130865,1.0121530204710825,0.9994416236877441
2980.291790901747,0.9948947533398442,0.9994416236877441
2980.2941056904083,0.9996629091453667,0.9993906617164612
2980.2964204789923,1.0179982479486638,0.9993691444396973
2980.298735267484,1.0008274768599918,0.9993691444396973
2980.301050055977,1.0056235503946171,0.9993691444396973
2980.303364844467,1.010820658555636,0.9993691444396973
2980.30567963296,1.0032908844998367,0.9993682503700256
2980.3079944214487,1.007348948210602,0.9993682503700256
2980.3103092099414,1.009850489446884,0.99935382604599
2980.3126239984317,1.0082372584270145,0.9993468523025513
2980.3149387869244,1.0031171657054512,0.9992855787277222
2980.3172535754143,1.0037701451530041,0.9992800354957581
2980.319568363907,1.0054561020618138,0.9992658495903015
2980.3218831523973,1.0030799827368737,0.9992155432701111
2980.324197940888,0.9876389372076121,0.9991936683654785
2980.32651272938,0.9998317773132499,0.9991821050643921
2980.3288275178706,1.0001127466534376,0.9991673827171326
2980.3311423063633,0.9947454107576176,0.9991562962532043
2980.3334570948537,1.0032572213392292,0.9991562962532043
2980.3357718833454,1.007121874157314,0.9990859031677246
2980.338086671758,1.0016435912202672,0.9990612864494324
2980.340401460081,0.9956288700289553,0.9990537762641907
2980.342716248401,1.0001691404324984,0.9990465641021729
2980.3450310367234,1.005571136339744,0.9990140199661255
2980.3473458250432,1.0106421239762575,0.9990074634552002
2980.349660613366,1.0081507664161955,0.9989749789237976
2980.3519754016856,1.0012265579723614,0.9989684224128723
2980.3542901900073,1.0034219392301635,0.9989616274833679
2980.356604978327,0.9932941760005977,0.9989684224128723
2980.35891976665,1.0046947471612868,0.9989616274833679
2980.36123455497,1.003480255648755,0.9989381432533264
2980.3635493432926,1.006853645902977,0.9989381432533264
2980.365864131613,1.0015564398751482,0.9989381432533264
2980.368178919935,1.0024773644169702,0.9989346861839294
2980.3704937082557,0.9952111487902598,0.9989346861839294
2980.3728084965755,0.9987549562182079,0.9989291429519653
2980.375123284898,0.9996485411983409,0.9988976120948792
2980.377438073218,0.9950416356647066,0.9988754391670227
2980.3797528614637,0.9970867469722786,0.9988486170768738
2980.3820676496134,0.9982421003421871,0.9988247156143188
2980.384382437766,1.0015564747547576,0.9988008737564087
2980.3866972259143,1.0138440438791967,0.9988008737564087
2980.3890120140672,1.0109081838233187,0.9987926483154297
2980.3913268022166,0.9940056963966326,0.9987896084785461
2980.393641590369,1.0213991136432143,0.9987896084785461
2980.3959563785197,1.0174994952785945,0.9987812638282776
2980.3982711666713,1.0143506262547175,0.9987807273864746
2980.400585954822,1.0098330464839265,0.9987807273864746
2980.402900742972,1.0047197668284322,0.9987807273864746
2980.4052155311238,0.9980914997559471,0.9987719655036926
2980.4075303192744,1.0005245847947157,0.9987419247627258
2980.409845107426,0.9989610356437763,0.9987419247627258
2980.4121598955767,1.0028375066011253,0.9987719655036926
2980.414474683727,0.9979480319685197,0.9987419247627258
2980.4167894718785,0.9964631406969243,0.9987419247627258
2980.419104260029,1.0094533346638026,0.9987349510192871
2980.421419048104,1.010817264653743,0.9987349510192871
2980.4237338360845,0.9886116560571288,0.9987349510192871
2980.426048624064,1.006188131146676,0.9987419247627258
2980.4283634120447,1.0001336825870493,0.9987419247627258
2980.4306782000263,0.997806695061683,0.9987349510192871
2980.4329929880078,0.9899268870503161,0.9987349510192871
2980.435307775988,0.9981126751552519,0.9987349510192871
2980.437622563968,0.9994042728117798,0.9987349510192871
2980.4399373519486,1.0119330446087584,0.9987349510192871
2980.44225213993,1.0000673789740242,0.9987335801124573
2980.4445669279103,1.0087256666564612,0.9987335801124573
2980.446881715892,1.005129933100258,0.9987335801124573
2980.4491965038724,0.99769980476808,0.9987335801124573
2980.4515112918525,1.0018565921195008,0.9987335801124573
2980.4538260798336,0.9997897465673278,0.9987335801124573
2980.456140867815,0.9934432320804604,0.9987335801124573
2980.4584556557957,1.0153142968728646,0.9987262487411499
2980.460770443777,1.0053740652858874,0.9987150430679321
2980.463085231679,0.9979101387722284,0.9987150430679321
2980.465400019491,1.0087821704113829,0.9987147450447083
2980.4677148073006,0.9994171519307543,0.9987147450447083
2980.4700295951116,1.0087096446714443,0.9987093806266785
2980.4723443829216,1.0080040879557435,0.9987093806266785
2980.4746591707317,1.0013194446682512,0.99870765209198
2980.4769739585417,1.0025171385167433,0.99870765209198
2980.479288746353,1.0082749829468398,0.9986733794212341
2980.4816035341632,0.9906738058863648,0.9986733794212341
2980.483918321974,1.0089165840393879,0.9986733794212341
2980.4862331097866,1.0015649695114146,0.9986733794212341
2980.4885478975943,1.0032844604394435,0.9986733794212341
2980.4908626854062,1.0057398399973643,0.9986444711685181
2980.493177473216,1.0030294334202683,0.9986333847045898
2980.4954922610277,1.012668159936131,0.9986333847045898
2980.497807048837,0.9941924071773295,0.9985914826393127
2980.500121836649,1.0071604769226334,0.9985859990119934
2980.502436624458,0.9995024124579303,0.9985465407371521
2980.504751412192,0.9916112548579473,0.9985235929489136
2980.507066199832,1.0053990921683915,0.9985235929489136
2980.509380987473,1.0004190449106907,0.9985197186470032
2980.5116957751115,0.996097390573913,0.9985197186470032
2980.5140105627534,0.9931060394370576,0.9984915852546692
2980.5163253503924,1.0097158479072446,0.9984915852546692
2980.5186401380324,1.0107532222148532,0.9984915852546692
2980.5209549256742,1.0004966660396657,0.9984790682792664
2980.523269713313,1.0117417940711566,0.9984790682792664
2980.5255845009547,1.0057788637700933,0.9984915852546692
2980.5278992885937,1.003712353021975,0.9984915852546692
2980.5302140762356,1.0084362189172573,0.9984790682792664
2980.5325288638746,1.0097882746180327,0.9984593987464905
2980.534843651515,0.9999335576692269,0.9984593987464905
2980.5371584391537,1.0041983835948538,0.9983930587768555
2980.5394732267955,1.0154413968422271,0.9983646869659424
2980.5417880144346,1.006430604379608,0.998279333114624
2980.5441028020764,1.0020449778091547,0.998279333114624
2980.546417589638,1.0071498394946177,0.998279333114624
2980.54873237711,1.0073897437526376,0.998279333114624
2980.551047164579,0.9978356074282669,0.998279333114624
2980.553361952049,1.0201868671172805,0.9982743859291077
2980.555676739519,0.9939845112314619,0.9982743859291077
2980.557991526989,0.9964576620820513,0.9982741475105286
2980.5603063144595,0.9978643239033911,0.9982501268386841
2980.562621101929,1.022011620966465,0.9981973171234131
2980.5649358893984,1.0127554222157842,0.9982501268386841
2980.567250676867,1.0058563422689188,0.9981973171234131
2980.5695654643387,0.9966386973114415,0.998185932636261
2980.5718802518068,0.9999693074592428,0.9981834888458252
2980.5741950392785,0.9950956687942057,0.9981645345687866
2980.576509826747,1.0105112638513298,0.9981528520584106
2980.5788246142183,1.0032671241866675,0.9981528520584106
2980.5811394016882,1.0023557546637671,0.9981528520584106
2980.5834541891572,1.0123200048344656,0.9981645345687866
2980.585768976628,1.001443369986766,0.9981528520584106
2980.5880837640207,1.0007099601636449,0.9981399774551392
2980.5903985513205,1.0072329398118511,0.9981327056884766
2980.59271333862,1.019376935997661,0.9981327056884766
2980.5950281259193,0.9919599366722147,0.9981327056884766
2980.597342913219,1.0114368375090053,0.9981327056884766
2980.5996577005185,1.0074420065058363,0.9981326460838318
2980.601972487819,1.0005127826313411,0.9981326460838318
2980.6042872751177,1.0053161490972544,0.9981143474578857
2980.606602062417,0.9911625634943668,0.9981143474578857
2980.608916849717,1.0144085782636374,0.9981143474578857
2980.611231637017,1.002878371486685,0.9981143474578857
2980.6135464243157,0.9995489532346974,0.9981091022491455
2980.615861211616,1.0109961430431393,0.9980992078781128
2980.618175998915,1.0044466139387194,0.9980992078781128
2980.620490786214,1.0122739443620128,0.9980496764183044
2980.622805573514,1.0179961832232025,0.9980496764183044
2980.6251203608135,1.002214110373247,0.9980992078781128
2980.627435148114,1.002744168731024,0.9980992078781128
2980.629749935336,1.0056553728012292,0.9981091022491455
2980.6320647224643,1.0134230752969218,0.9981091022491455
2980.634379509594,1.0128723599163285,0.9981091022491455
2980.636694296723,0.9992795673008592,0.9981091022491455
2980.6390090838527,0.9954716170775991,0.9981091022491455
2980.641323870982,0.997270402499181,0.9980992078781128
2980.6436386581104,0.99871319316208,0.9980992078781128
2980.6459534452415,1.0007413779872132,0.9980496764183044
2980.648268232369,0.9963973708762277,0.9980462789535522
2980.6505830194997,1.017150071637302,0.9980243444442749
2980.6528978066276,1.0062455057347421,0.9979939460754395
2980.6552125937583,1.0150702603527113,0.9979867935180664
2980.6575273808853,0.9987339136617274,0.9979566335678101
2980.659842168015,0.993216183017863,0.9979566335678101
2980.662156955145,0.9929211989648699,0.9979153871536255
2980.6644717422737,0.9872471989405787,0.9978991150856018
2980.6667865294025,1.0008288750265875,0.9978991150856018
2980.669101316531,0.9914810498096132,0.9978991150856018
2980.671416103584,1.0059170402971362,0.997849702835083
2980.673730890542,0.9971082017114724,0.997849702835083
2980.6760456775028,1.011523435505107,0.9978991150856018
2980.67836046446,1.00310492594889,0.997849702835083
2980.6806752514203,1.0036375061674414,0.997849702835083
2980.6829900383777,1.003720176762156,0.997849702835083
2980.685304825337,0.999465959965635,0.9978007078170776
2980.6876196122953,1.007065879309558,0.9977748394012451
2980.689934399255,1.0037499662482727,0.9977748394012451
2980.692249186212,1.0134269195279717,0.99775230884552
2980.6945639731725,1.0024316105790771,0.997704267501831
2980.69687876013,0.9878377745426321,0.997685432434082
2980.69919354709,0.9943734103356257,0.9976746439933777
2980.701508334048,0.9982262594848129,0.9976669549942017
2980.703823121008,0.987224934003757,0.9976669549942017
2980.706137907967,1.0091474225112185,0.997658908367157
2980.708452694924,0.9941337725226995,0.9976329207420349
2980.710767481883,1.0073013102231727,0.9976027011871338
2980.7130822687645,1.0164709366005704,0.9976027011871338
2980.7153970555546,1.0119273836544154,0.9975998401641846
2980.71771184234,0.9963953181079489,0.9975771307945251
2980.72002662913,1.0065068605709444,0.99742591381073
2980.722341415917,1.0039137795985895,0.9973908066749573
2980.724656202707,1.0044597744834927,0.99742591381073
2980.726970989494,1.003931748658273,0.99742591381073
2980.729285776284,0.9993128373739022,0.99742591381073
2980.7316005630696,0.987641829254519,0.99742591381073
2980.7339153498597,1.0029864892079194,0.99742591381073
2980.7362301366484,0.9995583849198311,0.99742591381073
2980.7385449234366,1.0065721688683158,0.9973908066749573
2980.7408597102253,1.0041302323891421,0.9973908066749573
2980.743174497013,1.0169971615521278,0.9973908066749573
2980.745489283801,1.0122589848674879,0.9973908066749573
2980.74780407059,1.0029610765651846,0.9973908066749573
2980.7501188573783,1.0066887669400435,0.9973900318145752
2980.7524336441647,1.0021464204523147,0.9973908066749573
2980.7547484308775,1.0150395247456874,0.9973908066749573
2980.757063217494,0.996298965161233,0.9973900318145752
2980.7593780041125,1.0152555710641,0.9973900318145752
2980.76169279073,0.9953128552021737,0.9973900318145752
2980.7640075773484,1.0006359724976854,0.9973900318145752
2980.766322363967,1.0165445349823745,0.9973908066749573
2980.768637150584,0.9954824390777356,0.99742591381073
2980.7709519372015,0.993618034627642,0.99742591381073
2980.77326672382,1.006074960912104,0.9973908066749573
2980.7755815104374,0.9979899516106323,0.9973900318145752
2980.777896297056,0.9916892701244479,0.9973900318145752
2980.780211083673,1.0045109007458406,0.9973526000976562
2980.7825258702906,1.0014062868648312,0.9973900318145752
2980.7848406569087,0.9996335481745805,0.9973908066749573
2980.7871554435264,1.00337599683699,0.9973900318145752
2980.789470230145,1.0193875397198948,0.9973900318145752
2980.791785016762,1.0031865557467967,0.9973526000976562
2980.7940998033796,0.9963102599180514,0.9973900318145752
2980.796414589919,1.0078676611206732,0.9973526000976562
2980.7987293763676,1.0175989672977626,0.9973526000976562
2980.8010441628144,1.0024196787148594,0.9973526000976562
2980.803358949262,1.0065120828887917,0.9973399639129639
2980.805673735709,1.003980774292034,0.9973900318145752
2980.807988522157,1.0041811822534565,0.9973399639129639
2980.810303308604,1.000335572715948,0.9973399639129639
2980.8126180950508,0.998581324873317,0.9973354935646057
2980.8149328814984,1.005553713508036,0.9973399639129639
2980.8172476679456,1.0122946910543664,0.9973399639129639
2980.8195624543923,1.0020561672826702,0.9973399639129639
2980.8218772408404,0.9963436020775747,0.9973399639129639
2980.824192027287,1.016138340965281,0.9973354935646057
2980.8265068137353,0.9905956146575233,0.9973354935646057
2980.8288216001815,1.0000554608862398,0.9973354935646057
2980.8311363866305,1.0049165956123864,0.9973354935646057
2980.8334511730764,0.9969826544465208,0.9973399639129639
2980.8357659595254,1.001182901294169,0.9973399639129639
2980.838080745893,0.9972836118519675,0.9973354935646057
2980.84039553217,1.0068221073547052,0.9973354935646057
2980.8427103184463,0.9909751007956428,0.9972678422927856
2980.845025104724,0.9920141702564342,0.9973354935646057
2980.847339891,1.018402771884421,0.9973399639129639
2980.8496546772762,0.9966351290069414,0.9973399639129639
2980.8519694635534,0.9977487577560318,0.9973900318145752
2980.8542842498296,0.9981440742446795,0.9973900318145752
2980.856599036107,1.0146691287225382,0.9973908066749573
2980.8589138223833,1.0019611626801683,0.9973908066749573
2980.861228608662,0.9970979495076798,0.99742591381073
2980.8635433949366,1.0155638540148428,0.99742591381073
2980.8658581812138,0.9944233824949692,0.9973908066749573
2980.8681729674904,0.9981862068895453,0.9973908066749573
2980.8704877537675,1.0054364668881315,0.99742591381073
2980.8728025400433,1.0063060721177146,0.99742591381073
2980.8751173263213,1.0059093954056495,0.99742591381073
2980.877432112596,1.0044957280454152,0.9973908066749573
2980.8797468987973,0.999655958388953,0.9973908066749573
2980.882061684902,1.003693670920872,0.99742591381073
2980.8843764710077,1.0093619118745512,0.9973908066749573
2980.886691257113,1.0171806996151656,0.9973900318145752
2980.88900604322,0.9954000459439631,0.9973900318145752
2980.8913208293266,0.9941148708505411,0.9973354935646057
2980.8936356154322,1.0146504350453476,0.9973900318145752
2980.8959504015397,0.9985222405839899,0.9973908066749573
2980.898265187643,1.007484031043329,0.99742591381073
2980.9005799737506,1.0005888304333859,0.9975771307945251
2980.902894759856,1.009472014183076,0.9975771307945251
2980.9052095459633,1.0004106576934206,0.9975771307945251
2980.907524332068,1.003260824038765,0.9975771307945251
2980.9098391181756,1.0014502046609692,0.9975998401641846
2980.912153904279,0.9916241599125479,0.9975998401641846
2980.9144686903865,0.9984300647499706,0.9976027011871338
2980.916783476492,1.0041291758688358,0.9976027011871338
2980.919098262599,0.9968046834688853,0.9976027011871338
2980.921413048626,1.003633865957786,0.9976027011871338
2980.9237278345636,1.0051612836156025,0.9976329207420349
2980.926042620498,0.9937951142013363,0.997658908367157
2980.928357406432,0.9967645956888719,0.997658908367157
2980.930672192369,0.9943279017645639,0.9976669549942017
2980.932986978303,1.000826558659019,0.9976669549942017
2980.93530176424,1.0086615630124691,0.9976746439933777
2980.9376165501735,1.0005952784928343,0.997685432434082
2980.9399313361096,1.005852061896967,0.9976746439933777
2980.9422461220447,1.0035826426528582,0.9976746439933777
2980.9445609079808,0.9980538532123191,0.9976746439933777
2980.9468756939145,0.9964957190610515,0.997685432434082
2980.949190479851,0.9931726384100161,0.997685432434082
2980.9515052657853,0.9900305280577345,0.997704267501831
2980.9538200517222,0.986558090844596,0.9977748394012451
2980.9561348376574,1.0013956488587377,0.9977748394012451
2980.9584496235934,0.9926748791722176,0.997704267501831
2980.9607644095277,1.0108810122649907,0.997704267501831
2980.9630791953855,1.00279914210781,0.997704267501831
2980.965393981151,1.0065218923811288,0.997704267501831
2980.967708766915,1.000025926105581,0.9977748394012451
2980.9700235526802,0.9872371875456246,0.9977748394012451
2980.9723383384426,0.9827467741114574,0.9977748394012451
2980.9746531242085,1.0009366253672964,0.9977748394012451
2980.976967909972,1.0109923709726563,0.997704267501831
2980.979282695738,1.0006619390992133,0.997704267501831
2980.981597481501,1.0095368641742082,0.9977748394012451
2980.9839122672674,1.0011568777895952,0.9977748394012451
2980.9862270530316,1.0074963482423176,0.9977748394012451
2980.9885418387958,1.019619968692734,0.9977748394012451
2980.990856624561,1.0021175224986765,0.9978007078170776
2980.9931714103254,0.9962052763431881,0.997849702835083
2980.9954861960905,1.0011143207690754,0.997849702835083
2980.997800981854,1.007447289830456,0.9978007078170776
2981.0001157676184,1.008894256902457,0.997849702835083
2981.002430553384,1.0072985471718174,0.997849702835083
2981.0047453390707,1.0087425348572439,0.997849702835083
2981.0070601246653,0.993715315086296,0.9978991150856018
2981.0093749102584,0.9984493460715403,0.9978991150856018
2981.0116896958516,1.0058679477903705,0.9978991150856018
2981.014004481446,1.0140802836604914,0.997849702835083
2981.0163192670398,1.0131376955213325,0.997849702835083
2981.0186340526325,0.9901924204785119,0.9978007078170776
2981.020948838227,0.9987834161812219,0.9978007078170776
2981.0232636238206,1.0074533829046737,0.9978007078170776
2981.025578409415,1.014341436724142,0.997849702835083
2981.0278931950083,1.010771190014539,0.997849702835083
2981.030207980602,0.9989965935309043,0.9978991150856018
2981.032522766196,1.0072784768540255,0.997849702835083
2981.0348375517897,1.00116025551426,0.997849702835083
2981.037152337383,0.9926524693258515,0.9978007078170776
2981.0394671229774,0.9938020890642579,0.9978007078170776
2981.041781908571,1.017055793218161,0.9977748394012451
2981.0440966941655,1.0037603825685988,0.9978007078170776
2981.046411479682,1.0139323845329529,0.997849702835083
2981.0487262651036,0.9864249890593476,0.9978007078170776
2981.051041050528,0.9941055388103797,0.997849702835083
2981.05335583595,0.9958495412094323,0.9978007078170776
2981.0556706213742,1.0046613212484972,0.9978007078170776
2981.0579854067955,1.0076715205774518,0.997849702835083
2981.060300192218,1.0013468616832546,0.997849702835083
2981.0626149776417,0.9989926014596378,0.997849702835083
2981.0649297630644,1.001797010239446,0.997849702835083
2981.0672445484865,0.9991958134272816,0.997849702835083
2981.06955933391,1.007127352139699,0.997849702835083
2981.0718741193327,0.9981649094121151,0.9978007078170776
2981.0741889047563,0.9922044735304765,0.997849702835083
2981.076503690179,0.9986684361917048,0.9978991150856018
2981.078818475601,0.9893902685241268,0.997849702835083
2981.081133261026,1.0015953513321076,0.997849702835083
2981.0834480464473,1.0218702471614898,0.9978991150856018
2981.0857628318718,1.0029832213881176,0.9978991150856018
2981.088077617216,1.0020214138584307,0.9979153871536255
2981.0903924024697,1.0149430404840643,0.9979153871536255
2981.0927071877204,1.0085971759337848,0.9979153871536255
2981.095021972973,1.0147862973120483,0.9979566335678101
2981.0973367582237,1.0058262189888583,0.9979566335678101
2981.099651543477,1.0095910995589914,0.9979867935180664
2981.101966328728,0.9936501698810385,0.9980243444442749
2981.1042811139796,0.9889014439141738,0.9980243444442749
2981.106595899232,0.9986073278480083,0.9980243444442749
2981.108910684484,0.9814958289276565,0.9980496764183044
2981.1112254697373,1.0115115445404594,0.9980496764183044
2981.113540254988,0.987127699801236,0.9981091022491455
2981.1158550402415,1.010835116095307,0.998112678527832
2981.1181698254923,1.0104815893796752,0.998112678527832
2981.120484610745,0.9965948076041216,0.9981157183647156
2981.1227993959965,0.9946711981646764,0.9981157183647156
2981.125114181249,1.0085922837309018,0.9981297850608826
2981.1274289664993,0.9984448674085544,0.9981297850608826
2981.129743751676,1.002342485650357,0.9981326460838318
2981.1320585367553,1.0130445157641088,0.9981327056884766
2981.1343733218378,0.9890597022982597,0.9981327056884766
2981.136688106918,0.9955751525389397,0.9981327056884766
2981.1390028920005,0.9998163144534131,0.9981399774551392
2981.141317677081,0.9955263353068328,0.9981528520584106
2981.1436324621604,0.999615318607795,0.9981588125228882
2981.145947247243,1.006371666238911,0.9981588125228882
2981.148262032323,1.0062572530834524,0.9981588125228882
2981.1505768174056,1.0171382280943355,0.9981645345687866
2981.152891602484,1.0007501143055493,0.998185932636261
2981.1552063875665,1.0040193534687942,0.9981973171234131
2981.1575211726463,0.988115047344853,0.9982125163078308
2981.159835957729,0.9944212408292448,0.998279333114624
2981.162150742809,0.9949564577951211,0.998279333114624
2981.1644655278915,1.0085546549789668,0.9983048439025879
2981.166780312971,1.0051072388812174,0.9983048439025879
2981.1690950980524,0.995476130503184,0.998353898525238
2981.1714098830566,0.9928348135379241,0.998353898525238
2981.1737246679663,1.0004187562938074,0.998353898525238
2981.176039452877,0.9932613443281046,0.9983646869659424
2981.178354237786,1.005083146191915,0.9983930587768555
2981.180669022696,1.0074115135176533,0.9984915852546692
2981.1829838076064,0.9973808358199654,0.9984915852546692
2981.185298592516,1.0063409651275572,0.9984984397888184
2981.1876133774244,1.0051019016341618,0.9985197186470032
2981.189928162337,1.0008468017148062,0.9985235929489136
2981.192242947245,1.00877517358111,0.9985465407371521
2981.1945577321558,0.9915789755176304,0.9985465407371521
2981.1968725170655,1.000188684527409,0.9985465407371521
2981.199187301977,1.0009683736438337,0.9985465407371521
2981.2015020868844,1.0090480826792796,0.9985465407371521
2981.203816871796,0.9956467585595433,0.9985859990119934
2981.2061316567056,0.9908912629744618,0.9985914826393127
2981.208446441616,1.0001163333101541,0.9985914826393127
2981.210761226526,0.9952286629995908,0.9985914826393127
2981.213076011359,0.989006635196912,0.9986333847045898
2981.2153907960974,0.9879056782086981,0.9986444711685181
2981.2177055808356,0.9862951830060437,0.9986444711685181
2981.2200203655752,0.9929120424789224,0.9986444711685181
2981.222335150314,0.9992536321940039,0.9986444711685181
2981.2246499350535,0.9994659452351548,0.9986660480499268
2981.2269647197895,0.998244972499138,0.9986932873725891
2981.22927950453,1.0017293003641647,0.9986955523490906
2981.231594289268,0.9856955770860664,0.9987024664878845
2981.2339090740084,0.9839498164387975,0.9987024664878845
2981.236223858748,1.0153876527436123,0.9987024664878845
2981.2385386434858,0.9952964549379076,0.9987024664878845
2981.2408534282245,0.9956493180103958,0.99870765209198
2981.243168212964,1.0112754377725643,0.9987024664878845
2981.2454829977028,1.0065771702650599,0.99870765209198
2981.247797782441,0.9982843280315626,0.99870765209198
2981.25011256718,0.9876473050635092,0.99870765209198
2981.252427351919,0.9974339865512128,0.9987093806266785
2981.25474213658,0.9827914985611589,0.9987262487411499
2981.2570569211484,0.9878471534242795,0.9987349510192871
2981.2593717057157,1.001383146996012,0.9987349510192871
2981.261686490284,0.9896707398762186,0.9987349510192871
2981.264001274851,0.998598769920635,0.9987349510192871
2981.26631605942,0.9952348962167952,0.9987719655036926
2981.2686308439866,0.9885911908331355,0.9987719655036926
2981.2709456285543,1.0056352080220508,0.9987719655036926
2981.2732604131224,1.0036673879142521,0.9987719655036926
2981.2755751976892,0.9796016675867847,0.9987896084785461
2981.277889982257,0.9889209280780841,0.9987896084785461
2981.280204766825,0.9849075249926,0.9987926483154297
2981.2825195513924,0.9933971712802164,0.9987896084785461
2981.2848343359597,0.988100729078376,0.9987896084785461
2981.287149120528,1.0042857415664894,0.9987926483154297
2981.2894639050955,0.9988729459281397,0.9987926483154297
2981.2917786896637,0.9945047908451174,0.9987926483154297
2981.294093474231,0.9915762860609874,0.9988008737564087
2981.2964082587227,0.9921286490059317,0.9988008737564087
2981.2987230431177,0.9998323098665414,0.9988008737564087
2981.301037827515,0.9972084665256478,0.9988008737564087
2981.3033526119107,1.009081286031746,0.9988008737564087
2981.305667396308,0.9921873107145401,0.9988008737564087
2981.307982180703,0.9956126054761988,0.9988008737564087
2981.3102969651,0.9988388705349897,0.9987926483154297
2981.3126117494958,0.9914807080470509,0.9987896084785461
2981.314926533892,0.9956001432006344,0.9987896084785461
2981.3172413182892,0.9846894794260683,0.9987896084785461
2981.3195561026855,0.9960029024445977,0.9987896084785461
2981.321870887081,0.9845846271528955,0.9987896084785461
2981.324185671478,0.9903270346577642,0.9987896084785461
2981.326500455876,0.9867464026887932,0.9987926483154297
2981.3288152402715,0.9991216783951266,0.9987926483154297
2981.331130024669,0.9997931008965827,0.9987926483154297
2981.333444809063,0.9791574889637812,0.9988008737564087
2981.3357595934613,0.9899063668422778,0.9988008737564087
2981.338074377779,0.9707189753261574,0.9988008737564087
2981.3403891620055,0.9926563656785918,0.9988008737564087
2981.3427039462294,0.9971821037689989,0.9988058805465698
2981.345018730456,0.9856767086494614,0.9988058805465698
2981.3473335146796,0.9863728791226262,0.9988008737564087
2981.3496482989044,0.9903280389002916,0.9988008737564087
2981.35196308313,0.9948212393339229,0.9988008737564087
2981.354277867355,0.9976153388850504,0.9988008737564087
2981.3565926515794,1.008050558634914,0.9988008737564087
2981.358907435805,0.9953084358640142,0.9988008737564087
2981.361222220031,0.9890190106081294,0.9987926483154297
2981.3635370042557,0.9994039491650036,0.9987926483154297
2981.3658517884815,0.9925438743065568,0.9987926483154297
2981.3681665727054,0.9922994385616484,0.9987926483154297
2981.370481356932,0.9923505814897213,0.9987926483154297
2981.3727961411555,0.9831331773556495,0.9988008737564087
2981.3751109253813,0.9817810058994406,0.9988058805465698
2981.377425709606,0.9826614302902769,0.9988486170768738
2981.379740493755,0.9725392996649014,0.9988754391670227
2981.382055277806,0.9971902680609216,0.9989291429519653
2981.3843700618613,0.9879594922068246,0.9989346861839294
2981.386684845914,0.9963785968942525,0.9989291429519653
2981.3889996299686,0.9889039187314468,0.9989291429519653
2981.391314414023,0.9821354774229157,0.9989291429519653
2981.393629198075,1.000937089240312,0.9989346861839294
2981.39594398213,0.9951368618686305,0.9989346861839294
2981.3982587661826,0.9972462524336425,0.9989346861839294
2981.400573550238,1.0013860328534359,0.9989346861839294
2981.4028883342903,1.007619809440024,0.9989346861839294
2981.4052031183455,0.9871935796649611,0.9989291429519653
2981.4075179023966,0.9860008832088466,0.9989346861839294
2981.409832686452,0.9825496142659053,0.9989346861839294
2981.4121474705044,1.0041492533056522,0.9989381432533264
2981.4144622545596,0.9917205871498629,0.9989381432533264
2981.4167770386116,1.0070812918654435,0.9989616274833679
2981.4190918226673,0.9843623088971438,0.9989749789237976
2981.421406606643,0.9938178471038727,0.9989749789237976
2981.4260361744077,0.9923170134830993,0.9989749789237976
2981.428350958288,1.0015695175890262,0.9990074634552002
2981.430665742172,1.0112245626101843,0.9990074634552002
2981.4329805260527,0.98715992364973,0.9990124702453613
2981.4352953099356,0.9941300215616763,0.9990465641021729
2981.4376100938175,1.0030739243457254,0.9990907311439514
2981.4399248777004,0.9805989043472347,0.9991294145584106
2981.442239661581,0.9939148423930042,0.9991673827171326
2981.4445544454647,0.9962145758515638,0.9991673827171326
2981.446869229346,0.9835267156010061,0.9991936683654785
2981.4491840132296,0.9864071676829108,0.9991936683654785
2981.4514987971115,1.0038563113319694,0.9991936683654785
2981.4538135809944,0.987136821071144,0.9991968274116516
2981.456128364876,0.9798459067102027,0.9991968274116516
2981.458443148758,1.0033601798585567,0.9992822408676147
2981.46075793264,0.997252219308566,0.9993468523025513
2981.463072716445,0.9952656102512558,0.9993468523025513
2981.465387500155,1.0000007753668112,0.9993468523025513
2981.467702283864,0.9853961563665529,0.9993476271629333
2981.4700170675765,0.9947639479244563,0.9993468523025513
2981.4723318512856,0.9859897290220347,0.9993476271629333
2981.474646634998,0.9836668981236004,0.9993468523025513
2981.4792762024194,0.9889139246217015,0.9993468523025513
2981.4815909861286,1.0018544388378134,0.9993468523025513
2981.4839057698396,0.9953154126579705,0.9993468523025513
2981.486220553551,0.9961681876967099,0.9992822408676147
2981.4885353372615,0.9993460079166144,0.9993468523025513
2981.4908501209725,0.9870894865151186,0.9993468523025513
2981.4931649046825,1.0010968458197411,0.9993468523025513
2981.495479688393,0.9952607791195865,0.9993468523025513
2981.497794472104,0.9853317299542927,0.9993468523025513
2981.5001092558146,0.9828886684196319,0.9993468523025513
2981.502424039526,0.9823745405802535,0.9993468523025513
2981.504738823158,0.9829023997047406,0.9993476271629333
2981.507053606696,0.9910096287958128,0.9993476271629333
2981.5093683902364,0.9817868942148313,0.9993578791618347
2981.511683173774,0.989458467269992,0.9993691444396973
2981.513997957313,0.9938149772715236,0.9993691444396973
2981.5163127408528,0.9810791952975706,0.9993906617164612
2981.5186275243914,0.9904297685030619,0.9994093179702759
2981.520942307931,0.9908737245232662,0.9994416236877441
2981.5232570914695,1.0021965847972858,0.9994416236877441
2981.5255718750086,0.9979831639695207,0.9994416236877441
2981.532516225625,0.9992476121256824,0.9994475245475769
2981.5348310091645,1.0003955165173173,0.9994475245475769
2981.537145792703,0.995582524205259,0.9994475245475769
2981.5394605762426,0.9896154848294785,0.9994475245475769
2981.5417753597812,0.9926943948475028,0.9994475245475769
2981.5464049267816,0.9904040130852035,0.9994475245475769
2981.5487197101484,0.9914378761181007,0.999480664730072
2981.551034493515,0.9864278880470129,0.999480664730072
2981.5533492768827,0.9879314808244958,0.999480664730072
2981.55566406025,0.9912162771029751,0.9994475245475769
2981.5579788436175,0.9961330984645884,0.9994475245475769
2981.5602936269843,0.977107990620438,0.9994475245475769
2981.562608410351,0.9987377107048346,0.9994475245475769
2981.5649231937186,0.9905751952865838,0.9994688630104065
2981.5695527604535,0.9741935753196284,0.9994688630104065
2981.5718675438206,0.9816349139812898,0.999480664730072
2981.574182327187,0.987499062975389,0.999480664730072
2981.576497110556,0.9760106493969789,0.9994893670082092
2981.5811266772903,1.0004520340308871,0.9994893670082092
2981.5834414606566,0.9896228968714176,0.9994893670082092
2981.5857562440233,0.9964402904660005,0.999480664730072
2981.5880710273123,0.9749853431841766,0.9994893670082092
2981.590385810508,0.9722078538240738,0.9995135068893433
2981.595015376899,0.990960372600625,0.9995135068893433
2981.5973301600943,0.995632669559058,0.9995135068893433
2981.5996449432887,1.0009187979305907,0.9994893670082092
2981.6042745096797,0.9993161643493164,0.9994893670082092
2981.606589292877,0.9915005078822987,0.9994893670082092
2981.6089040760708,0.9854583395478074,0.9994893670082092
2981.611218859268,0.9866443027103734,0.9994893670082092
2981.6135336424613,0.9857080316965309,0.9994893670082092
2981.6158484256575,0.9981123702929199,0.9994893670082092
2981.6181632088524,0.9861844323478236,0.9995135068893433
2981.6204779920486,0.9940909606469155,0.9995135068893433
2981.622792775242,0.9885330442611729,0.9995135068893433
2981.6251075584373,0.99647638837919,0.9995197057723999
2981.627422341633,1.0024115700979144,0.9995197057723999
2981.6297371247515,0.983788628228359,0.999526858329773
2981.6320519077744,0.9891830585650156,0.9995197057723999
2981.6343666907974,0.9742779571878326,0.9995197057723999
2981.638996256844,0.9906924436460532,0.999526858329773
2981.6413110398685,0.9791700632549595,0.999526858329773
2981.6436258228914,0.9863478916623601,0.999526858329773
2981.6459406059166,0.9914642717474181,0.999526858329773
2981.6482553889373,1.0011901526112215,0.999526858329773
2981.6528849549845,0.9926874013299798,0.999526858329773
2981.6551997380093,0.9999928440568521,0.999526858329773
2981.6575145210313,1.007494777055995,0.999526858329773
2981.6598293040565,0.9927047022873778,0.9995197057723999
2981.662144087077,1.0011289773762047,0.9995197057723999
2981.6644588701015,1.004646267868667,0.9995197057723999
2981.6667736531253,0.9940825717123898,0.999526858329773
2981.6690884361483,0.9963751146585338,0.999531626701355
2981.6714032190957,0.9775523904970005,0.999531626701355
2981.6737180019445,0.9763371423078584,0.9995620250701904
2981.6760327847974,0.9963546298252497,0.999572217464447
2981.6806623505004,0.9901579835324176,0.999572217464447
2981.68297713335,0.9788853204217355,0.999572217464447
2981.6852919162034,0.9912066394121087,0.999572217464447
2981.692236264756,0.9803513815861538,0.9996022582054138
2981.694551047608,0.9919387821849298,0.9996022582054138
2981.6968658304577,0.9823261227590434,0.9996140003204346
2981.6991806133096,0.999875318560779,0.9996140003204346
2981.7014953961616,0.9986844426805361,0.9996199011802673
2981.7038101790126,0.9873156544805555,0.9996428489685059
2981.7061249618646,0.993975454623944,0.9996428489685059
2981.7084397447143,1.0006936028284974,0.9997658729553223
2981.710754527567,0.9947558880524796,0.9997658729553223
2981.7130693103395,0.996261913585458,0.9997658729553223
2981.71538409302,0.9875328717808551,0.9996428489685059
2981.720013658379,0.9958726327905465,0.9996428489685059
2981.7223284410557,0.9890206582417598,0.9996428489685059
2981.724643223736,0.9925604795323597,0.9996199011802673
2981.726958006414,0.9909057083945014,0.9996140003204346
2981.729272789095,0.9816414779550574,0.9996140003204346
2981.733902354453,0.9915938917422054,0.9996022582054138
2981.736217137132,0.9836917750796924,0.9996140003204346
2981.73853191981,0.9848613417611367,0.9996199011802673
2981.7408467024907,0.9908003136801464,0.9996428489685059
2981.7431614851685,0.9843566747318713,0.9997658729553223
2981.745476267849,0.986240026403887,0.9997658729553223
2981.7477910505268,0.9881754251164113,0.9997658729553223
2981.750105833207,0.9872856174651028,0.9997658729553223
2981.752420615884,0.9905078837256,0.9997658729553223
2981.7547353984874,0.9962183439920664,0.9996428489685059
2981.759364963501,0.991496121690631,0.9997658729553223
2981.761679746007,0.9824872738129817,0.9997658729553223
2981.7639945285155,1.002375682096438,0.9997658729553223
2981.766309311022,0.9890274345733526,0.9997658729553223
2981.768624093528,0.9956353816854513,0.9997658729553223
2981.770938876036,0.9962666891146632,0.999783456325531
2981.773253658542,0.970286253092139,0.999783456325531
2981.77556844105,0.9941189070933741,0.999783456325531
2981.7801980060626,0.9748400803811564,0.999783456325531
2981.7848275710767,1.0008610118660097,0.9997658729553223
2981.791771918596,0.994474667101644,0.9997658729553223
2981.794086701105,0.9880927341139077,0.9997658729553223
2981.7964014835334,0.9772488256327561,0.9997658729553223
2981.7987162658683,0.9900696869927947,0.9997658729553223
2981.8010310482027,0.9984863955069707,0.9996428489685059
2981.8033458305367,0.9921335637950055,0.9997658729553223
2981.8056606128716,0.99000368919916,0.9997658729553223
2981.8079753952056,0.9956407644091307,0.999783456325531
2981.81029017754,1.0029620906765566,0.9997658729553223
2981.8126049598727,0.9925264503894525,0.9997658729553223
2981.8149197422094,0.9983319008228594,0.999783456325531
2981.817234524542,1.0049514167605096,0.999783456325531
2981.8195493068783,0.9951697148405334,0.9998428225517273
2981.8218640892114,0.9792394789758956,0.9998428225517273
2981.8241788715477,0.9921611147439229,0.9998428225517273
2981.8264936538817,0.9964431100286568,0.999870777130127
2981.8311232185506,0.9965798766578564,0.9998754262924194
2981.838067565476,1.0044767472983511,0.9998754262924194
2981.840382347638,1.0007748352953394,0.9998785257339478
2981.845011911962,0.9955393297340861,0.9999114274978638
2981.8496414762863,0.9924507011021279,0.9999114274978638
2981.8519562584465,0.9863914409730854,0.9998785257339478
2981.8542710406095,1.0137842948670948,0.9998785257339478
2981.856585822772,0.9955710753113917,0.9998785257339478
2981.8589006049338,0.9789821604277463,0.9998785257339478
2981.8612153870963,1.0048869975700927,0.9998754262924194
2981.863530169258,0.9970657837430995,0.9998785257339478
2981.8658449514196,0.9993182188588401,0.9998785257339478
2981.8727892979064,0.996479798902879,0.9998785257339478
2981.875104080068,1.0012104789588523,0.9998785257339478
2981.879733644314,0.9886335795819318,0.9999114274978638
2981.88667799028,0.999648421419326,0.9999135732650757
2981.8889927722707,1.006168540977503,0.9999135732650757
2981.89130755426,1.00723281428699,0.9999135732650757
2981.89593711824,0.9887615956120062,0.9999250173568726
2981.898251900229,0.9941622255728914,0.999932587146759
2981.9005666822177,1.0047571649857492,0.9999250173568726
2981.902881464207,0.9859768962225585,0.9999250173568726
2981.9051962461967,1.0033046446772296,0.999932587146759
2981.909825810176,1.0002544693830533,0.999932587146759
2981.9121405921646,0.9987329587844416,0.9999330043792725
2981.9144553741535,0.9812303468198962,0.9999411702156067
2981.919084938133,1.0010935115394526,0.9999411702156067
2981.9213997200445,0.9969208217174432,0.9999411702156067
2981.9237145018606,0.9982175374453938,0.9999411702156067
2981.9306588473105,0.9984126349252862,0.9999411702156067
2981.932973629128,0.9959832719086186,0.9999330043792725
2981.93760319276,0.9994166746293223,0.9999411702156067
2981.9399179745765,0.9917001013755833,0.9999411702156067
2981.9422327563934,0.9997850653050401,0.9999983906745911
2981.94454753821,0.9930403310541361,0.9999411702156067
2981.953806665477,1.012701841397134,0.9999411702156067
2981.9607510109263,0.9964059533453429,0.9999983906745911
2981.9630657926646,0.9886850614640513,0.9999411702156067
2981.9653805743087,0.9910330628092704,0.9999983906745911
2981.9700101375965,1.0041587986879423,1.0000420808792114
2981.974639700883,0.9998333524258844,1.0000420808792114
2981.9815840458164,0.9864374180919104,0.9999983906745911
2981.986213609104,0.9962080656062229,0.9999983906745911
2981.993157954033,0.9968331977347233,0.9999411702156067
2981.9954727356776,0.9982141227591821,0.9999983906745911
2981.9977875173204,0.9946228179225972,0.9999983906745911
2982.000102298964,0.9930363185394169,0.9999983906745911
2982.002417080608,1.005590708138283,0.9999411702156067
2982.0047318621737,0.9906871168942545,0.9999983906745911
2982.007046643645,1.0038959532652494,1.0000420808792114
2982.009361425115,1.0081944001465324,0.9999983906745911
2982.0116762065873,1.0,1.0000420808792114
2982.013990988057,1.002275728782146,1.0000420808792114
2982.016305769529,1.0036106914134326,1.0000437498092651
2982.018620550997,0.9828437633695043,1.0000420808792114
2982.02093533247,1.0058901117240187,1.0000437498092651
2982.023250113939,0.9984547575836142,1.0000437498092651
2982.025564895411,1.000384784514116,1.000059962272644
2982.0278796768807,1.0175985274244195,1.000059962272644
2982.0301944583507,0.9937817017767656,1.000108003616333
2982.0325092398225,1.0187207506894917,1.000108003616333
2982.034824021293,0.9967467397668347,1.0001163482666016
2982.0371388027643,0.999331254088403,1.0001163482666016
2982.0394535842347,0.9995060500524822,1.000108003616333
2982.041768365705,0.9973058034112584,1.000108003616333
2982.044083147176,1.0135413150401735,1.0001163482666016
2982.046397928569,0.9963235684109718,1.0001736879348755
2982.0487127098654,0.9997380269808372,1.0001870393753052
2982.0510274911644,0.9998113865774226,1.0001870393753052
2982.0533422724607,0.9954596309469991,1.0001870393753052
2982.05565705376,0.9974569666408706,1.0001870393753052
2982.057971835056,1.0045108702712708,1.0001870393753052
2982.060286616355,1.0012296522469073,1.0001870393753052
2982.0626013976516,1.0050875346284158,1.0002264976501465
2982.064916178949,0.9997683247219807,1.0002917051315308
2982.0672309602455,1.0,1.000308871269226
2982.0695457415436,0.9964907643476816,1.000319242477417
2982.0718605228412,0.9972390684975321,1.0003725290298462
2982.0741753041393,1.0031685946156772,1.0003725290298462
2982.0764900854383,1.0067491442908751,1.000319242477417
2982.0788048667337,0.9996026789496948,1.000308871269226
2982.081119648033,1.0157211144676703,1.000308871269226
2982.083434429329,1.0020229528581077,1.000308871269226
2982.0857492106284,1.0014911897890264,1.000319242477417
2982.088063991846,0.998693644812011,1.000319242477417
2982.090378772972,0.9957157341556467,1.000319242477417
2982.092693554094,1.000712286531528,1.000319242477417
2982.0950083352195,1.0005780689161583,1.0003725290298462
2982.0973231163434,0.9943541459195615,1.0003725290298462
2982.0996378974683,0.9943644536831665,1.0003725290298462
2982.1019526785917,0.9871740437880948,1.0003725290298462
2982.104267459715,0.9989633293395077,1.000319242477417
2982.106582240841,1.0118359688848646,1.000319242477417
2982.108897021964,0.9997355730931858,1.0003725290298462
2982.11121180309,0.9875426803974816,1.0003725290298462
2982.113526584213,1.0107555852885215,1.0003725290298462
2982.115841365339,0.9948091770793946,1.0003725290298462
2982.1181561464614,0.9983305593731354,1.0003725290298462
2982.120470927586,1.0082228159068825,1.000319242477417
2982.1227857087106,0.9941476927352193,1.0003725290298462
2982.1251004898354,1.0034035877928908,1.0003725290298462
2982.127415270958,0.9970125360280171,1.0003725290298462
2982.1297300520055,0.9990371476308887,1.0003725290298462
2982.1320448329548,0.996101372304555,1.000319242477417
2982.1343596139072,1.007191244049352,1.0003725290298462
2982.136674394858,0.9918507183245814,1.0004076957702637
2982.138989175807,1.005717889260776,1.0003725290298462
2982.14130395676,1.0137559190693983,1.0003725290298462
2982.1436187377094,1.0209638903977292,1.000319242477417
2982.1459335186614,0.99135150440588,1.000319242477417
2982.148248299611,1.0058729972974345,1.000319242477417
2982.1505630805636,0.9931714938976252,1.0003725290298462
2982.152877861512,0.9977409910444005,1.0003725290298462
2982.1551926424645,0.9962649076004036,1.0004076957702637
2982.157507423414,1.0095813343918354,1.0003725290298462
2982.1598222043663,1.0001954408418448,1.000319242477417
2982.1621369853156,0.9946218612975413,1.000319242477417
2982.1644517662685,1.0097201614970353,1.0003725290298462
2982.166766547218,0.9840551652115556,1.0004076957702637
2982.1690813281693,1.002021531304303,1.0004225969314575
2982.1713961090422,1.0038699246784466,1.0004225969314575
2982.1737108898183,0.9991948906748166,1.0004076957702637
2982.176025670597,0.9914748336928557,1.0004225969314575
2982.1783404513717,1.0068282835167566,1.0004225969314575
2982.1806552321505,1.0019940055906988,1.0004225969314575
2982.1829700129274,0.9948147259328882,1.0004429817199707
2982.1852847937053,0.9921155927726336,1.0004429817199707
2982.187599574481,1.0084124342450895,1.000444769859314
2982.1899143552596,1.0013420573215643,1.000444769859314
2982.1922291360356,0.9917807184328887,1.0004593133926392
2982.4121332659915,1.0150389736693444,1.0004593133926392
2982.4144480459,1.0104922730938855,1.000470757484436
2982.416762825806,1.016062630496585,1.0004593133926392
2982.4190776057126,1.0089208741448599,1.000444769859314
2982.421392385541,1.009528909338989,1.0004593133926392
2982.4237071652733,1.0160830059263903,1.0004593133926392
2982.426021945006,1.0060557922163713,1.0004593133926392
2982.4283367247376,1.0128024425731619,1.0004593133926392
2982.4306515044696,1.004294392778938,1.000444769859314
2982.4329662842024,1.0043545744897362,1.0004429817199707
2982.435281063935,1.0132125263290723,1.000444769859314
2982.4375958436676,1.0132964123589383,1.000444769859314
2982.439910623399,1.0180202207671862,1.0004593133926392
2982.442225403131,1.003877245039861,1.000470757484436
2982.444540182863,1.0001789681023316,1.000470757484436
2982.4468549625954,1.0095199218961302,1.0005147457122803
2982.449169742328,1.0094016079731907,1.0005147457122803
2982.451484522061,1.0145266382665592,1.0005147457122803
2982.4537993017925,1.0160737323762759,1.0005173683166504
2982.4561140815244,1.004263426702255,1.0005252361297607
2982.4584288612577,1.0170417921380805,1.0005252361297607
2982.4607436409897,1.0021068712622188,1.0005252361297607
2982.4630584206434,1.0047625316690962,1.0005754232406616
2982.4653732002002,1.0067171545380407,1.0005754232406616
2982.4676879797576,1.0063500959186158,1.0005919933319092
2982.470002759316,1.003094271879893,1.0005919933319092
2982.472317538873,1.0168252379761011,1.0006070137023926
2982.4746323184313,0.999326399561576,1.0006070137023926
2982.476947097986,1.0132545837949891,1.0006070137023926
2982.479261877545,1.0005452899198208,1.0006070137023926
2982.4815766571032,1.0144390435683905,1.0006070137023926
2982.4838914366605,1.0158784564613936,1.0006070137023926
2982.4862062162174,1.003675899004809,1.0006266832351685
2982.4885209957756,1.004984950317881,1.0006266832351685
2982.490835775333,1.0083499671493303,1.0006481409072876
2982.493150554891,0.9960319554580209,1.0006498098373413
2982.495465334448,1.0082179267122289,1.0006532669067383
2982.4977801140053,1.0108230935868197,1.0006532669067383
2982.500094893563,1.0091590652849958,1.0006532669067383
2982.5024096731204,1.0053187516283442,1.0006741285324097
2982.5047244525986,1.0158034124020179,1.0006741285324097
2982.5070392319817,1.0064239680743343,1.0007023811340332
2982.509354011364,1.0204270361398018,1.0007038116455078
2982.511668790747,1.004700816010483,1.0007023811340332
2982.513983570129,1.0019486568586575,1.0007023811340332
2982.5162983495115,1.007137639448249,1.0007038116455078
2982.5186131288947,0.9983880540048069,1.0007038116455078
2982.520927908277,1.012680427403046,1.0007038116455078
2982.52324268766,1.0051862991264164,1.0007164478302002
2982.525557467042,0.9963079320583736,1.0007164478302002
2982.527872246424,1.0056621050037338,1.0007752180099487
2982.530187025807,1.0143687200800562,1.0007752180099487
2982.53250180519,1.0120595583625072,1.0008411407470703
2982.5348165845717,1.0092803856848012,1.0008411407470703
2982.537131363955,1.0006041213655048,1.0008411407470703
2982.539446143337,1.0121665145475176,1.0008610486984253
2982.541760922721,1.0173658495683846,1.0008971691131592
2982.5440757021024,1.0095713827518118,1.000914454460144
2982.546390481405,1.0072372702266745,1.0009450912475586
2982.548705260613,1.0185509964528432,1.000950813293457
2982.5510200398203,1.0087030630551663,1.000950813293457
2982.5533348190284,1.0208652277683954,1.0009814500808716
2982.5556495982355,1.0086975958714166,1.001031756401062
2982.5579643774427,1.0125386925562982,1.0010346174240112
2982.5602791566503,1.0084953788768456,1.0010888576507568
2982.5625939358574,1.0089566720276189,1.0010912418365479
2982.5649087150655,0.9979791092863453,1.0011526346206665
2982.5672234942726,1.008596406143784,1.0011526346206665
2982.56953827348,1.0082613374148055,1.0011526346206665
2982.5718530526888,1.005142596897725,1.0012000799179077
2982.5741678318946,0.9947198434443761,1.0012154579162598
2982.5764826111017,1.0135229968457413,1.0012154579162598
2982.57879739031,0.9950751321259551,1.0012154579162598
2982.581112169517,1.0147971068261623,1.0012154579162598
2982.5834269487236,1.01104288181984,1.0012154579162598
2982.5857417279317,1.0070964342090944,1.001222848892212
2982.5880565070593,1.013000445536338,1.001222848892212
2982.590371286092,1.007560080754515,1.0013315677642822
2982.592686065124,1.015486827322298,1.0014169216156006
2982.595000844155,1.0028232863448268,1.0014169216156006
2982.597315623188,1.0134500440200573,1.0014433860778809
2982.5996304022196,1.0013076235225105,1.0014457702636719
2982.601945181252,0.9981767668928055,1.0014457702636719
2982.6042599602843,1.0120228751385594,1.0014457702636719
2982.6065747393177,0.9980377314559106,1.0014457702636719
2982.608889518347,1.0024935910377377,1.0014457702636719
2982.61120429738,1.0210275623469183,1.0014457702636719
2982.6135190764126,0.9946179120496109,1.0014457702636719
2982.6158338554446,1.0048580788949824,1.00155770778656
2982.618148634476,1.0180235488756706,1.00155770778656
2982.6204634135074,1.001227017231683,1.00155770778656
2982.6227781925404,1.0029019213430654,1.00155770778656
2982.625092971572,1.007809514174257,1.00155770778656
2982.6274077506046,1.0161383295592843,1.00155770778656
2982.629722529557,1.0080427480240073,1.0015939474105835
2982.6320373084127,1.0134445264214902,1.0016061067581177
2982.63435208727,1.0013280824151367,1.0016369819641113
2982.636666866127,1.0057600015996038,1.0016061067581177
2982.6389816449832,1.0113642152067162,1.0016369819641113
2982.64129642384,0.9893345865431165,1.0017104148864746
2982.6436112026954,0.99195729455206,1.0017104148864746
2982.6459259815515,1.0053285044344504,1.0017509460449219
2982.648240760409,1.005986004572801,1.0017874240875244
2982.650555539266,1.010933507571992,1.001810908317566
2982.652870318122,1.0077075855812354,1.001810908317566
2982.655185096978,1.0008866602606297,1.0019030570983887
2982.657499875834,1.0114939096104498,1.0019301176071167
2982.659814654691,1.0043053974283025,1.0019301176071167
2982.6621294335478,1.0012353098012547,1.001975417137146
2982.6644442124048,1.0066600604222706,1.001975417137146
2982.6667589912627,1.0197243068081678,1.0019794702529907
2982.669073770117,0.9986972370599055,1.0019794702529907
2982.6713885488953,1.0132368792368698,1.0019993782043457
2982.673703327575,1.0087224578305283,1.0020052194595337
2982.6760181062564,1.0052413300814942,1.0020136833190918
2982.6783328849365,0.9879785543047893,1.0020259618759155
2982.6806476636166,1.016413998265248,1.0020509958267212
2982.682962442297,1.012240618884092,1.0021157264709473
2982.6852772209786,1.001609246840836,1.0021229982376099
2982.68759199966,1.0164867517874119,1.002140998840332
2982.6899067783406,0.9905418001733882,1.002140998840332
2982.6922215570203,0.9954218534840853,1.002140998840332
2982.694536335701,1.006661795180369,1.0021618604660034
2982.696851114383,1.0104194408050655,1.002224087715149
2982.699165893063,1.0217732893209879,1.00226891040802
2982.7014806717452,0.9978944471350779,1.002284049987793
2982.703795450424,1.0060978452559524,1.0023179054260254
2982.7061102291045,1.0038971600730433,1.0023324489593506
2982.708425007786,1.0034342771688598,1.0023324489593506
2982.7107397864665,1.0038914018108736,1.002375841140747
2982.7130545650684,1.0091485807141525,1.0023994445800781
2982.7153693435725,1.008201917804342,1.0024174451828003
2982.7176841220767,0.9935172154796734,1.0024449825286865
2982.719998900582,1.0119912149083543,1.0025688409805298
2982.7223136790867,1.0036232379490657,1.0025688409805298
2982.724628457592,0.9977286987626984,1.0025688409805298
2982.7269432360963,1.0104593766798884,1.0025688409805298
2982.729258014601,1.0043549722080098,1.0025688409805298
2982.731572793107,1.006367538679718,1.0025688409805298
2982.7338875716105,1.0025400239258315,1.0025688409805298
2982.736202350115,0.9887361793602664,1.0025688409805298
2982.73851712862,1.0239848269813578,1.002573013305664
2982.7408319071246,1.013359059302695,1.0026332139968872
2982.74314668563,1.0017741572277588,1.0026400089263916
2982.745461464134,1.0150936527212662,1.0026400089263916
2982.747776242639,1.0157682735307514,1.002647042274475
2982.750091021144,0.9983095451370947,1.0026400089263916
2982.7524057996484,1.008079837228577,1.002647042274475
2982.7547205780734,1.0133530966757494,1.0026524066925049
2982.7570353564024,1.0120767166281777,1.0027259588241577
2982.7593501347305,1.008734009662502,1.0027272701263428
2982.761664913061,1.0116740371439719,1.0027272701263428
2982.7639796913877,1.0035779836254675,1.0027552843093872
2982.7662944697176,1.0023596835891253,1.0027552843093872
2982.7686092480453,1.010040751470478,1.0027552843093872
2982.7709240263735,1.0031004353210913,1.0027554035186768
2982.7732388047016,1.0030182579103704,1.002765417098999
2982.7755535830306,1.0090623012855269,1.0027743577957153
2982.7778683613587,1.0024151258490268,1.002786636352539
2982.7801831396882,0.9995855931937426,1.002791404724121
2982.7824979180164,1.005311206910489,1.002791404724121
2982.784812696344,1.0033544445320164,1.0028032064437866
2982.7871274746735,1.0153949278639873,1.0028494596481323
2982.7894422530017,1.0095935684363444,1.0028494596481323
2982.791757031332,0.9998749544302802,1.0028997659683228
2982.7940718096593,1.0020358944064016,1.0029089450836182
2982.7963865879096,1.0074662932767227,1.0029089450836182
2982.79870136606,0.9871481492971277,1.0029391050338745
2982.801016144212,0.9965697981303617,1.0029672384262085
2982.8033309223647,0.99136982128363,1.0029672384262085
2982.805645700517,1.0031532131158452,1.0029840469360352
2982.8079604786685,1.0145704299248428,1.0030220746994019
2982.8102752568207,1.002482303514909,1.0030220746994019
2982.812590034973,0.9949434624057474,1.0030220746994019
2982.8149048131245,1.0060520954392573,1.0030795335769653
2982.8172195912775,1.0059598730325638,1.0030795335769653
2982.819534369429,1.004478966576627,1.0030795335769653
2982.821849147583,0.9989913136274265,1.003134846687317
2982.8241639257335,1.0033397650685718,1.0032131671905518
2982.826478703886,0.9966523530489574,1.003237009048462
2982.8287934820382,1.0004817106789103,1.0032463073730469
2982.83110826019,0.9976584630886519,1.0032463073730469
2982.8334230383416,1.0082755724885186,1.0033198595046997
2982.835737816494,1.01512804210877,1.0033236742019653
2982.8380525945663,1.001475084122086,1.0034829378128052
2982.8403673725425,0.9993687205424204,1.0034829378128052
2982.8426821505177,1.0065919383135316,1.003541111946106
2982.8449969284925,0.9993688766753188,1.0035423040390015
2982.8473117064686,1.0024014972742168,1.0035631656646729
2982.849626484444,1.0027886214930652,1.0036057233810425
2982.851941262421,1.006543326525534,1.0036545991897583
2982.8542560403953,1.0088982232533679,1.003688097000122
2982.8565708183723,0.9966966152331729,1.003688097000122
2982.8588855963453,1.012979854615747,1.0037295818328857
2982.8612003743224,1.0014215057224245,1.0037356615066528
2982.8635151522967,1.005044930390673,1.003758430480957
2982.865829930273,1.0011560309209175,1.0037648677825928
2982.8681447082477,1.0009783627210311,1.0037648677825928
2982.8704594862224,1.0085692840660365,1.0037648677825928
2982.8727742641986,0.9989525307605018,1.0037773847579956
2982.875089042174,0.9940451661004615,1.0037882328033447
2982.87740382015,1.0016413736852443,1.0037882328033447
2982.879718598045,1.0051752971894639,1.0037882328033447
2982.882033375843,1.0013150966300322,1.0038225650787354
2982.8843481536423,0.9956628768671011,1.0038225650787354
2982.8866629314416,0.9990757680221674,1.0038669109344482
2982.88897770924,1.007901037472067,1.0038669109344482
2982.891292487039,0.9878620944992236,1.0039321184158325
2982.893607264836,0.9976649452292212,1.0039381980895996
2982.8959220426345,0.9980687856195298,1.0039381980895996
2982.898236820434,1.0103309995055598,1.0039381980895996
2982.900551598233,0.9898132606257846,1.0039429664611816
2982.9028663760314,1.0139054136916086,1.0039429664611816
2982.9051811538293,1.0024512458085169,1.0039615631103516
2982.9074959316276,0.9936548901427716,1.0039615631103516
2982.909810709427,0.9969117200041796,1.0039615631103516
2982.9121254872252,0.9935131011431404,1.003977656364441
2982.9144402650245,1.0077327446060642,1.0040087699890137
2982.9167550428247,0.9982821663985668,1.0040087699890137
2982.9190698206207,0.9967793588306003,1.0040087699890137
2982.921384598341,0.9908194729624233,1.0041637420654297
2982.9236993759614,0.9978380077571503,1.0041847229003906
2982.9260141535833,1.0088328043503862,1.0041847229003906
2982.928328931204,1.0034836806785117,1.004201054573059
2982.9306437088253,1.0075405281277974,1.0042442083358765
2982.9329584864463,1.0056193565770841,1.0042941570281982
2982.9352732640687,1.0168552209414539,1.0042941570281982
2982.9375880416906,1.0016819550085938,1.0043048858642578
2982.939902819312,1.0022555585994195,1.0043339729309082
2982.9422175969326,0.9944019042154648,1.0043498277664185
2982.944532374554,1.0036639340769609,1.0043498277664185
2982.946847152177,1.0018231211644426,1.0043516159057617
2982.9491619297974,1.003493087176916,1.0043635368347168
2982.95147670742,1.0031315013368074,1.0044182538986206
2982.9537914850403,1.00655698130334,1.0044188499450684
2982.9561062626613,1.00273090541086,1.004430890083313
2982.9584210402836,0.9961780379423761,1.004430890083313
2982.9607358179046,0.996078592404323,1.0044641494750977
2982.9630505954465,1.0017842246485282,1.0044656991958618
2982.96536537289,0.9893836452072001,1.0044641494750977
2982.9676801503338,1.0025074601925266,1.0044641494750977
2982.9699949277788,0.9947937169752585,1.0044656991958618
2982.9723097052224,0.9951282739317705,1.0044656991958618
2982.974624482667,1.0,1.004590630531311
2982.976939260112,0.9934188643636964,1.004590630531311
2982.9792540375543,1.0062901962813215,1.0046054124832153
2982.981568815,1.0057471953157624,1.0046054124832153
2982.983883592443,0.9966255860013972,1.0046054124832153
2982.986198369887,0.9993579163596765,1.0046066045761108
2982.988513147331,1.006967159278868,1.0046066045761108
2982.9908279247747,0.9973808778212492,1.0046066045761108
2982.993142702219,0.9904350215834099,1.0046131610870361
2982.9954574796634,1.007132752926536,1.0046818256378174
2982.9977722571075,0.9914900408049939,1.0046827793121338
2983.000087034552,1.0050370051153152,1.0046987533569336
2983.0024018119957,1.0028377736060121,1.0047061443328857
2983.004716589359,1.0099356716251096,1.0047338008880615
2983.007031366626,1.004880416507136,1.0047410726547241
2983.0093461438923,0.9961126796123785,1.004746913909912
2983.0116609211605,1.007187579937801,1.004746913909912
2983.0139756984254,0.9887869956295527,1.004746913909912
2983.016290475693,1.002371142044519,1.004746913909912
2983.0186052529584,0.9919455925590075,1.004761815071106
2983.0209200302247,0.9895477907061865,1.004761815071106
2983.0232348074906,0.9923659498667575,1.0047696828842163
2983.0255495847578,1.0027610691621012,1.0047696828842163
2983.0278643620236,0.9939576696965422,1.0047696828842163
2983.030179139291,1.0048286676619267,1.0047696828842163
2983.032493916557,0.9973375797281628,1.0047909021377563
2983.034808693823,1.0078449433725925,1.004799485206604
2983.03712347109,1.0013914085033235,1.004799485206604
2983.0394382483564,1.0035117345916416,1.0048011541366577
2983.041753025624,0.99015646557201,1.0048011541366577
2983.0440678028895,1.000923609925538,1.0048011541366577
2983.046382580077,1.007135465043233,1.0048011541366577
2983.048697357164,0.9923747310290106,1.0048011541366577
2983.0510121342522,0.9991804370757075,1.0048011541366577
2983.0533269113407,0.9999097233524927,1.0048918724060059
2983.05564168843,0.998017591252964,1.0048918724060059
2983.057956465518,1.0023467183193027,1.0048918724060059
2983.060271242606,0.9973452022410436,1.0048918724060059
2983.062586019695,1.004609091439686,1.0048918724060059
2983.0649007967836,0.9875140629974837,1.00492525100708
2983.067215573873,1.0010411454711654,1.004950761795044
2983.069530350961,0.9916672775700707,1.004950761795044
2983.0718451280513,0.9898255589815809,1.0049631595611572
2983.0741599051385,0.9966113665538902,1.0049631595611572
2983.0764746822274,1.0017733773241622,1.0049631595611572
2983.078789459316,0.995247653985085,1.0050026178359985
2983.081104236404,1.0035032019769001,1.0050026178359985
2983.083419013492,0.9892010305823815,1.0050026178359985
2983.0857337905813,1.0124978723631388,1.0050195455551147
2983.088048567589,1.0093774237514985,1.0050400495529175
2983.0903633445,1.0024857373731528,1.0050894021987915
2983.0926781214102,0.9941874056145755,1.0051153898239136
2983.09499289832,0.9916853653535027,1.0051153898239136
2983.097307675231,1.0124381342976456,1.0051214694976807
2983.0996224521414,1.006624507653972,1.0051214694976807
2983.101937229053,1.0078065912337086,1.0051242113113403
2983.1042520059623,0.9941755371731059,1.0051242113113403
2983.1065667828743,1.0004753462745803,1.0051426887512207
2983.1088815597823,1.003820915900238,1.0051426887512207
2983.1111963366934,1.0145382175387463,1.0051624774932861
2983.1135111136036,1.0023184658989837,1.0052084922790527
2983.1158258905148,1.0050964742715511,1.0052084922790527
2983.1181406674245,1.0005797794418914,1.0052343606948853
2983.1204554443343,1.001183039417531,1.0052343606948853
2983.1227702212454,0.9898846334967365,1.0052343606948853
2983.1250849981557,1.0053865293126596,1.0052343606948853
2983.127399775067,0.9934733010321829,1.0052343606948853
2983.129714551896,0.9965298785967437,1.0052392482757568
2983.1320293286276,0.9909274371665746,1.0052601099014282
2983.13434410536,1.005216814050676,1.0052601099014282
2983.136658882093,1.0051702276187937,1.0053027868270874
2983.1389736588244,1.003225626285783,1.0053027868270874
2983.1412884355564,1.0008854295436072,1.0053151845932007
2983.1436032122874,1.0025904115405764,1.0053406953811646
2983.1459179890194,1.0001588838669202,1.005391240119934
2983.148232765752,1.0115946706417067,1.0054064989089966
2983.1505475424838,0.9957079479025336,1.0054064989089966
2983.152862319216,1.0077910011677786,1.0054064989089966
2983.1551770959477,1.0035152089579968,1.005435824394226
2983.157491872679,0.9937041502538413,1.005435824394226
2983.159806649412,0.9935654970311643,1.0054649114608765
2983.1621214261436,0.9989715987442455,1.0054649114608765
2983.1644362028765,1.0157386413146892,1.0055118799209595
2983.166750979609,1.001162061455766,1.0055315494537354
2983.1690657563395,0.997286665931635,1.0055315494537354
2983.1713805329914,0.9889029177203109,1.0055315494537354
2983.173695309544,0.9945423893984714,1.0055315494537354
2983.1760100860984,0.987722537637417,1.0055410861968994
2983.178324862651,0.9864280049175528,1.0055410861968994
2983.180639639204,0.9923686647089717,1.0055410861968994
2983.1829544157567,0.997953193149095,1.0055410861968994
2983.185269192311,0.9910083354178794,1.0055410861968994
2983.1875839688646,1.0019794690987291,1.0055410861968994
2983.189898745418,0.982286496053984,1.0055410861968994
2983.19221352197,0.9925686625750288,1.0055410861968994
2983.1945282985234,1.0229533812052387,1.0055315494537354
2983.196843075078,0.9818631513181372,1.0055315494537354
2983.1991578516304,0.9982662735432442,1.0055315494537354
2983.201472628184,0.9990866637976719,1.0055315494537354
2983.203787404737,0.9974665115986822,1.0055315494537354
2983.2061021812897,0.993924131218517,1.0055410861968994
2983.208416957844,1.005869646915445,1.0055410861968994
2983.2107317343966,0.9848958339507936,1.0055410861968994
2983.21304651087,1.009296996238333,1.0055410861968994
2983.2153612872435,0.9996998253723434,1.0055410861968994
2983.2176760636175,1.0088418736492437,1.0055410861968994
2983.2199908399925,0.9889215171385249,1.0055410861968994
2983.2223056163666,0.9965193363550457,1.0055509805679321
2983.2246203927416,0.9980012265308608,1.0055509805679321
2983.2269351691148,0.9858372792117008,1.0055509805679321
2983.229249945489,1.0014871210621346,1.0055410861968994
2983.231564721863,1.0151786169442176,1.0055410861968994
2983.233879498238,0.9991464228597442,1.0055410861968994
2983.236194274612,0.9880122796555816,1.0055410861968994
2983.238509050987,1.0090724873099817,1.0055509805679321
2983.2408238273606,1.0187337657333828,1.0055410861968994
2983.2431386037347,1.0012637683771008,1.0055410861968994
2983.2454533801097,0.986883078746577,1.0055509805679321
2983.2477681564837,1.0020754761046395,1.0055509805679321
2983.2500829328587,0.9951795890848949,1.0055509805679321
2983.2523977092324,1.010610556615282,1.0055410861968994
2983.254712485525,0.9959248804695623,1.0055410861968994
2983.257027261721,0.9933915403987565,1.0055509805679321
2983.2593420379158,0.9888097243552849,1.0055679082870483
2983.261656814111,0.9963554413794862,1.0055679082870483
2983.2639715903056,0.9990428336108373,1.0055679082870483
2983.2662863665005,0.9976912539721398,1.0055679082870483
2983.268601142696,1.0043466070917328,1.0055679082870483
2983.2709159188908,0.9940330621915127,1.0055679082870483
2983.273230695085,1.0169583471393777,1.0055679082870483
2983.2755454712806,1.0083618691181064,1.0055679082870483
2983.2778602474755,0.9878626666546543,1.0056147575378418
2983.2801750236713,1.0018824631722396,1.0056204795837402
2983.2824897998657,0.9996805557926199,1.0057125091552734
2983.2848045760607,1.0034425913168563,1.0057291984558105
2983.287119352254,1.0024777554361508,1.0057291984558105
2983.2894341284505,1.0086734478587993,1.0057291984558105
2983.2917489046463,0.992529497869516,1.005774736404419
2983.294063680841,0.9859939633372178,1.005782127380371
2983.2963784569547,0.9877141299387819,1.005774736404419
2983.2986932329704,1.0028839464030674,1.005774736404419
2983.3010080089853,0.9857977106601801,1.0057291984558105
2983.3033227850005,0.999353209948975,1.005774736404419
2983.3056375610167,0.987038597614095,1.005774736404419
2983.307952337032,0.9926790707531202,1.005782127380371
2983.3102671130464,1.00230882420046,1.0057920217514038
2983.3125818890626,0.9973581267233956,1.0057920217514038
2983.314896665078,0.9967995287533357,1.0057920217514038
2983.3172114410922,0.9913170787210679,1.0057920217514038
2983.3195262171093,0.9951505209966108,1.0057920217514038
2983.3218409931237,0.9932377407420357,1.0057920217514038
2983.32415576914,0.9922978697481193,1.005817174911499
2983.326470545155,0.9992069837578043,1.005817174911499
2983.3287853211714,0.9936774999330363,1.005817174911499
2983.331100097186,0.9969241526842406,1.0058492422103882
2983.333414873201,1.0050562933678906,1.005817174911499
2983.3357296492172,0.9961844908257348,1.005817174911499
2983.338044425151,0.992144860636077,1.005817174911499
2983.340359200987,1.0052484267579451,1.0057920217514038
2983.3426739768224,0.9945138164994408,1.0057920217514038
2983.344988752657,0.9977590268857514,1.005817174911499
2983.347303528492,0.9946991321661477,1.0058492422103882
2983.349618304329,0.982676026308794,1.0058625936508179
2983.351933080165,1.0014435064549507,1.0058625936508179
2983.3542478560003,0.9998640620787125,1.0058492422103882
2983.356562631836,0.9885417823417444,1.0058625936508179
2983.3588774076707,1.0,1.0058625936508179
2983.361192183507,0.9940966156173414,1.0058625936508179
2983.363506959342,0.9941631022447,1.0058625936508179
2983.365821735178,0.9974758784501196,1.0058625936508179
2983.3681365110137,1.0120606683713227,1.0058492422103882
2983.3704512868485,0.9932296515331533,1.0058492422103882
2983.3727660626846,0.99540051021164,1.0058492422103882
2983.37508083852,0.9849008395210734,1.0058625936508179
2983.377395614354,0.9807039261407912,1.0058492422103882
2983.3797103901097,0.9947750517997195,1.0058625936508179
2983.3820251657644,0.9958720218938923,1.0058625936508179
2983.3843399414195,1.007468526578708,1.0058492422103882
2983.3866547170755,1.0116876983292198,1.0058492422103882
2983.3889694927316,0.9999200027210926,1.0058625936508179
2983.3912842683867,0.9867551407345183,1.0058643817901611
2983.3935990440414,1.0040441811741967,1.0058643817901611
2983.3959138196965,0.9864832177508852,1.0058693885803223
2983.3982285953525,0.9916878826974134,1.0058643817901611
2983.4005433710076,1.0006417548077093,1.0058643817901611
2983.4028581466614,1.008671764967449,1.0058693885803223
2983.4051729223183,1.0077527804390585,1.005873203277588
2983.4074876979726,0.9925261121205844,1.0058693885803223
2983.4098024736295,1.0044269602519316,1.0058693885803223
2983.4121172492837,0.9887329465377306,1.005873203277588
2983.4144320249407,1.0081179197229255,1.005873203277588
2983.416746800596,0.9914035504804308,1.0058693885803223
2983.4190615762504,0.9913869585642967,1.0058693885803223
2983.4213763518246,0.9948680947953034,1.0058643817901611
2983.423691127299,1.002031334700672,1.0058643817901611
2983.4260059027747,0.9961633373241041,1.0058643817901611
2983.4283206782493,0.9996785892819007,1.0058643817901611
2983.4306354537234,0.9939311801817582,1.0058643817901611
2983.432950229197,0.9880500872023706,1.0058693885803223
2983.4352650046735,1.0013813955318445,1.0058693885803223
2983.4375797801467,0.9929573483710569,1.0058643817901611
2983.4398945556236,1.000848443706074,1.0058643817901611
2983.442209331097,0.9965552640367716,1.0058643817901611
2983.4445241065723,1.0049939545867514,1.0058643817901611
2983.446838882048,1.0007130968527032,1.0058693885803223
2983.4491536575224,0.9993942765474213,1.0058693885803223
2983.451468432998,1.0080677408642678,1.0058643817901611
2983.453783208472,1.0017803246277726,1.0058625936508179
2983.4560979839466,1.0014067856370386,1.0058492422103882
2983.458412759422,0.9967386750497027,1.0058492422103882
2983.4607275348967,0.9871974870001514,1.005817174911499
2983.463042310288,0.9985253761641908,1.005817174911499
2983.465357085584,1.0011531612677662,1.0058492422103882
2983.4676718608766,1.0044895068843016,1.0058492422103882
2983.469986636171,0.9883050548948338,1.005817174911499
2983.472301411465,0.9964404886417171,1.0058492422103882
2983.4746161867606,0.99335077494689,1.0058492422103882
2983.4769309620538,0.9937363669494262,1.0058492422103882
2983.479245737348,1.002038422709539,1.005817174911499
2983.4815605126414,1.001065019272511,1.005817174911499
2983.483875287936,1.007118953633287,1.0057920217514038
2983.48619006323,1.003435417237557,1.005782127380371
2983.488504838522,0.9955750261463875,1.005782127380371
2983.4908196138176,1.0062584780842447,1.0057920217514038
2983.4931343891108,0.9952269212498305,1.005782127380371
2983.495449164406,1.005417558797681,1.0057920217514038
2983.4977639396984,0.9979943373988635,1.005782127380371
2983.5000787149947,1.01154325267718,1.005774736404419
2983.502393490286,1.002138306635613,1.005774736404419
2983.5047082654996,0.9910523917736244,1.0057291984558105
2983.507023040613,0.9969519451603788,1.0057125091552734
2983.5093378157258,0.998212134158456,1.0056204795837402
2983.5116525908393,0.992149955166987,1.0056195259094238
2983.5139673659514,1.0073662703058461,1.0056195259094238
2983.516282141064,0.9996169871361733,1.0056195259094238
2983.5185969161757,1.0010048231749495,1.0055679082870483
2983.52091169129,0.9983220219475499,1.0056195259094238
2983.5232264664014,1.0039195928071447,1.0055679082870483
2983.5255412415154,1.0106058872727337,1.0055679082870483
2983.527856016627,0.9986244734191906,1.0055679082870483
2983.5301707917415,0.994468993107788,1.0055509805679321
2983.532485566853,1.0070039560929402,1.0055410861968994
2983.5348003419667,1.0037450093118414,1.0055254697799683
2983.53711511708,0.9945217279657198,1.0055254697799683
2983.5394298921924,1.028498538048614,1.0055254697799683
2983.541744667305,1.005741602062282,1.0055217742919922
2983.5440594424185,1.0156112772983954,1.0055217742919922
2983.546374217449,1.002132582163632,1.0055118799209595
2983.5486889923786,1.014366554503666,1.0054649114608765
2983.5510037673116,0.9841433070154774,1.0054649114608765
2983.553318542242,1.0014044778966644,1.0054649114608765
2983.5556333171744,1.016283095731466,1.005435824394226
2983.557948092104,0.9966085726850195,1.005435824394226
2983.5602628670363,1.011406320234228,1.005391240119934
2983.5625776419665,1.0102924893049416,1.0053317546844482
2983.5648924168995,0.9984637898488229,1.0053027868270874
2983.5672071918293,0.9930247402761336,1.0053027868270874
2983.5695219667623,1.0077716462445383,1.0053027868270874
2983.571836741693,0.9963228192367425,1.0053027868270874
2983.5741515166233,1.0047961155792111,1.0052759647369385
2983.576466291556,1.0043766852218452,1.0052759647369385
2983.578781066486,1.004827260628316,1.0052601099014282
2983.581095841419,0.9847273120114203,1.0052601099014282
2983.583410616349,0.9953433839302157,1.0052601099014282
2983.585725391282,1.008240626141015,1.0052601099014282
2983.5880401661298,0.9857378389807695,1.0052392482757568
2983.5903549408804,1.002634431924453,1.0052392482757568
2983.5926697156274,1.0011762741507382,1.0052392482757568
2983.594984490379,0.9934364519046297,1.0052392482757568
2983.597299265127,1.0000424536149788,1.0052601099014282
2983.599614039878,1.0116723724088026,1.0052601099014282
2983.601928814627,0.9945719851440809,1.0052601099014282
2983.604243589375,1.0040537273028802,1.0052601099014282
2983.6065583641266,1.0074751566307152,1.0052601099014282
2983.608873138874,0.9877611445779203,1.0052601099014282
2983.611187913625,0.9915980521924574,1.0052759647369385
2983.6135026883735,0.9924532181585715,1.0052759647369385
2983.6158174631246,0.9977313182082347,1.0053027868270874
2983.6181322378716,0.9880217472920831,1.0052759647369385
2983.6204470126227,0.999448933103894,1.0052601099014282
2983.622761787372,0.9934988294608262,1.0052759647369385
2983.6250765621216,0.9886529743364563,1.0053027868270874
2983.62739133687,0.9860166164148702,1.0052759647369385
2983.6297061115365,1.0062759209028105,1.0052759647369385
2983.6320208861052,1.007698450325192,1.0052759647369385
2983.6343356606712,1.0095020202821552,1.0052601099014282
2983.6366504352404,0.9909582341282311,1.0052759647369385
2983.6389652098064,1.0164523174159552,1.0052601099014282
2983.641279984375,1.0023195808436776,1.0052392482757568
2983.6435947589407,0.9884535061171746,1.0052601099014282
2983.6459095335085,1.0029136001923902,1.0052759647369385
2983.6482243080754,0.9996179234912543,1.0052759647369385
2983.6505390826437,1.0138932419655644,1.0052601099014282
2983.6528538572093,0.9875367807803236,1.0052601099014282
2983.6551686317785,1.0025312603838599,1.0052392482757568
2983.657483406344,1.0038272289659829,1.0052601099014282
2983.659798180912,0.993270864854846,1.0052601099014282
2983.66211295548,1.0095364894021481,1.0052392482757568
2983.6644277300456,0.9914947516518713,1.0052392482757568
2983.666742504615,1.0058882774858324,1.0052343606948853
2983.6690572791804,0.9900317232546281,1.0052084922790527
2983.671372053666,1.0077985840162234,1.0052084922790527
2983.67368682805,1.0013263892397384,1.0051624774932861
2983.6760016024364,1.0041118909681783,1.0051592588424683
2983.6783163768187,0.9998892291475353,1.005151391029358
2983.6806311512046,1.0066304775682502,1.005151391029358
2983.6829459255882,1.0030869043998942,1.0051426887512207
2983.6852606999737,1.0147964826880003,1.0051329135894775
2983.6875754743583,1.0014596166404124,1.0051329135894775
2983.689890248742,1.008980034970853,1.0051242113113403
2983.6922050231274,0.9881817706333785,1.0051242113113403
2983.694519797512,1.000432773309569,1.0051329135894775
2983.696834571898,1.002891624394109,1.0051242113113403
2983.6991493462815,1.0017299222104292,1.0051242113113403
2983.701464120668,1.0076578857792795,1.0051214694976807
2983.7037788950497,0.9984892534542404,1.0051242113113403
2983.706093669436,1.0076672344122872,1.0051242113113403
2983.7084084438197,0.9936698028955462,1.0051214694976807
2983.7107232182057,1.0014927320340816,1.0051155090332031
2983.713037992506,1.0060056794036756,1.0051153898239136
2983.715352766708,1.004461114601412,1.0050894021987915
2983.71766754091,1.0049419473894028,1.0050400495529175
2983.7199823151113,1.0137245345596495,1.0050400495529175
2983.722297089314,0.996234204064175,1.0050400495529175
2983.724611863515,0.9940156949084954,1.0050400495529175
2983.7269266377184,0.9939078796973326,1.0050894021987915
2983.729241411919,0.9951754776635302,1.0050894021987915
2983.731556186121,0.9938275177926118,1.0050400495529175
2983.7338709603227,0.98275377193408,1.0050400495529175
2983.736185734525,0.999448919812851,1.0050195455551147
2983.738500508725,1.0019052562322328,1.0050400495529175
2983.7408152829266,1.0018391896368675,1.0050400495529175
2983.743130057129,0.9977571297333618,1.0050195455551147
2983.7454448313315,1.0181354724955118,1.0050195455551147
2983.7477596055323,1.0029349823828702,1.0050195455551147
2983.7500743797336,0.9958805391950742,1.0050195455551147
2983.7523891539354,0.9999831568259632,1.0050195455551147
2983.754703928055,1.0041392204302126,1.0050026178359985
2983.7570187020747,1.0017360118487701,1.0049631595611572
2983.759333476092,1.0017840751835854,1.004950761795044
2983.7616482501107,1.009345428547738,1.004947543144226
2983.763963024128,1.001643869220702,1.004947543144226
2983.7662777981477,0.9934354093821012,1.00492525100708
2983.768592572165,0.9928652384371155,1.0048918724060059
2983.7709073461842,0.9994742363971717,1.0048918724060059
2983.773222120202,0.998286605710389,1.0048011541366577
2983.77553689422,1.0052243433948076,1.0047696828842163
2983.777851668239,1.0101212230797962,1.004746913909912
2983.7801664422573,0.9991413434978393,1.0047296285629272
2983.782481216276,1.0098281672454223,1.004746913909912
2983.784795990294,1.0011381914916715,1.0047296285629272
2983.787110764314,1.0075098332602264,1.0047296285629272
2983.789425538331,0.9959448442820441,1.0047296285629272
2983.79174031235,1.003980763341715,1.0047296285629272
2983.794055086367,1.0024103367198278,1.0047296285629272
2983.796369860303,0.9958111278418155,1.0047296285629272
2983.7986846341373,1.0121349022779311,1.0047061443328857
2983.8009994079725,1.0058475729872858,1.0047296285629272
2983.8033141818073,0.9947186474156272,1.004746913909912
2983.8056289556416,1.0065092802596167,1.004746913909912
2983.8079437294764,1.0046767532604208,1.0047296285629272
2983.8102585033107,0.9932227198441022,1.0047061443328857
2983.8125732771455,0.9904385764454705,1.0047061443328857
2983.8148880509807,1.0053346571300465,1.0047296285629272
2983.817202824817,0.9928905566459574,1.0047061443328857
2983.8195175986502,0.9895037853197036,1.0047061443328857
2983.8218323724855,0.9986229338817235,1.004703402519226
2983.824147146319,1.0093086378093437,1.0047061443328857
2983.826461920154,1.0038031173388595,1.0047061443328857
2983.8287766939884,1.003369329643765,1.0047061443328857
2983.8310914678227,0.9964454562993306,1.0047061443328857
2983.833406241658,1.0021270547073202,1.0047061443328857
2983.8357210154923,1.0049458441691268,1.0047061443328857
2983.8380357892443,1.0016531675190372,1.004703402519226
2983.840350562895,0.9959403483338936,1.004703402519226
2983.8426653365445,1.0085183041558903,1.0047061443328857
2983.844980110196,1.0089658798231576,1.004703402519226
2983.847294883846,1.004950603715231,1.004703402519226
2983.8496096574977,1.0066506384681748,1.004703402519226
2983.851924431148,1.0025705787913546,1.004703402519226
2983.8542392047975,1.011676348408881,1.004703402519226
2983.856553978449,0.994459225091222,1.004703402519226
2983.858868752099,1.0020262069706882,1.004703402519226
2983.8611835257507,1.0048189997733714,1.0046827793121338
2983.863498299401,0.9999261972742114,1.0046807527542114
2983.8658130730514,1.0041221551392623,1.0046807527542114
2983.868127846701,0.9863956002883306,1.004675030708313
2983.870442620352,0.9964980505039214,1.0046131610870361
2983.8727573940027,1.0105217491805805,1.0046131610870361
2983.875072167654,1.0012304050665777,1.0046131610870361
2983.877386941303,0.9948499167934788,1.004675030708313
2983.879701714871,0.9863102751935198,1.0046131610870361
2983.8820164883373,1.0090149207612304,1.0046066045761108
2983.8843312618033,0.9893767255775341,1.0046066045761108
2983.88664603527,1.0079249525293137,1.0046131610870361
2983.8889608087356,0.9964886762151511,1.0046131610870361
2983.891275582201,1.004898038518136,1.0046066045761108
2983.893590355668,0.9998059878210189,1.0046131610870361
2983.8959051291336,0.9927440947100824,1.004675030708313
2983.8982199026004,0.9847508105590707,1.004675030708313
2983.9005346760664,1.0051849309850622,1.0046131610870361
2983.9028494495315,0.9976787605343016,1.004675030708313
2983.9051642229974,0.9993368395760472,1.004675030708313
2983.9074789964634,0.996612886480201,1.004675030708313
2983.909793769931,0.9916023888826991,1.0046807527542114
2983.9121085433967,1.0043197138827318,1.0046807527542114
2983.914423316862,1.0016855939031002,1.0046827793121338
2983.916738090328,0.9977576785981469,1.0046807527542114
2983.9190528637946,0.9980924012499951,1.0046807527542114
2983.921367637177,1.0066563517084348,1.0046827793121338
2983.9236824104587,1.0025754434915828,1.004703402519226
2983.9259971837396,0.9937686156356449,1.004703402519226
2983.92831195702,1.0037228772563476,1.0046827793121338
2983.930626730302,1.0064309097532123,1.0046827793121338
2983.932941503582,1.0104135198727084,1.0046827793121338
2983.9352562768645,0.9898498114530202,1.0046807527542114
2983.937571050143,1.0105510607480677,1.0046807527542114
2983.939885823426,1.0057171008628156,1.0046807527542114
2983.942200596707,1.0053917518690658,1.0046807527542114
2983.944515369989,0.997724930121752,1.0046807527542114
2983.9468301432707,1.0107318892916397,1.0046807527542114
2983.9491449165516,1.0024733546318296,1.004675030708313
2983.951459689832,1.006540002907037,1.004675030708313
2983.953774463113,1.006700955204427,1.0046131610870361
2983.9560892363947,1.0072340315958312,1.0046066045761108
2983.9584040096747,0.995343909115688,1.0046054124832153
2983.9607187829574,1.0097502848203819,1.0046054124832153
2983.9630335561533,1.0001635173362196,1.0046054124832153
2983.9653483292495,0.9922676947295087,1.0046054124832153
2983.9676631023453,0.9875272939269211,1.0046054124832153
2983.9699778754416,1.0034013762853207,1.004597783088684
2983.972292648536,0.993398916386828,1.004597783088684
2983.974607421633,1.0049328499923522,1.004597783088684
2983.976922194729,0.9904951563257779,1.004597783088684
2983.9792369678253,1.0072990041623666,1.004597783088684
2983.981551740921,0.999797547043908,1.0045348405838013
2983.9838665140173,0.9920965501052247,1.0044881105422974
2983.9861812871127,1.0075942378686051,1.0044881105422974
2983.988496060207,0.9978754306723824,1.0045348405838013
2983.990810833304,0.9952054631136933,1.0044881105422974
2983.993125606399,1.003528256971037,1.0044881105422974
2983.995440379496,1.000972436516,1.0044881105422974
2983.99775515259,1.0090968030051777,1.0044881105422974
2984.0000699256875,1.0078037021657422,1.0044881105422974
2984.002384698782,1.0034823646470028,1.004477858543396
2984.0046994717954,1.0020525585536981,1.0044656991958618
2984.0070142447053,1.004884840131264,1.0044656991958618
2984.009329017616,1.00917325904909,1.004459023475647
2984.0116437905253,0.996035399187925,1.0044656991958618
2984.0139585634342,0.9965402609449318,1.0044656991958618
2984.016273336346,0.9846014280982429,1.004477858543396
2984.018588109255,1.0205924019848402,1.0044656991958618
2984.0209028821664,0.9926746680075683,1.004477858543396
2984.023217655074,1.0016963814287652,1.004477858543396
2984.0255324279856,0.9991680766442325,1.0044881105422974
2984.0278472008945,0.9963166326400915,1.0044881105422974
2984.030161973806,0.9847820331138725,1.0044881105422974
2984.0324767467146,1.0052364235190574,1.004477858543396
2984.034791519626,1.0013751064084564,1.0044881105422974
2984.037106292536,0.9840924780662533,1.004477858543396
2984.039421065445,1.0065582183103414,1.0044656991958618
2984.0417358383565,0.9910496223090507,1.0044656991958618
2984.044050611265,0.9982313437503226,1.004477858543396
2984.0463653840925,0.9924404250665405,1.0044656991958618
2984.048680156815,0.997603271466208,1.0044656991958618
2984.0509949295397,0.99855402887029,1.004477858543396
2984.053309702263,1.003781195515733,1.004477858543396
2984.055624474988,0.9975817011071815,1.004477858543396
2984.05793924771,0.9870829361126773,1.0044881105422974
2984.0602540204354,0.9960521807592084,1.004477858543396
2984.062568793158,0.9983319825814121,1.004477858543396
2984.0648835658817,1.0006209301158109,1.0044656991958618
2984.067198338607,1.00721214127252,1.0044656991958618
2984.0695131113293,0.9920018518841592,1.004459023475647
2984.0718278840545,1.001525276545384,1.004459023475647
2984.0741426567774,0.9999686686638811,1.0044656991958618
2984.076457429503,0.9968698712618104,1.004477858543396
2984.078772202225,1.0033630154227315,1.0044656991958618
2984.08108697495,0.9940798016251706,1.0044656991958618
2984.0834017476723,0.9967254975751877,1.004459023475647
2984.085716520398,1.0210020829404554,1.0044656991958618
2984.0880312930362,1.0087158659736224,1.004459023475647
2984.090346065574,1.0101159473783217,1.0044342279434204
2984.0926608381105,1.0029825142535815,1.004430890083313
2984.0949756106475,0.996825347845102,1.0044342279434204
2984.097290383186,1.0014330621137186,1.004459023475647
2984.099605155722,0.9864111887793194,1.004459023475647
2984.101919928261,1.0045935129698946,1.004459023475647
2984.1042347007965,0.9974959069192795,1.0044342279434204
2984.1065494733352,1.0253094791095148,1.004459023475647
2984.1088642458717,0.9969765500151024,1.0044342279434204
2984.1111790184095,1.0078248903220524,1.0044342279434204
2984.113493790945,1.0054116077365922,1.004430890083313
2984.1158085634843,0.9987632001179239,1.004430890083313
2984.11812333602,1.0029187812589866,1.004430890083313
2984.1204381085577,0.9942133392106101,1.0044182538986206
2984.1227528810946,0.9998051185228316,1.0044138431549072
2984.125067653631,1.0000593424547433,1.0044182538986206
2984.127382426169,1.0047820523730395,1.0044182538986206
2984.129697198621,1.0058828995830296,1.004430890083313
2984.132011970973,1.0018889652550738,1.004430890083313
2984.134326743322,0.9939696362721206,1.004430890083313
2984.1366415156735,1.0099233639670953,1.0044182538986206
2984.1389562880213,0.9969373359106948,1.0044182538986206
2984.141271060373,1.0040727913539467,1.0044182538986206
2984.143585832722,1.0046169819386885,1.0044138431549072
2984.1459006050727,1.00604144447765,1.0044138431549072
2984.1482153774227,1.0038350370293352,1.0043635368347168
2984.150530149772,1.0051853888068336,1.0043635368347168
2984.1528449221228,1.0019926096956027,1.0044138431549072
2984.155159694473,1.0062136121915983,1.0043635368347168
2984.1574744668233,0.991215387774432,1.0043537616729736
2984.1597892391733,1.0025196050387353,1.0043537616729736
2984.162104011525,0.9963344185787044,1.0043537616729736
2984.1644187838733,1.0033351441872125,1.0043529272079468
2984.1667335562242,1.0078238909982287,1.0043339729309082
2984.1690483285743,0.9960498347530031,1.0043339729309082
2984.1713631008392,0.9886115609232056,1.0043529272079468
2984.173677873001,0.9903669062160873,1.0043529272079468
2984.175992645163,1.006937578411253,1.0043537616729736
2984.178307417327,0.9945134971211127,1.0043537616729736
2984.18062218949,0.9998118723390619,1.0043537616729736
2984.182936961652,0.9936614627904852,1.0043537616729736
2984.185251733814,0.9998762036906256,1.0043537616729736
2984.187566505976,0.9949363986074993,1.0043537616729736
2984.1898812781396,0.9991623868118356,1.0043537616729736
2984.1921960503028,0.9922890961082047,1.0043635368347168
2984.194510822465,0.9941987748340362,1.0044138431549072
2984.196825594627,0.9848703373538419,1.0044138431549072
2984.1991403667894,0.9955561801046663,1.0044138431549072
2984.2014551389525,0.9915612655656743,1.0044182538986206
2984.2037699111147,0.9953610019139213,1.0044138431549072
2984.206084683278,1.0039736894545253,1.0044182538986206
2984.20839945544,0.9785735165780862,1.0044182538986206
2984.2107142276022,0.9978609418763206,1.0044182538986206
2984.2130289996794,0.9954330046829505,1.0044182538986206
2984.2153437716547,0.9995993179860412,1.0044138431549072
2984.2176585436296,0.9960359454456458,1.0043635368347168
2984.219973315604,0.9987785470561453,1.0043635368347168
2984.222288087578,1.008551476212112,1.0043635368347168
2984.224602859552,0.9953120467473103,1.0043635368347168
2984.226917631527,0.996950615229667,1.0044138431549072
2984.2292324035016,0.9954606582668609,1.0044182538986206
2984.231547175477,0.9927737506009907,1.0044182538986206
2984.2338619474504,0.9818490216878635,1.0044138431549072
2984.2361767194247,0.9889858140052131,1.0044138431549072
2984.2384914914,1.0030100866744025,1.0044182538986206
2984.2408062633745,1.0009138778161977,1.0044138431549072
2984.2431210353493,0.9977374996350423,1.0044138431549072
2984.2454358073232,1.006109045089904,1.0043635368347168
2984.2477505792967,1.0083121943993814,1.0043635368347168
2984.2500653512725,1.0011666288828778,1.0043537616729736
2984.252380123246,1.000364501213738,1.0043635368347168
2984.254694895137,0.999607721186498,1.0043537616729736
2984.2570096669224,1.0036296175845358,1.0043537616729736
2984.259324438708,1.005220572264167,1.0043537616729736
2984.2616392104937,0.9968826593773628,1.0043537616729736
2984.2639539822803,1.0068722306334843,1.0043635368347168
2984.266268754066,0.9988483375848584,1.0043635368347168
2984.268583525853,1.000698582444953,1.0044138431549072
2984.2708982976383,0.9937022356232698,1.0043635368347168
2984.273213069423,0.9959806352647269,1.0043635368347168
2984.2755278412105,0.9984003807656381,1.0043537616729736
2984.277842612995,1.0138941476273957,1.0043537616729736
2984.280157384783,1.0057610980483387,1.0043537616729736
2984.2824721565667,1.003920295591878,1.0043537616729736
2984.284786928354,1.0022591955037332,1.0043529272079468
2984.2871017001407,0.9995582260342074,1.0043529272079468
2984.2894164719264,0.9951990018424657,1.0043529272079468
2984.291731243713,1.0026297694987332,1.0043469667434692
2984.2940460154987,1.0087894787380478,1.0043469667434692
2984.296360787199,0.998523226307794,1.0043529272079468
2984.2986755587945,0.9949169881555439,1.0043529272079468
2984.3009903303932,0.9961858123614338,1.0043529272079468
2984.3033051019884,1.0054934463919252,1.0043537616729736
2984.305619873587,0.9947452399211264,1.0043529272079468
2984.307934645183,1.009176364546844,1.0043529272079468
2984.3102494167815,1.003094432964239,1.0043537616729736
2984.3125641883776,0.9919417793663071,1.0043529272079468
2984.314878959975,1.0008028369437456,1.0043529272079468
2984.3171937315724,0.9929459783554495,1.0043529272079468
2984.319508503169,0.9981556352352363,1.0043529272079468
2984.321823274766,0.9914216682652586,1.0043529272079468
2984.3241380463623,1.0050197445024587,1.0043537616729736
2984.32645281796,1.0121212372984156,1.0043537616729736
2984.3287675895554,0.9870515243516326,1.0043529272079468
2984.331082361154,1.004416790116892,1.0043529272079468
2984.33339713275,0.9983155156062874,1.0043537616729736
2984.3357119043485,0.9973165970395922,1.0043529272079468
2984.338026675858,0.996209554036555,1.0043537616729736
2984.3403414472677,0.9978330304695595,1.0043537616729736
2984.342656218673,0.9934360008750021,1.0043529272079468
2984.344970990082,1.0021579506910463,1.0043529272079468
2984.3472857614897,1.0161421975679168,1.0043529272079468
2984.3496005328957,1.0028782962575147,1.0043529272079468
2984.351915304304,0.9989687984377201,1.0043529272079468
2984.3542300757103,0.9987610789841227,1.0043469667434692
2984.3565448471195,1.0022075773111996,1.0043469667434692
2984.358859618526,1.0062323495594638,1.0043469667434692
2984.3611743899346,1.0028979352315333,1.0043339729309082
2984.3634891613406,1.0075117234922308,1.0043339729309082
2984.3658039327497,0.9960582620887164,1.0043339729309082
2984.368118704156,0.9900367526792992,1.0043339729309082
2984.3704334755653,0.9897201678397112,1.0043314695358276
2984.3727482469703,0.9950598478826503,1.0043314695358276
2984.375063018378,1.0017349672276714,1.0043314695358276
2984.3773777897873,0.9967667437037853,1.0043314695358276
2984.3796925611077,1.005830781288372,1.0043314695358276
2984.382007332326,1.0012800054694595,1.0043339729309082
2984.3843221035418,0.9985008838019961,1.0043339729309082
2984.3866368747613,0.9914445331754533,1.0043339729309082
2984.388951645977,1.0026916502580492,1.0043314695358276
2984.391266417196,1.0079929324150918,1.0043314695358276
2984.3935811884126,0.9969444379821683,1.0043339729309082
2984.3958959596316,1.01164387699715,1.0043314695358276
2984.3982107308475,0.9935042290493835,1.0043314695358276
2984.4005255020647,0.9848836742803886,1.0043339729309082
2984.402840273283,1.0120134637964031,1.0043339729309082
2984.4051550445,1.007202303920632,1.0043314695358276
2984.4074698157174,0.9956989619989121,1.0043314695358276
2984.409784586934,0.9887946702205493,1.0043339729309082
2984.4120993581532,1.0018245820772913,1.0043314695358276
2984.4144141293696,1.0042726698566389,1.0043314695358276
2984.4167289005886,0.9984017915508379,1.0042706727981567
2984.419043671805,1.0017429066146053,1.0042706727981567
2984.4213584429376,0.9985150335933587,1.0042706727981567
2984.423673213963,1.004379020724532,1.0043314695358276
2984.4259879849897,1.012750531697504,1.0042706727981567
2984.4283027560173,1.0062370963125946,1.0042706727981567
2984.430617527044,1.0167204131126688,1.0042706727981567
2984.43293229807,1.01072511348835,1.0042706727981567
2984.435247069098,0.9897947434563252,1.0042706727981567
2984.4375618401245,0.9987577692836288,1.004262089729309
2984.439876611152,1.0044752355697957,1.004262089729309
2984.4421913821798,1.0024947886255111,1.004262089729309
2984.444506153205,0.999604008958229,1.0042706727981567
2984.446820924234,1.001613877159448,1.0042706727981567
2984.4491356952594,1.0081476802810325,1.004262089729309
2984.451450466287,0.9925252433883933,1.0042294263839722
2984.4537652373137,0.993516508079748,1.0042294263839722
2984.45608000834,0.9908401503705132,1.0042181015014648
2984.4583947793667,0.9994307924319017,1.0042181015014648
2984.4607095503943,0.9981438938130625,1.0042294263839722
2984.4630243213346,0.9869507520518247,1.0042294263839722
2984.4653390921712,1.002465220764692,1.0042181015014648
2984.467653863007,1.0051512394598665,1.0042181015014648
2984.4699686338417,1.00037808677881,1.0042181015014648
2984.4722834046793,1.011815879869237,1.0042294263839722
2984.474598175514,1.0103228990868685,1.0042294263839722
2984.4769129463507,0.9915501603029595,1.004262089729309
2984.4792277171864,0.9870168116952203,1.0042706727981567
2984.4815424880217,0.9907199489670493,1.004262089729309
2984.483857258858,0.991715870200719,1.004262089729309
2984.4861720296935,0.9869535505422904,1.004262089729309
2984.48848680053,1.0001229806862155,1.0042294263839722
2984.490801571366,1.0015497911354938,1.004262089729309
2984.493116342201,0.9943943522838112,1.004262089729309
2984.495431113037,1.0049176009827605,1.0042706727981567
2984.497745883873,0.9916803896475882,1.0042706727981567
2984.5000606547087,1.0009404217927647,1.0043314695358276
2984.5023754255453,1.0040739741503295,1.0043314695358276
2984.5046901962937,0.9955508578440828,1.0042706727981567
2984.507004966938,0.985418187787831,1.0042706727981567
2984.5093197375827,0.9918987582467917,1.0043314695358276
2984.511634508227,0.9877233111214585,1.0043469667434692
2984.5139492788717,0.9976072752884438,1.0043529272079468
2984.5162640495155,0.9941739129505883,1.0043529272079468
2984.5185788201593,0.9916786378074243,1.0043529272079468
2984.5208935908045,1.0046367550761874,1.0043469667434692
2984.5232083614483,0.9969723884149821,1.0043529272079468
2984.5255231320934,1.0088844993717005,1.0043529272079468
2984.527837902735,0.9961049595653355,1.0043469667434692
2984.530152673381,0.9925453313856664,1.0043529272079468
2984.532467444024,1.0011637812290692,1.0043529272079468
2984.53478221467,0.999565347591958,1.0043529272079468
2984.537096985314,1.0027435801234,1.0043529272079468
2984.539411755959,0.998160384468845,1.0043537616729736
2984.5417265266024,0.9913746731504439,1.0043537616729736
2984.5440412972466,1.0199222017292804,1.0043529272079468
2984.5463560678045,0.9946677613357178,1.0043469667434692
2984.5486708382564,0.9951275793099953,1.0043469667434692
2984.550985608709,1.0052039521216938,1.0043314695358276
2984.553300379159,1.0061884098206955,1.0043314695358276
2984.5556151496125,0.9983342320535581,1.0043314695358276
2984.5579299200645,1.0014543412001733,1.0042706727981567
2984.5602446905173,0.9978370057664415,1.0042706727981567
2984.562559460968,1.000876972966608,1.0042706727981567
2984.5648742314215,0.9974731830616969,1.0042706727981567
2984.5671890018734,0.9992936450727322,1.0043314695358276
2984.5695037723262,1.0045357470493135,1.0043469667434692
2984.571818542778,1.0077937619281223,1.0043314695358276
2984.5741333132287,0.9964970036461405,1.0043469667434692
2984.576448083682,0.9992427365317784,1.0043469667434692
2984.578762854133,0.9877288190555117,1.0043314695358276
2984.5810776245867,0.9996437742456971,1.0042706727981567
2984.5833923950377,1.0085404732115102,1.0043314695358276
2984.5857071654905,1.007522899561457,1.0043314695358276
2984.588021935854,0.9979329237004927,1.0043314695358276
2984.590336706115,1.0043987241219317,1.0043314695358276
2984.5926514763732,1.0087808876870408,1.0042706727981567
2984.594966246634,1.0042748277539866,1.0042706727981567
2984.5972810168932,1.004519318409632,1.0043314695358276
2984.5995957871514,1.0059809366398902,1.0042706727981567
2984.6019105574123,0.9929524031555628,1.004262089729309
2984.6042253276705,0.9924728415603272,1.004262089729309
2984.6065400979314,1.0023699126853658,1.004262089729309
2984.608854868189,1.0004437276110751,1.0042294263839722
2984.6111696384505,1.0022101379558639,1.004262089729309
2984.613484408708,1.009698575559922,1.0042706727981567
2984.6157991789687,1.0092535604473323,1.0042706727981567
2984.618113949227,0.998152635316822,1.0042706727981567
2984.620428719488,0.9935475776233249,1.0042706727981567
2984.6227434897455,1.0230618084861274,1.004262089729309
2984.6250582600046,1.00739634346905,1.0042706727981567
2984.627373030266,1.0002024939515912,1.0043314695358276
2984.629687800437,1.0047040080864642,1.0043314695358276
2984.6320025705045,1.0032809329719876,1.0042706727981567
2984.634317340569,0.986812174834388,1.004262089729309
2984.6366321106366,1.0088961049983494,1.004262089729309
2984.6389468807015,0.9859778088806973,1.004262089729309
2984.641261650769,0.998052433887864,1.004262089729309
2984.643576420833,1.0081201677997864,1.0042294263839722
2984.6458911909012,1.0076073425628365,1.004262089729309
2984.6482059609657,1.0017974648172556,1.0042294263839722
2984.6505207310324,1.000183640078741,1.0042294263839722
2984.6528355010983,1.0068515436747032,1.0042294263839722
2984.6551502711636,0.9952538239992327,1.004262089729309
2984.6574650412317,1.0021998107630952,1.004262089729309
2984.6597798112966,1.0020125623109069,1.0042294263839722
2984.6620945813643,1.0006825443496545,1.004262089729309
2984.664409351429,0.9955270791458248,1.004262089729309
2984.666724121497,0.9916076251066392,1.0042706727981567
2984.6690388915613,1.0008671280824741,1.004262089729309
2984.6713536615407,0.9933061963932766,1.0042706727981567
2984.6736684314124,0.9987532585557528,1.004262089729309
2984.6759832012845,0.9874990518568708,1.004262089729309
2984.6782979711566,0.9921651030861569,1.004262089729309
2984.680612741028,0.9963876204032556,1.0042294263839722
2984.682927510901,0.9953180682963032,1.0042294263839722
2984.6852422807733,1.0002575946805867,1.0042294263839722
2984.6875570506463,0.9977608003426404,1.0042181015014648
2984.689871820518,0.9992553016574376,1.0041648149490356
2984.692186590392,1.00052282497864,1.0041557550430298
2984.6945013602626,1.0021345125149745,1.0041557550430298
2984.6968161301347,0.9931680166449238,1.0041557550430298
2984.6991309000077,1.0010287981569483,1.0041500329971313
2984.70144566988,0.9928535567674939,1.0041500329971313
2984.703760439751,1.007887452899787,1.0040996074676514
2984.706075209624,1.0025194117343967,1.0040996074676514
2984.708389979496,0.9976456126429093,1.0040996074676514
2984.710704749369,0.9923227747966058,1.0041500329971313
2984.7130195191535,0.9951752975424119,1.0041500329971313
2984.7153342888305,0.9971408042599559,1.0040996074676514
2984.717649058508,0.9954773822812257,1.0040996074676514
2984.7199638281863,0.9973497559894945,1.0040996074676514
2984.722278597865,1.008748072835824,1.0040996074676514
2984.7245933675426,1.0073546259894637,1.0040996074676514
2984.7269081372197,1.0017645736114387,1.0040996074676514
2984.729222906897,1.0043304258447963,1.0041500329971313
2984.731537676576,0.9932466274688159,1.0041500329971313
2984.7338524462534,1.007330352851064,1.0041557550430298
2984.736167215932,0.9987448277417643,1.0041648149490356
2984.7384819856093,1.0021045960993031,1.0041557550430298
2984.7407967552867,1.0072760224141712,1.0041500329971313
2984.743111524965,0.9985824524711985,1.0040996074676514
2984.7454262946426,0.9895672538447712,1.0040996074676514
2984.7477410643187,1.0040905301982022,1.0040842294692993
2984.750055833999,1.003151182809563,1.0040842294692993
2984.752370603676,0.9959873530028782,1.0040842294692993
2984.754685373266,0.9969557878675307,1.0040842294692993
2984.757000142749,0.9938491003182038,1.004050850868225
2984.759314912232,0.9854769121466096,1.004050850868225
2984.7616296817146,0.9975824248627692,1.00403892993927
2984.763944451197,1.0055843349869618,1.00403892993927
2984.7662592206793,1.0006617996176665,1.00403892993927
2984.7685739901626,0.9913047675099368,1.00403892993927
2984.7708887596455,1.0027741205717218,1.00403892993927
2984.7732035291265,0.9941793334488178,1.00403892993927
2984.7755182986107,0.99446648134536,1.00403892993927
2984.7778330680926,0.9960351906659747,1.0040220022201538
2984.780147837577,0.9924190775397578,1.004011631011963
2984.7824626070596,1.0145453833056686,1.004011631011963
2984.784777376543,0.9949731414069719,1.0040113925933838
2984.787092146025,1.0097624651251482,1.0040113925933838
2984.7894069155077,1.0013118843974451,1.0040087699890137
2984.791721684991,1.0043100193345331,1.0040087699890137
2984.7940364544725,0.9974078142669002,1.0040087699890137
2984.7963512238684,1.007520145919517,1.0040017366409302
2984.798665993153,0.9843735770454599,1.0040017366409302
2984.8009807624417,1.0103984991053976,1.0040017366409302
2984.8032955317276,1.002548616244104,1.0039597749710083
2984.8056103010167,1.0004554641869912,1.0040017366409302
2984.807925070302,0.9956283228397645,1.0039597749710083
2984.8102398395913,0.985003784809112,1.0039597749710083
2984.812554608877,1.0065766843893211,1.0040017366409302
2984.8148693781645,1.0075410431293477,1.0040017366409302
2984.8171841474523,0.9830070063832664,1.0040017366409302
2984.8194989167378,1.001989865565637,1.0040017366409302
2984.821813686027,0.9986962990685188,1.0040017366409302
2984.8241284553114,1.0073682849458043,1.0040017366409302
2984.8264432246,1.002418359441095,1.0039597749710083
2984.828757993887,0.9981447399685162,1.0039163827896118
2984.831072763175,0.9994207635946001,1.0039129257202148
2984.8333875324606,0.9986023802758215,1.0039163827896118
2984.8357023017493,1.0029215933822182,1.0039129257202148
2984.8380170709465,0.9938947944645915,1.0039114952087402
2984.8403318400387,1.0009315531109955,1.0039114952087402
2984.8426466091287,1.0013046474756313,1.0039129257202148
2984.8449613782186,0.9979552142037803,1.0039114952087402
2984.8472761473113,0.9960265608412833,1.0039114952087402
2984.8495909164008,1.0010318924836903,1.0039114952087402
2984.8519056854934,1.001202766279321,1.0039114952087402
2984.854220454583,1.0144933129297606,1.0039092302322388
2984.8565352236747,1.0052575097994954,1.0038729906082153
2984.8588499927637,0.9875959747287082,1.0038729906082153
2984.8611647618563,0.9946739718115111,1.0038729906082153
2984.863479530946,0.9948077581463993,1.0038529634475708
2984.8657943000376,1.0010704282152243,1.0038529634475708
2984.8681090691275,0.9911068006867176,1.0038529634475708
2984.8704238382184,0.9937595958830671,1.0038529634475708
2984.8727386073097,1.0103074456926455,1.0038729906082153
2984.8750533764005,0.9933682036912768,1.0038729906082153
2984.8773681454927,1.0101032795787732,1.0038529634475708
2984.879682914493,0.9975577516447414,1.0038529634475708
2984.881997683389,0.9904527284271871,1.0038729906082153
2984.8843124522805,1.0037166920656855,1.0038529634475708
2984.886627221176,1.0055929767820035,1.0038729906082153
2984.888941990069,0.9983604273884982,1.0038729906082153
2984.891256758963,0.9973958262207406,1.0038729906082153
2984.8935715278567,1.0053774351974705,1.0038529634475708
2984.89588629675,1.0054162085566285,1.0037977695465088
2984.898201065645,0.9982440179699889,1.0038529634475708
2984.9005158345385,0.9959616688372506,1.0038529634475708
2984.9028306034334,1.0029479366106342,1.0037977695465088
2984.9051453723264,1.0035808400712083,1.0038529634475708
2984.907460141222,1.0016454241568835,1.0038529634475708
2984.9097749101147,1.003662778774171,1.0038529634475708
2984.9120896790105,0.9971551832345339,1.0038529634475708
2984.9144044479017,1.0070347345286963,1.0038529634475708
2984.9167192167965,0.9919415980065711,1.0037977695465088
2984.91903398569,0.9908440030785202,1.0038529634475708
2984.9213487544953,1.0016887685432332,1.0038529634475708
2984.923663523192,1.004816926968509,1.0038529634475708
2984.9259782918875,0.996158348005918,1.0037977695465088
2984.9282930605846,0.9940978325902629,1.0037977695465088
2984.9306078292807,1.0149145104805615,1.0037328004837036
2984.9329225979777,1.0099636322434884,1.0037208795547485
2984.935237366674,1.0003324473613133,1.0036680698394775
2984.9375521353686,1.004140448379916,1.0036680698394775
2984.9398669040665,1.012537268192496,1.0036680698394775
2984.9421816727627,1.01414427526594,1.0036680698394775
2984.9444964414597,0.9999456008357992,1.0036524534225464
2984.9468112101563,1.0085995663812695,1.0036680698394775
2984.9491259788524,0.9998428625012441,1.0036680698394775
2984.951440747548,1.0043681374087254,1.0036680698394775
2984.953755516245,0.9945212698610277,1.0036680698394775
2984.9560702849412,0.996293728586601,1.0036680698394775
2984.9583850536383,0.9790904697296563,1.0036524534225464
2984.9606998223344,0.9957652388628104,1.0036524534225464
2984.9630145909396,0.9928630196976048,1.0036524534225464
2984.9653293594397,1.0123869747496421,1.0036524534225464
2984.9676441279366,0.9985479925001586,1.0036680698394775
2984.9699588964363,0.9953722828455974,1.0036680698394775
2984.972273664934,0.9959986949154677,1.0036680698394775
2984.974588433432,0.9975816503309389,1.0036680698394775
2984.976903201931,0.9927162132195433,1.0036524534225464
2984.9792179704286,0.9992493390442162,1.0036524534225464
2984.9815327389274,0.9971521036982506,1.0036464929580688
2984.9838475074234,0.9960972450883286,1.003644585609436
2984.986162275923,0.999605068474,1.003644585609436
2984.98847704442,1.0176116095608596,1.003622055053711
2984.9907918129197,0.9967123142532978,1.003622055053711
2984.993106581417,0.993476416179039,1.003622055053711
2984.995421349917,0.9966063633271062,1.003622055053711
2984.9977361184133,1.0035414319025346,1.0036123991012573
2985.0000508869125,0.9951006133691163,1.0036123991012573
2985.0023656554113,0.995639391069586,1.0036102533340454
2985.004680423819,0.9920740975928961,1.0035978555679321
2985.006995192119,1.0059780063247348,1.0035864114761353
2985.009309960417,0.9947894524720168,1.0035864114761353
2985.011624728717,1.0044578178584254,1.0035864114761353
2985.013939497016,1.0021102797563877,1.0035978555679321
2985.016254265316,1.0062462665354839,1.0035978555679321
2985.018569033614,1.0002541933287554,1.0035978555679321
2985.0208838019153,1.0059313756408435,1.0035978555679321
2985.023198570213,0.9940160184955433,1.0036102533340454
2985.025513338514,1.0106811086487617,1.0035978555679321
2985.027828106812,1.006923561096495,1.0035978555679321
2985.030142875113,0.9993641681869576,1.0036102533340454
2985.0324576434123,1.0007408337414432,1.0036102533340454
2985.03477241171,1.0193954261117602,1.0035978555679321
2985.03708718001,0.9988237025538946,1.0035978555679321
2985.039401948309,0.9999052131913305,1.0036102533340454
2985.0417167166092,1.002362780949942,1.0036102533340454
2985.044031484907,1.0165616785959863,1.0036102533340454
2985.046346253118,0.995303004801225,1.0036102533340454
2985.0486610212165,1.0043529475906154,1.0036102533340454
2985.0509757893183,1.0060591101466665,1.0036102533340454
2985.053290557417,0.995273903588037,1.0036102533340454
2985.055605325516,1.007541939820561,1.0035978555679321
2985.0579200936154,1.0026276613801839,1.0036102533340454
2985.0602348617163,1.0004102677157198,1.0036102533340454
2985.0625496298176,0.9825895162226198,1.0036102533340454
2985.064864397916,0.9955753684005724,1.0036102533340454
2985.0671791660175,0.9834475005847041,1.0035978555679321
2985.069493934115,0.9930318956800082,1.0035978555679321
2985.0718087022165,0.9987979268752311,1.0035978555679321
2985.074123470315,1.007013915342916,1.0035864114761353
2985.0764382384164,1.004022987618278,1.0035775899887085
2985.078753006515,0.9945678738995077,1.0035775899887085
2985.0810677746144,0.9957213885080202,1.0035775899887085
2985.083382542715,0.9948288430679664,1.0035775899887085
2985.0856973108143,1.0047092046807202,1.0035775899887085
2985.0880120788247,0.9880135922530762,1.0035775899887085
2985.0903268467237,0.9986100403529008,1.0035312175750732
2985.092641614623,0.9914769494299871,1.0035312175750732
2985.0949563825225,1.008372678141551,1.0035151243209839
2985.0972711504237,1.0039325999528397,1.0035151243209839
2985.099585918323,1.010541933774803,1.0035151243209839
2985.1019006862225,1.0076752476470707,1.0035312175750732
2985.1042154541215,0.9958300541868439,1.0035151243209839
2985.106530222021,1.0012969472204964,1.0035312175750732
2985.108844989921,0.9959355412358735,1.0035151243209839
2985.1111597578206,1.0065407909984385,1.0035151243209839
2985.113474525721,0.9943717670090442,1.0035151243209839
2985.11578929362,1.0029997364004803,1.0035125017166138
2985.1181040615193,1.0019017416456237,1.0035125017166138
2985.1204188294196,1.0000995479359542,1.0035103559494019
2985.122733597319,0.9950130404232331,1.0035103559494019
2985.1250483652193,1.0093551858195478,1.0034916400909424
2985.1273631331183,1.0030772527773562,1.0034916400909424
2985.1296779009267,1.0138848201771986,1.0034916400909424
2985.1319926686265,0.9950774469015299,1.003429889678955
2985.134307436325,0.9922281233159627,1.0034170150756836
2985.136622204024,0.9881507333967585,1.0034170150756836
2985.138936971722,1.0147709376624636,1.0034170150756836
2985.141251739421,1.005943018117984,1.0034170150756836
2985.1435665071203,0.9967505703640707,1.0033314228057861
2985.1458812748187,1.0036132364860963,1.0033314228057861
2985.1481960425162,0.9982615212829383,1.0033314228057861
2985.1505108102165,1.004429050828399,1.0033221244812012
2985.152825577914,1.0105339812054357,1.0033221244812012
2985.1551403456133,1.000950283582063,1.0033172369003296
2985.157455113313,0.9966318652213765,1.0032575130462646
2985.1597698810115,0.9993429130979402,1.0032575130462646
2985.162084648711,0.9912963102030263,1.0032482147216797
2985.1643994164087,1.0003190376730615,1.0032575130462646
2985.1667141841076,0.9892866911741466,1.0032575130462646
2985.169028951807,1.0077627278793744,1.0032482147216797
2985.1713437194144,1.0127137403881732,1.0032575130462646
2985.17365848691,0.9992957406747724,1.0032575130462646
2985.1759732544087,1.0031165214250453,1.0033172369003296
2985.178288021905,0.9925619932905084,1.0033172369003296
2985.1806027894036,1.000692098257754,1.0033172369003296
2985.182917556899,0.9913371278932231,1.0033172369003296
2985.185232324397,0.9917925463690981,1.0033172369003296
2985.187547091895,0.9849863960435051,1.0032575130462646
2985.189861859392,1.0068794503378948,1.0032575130462646
2985.1921766268897,1.006390437288851,1.0032482147216797
2985.1944913943858,1.0025202193838498,1.0032575130462646
2985.196806161883,1.0074869883722948,1.0032575130462646
2985.199120929379,0.9987944297091683,1.0032575130462646
2985.201435696878,1.004533543157539,1.0032575130462646
2985.203750464374,0.9946361493910426,1.0033172369003296
2985.206065231873,1.003561466818179,1.0033221244812012
2985.2083799993684,0.9921470696286664,1.0033221244812012
2985.210694766867,1.0029192740524657,1.0033221244812012
2985.213009534272,1.0005874192476756,1.0033221244812012
2985.215324301568,0.9946792458031128,1.0033221244812012
2985.2176390688605,0.997211065533841,1.0033221244812012
2985.219953836156,1.0052394364724566,1.0033314228057861
2985.222268603452,0.996969305965363,1.0033314228057861
2985.2245833707466,0.9972925974217002,1.0033314228057861
2985.226898138042,1.0087415823625678,1.0033314228057861
2985.2292129053353,1.0031585373301235,1.0033314228057861
2985.231527672632,1.0036659145623428,1.0034170150756836
2985.233842439926,0.9993588266182589,1.003429889678955
2985.2361572072223,1.0027788409885698,1.0034916400909424
2985.238471974516,1.0122875177223243,1.0035103559494019
2985.2407867418106,0.9958163546291485,1.0034916400909424
2985.2431015091056,1.0080075809899336,1.0034916400909424
2985.2454162764,0.9965076792329867,1.0034916400909424
2985.2477310436952,0.994293354939423,1.003429889678955
2985.2500458109907,0.988046899280432,1.0034170150756836
2985.252360578287,1.0143281917991616,1.0033314228057861
2985.2546753454876,1.0010214488819311,1.0033221244812012
2985.256990112581,0.9940892126348367,1.0033221244812012
2985.259304879672,0.9962053595827992,1.0033221244812012
2985.2616196467648,1.000349672990999,1.0033172369003296
2985.2639344138565,1.0040658544858958,1.0033172369003296
2985.2662491809474,1.0064306324471108,1.0033172369003296
2985.26856394804,1.0085580177355378,1.0033172369003296
2985.270878715132,0.9954213043971115,1.0032575130462646
2985.2731934822245,0.9937176488620182,1.0033172369003296
2985.275508249316,0.9842462396489725,1.0033172369003296
2985.277823016407,1.006201288995537,1.0033221244812012
2985.2801377835,0.9850663018249414,1.0033172369003296
2985.2824525505926,1.009840856641699,1.0032575130462646
2985.2847673176843,0.9885697307558494,1.0032482147216797
2985.2870820847756,1.0055403752155456,1.0032482147216797
2985.289396851867,1.0142068733115206,1.0032482147216797
2985.2917116189587,0.9954140562414107,1.0032575130462646
2985.2940263860514,1.0010013148867374,1.0032575130462646
2985.296341153051,1.01121787254915,1.0032482147216797
2985.29865591994,1.0000092682194182,1.0032482147216797
2985.300970686828,1.0025840508677906,1.0032482147216797
2985.3032854537155,1.0068305588878896,1.0032482147216797
2985.305600220604,0.9925984356196209,1.0032482147216797
2985.307914987491,0.9928806410185725,1.0032482147216797
2985.310229754381,1.0018897821177704,1.0032397508621216
2985.312544521269,0.9931757671884993,1.0032174587249756
2985.3148592881566,0.9928181387713684,1.0032397508621216
2985.317174055045,0.998449902193522,1.0032174587249756
2985.319488821933,0.9972485038531759,1.0032397508621216
2985.321803588822,0.9979241389840638,1.0032397508621216
2985.32411835571,1.0060570190364473,1.0032482147216797
2985.326433122598,0.9942313057637868,1.0032482147216797
2985.328747889486,1.0002510758057626,1.0032397508621216
2985.3310626563743,0.9986640693471942,1.0032482147216797
2985.3333774232615,1.0087585412412508,1.0032397508621216
2985.3356921901513,0.995890044719536,1.0032397508621216
2985.3380069569457,1.0067688895817608,1.0032482147216797
2985.34032172363,1.0004830168196794,1.0032482147216797
2985.3426364903144,0.9982478312366562,1.0032482147216797
2985.344951256998,0.9992182613390723,1.0032482147216797
2985.3472660236826,1.0008333079843572,1.0032482147216797
2985.3495807903655,0.9997258722745412,1.0032397508621216
2985.351895557049,0.9898524617727282,1.0032397508621216
2985.3542103237323,0.9974538322925313,1.0032397508621216
2985.356525090417,1.0068446988636688,1.0032482147216797
2985.358839857099,0.9908964523214412,1.0032397508621216
2985.3611546237844,0.9851557785911351,1.0032174587249756
2985.363469390467,0.9994966474055477,1.0032143592834473
2985.3657841571517,0.9973566859151107,1.0032143592834473
2985.368098923835,0.999597770711006,1.0032174587249756
2985.3704136905203,1.0009352870705088,1.0032174587249756
2985.3727284572014,0.9952794204285899,1.0032174587249756
2985.375043223886,0.998701577713194,1.0032174587249756
2985.3773579905705,0.9996109593025881,1.0032143592834473
2985.379672757161,0.9931825786767673,1.0032143592834473
2985.3819875236404,1.0034534788603793,1.0032143592834473
2985.3843022901174,1.0006388523473901,1.0031569004058838
2985.3866170565975,1.0068823604622479,1.0032143592834473
2985.388931823075,0.9971531346888839,1.0032143592834473
2985.391246589555,1.0024719650666645,1.0032143592834473
2985.393561356033,1.0060701756220491,1.0032143592834473
2985.395876122513,0.9940290452033445,1.0032143592834473
2985.398190888989,0.9995978652634732,1.0031569004058838
2985.4005056554684,1.0022264677909,1.0032143592834473
2985.4028204219467,1.0100466135872879,1.0032143592834473
2985.405135188426,0.9850944772381485,1.0032143592834473
2985.407449954906,1.0041593138041305,1.0031569004058838
2985.409764721382,1.0071941633913892,1.0032143592834473
2985.4120794878622,0.9941106795830397,1.0032143592834473
2985.4143942543396,0.9948084334213895,1.0031569004058838
2985.41670902082,0.9957165403811584,1.003137469291687
2985.4190237872967,0.992113037412553,1.0031569004058838
2985.4213385536823,1.0009591289383735,1.003137469291687
2985.4236533199555,1.00218215134954,1.0031569004058838
2985.425968086228,0.9931998350582109,1.0031569004058838
2985.428282852501,0.9961676583375817,1.0031569004058838
2985.4305976187734,1.0089123767799768,1.003137469291687
2985.4329123850457,0.9844462074562327,1.0031334161758423
2985.435227151319,0.9955781374760202,1.0031334161758423
2985.437541917592,1.0001060025362176,1.0031334161758423
2985.439856683864,1.000914568967187,1.0031334161758423
2985.442171450137,1.003224164585337,1.0031334161758423
2985.444486216409,1.0152418647941528,1.0031204223632812
2985.4468009826824,1.0030561687620265,1.0031204223632812
2985.449115748955,0.9986252604821214,1.0031086206436157
2985.4514305152275,0.9954696839617305,1.003077507019043
2985.4537452815002,1.0067454409238232,1.003077507019043
2985.4560600477726,0.9990377237942847,1.003077507019043
2985.4583748140453,1.0062436834654398,1.003077507019043
2985.4606895803186,1.0044508097048592,1.003077507019043
2985.4630043464977,0.9889739927533958,1.003077507019043
2985.4653191125644,0.999942481507032,1.0031086206436157
2985.4676338786294,1.0153459107836733,1.003077507019043
2985.4699486446953,1.0047575521430971,1.0030509233474731
2985.472263410762,1.0105234121079854,1.003027081489563
2985.474578176828,0.9959816976489544,1.003027081489563
2985.4768929428933,1.0019241737670344,1.003027081489563
2985.4792077089596,1.0027193959211558,1.003027081489563
2985.4815224750255,0.9997378241855643,1.0030509233474731
2985.4838372410923,1.0018867601632626,1.003077507019043
2985.486152007158,1.0039187471418127,1.003077507019043
2985.4884667732226,0.995336723834582,1.0031086206436157
2985.49078153929,1.0061269791015999,1.003077507019043
2985.493096305355,1.0097187876436937,1.003077507019043
2985.4954110714225,1.0143176764089854,1.003077507019043
2985.4977258374875,1.0021932576727772,1.003077507019043
2985.5000406035538,1.0117062017175926,1.0031086206436157
2985.50235536962,1.0026963224101852,1.003077507019043
2985.5046701355923,0.9888679269725076,1.0030509233474731
2985.5069849014517,0.9944148588796489,1.0030509233474731
2985.5092996673075,1.004803545814986,1.0030509233474731
2985.5116144331682,1.0069568102782427,1.0030509233474731
2985.5139291990254,1.0026098043074607,1.003077507019043
2985.5162439648857,1.00235215149605,1.003077507019043
2985.518558730743,1.0069255117690086,1.0031086206436157
2985.520873496603,0.9940003807584366,1.0031204223632812
2985.5231882624603,1.013319333997648,1.0031086206436157
2985.5255030283192,1.0067531939698278,1.0031086206436157
2985.5278177941777,0.9981143679175156,1.0031086206436157
2985.5301325600362,1.0076920288757096,1.0031086206436157
2985.5324473258966,0.9913097162876566,1.0031086206436157
2985.5347620917532,1.0087934717813127,1.003077507019043
2985.5370768576126,1.006006709431329,1.003077507019043
2985.539391623471,1.0036803469851294,1.003077507019043
2985.54170638933,1.002502845114532,1.003077507019043
2985.5440211551877,1.0000427836771715,1.003077507019043
2985.546335920954,0.9913012536781567,1.0030509233474731
2985.5486506866027,1.0159333013318792,1.0030509233474731
2985.550965452255,0.9952025747899296,1.0030509233474731
2985.553280217904,0.9960738060287846,1.003027081489563
2985.5555949835543,1.0045368010727065,1.0030100345611572
2985.557909749204,0.9922884959551255,1.0030100345611572
2985.5602245148552,0.9963797640470005,1.00297212600708
2985.5625392805064,1.0038171804020661,1.00297212600708
2985.5648540461566,1.0022182101707486,1.00297212600708
2985.5671688118077,1.0060987480416237,1.0030100345611572
2985.5694835774566,1.002700188189532,1.0030100345611572
2985.5717983431086,0.9909244503502688,1.00297212600708
2985.5741131087575,1.0167213844262741,1.002964735031128
2985.5764278744086,1.0056659089142446,1.002964735031128
2985.578742640059,0.9996809815688409,1.0029443502426147
2985.5810574057086,0.9954406489206961,1.002964735031128
2985.583372171359,1.0088874683878766,1.0029443502426147
2985.58568693701,0.9988707175430541,1.0029443502426147
2985.588001702567,1.0052111494326785,1.0029443502426147
2985.590316468008,0.9962104081070619,1.0029443502426147
2985.5926312334514,0.9944179060622097,1.0029044151306152
2985.59494599889,1.0047204736235082,1.0028990507125854
2985.5972607643325,1.0120641721959551,1.0028990507125854
2985.5995755297736,0.9987334966771969,1.0028990507125854
2985.601890295216,0.9944008951245524,1.0028700828552246
2985.604205060657,0.9981599745249187,1.0028990507125854
2985.606519826098,1.0059613021722404,1.0028990507125854
2985.6088345915405,0.9961464735867888,1.0028700828552246
2985.6111493569815,1.001593824216452,1.0028446912765503
2985.613464122424,1.0028639023486805,1.002824068069458
2985.615778887865,0.9916848277617316,1.0028139352798462
2985.618093653305,1.0005067632025009,1.0028139352798462
2985.620408418747,1.0002125481130828,1.0028139352798462
2985.6227231841895,0.9919176662548094,1.002824068069458
2985.6250379496314,1.011710236608356,1.002824068069458
2985.627352715073,1.0054571295500945,1.002824068069458
2985.629667480419,1.0004023911424973,1.0028139352798462
2985.6319822456508,0.9923902307276338,1.0028139352798462
2985.634297010883,0.998809319311293,1.0027879476547241
2985.636611776115,1.0048541398324655,1.0027879476547241
2985.6389265413472,0.9913053324449195,1.0027879476547241
2985.6412413065786,1.0028620292900334,1.0028139352798462
2985.643556071809,1.0013222308577276,1.002824068069458
2985.645870837043,1.0122824940343293,1.002824068069458
2985.6481856022733,0.999372816641709,1.0028139352798462
2985.650500367507,1.0162488208801836,1.0027879476547241
2985.652815132736,1.0019438908368348,1.0027879476547241
2985.65512989797,1.0041545436011314,1.0027879476547241
2985.657444663201,1.0116878875986617,1.0028139352798462
2985.659759428434,0.9869898876544744,1.0027879476547241
2985.6620741936663,1.0065851298082746,1.0027865171432495
2985.664388958896,1.0040618246613195,1.0027865171432495
2985.666703724129,1.0092034053753003,1.0027879476547241
2985.66901848936,0.9849371384200567,1.0028139352798462
2985.671333254498,1.0101867630686894,1.0027879476547241
2985.673648019518,0.9990504036200687,1.0027879476547241
2985.6759627845418,1.004847251831108,1.0027865171432495
2985.6782775495612,1.0074097867292409,1.0027865171432495
2985.6805923145835,0.9970296582439718,1.0027879476547241
2985.682907079605,1.0041275583259381,1.0027879476547241
2985.6852218446256,1.00576209851082,1.0028139352798462
2985.6875366096488,0.9972026385922468,1.0028139352798462
2985.689851374668,0.9869707293431585,1.0028139352798462
2985.692166139691,1.0003197814549343,1.0027879476547241
2985.6944809047113,0.9994246303160622,1.0027865171432495
2985.6967956697345,1.0046149641529232,1.0027865171432495
2985.699110434754,0.9957405466836345,1.0027879476547241
2985.701425199777,1.0058114632735755,1.0027879476547241
2985.7037399647975,0.9940964063816015,1.0027879476547241
2985.706054729819,0.9962622421910617,1.0027879476547241
2985.7083694948406,1.0054915707746912,1.0027865171432495
2985.7106842598614,1.0079899001366501,1.0027879476547241
2985.712999024787,1.0252563155351375,1.0027879476547241
2985.7153137895984,0.9984606505353367,1.0027879476547241
2985.717628554409,1.020363659274643,1.0027879476547241
2985.719943319219,1.0092533320304657,1.0028139352798462
2985.7222580840303,1.0035101346102386,1.0028139352798462
2985.7245728488388,0.9922400096528826,1.0027879476547241
2985.72688761365,0.9975706084998032,1.0027865171432495
2985.72920237846,1.0098047887075463,1.002753496170044
2985.7315171432692,1.000090944690649,1.002753496170044
2985.7338319080804,1.0075183223741655,1.0027865171432495
2985.7361466728903,1.004047440419221,1.0027865171432495
2985.7384614377015,0.9985171154054876,1.0027865171432495
2985.7407762025114,1.0001903299996457,1.002753496170044
2985.743090967321,0.9930256691800547,1.0027275085449219
2985.745405732132,0.9981187632913463,1.0027275085449219
2985.747720496942,0.9992445052168966,1.002753496170044
2985.750035261752,1.0019113146211467,1.0027275085449219
2985.752350026563,0.9952599087707351,1.0027093887329102
2985.7546647912773,1.0030558760225485,1.0027093887329102
2985.756979555876,0.996969803607893,1.0027093887329102
2985.759294320474,1.0049424966497593,1.0027093887329102
2985.761609085072,1.0013259486959027,1.0027093887329102
2985.763923849671,1.0025563847918466,1.0027275085449219
2985.7662386142692,1.0038915339965018,1.0027093887329102
2985.768553378868,0.9943341937594694,1.0027093887329102
2985.770868143466,0.9885740505432193,1.0027093887329102
2985.773182908063,1.0183001844177906,1.0027093887329102
2985.775497672663,0.998149554514017,1.0027275085449219
2985.77781243726,0.9870437905873491,1.0027275085449219
2985.7801272018587,0.9943878804133193,1.002753496170044
2985.7824419664576,0.9896441340199004,1.002753496170044
2985.784756731056,1.0004088456168516,1.0027275085449219
2985.787071495655,1.0027430342883448,1.0027275085449219
2985.789386260253,0.9990044387716767,1.0027093887329102
2985.7917010248507,0.9960830700864919,1.0027059316635132
2985.7940157894477,1.0206894452715827,1.0026928186416626
2985.796330553952,0.9967625892010377,1.0026928186416626
2985.798645318336,0.9974480445529929,1.0026928186416626
2985.8009600827236,1.007383015758637,1.0026928186416626
2985.803274847108,1.0009830401789732,1.0026267766952515
2985.805589611495,1.0092632852524719,1.0026243925094604
2985.8079043758794,0.9984688411310315,1.0026243925094604
2985.810219140266,1.00388674207192,1.0026267766952515
2985.8125339046524,1.0042541337208106,1.0026267766952515
2985.8148486690366,0.9958374070505835,1.0026243925094604
2985.8171634334226,1.0025698453015905,1.0026243925094604
2985.819478197808,0.9962122901002696,1.0026243925094604
2985.8217929621946,0.991297603713999,1.00261652469635
2985.824107726579,0.9995290442713841,1.00261652469635
2985.8264224909663,0.9986198070060252,1.0025999546051025
2985.8287372553505,0.9981770228304943,1.0025999546051025
2985.831052019738,0.9960275520396569,1.00261652469635
2985.8333667841225,1.0070443610334012,1.00261652469635
2985.8356815485076,0.9957253722910385,1.00261652469635
2985.8379963127963,0.9986568071532005,1.00261652469635
2985.8403110769696,1.0024252852694535,1.00261652469635
2985.842625841143,1.0045355652953278,1.0025999546051025
2985.8449406053146,0.995965955556549,1.0025999546051025
2985.8472553694883,1.0101972339543648,1.0025999546051025
2985.8495701336583,1.0045483313411943,1.00261652469635
2985.851884897832,1.006945199943357,1.00261652469635
2985.8541996620033,0.9994423674912375,1.00261652469635
2985.856514426176,0.9811243626654466,1.0025999546051025
2985.8588291903484,0.9883782039483477,1.0025982856750488
2985.86114395452,1.0096455532932782,1.0025982856750488
2985.863458718693,0.9960984103287137,1.0025999546051025
2985.865773482865,1.0081765258278483,1.0025999546051025
2985.868088247038,1.0035340692935832,1.0025999546051025
2985.87040301121,0.9960197047591497,1.00261652469635
2985.872717775384,1.0089702739069482,1.00261652469635
2985.8750325395536,1.0044430609750907,1.0025999546051025
2985.8773473037268,0.9957260262310808,1.00261652469635
2985.8796620678027,0.996599158329586,1.0025999546051025
2985.8819768317608,1.0026607476584397,1.0025999546051025
2985.8842915957184,0.996453802890653,1.0025999546051025
2985.886606359676,1.0016447485756927,1.0025982856750488
2985.888921123635,1.0078922645367596,1.0025509595870972
2985.891235887593,0.9837064939422762,1.0025509595870972
2985.893550651552,0.9920169114349322,1.0025982856750488
2985.89586541551,0.9934425861112023,1.0025982856750488
2985.8981801794666,1.0052212798396005,1.0025509595870972
2985.9004949434266,0.9925830620592825,1.0025509595870972
2985.902809707384,0.9884532300707553,1.0025982856750488
2985.9051244713432,1.0035348365346188,1.0025509595870972
2985.9074392353014,1.0064006181235627,1.0025464296340942
2985.9097539992586,1.0011728954143284,1.0025449991226196
2985.9120687632167,1.000581720837735,1.0024943351745605
2985.9143835271757,1.001814131868456,1.0024943351745605
2985.9166982911343,0.9853952961711215,1.002463936805725
2985.91901305509,1.009518773135907,1.002463936805725
2985.9213278189527,0.9975298708795061,1.002463936805725
2985.9236425826953,1.0033283792342622,1.0024545192718506
2985.92595734644,0.9937566640813064,1.0024173259735107
2985.928272110182,0.9975216098779315,1.0024173259735107
2985.930586873927,0.9966021658516955,1.0024173259735107
2985.932901637669,0.9935268590070557,1.0023914575576782
2985.935216401413,0.9958667148604753,1.002278208732605
2985.937531165157,0.9982118798123455,1.0022107362747192
2985.9398459288996,1.0092609344220742,1.0022095441818237
2985.9421606926444,1.0076551570491903,1.0022095441818237
2985.944475456385,0.9932163042783976,1.0022095441818237
2985.9467902201304,1.011277204118358,1.0022088289260864
2985.9491049838725,1.0067315836909447,1.0021849870681763
2985.9514197476174,1.0101510217098093,1.0021849870681763
2985.953734511359,1.0042656439556998,1.0021849870681763
2985.9560492751043,1.0055158020096975,1.0021849870681763
2985.9583640388464,1.0009225494957439,1.0022088289260864
2985.9606788025894,1.0014325923319676,1.0022088289260864
2985.9629935662365,1.0155304951019593,1.0022088289260864
2985.9653083297635,1.0025006116822326,1.0022095441818237
2985.9676230932932,1.004814001617434,1.0022095441818237
2985.96993785682,0.9957675841371444,1.0022088289260864
2985.972252620348,1.007418458864177,1.0022088289260864
2985.974567383876,0.9942714148704844,1.0022088289260864
2985.9768821474045,0.9981013750578823,1.0022088289260864
2985.9791969109306,0.9878988617179463,1.0022095441818237
2985.9815116744585,0.9936392733935464,1.0022088289260864
2985.983826437987,0.994089664531457,1.0022088289260864
2985.9861412015157,0.9884621245020748,1.0022088289260864
2985.988455965043,1.0013657443669588,1.0022088289260864
2985.9907707285706,0.9963176838365745,1.0021849870681763
2985.993085492098,0.9991154923606541,1.0021849870681763
2985.9954002556265,1.011614179714212,1.0022088289260864
2985.997715019156,0.9875711641874059,1.0022095441818237
2986.0000297826828,1.0046447441025406,1.0022088289260864
2986.00234454621,0.9869909340123755,1.0022088289260864
2986.00465930964,0.9945351827606596,1.0022095441818237
2986.0069740729523,0.9963131946250944,1.0022095441818237
2986.0092888362637,1.003799863996604,1.0022095441818237
2986.0116035995766,1.0042918893935442,1.002278208732605
2986.0139183628876,1.0032145284075695,1.0022095441818237
2986.016233126199,0.9996604075798932,1.0022088289260864
2986.0185478895114,0.9957922249209195,1.0021849870681763
2986.020862652823,1.0108782033996007,1.0021699666976929
2986.023177416133,1.0040490978089076,1.0021699666976929
2986.0254921794462,0.9895013103066074,1.0021699666976929
2986.0278069427577,1.0048173377529732,1.0021588802337646
2986.03012170607,1.0021435237865717,1.0021588802337646
2986.0324364693815,0.9982026211042021,1.002155065536499
2986.034751232693,0.9973302511504062,1.0021443367004395
2986.037065996005,1.0034177006943055,1.0021363496780396
2986.0393807593164,1.0037248429167378,1.0021363496780396
2986.0416955226287,1.0077327470130535,1.0021122694015503
2986.0440102859397,0.9856746590990334,1.0021122694015503
2986.046325049154,0.9992942220782037,1.0021122694015503
2986.0486398122475,1.0004318176059532,1.0021122694015503
2986.050954575344,1.0014159572902648,1.0021122694015503
2986.0532693384375,0.9986585104291089,1.0021122694015503
2986.0555841015344,0.9979560633318214,1.0021122694015503
2986.0578988646275,1.0049641180981896,1.0021122694015503
2986.0602136277244,0.9832383988869337,1.0021122694015503
2986.0625283908184,0.9928440067709093,1.0020686388015747
2986.0648431539125,0.9824101536854324,1.0021122694015503
2986.067157917009,0.9859513554492944,1.0021122694015503
2986.069472680102,1.00464353361536,1.0021363496780396
2986.071787443198,1.0003174913213289,1.0021363496780396
2986.0741022062916,1.0007562161215,1.0021122694015503
2986.076416969388,0.9898765887683753,1.0020686388015747
2986.078731732482,0.9949879054712619,1.002057433128357
2986.0810464955784,0.9954327649152785,1.0020686388015747
2986.0833612586716,1.003816815233856,1.0020686388015747
2986.0856760217666,0.987629611890895,1.0020686388015747
2986.087990784764,0.9894468351688173,1.002057433128357
2986.090305547641,0.9963702138042394,1.002057433128357
2986.09262031052,1.006517947524033,1.002057433128357
2986.0949350733963,1.0013696386107465,1.002057433128357
2986.0972498362753,0.9842531122602663,1.0020480155944824
2986.0995645991516,1.0048352421255555,1.0020228624343872
2986.1018793620306,1.0068952479799236,1.0020135641098022
2986.104194124906,0.9888468072302989,1.0019959211349487
2986.106508887784,1.0081546862230977,1.0019959211349487
2986.108823650661,0.988368729962727,1.0019866228103638
2986.1111384135393,0.9964220079466782,1.0019866228103638
2986.113453176417,1.0049736635561985,1.0019866228103638
2986.1157679392936,0.9952744545001692,1.0019866228103638
2986.1180827021717,0.9978417119824663,1.0019866228103638
2986.120397465049,1.0001829803743436,1.0019866228103638
2986.122712227928,0.9886090065039213,1.00198233127594
2986.1250269908046,0.9955745447748826,1.00198233127594
2986.127341753682,1.004753547164428,1.0019148588180542
2986.1296565164603,1.0049863938755008,1.0019148588180542
2986.13197127912,0.982281400426025,1.0019148588180542
2986.1342860417803,1.0001077971999142,1.0019148588180542
2986.1366008044397,0.9885380983308383,1.00198233127594
2986.138915567099,1.0056458606401006,1.0019866228103638
2986.141230329758,0.9952646784379786,1.00198233127594
2986.143545092418,0.9999362259391236,1.0019148588180542
2986.1458598550776,1.003716861730816,1.0019148588180542
2986.1481746177355,1.0071169948234737,1.0019148588180542
2986.150489380397,0.9989338789614142,1.00198233127594
2986.1528041430556,1.0049080115171054,1.00198233127594
2986.155118905716,0.9965870169100016,1.0019148588180542
2986.1574336683752,0.9945126563233786,1.0019079446792603
2986.1597484310355,0.9961569319134623,1.0019079446792603
2986.162063193695,0.994205448615477,1.0018881559371948
2986.1643779563537,1.0017150105543229,1.0019079446792603
2986.166692719014,1.0039706765796355,1.0019079446792603
2986.1690074816725,0.9937279519924099,1.0019148588180542
2986.1713222442345,1.0034224062428574,1.0019079446792603
2986.1736370066733,0.9979060490238084,1.0018881559371948
2986.1759517691157,1.0045179350240747,1.001868486404419
2986.178266531556,1.0042681370539621,1.001850962638855
2986.1805812939983,0.997308527290435,1.001850962638855
2986.182896056438,1.0102779167635931,1.001850962638855
2986.185210818881,0.9937597385096741,1.001850962638855
2986.187525581321,0.9998653044007504,1.001850962638855
2986.189840343761,0.9998786332966932,1.001868486404419
2986.1921551062037,0.9964506783565806,1.001868486404419
2986.1944698686434,1.0092504463576562,1.001850962638855
2986.196784631086,0.998118278578302,1.0018357038497925
2986.1990993935246,0.9880353615968764,1.0018117427825928
2986.201414155967,1.0008925717704573,1.0018117427825928
2986.203728918408,1.0063387289364536,1.0017468929290771
2986.2060436808497,1.021148512947586,1.0018117427825928
2986.208358443289,1.0017819307109184,1.0018117427825928
2986.21067320573,0.9926899751511392,1.0018357038497925
2986.212987968073,1.0001463587548178,1.0018357038497925
2986.2153027302943,1.0003427018662734,1.0018117427825928
2986.217617492518,1.0057720275789326,1.0018117427825928
2986.219932254739,1.0024025444053057,1.0018357038497925
2986.2222470169627,0.9973162160097461,1.0018117427825928
2986.224561779183,1.0047925904048713,1.0018117427825928
2986.2268765414055,0.9964721341734923,1.0018117427825928
2986.2291913036274,0.9931268357454521,1.0017468929290771
2986.2315060658493,1.0085826705312206,1.0017409324645996
2986.2338208280707,1.0058441409300858,1.0017296075820923
2986.236135590292,1.0041100225071244,1.0017296075820923
2986.238450352515,1.0047027235382398,1.0017160177230835
2986.2407651147378,0.9839095428492953,1.001711130142212
2986.2430798769597,1.0086637307178112,1.001711130142212
2986.245394639181,0.9879795462164892,1.0016623735427856
2986.2477094014043,0.9968296893404969,1.001711130142212
2986.2500241636253,0.9945661092825981,1.0017160177230835
2986.252338925847,0.9890326708201818,1.0017160177230835
2986.254653687971,1.000898964334536,1.0017160177230835
2986.2569684499726,1.001920989289253,1.001711130142212
2986.259283211975,1.0086475037555027,1.0017160177230835
2986.2615979739785,0.9985115047190227,1.0017296075820923
2986.2639127359807,1.0008824226291482,1.0017160177230835
2986.266227497984,1.0177882513332799,1.001711130142212
2986.268542259986,0.9995204072087914,1.001711130142212
2986.2708570219884,0.9865901470660168,1.0016623735427856
2986.2731717839897,1.0025759964165017,1.001711130142212
2986.275486545994,0.9994810163368584,1.001711130142212
2986.2778013079974,1.0039990660436164,1.001711130142212
2986.280116069999,0.9927521985699804,1.001711130142212
2986.2824308320014,1.001500661314427,1.001711130142212
2986.284745594004,0.9933548767856626,1.0016623735427856
2986.2870603560073,1.0053062444235699,1.0016623735427856
2986.2893751180095,1.0122086026255757,1.0016288757324219
2986.291689880013,1.0048832030193737,1.0016288757324219
2986.294004642014,1.0087911376459036,1.0016623735427856
2986.296319403918,0.9882358373699042,1.0016623735427856
2986.2986341657006,0.9962373867449185,1.0016288757324219
2986.300948927484,0.9987485091310035,1.0015939474105835
2986.3032636892653,0.9993455911794547,1.0015339851379395
2986.3055784510498,1.0076099368167653,1.001491665840149
2986.3078932128324,0.9876864646991753,1.001491665840149
2986.310207974616,0.9952010813338037,1.0015339851379395
2986.3125227363985,0.9976071050518139,1.001491665840149
2986.3148374981797,1.0035777368282162,1.001491665840149
2986.317152259964,0.9996298113073243,1.001491665840149
2986.319467021746,1.0061159775315405,1.0014903545379639
2986.32178178353,0.986174207932047,1.0014903545379639
2986.3240965453115,1.005171221421931,1.0014903545379639
2986.3264113070945,1.0052566236004676,1.0014796257019043
2986.328726068876,1.0016747966318376,1.0014796257019043
2986.3310408306597,1.0055534645052746,1.0014631748199463
2986.3333555924423,0.9866651120635536,1.001460313796997
2986.335670354226,0.9938200955188149,1.001460313796997
2986.337985115909,1.0086579251785948,1.001460313796997
2986.3402998774714,0.995260783111189,1.0014228820800781
2986.3426146390357,1.0003354604557835,1.0014050006866455
2986.3449294005973,0.9973896476598731,1.0013827085494995
2986.3472441621616,1.0042767993693489,1.0013827085494995
2986.3495589237227,0.9968198608017234,1.0013704299926758
2986.351873685285,1.0030008486948208,1.0013529062271118
2986.3541884468486,1.0022207256537146,1.0013529062271118
2986.356503208411,1.0019520338020778,1.0013529062271118
2986.3588179699736,0.9920209621776701,1.001299500465393
2986.3611327315366,0.9970964374227113,1.001299500465393
2986.363447493099,0.9924337112678077,1.0013529062271118
2986.3657622546625,1.005025055631228,1.001299500465393
2986.368077016225,1.014461559598305,1.001299500465393
2986.3703917777875,0.9870615528231975,1.0012985467910767
2986.3727065393505,0.9942047870883863,1.001269817352295
2986.375021300913,0.9934012746709596,1.0012985467910767
2986.3773360624755,0.9984377790424395,1.001269817352295
2986.3796508239398,0.9989457181153845,1.0012485980987549
2986.3819655852817,1.0075376094673203,1.0012485980987549
2986.384280346625,0.9959112793517196,1.0012485980987549
2986.386595107967,1.0082809049846162,1.0012485980987549
2986.388909869309,0.9941526097130555,1.001244306564331
2986.3912246306522,1.010927622804492,1.0012485980987549
2986.393539391993,1.0085052152128053,1.0012485980987549
2986.395854153336,0.9860730611548025,1.001244306564331
2986.3981689146776,0.9973576165674054,1.001244306564331
2986.4004836760214,1.003315376532049,1.001244306564331
2986.4027984373647,0.9904612276894252,1.0012307167053223
2986.405113198707,1.003585266402963,1.0012171268463135
2986.4074279600486,0.9979934081200473,1.0012171268463135
2986.409742721392,1.0036083683283703,1.001216173171997
2986.4120574827343,1.000876336427936,1.001191258430481
2986.4143722440754,0.9952086663004945,1.001191258430481
2986.4166870054196,0.9973937325990364,1.001191258430481
2986.41900176676,1.0062040931989176,1.001216173171997
2986.421316528005,0.9910868325393717,1.001216173171997
2986.4236312891258,1.0064631002234776,1.001191258430481
2986.4259460502494,1.0071559537118147,1.001191258430481
2986.428260811369,1.00212803956751,1.001216173171997
2986.430575572493,0.9983951313149064,1.0012171268463135
2986.4328903336145,1.000941561959373,1.001216173171997
2986.4352050947364,1.0090073388898295,1.0012171268463135
2986.437519855859,0.9870481179613607,1.0012171268463135
2986.4398346169796,1.001059791985015,1.0012171268463135
2986.4421493781037,1.0025308347253956,1.001216173171997
2986.4444641392242,0.9947478752711315,1.001191258430481
2986.446778900348,1.016115203133478,1.0011900663375854
2986.449093661469,0.9995960036629954,1.0011900663375854
2986.4514084225907,0.9997031439944529,1.001120924949646
2986.453723183712,0.9929189908164358,1.0011900663375854
2986.456037944835,0.9874800427833669,1.0011900663375854
2986.4583527059576,0.989366847367612,1.0011900663375854
2986.4606674670795,1.0079857004235884,1.001120924949646
2986.4629822281017,0.999877231212565,1.0011076927185059
2986.465296989003,1.012370905444158,1.001120924949646
2986.467611749906,0.9983122789431926,1.001120924949646
2986.4699265108065,0.991523773800593,1.0011076927185059
2986.472241271709,0.9941929053573311,1.0010892152786255
2986.4745560326105,1.008562364251897,1.0010536909103394
2986.4768707935114,1.0069055442859958,1.0010892152786255
2986.479185554414,0.9992819246135165,1.0010536909103394
2986.4815003153153,1.0041409107645818,1.001051425933838
2986.4838150762175,1.008020733795143,1.0010137557983398
2986.4861298371193,0.9946702753133341,1.000984787940979
2986.48844459802,1.007867218126185,1.000984787940979
2986.4907593589214,0.998822750012147,1.0010137557983398
2986.493074119823,1.0104697358027142,1.000984787940979
2986.4953888807263,0.9989425820505239,1.000984787940979
2986.4977036416276,1.0044180202729203,1.0009433031082153
2986.500018402529,1.0070881991060314,1.0009397268295288
2986.50233316343,0.995676833396139,1.0009140968322754
2986.5046479242333,0.9927144878178575,1.0008785724639893
2986.5069626849145,1.0016143443920411,1.0008785724639893
2986.5092774455966,0.9938168013303512,1.0008785724639893
2986.5115922062773,0.9908016664755025,1.000872015953064
2986.5139069669576,1.0026506271209394,1.0008512735366821
2986.51622172764,0.9929516593327222,1.0008411407470703
2986.5185364883205,1.0069668125302096,1.000823736190796
2986.5208512490035,1.01256648025395,1.0008037090301514
2986.5231660096824,0.9927176353576682,1.0008037090301514
2986.5254807703654,0.986735216518668,1.0008037090301514
2986.5277955310466,1.0083846794496738,1.0007991790771484
2986.5301102917288,0.9925629508678652,1.0007855892181396
2986.532425052411,0.9833294739327268,1.00077223777771
2986.53473981309,0.9935743957834381,1.00077223777771
2986.537054573773,1.0066666666666666,1.0007679462432861
2986.539369334453,1.002615850999183,1.000667691230774
2986.541684095136,0.9922458447246191,1.000667691230774
2986.5439988558164,0.9992995626302039,1.0006476640701294
2986.5463136164,1.0005739249808443,1.0005334615707397
2986.54862837686,0.9990014992107191,1.0005334615707397
2986.550943137321,1.001464343259505,1.0004231929779053
2986.553257897783,0.9966343579327271,1.0004231929779053
2986.5555726582443,0.9978705715502496,1.0004231929779053
2986.557887418707,1.002207189601674,1.0004186630249023
2986.560202179166,0.9959310043231031,1.0004186630249023
2986.562516939629,0.9883185059317551,1.0004186630249023
2986.564831700089,1.0057408229652938,1.0003631114959717
2986.5671464605525,1.0067614235990952,1.0003538131713867
2986.5694612210123,1.0070203980267285,1.0003503561019897
2986.5717759814734,1.0022052171111024,1.000340461730957
2986.5740907419354,0.9933821440454252,1.000340461730957
2986.5764055023965,1.000854921165281,1.0003348588943481
2986.5787202628585,0.991947953516391,1.0003262758255005
2986.581035023319,1.0105873373100498,1.0003262758255005
2986.5833497837802,1.001207315394612,1.0003262758255005
2986.5856645442427,1.0051375701155991,1.0003234148025513
2986.5879793046056,1.008230885220575,1.0003234148025513
2986.590294064847,0.994336669179227,1.0003060102462769
2986.592608825088,0.9907465283467453,1.0003060102462769
2986.5949235853295,0.987922549583342,1.0003060102462769
2986.597238345572,1.0026093144242354,1.0002962350845337
2986.599553105814,1.0037593433894727,1.0002962350845337
2986.6018678660553,1.0006125896225173,1.0002385377883911
2986.604182626297,1.0081717548750038,1.0002385377883911
2986.6064973865386,0.9889256052963159,1.0002179145812988
2986.60881214678,0.9967555143443868,1.0002124309539795
2986.611126907023,0.9987866475813401,1.0002124309539795
2986.613441667263,1.0012101940434235,1.0002124309539795
2986.6157564275068,0.9943275074679148,1.0001929998397827
2986.618071187747,1.0067310455366703,1.0001929998397827
2986.6203859479897,0.9911889153892975,1.0001929998397827
2986.622700708232,1.0050328967206734,1.0001895427703857
2986.6250154684735,1.00316881675498,1.0001895427703857
2986.627330228716,1.0075164472194318,1.000150203704834
2986.6296449888564,0.9965174692111739,1.000133991241455
2986.6319597488805,1.008072248314964,1.000133991241455
2986.6342745089023,1.001114457529752,1.000133991241455
2986.636589268927,0.9949051012757659,1.0001027584075928
2986.6389040289478,1.00890401618834,1.0000762939453125
2986.6412187889723,1.0215839369631223,1.0000762939453125
2986.6435335489937,1.004810382941289,1.0000640153884888
2986.645848309018,1.0064848097096553,1.0000087022781372
2986.6481630690396,0.9985440283166733,0.9999938011169434
2986.650477829062,0.9890053186746325,0.9999938011169434
2986.652792589086,1.014836255089554,0.9999877214431763
2986.6551073491078,1.0075664687257435,0.9999505281448364
2986.6574221091323,1.005037034599742,0.999947726726532
2986.6597368691537,0.9845628417499194,0.999947726726532
2986.6620516291773,0.9999127938461425,0.999947726726532
2986.664366389198,1.0036896607775987,0.999947726726532
2986.6666811492228,1.006923143362804,0.999947726726532
2986.668995909244,1.004429516527549,0.9999467730522156
2986.6713106691677,0.9957763132945752,0.999947726726532
2986.673625428973,0.9984116900944265,0.9999467730522156
2986.6759401887775,1.0006005570666014,0.9999329447746277
2986.6782549485824,1.0028013862677472,0.9999263286590576
2986.680569708387,1.0227650920234135,0.9999244213104248
2986.682884468193,0.9953732658241128,0.9999263286590576
2986.685199227996,1.0155469903993686,0.9999263286590576
2986.6875139878002,1.0055409089250873,0.9999244213104248
2986.6898287476056,0.9954272687321206,0.9998605251312256
2986.6921435074096,0.9920501349756624,0.9998605251312256
2986.694458267214,0.9988860441529748,0.9998353123664856
2986.696773027019,1.0175697723608021,0.999824047088623
2986.699087786823,1.0054621828449626,0.9997902512550354
2986.7014025466274,1.0115499284385547,0.9997902512550354
2986.7037173064323,0.9981437225249739,0.9997056126594543
2986.7060320662367,1.0110754788988996,0.9997056126594543
2986.70834682604,1.0008575926940853,0.9997902512550354
2986.7106615858456,1.005962040812944,0.9997056126594543
2986.712976345552,0.9998487384867302,0.9997056126594543
2986.71529110514,0.9934169940074327,0.9997056126594543
2986.717605864727,0.9959757118925476,0.9996985793113708
2986.7199206243135,1.0053823969052649,0.9996718168258667
2986.7222353839015,0.9946916519354989,0.9996709823608398
2986.7245501434886,0.9943303425180544,0.9996103048324585
2986.7268649030766,1.0018820944508027,0.9996103048324585
2986.7291796626614,0.9969741235267888,0.9996103048324585
2986.7314944222503,1.0057353674073284,0.9996103048324585
2986.7338091818365,1.0038406318456534,0.9996103048324585
2986.7361239414254,1.0035015450448248,0.9995543956756592
2986.7384387010115,1.007342486809064,0.9995495676994324
2986.7407534606004,0.9912046512096638,0.9995495676994324
2986.743068220186,0.9941338103535677,0.9995495676994324
2986.745382979774,0.9892509442201538,0.9995495676994324
2986.747697739362,1.0094457226501692,0.9995461106300354
2986.7500124989483,0.9896921208593865,0.9995344281196594
2986.752327258537,0.9985719773620217,0.9995306730270386
2986.754642018025,0.9986244592458707,0.9995344281196594
2986.756956777397,1.0019461036333728,0.9995344281196594
2986.759271536768,0.9842269899439108,0.9995306730270386
2986.76158629614,0.999740175726366,0.9995118379592896
2986.76390105551,1.007500972328387,0.9995118379592896
2986.766215814881,1.0018672993729592,0.9994865655899048
2986.768530574253,1.0122478904323688,0.9994865655899048
2986.770845333625,0.9993325024948413,0.9994865655899048
2986.773160092996,1.009475445979987,0.9995118379592896
2986.775474852367,1.0108905550030156,0.9995118379592896
2986.77778961174,0.9995836862250055,0.9994865655899048
2986.7801043711097,1.0132890028638046,0.9994865655899048
2986.7824191304817,0.994126940337662,0.9994865655899048
2986.7847338898528,0.9993127805991833,0.9995118379592896
2986.787048649224,0.9983233373244218,0.9995118379592896
2986.7893634085945,0.9957744837643592,0.9994865655899048
2986.7916781679664,0.9991860835069496,0.9994688630104065
2986.7939929273375,0.998891658995945,0.9994688630104065
2986.7963076866126,0.9899677710575008,0.9994601011276245
2986.7986224457695,1.0048902210964377,0.9994601011276245
2986.8009372049255,1.0013686453250077,0.999431312084198
2986.8032519640833,0.9906934729602639,0.9994004368782043
2986.8055667232397,1.0015842977561278,0.9993564486503601
2986.807881482397,1.0047293939153017,0.9993564486503601
2986.810196241554,1.0070162268997334,0.9993564486503601
2986.81251100071,0.9881196455844268,0.9993564486503601
2986.814825759867,0.9932690457037964,0.9993564486503601
2986.817140519024,1.0072644992827346,0.9994004368782043
2986.819455278181,0.9986985867669754,0.9994004368782043
2986.8217700373384,0.9990589631538064,0.999431312084198
2986.8240847964935,1.0083323403799034,0.9994601011276245
2986.8263995556513,0.9990791475128037,0.9994601011276245
2986.8287143148077,1.0093547544101147,0.9994601011276245
2986.8310290739655,1.0053010927275248,0.999431312084198
2986.8333438331206,1.0068002698924952,0.9994601011276245
2986.8356585922793,0.9950793641138161,0.9994601011276245
2986.8379733513398,1.0125779558518289,0.9994688630104065
2986.8402881102847,0.9985126105471006,0.9994688630104065
2986.842602869229,1.000827811755571,0.9994688630104065
2986.8449176281715,1.0116977237711264,0.9994688630104065
2986.847232387118,0.997778705702479,0.9994865655899048
2986.8495471460606,1.0031810609360934,0.9994688630104065
2986.851861905005,1.006241477597169,0.9994688630104065
2986.854176663949,1.0180231096702976,0.9994688630104065
2986.856491422895,0.9956000533869015,0.9994601011276245
2986.858806181837,0.9965709411850723,0.9994601011276245
2986.861120940782,0.990871925228758,0.9994601011276245
2986.863435699726,1.015089211831694,0.999431312084198
2986.865750458671,0.9947852948427609,0.9994601011276245
2986.868065217616,1.0063881844083928,0.999431312084198
2986.8703799765585,1.007692240252775,0.9994004368782043
2986.8726947355044,0.9994521601832097,0.999431312084198
2986.8750094944476,0.991581160717944,0.9994004368782043
2986.8773242533935,1.017686778981076,0.9994004368782043
2986.8796390122416,1.0000597000433646,0.9994004368782043
2986.8819537709746,1.0005476181799933,0.9994004368782043
2986.884268529708,0.996833571725964,0.9994004368782043
2986.8865832884426,0.9973553876730077,0.999431312084198
2986.8888980471766,1.0025567647273699,0.999431312084198
2986.891212805911,1.001614286786961,0.9994004368782043
2986.893527564644,1.0047411138334303,0.9994004368782043
2986.8958423233776,1.0084010068015705,0.9994004368782043
2986.8981570821124,0.9989494667567209,0.999431312084198
2986.900471840846,0.9891183102776457,0.9994004368782043
2986.9027865995804,1.0039245174360805,0.9994004368782043
2986.9051013583135,1.0019834608812932,0.9994004368782043
2986.9074161170474,0.9989762128427616,0.9994004368782043
2986.909730875782,0.9971648261425968,0.9993835091590881
2986.9120456345154,0.9949338019048671,0.9993564486503601
2986.91436039325,1.0003423509814469,0.9993564486503601
2986.9166751519833,0.9914635252694146,0.9993137717247009
2986.918989910716,1.0001302007304005,0.9993564486503601
2986.9213046693576,0.9981119789608583,0.9993137717247009
2986.9236194278824,0.9841987538488545,0.9993137717247009
2986.925934186409,0.9914406213685164,0.9993137717247009
2986.928248944934,1.0007203088506853,0.9993564486503601
2986.9305637034613,1.0028542171110002,0.9993564486503601
2986.932878461987,0.993446424069445,0.9993564486503601
2986.9351932205136,0.9914409868917149,0.9993564486503601
2986.9375079790398,0.9963686342325097,0.9993564486503601
2986.939822737564,0.9965140143541849,0.9993137717247009
2986.9421374960916,1.0091469471933268,0.9993137717247009
2986.944452254617,1.006355414980213,0.9993137717247009
2986.9467670131444,0.9994520957457018,0.9993137717247009
2986.9490817716687,0.9950718439900791,0.9993137717247009
2986.9513965301967,1.0045552345829196,0.9992521405220032
2986.9537112887206,1.0038805936316841,0.9992080926895142
2986.956026047248,0.9899354716936335,0.9991545081138611
2986.958340805773,1.004738790815501,0.9991230964660645
2986.9606555643,0.9902297413322019,0.9991230964660645
2986.9629703227333,0.9936968277600645,0.9990952014923096
2986.9652850810535,1.0103080125722923,0.9990704655647278
2986.9675998393764,1.0043192834260288,0.9989988207817078
2986.9699145976965,0.9904931970972802,0.9989988207817078
2986.9722293560194,0.999488198952544,0.9989988207817078
2986.974544114339,1.0005729205823002,0.9989583492279053
2986.97685887266,0.9995172956143711,0.9989583492279053
2986.979173630982,1.005997855773274,0.9988837838172913
2986.981488389303,0.9964284966263963,0.9988837838172913
2986.983803147624,1.001987023665045,0.9989583492279053
2986.986117905946,0.9989889274247857,0.9989988207817078
2986.988432664267,1.0111376459353185,0.9990704655647278
2986.990747422589,0.9875123646968492,0.9989988207817078
2986.993062180911,0.9922831284826471,0.9989988207817078
2986.9953769392305,1.0081606277901687,0.9989583492279053
2986.9976916975525,1.0165274640298716,0.9989583492279053
2987.0000064558735,0.9902630947735466,0.9989583492279053
2987.0023212141955,1.0024894249117566,0.9988837838172913
2987.0046359724256,1.0077484909289853,0.9988837838172913
2987.006950730545,0.986577536405696,0.9989583492279053
2987.0092654886657,1.0095970751089218,0.9989988207817078
2987.0115802467853,1.009007471710582,0.9989988207817078
2987.0138950049045,0.9942693025070795,0.9989583492279053
2987.016209763026,0.9945553451306524,0.9989583492279053
2987.018524521144,0.9984882820377882,0.9989583492279053
2987.020839279266,0.9884208742036819,0.9989988207817078
2987.0231540373848,1.0044554375400758,0.9989988207817078
2987.0254687955057,0.9914221118219061,0.9989988207817078
2987.0277835536263,0.9983230142239823,0.9990704655647278
2987.030098311746,1.0071727549501328,0.9990704655647278
2987.0324130698655,0.9980738139825498,0.9990704655647278
2987.034727827985,0.9888801327747477,0.9990704655647278
2987.037042586106,0.9964563535076301,0.9989988207817078
2987.0393573442248,1.0033623861074117,0.9989988207817078
2987.041672102346,1.0030177646513492,0.9989988207817078
2987.043986860465,1.0079626533585844,0.9989583492279053
2987.046301618497,1.012529221375671,0.9989988207817078
2987.048616376419,0.9950075233799346,0.9989988207817078
2987.0509311343417,1.0099713957376426,0.9989583492279053
2987.053245892264,1.0094493112661653,0.9989583492279053
2987.055560650187,1.001406227065575,0.9989583492279053
2987.0578754081116,1.0088773516514526,0.9988837838172913
2987.0601901660334,1.0066047123938202,0.9988837838172913
2987.062504923958,0.9960094846340098,0.9989583492279053
2987.0648196818784,1.0084201783559887,0.9989583492279053
2987.0671344398024,0.9979124626896261,0.9989988207817078
2987.069449197724,1.0097612714813395,0.9989988207817078
2987.071763955648,0.9974335963796609,0.9989988207817078
2987.0740787135705,0.9960149564279986,0.9989988207817078
2987.0763934714923,0.9984706803327498,0.9989583492279053
2987.078708229416,0.9984486632847527,0.9989583492279053
2987.0810229873387,1.0035945998724733,0.9989988207817078
2987.0833377452623,0.9910509848659625,0.9990704655647278
2987.085652503185,1.0023920717453283,0.9990704655647278
2987.08796726102,0.9928213983599796,0.9990704655647278
2987.0902820187503,1.001229325602212,0.9990952014923096
2987.092596776481,1.0058043834023842,0.9991230964660645
2987.0949115342123,0.9966138710541098,0.9991230964660645
2987.097226291942,0.9982801495528353,0.9991230964660645
2987.099541049672,1.0016580059771256,0.9991471171379089
2987.101855807402,0.9995197133766834,0.9991471171379089
2987.104170565133,0.9922420377324769,0.9991471171379089
2987.106485322863,0.998975535687217,0.9991471171379089
2987.1088000805917,0.9964456045720471,0.9991471171379089
2987.1111148383243,0.9942958406507749,0.9991545081138611
2987.113429596053,1.009398240688095,0.9991545081138611
2987.115744353785,1.0009490527100975,0.9991545081138611
2987.118059111515,1.00952662178301,0.9991729259490967
2987.1203738692457,1.0120753978622399,0.9991729259490967
2987.122688626976,0.9959904029289214,0.9991545081138611
2987.1250033847045,0.99679944450211,0.9991729259490967
2987.127318142436,0.9974750550736015,0.9992080926895142
2987.129632900081,1.0079214122225517,0.9992080926895142
2987.131947657626,1.0071198102115673,0.9992080926895142
2987.1342624151666,0.9932249776752826,0.9992080926895142
2987.1365771727114,1.011187472150027,0.9992080926895142
2987.1388919302535,1.0055309770804304,0.9992521405220032
2987.1412066877983,0.9984011613948358,0.9992521405220032
2987.1435214453404,0.9945456722110052,0.9992521405220032
2987.145836202883,0.9992926791456485,0.9992521405220032
2987.1481509604273,1.0037100046532383,0.9992521405220032
2987.1504657179694,1.0041098932522914,0.9992521405220032
2987.152780475514,1.0058126408579853,0.9992521405220032
2987.1550952330563,0.9995246550945921,0.9992521405220032
2987.157409990601,0.9830975487795196,0.9992521405220032
2987.159724748142,0.9973178676385633,0.9992730021476746
2987.1620395056866,1.0010131993868674,0.9993137717247009
2987.1643542632287,1.0027357660571408,0.9993564486503601
2987.166669020772,1.0102029538925397,0.9993564486503601
2987.1689837783147,1.003865285723803,0.9993564486503601
2987.171298535776,0.9920784515763325,0.9993564486503601
2987.1736132931387,0.9939383597654335,0.9993564486503601
2987.1759280505007,0.9906574564312153,0.9993564486503601
2987.1782428078636,1.0006804963680915,0.9993137717247009
2987.1805575652247,0.9927540169356454,0.9993137717247009
2987.1828723225867,1.002586539200768,0.9993564486503601
2987.1851870799496,0.9942533345969703,0.9993564486503601
2987.1875018373116,0.989790046122494,0.9993835091590881
2987.189816594674,1.0035425210174849,0.9993835091590881
2987.192131352036,1.0067298210786693,0.9993564486503601
2987.1944461093976,0.9974870006529122,0.9993564486503601
2987.1967608667596,0.9987758268477007,0.9993564486503601
2987.199075624122,0.9857355944641488,0.9993564486503601
2987.201390381484,1.0030261456623426,0.9993835091590881
2987.2037051388447,0.9963898456199913,0.9993835091590881
2987.2060198962085,1.0031474562967109,0.9993835091590881
2987.208334653569,1.0144416314240585,0.9993835091590881
2987.210649410933,1.0147070357126222,0.9993835091590881
2987.2129641682163,1.0183225456766463,0.9994004368782043
2987.215278925405,0.9955517205451109,0.9994004368782043
2987.2175936825925,0.9968390586430365,0.9994004368782043
2987.2199084397794,1.0096703931382047,0.9994004368782043
2987.2222231969686,0.9949165502535701,0.9994004368782043
2987.2245379541555,0.9991013661703247,0.999431312084198
2987.226852711345,0.9978743027879536,0.999431312084198
2987.2291674685307,0.9972277813699036,0.9994601011276245
2987.2314822257204,1.000185346399181,0.9994865655899048
2987.2337969829073,1.0000252853517544,0.9994865655899048
2987.236111740096,1.0026430348815005,0.9994865655899048
2987.2384264972834,0.9858964987063322,0.9994865655899048
2987.240741254471,1.0015656642098132,0.9994865655899048
2987.2430560116604,0.9943779084128083,0.9995118379592896
2987.2453707688474,0.9992803398360763,0.9995118379592896
2987.247685526037,1.0048707933799668,0.9995306730270386
2987.2500002832235,1.004193768353737,0.9995344281196594
2987.252315040413,0.9883315649549443,0.9995461106300354
2987.254629797525,1.003533345549841,0.9995495676994324
2987.2569445545464,0.9904453036284161,0.9995495676994324
2987.2592593115687,1.0199590820540836,0.9995495676994324
2987.2615740685897,1.01470781248444,0.9995495676994324
2987.2638888256115,0.997207754790959,0.9995495676994324
2987.266203582634,0.9973806861546797,0.9995495676994324
2987.268518339655,1.0053770324131217,0.9995495676994324
2987.2708330966766,0.9947614319408642,0.9995495676994324
2987.273147853699,1.00461319018661,0.9995543956756592
2987.2754626107203,0.998666347838428,0.9995543956756592
2987.2777773677417,0.9928666157018534,0.9995543956756592
2987.280092124764,1.0025243086654891,0.9995543956756592
2987.282406881786,0.9979957876479413,0.9996103048324585
2987.2847216388077,0.9897835376721204,0.9996103048324585
2987.287036395829,1.0005178959092424,0.9996718168258667
2987.289351152851,1.0009962013414255,0.9996718168258667
2987.2916659098732,1.011726293860316,0.9996718168258667
2987.2939806668933,1.0050216704200108,0.9996718168258667
2987.296295423846,1.0025330750412451,0.9996718168258667
2987.2986101807087,0.9910285849305388,0.9996985793113708
2987.3009249375737,0.9912912838250882,0.9997056126594543
2987.3032396944373,0.9933585642545731,0.9997056126594543
2987.305554451303,1.0017580797169043,0.9997056126594543
2987.3078692081667,0.9976179739936325,0.9997056126594543
2987.31018396503,1.0048919031815822,0.9998353123664856
2987.3124987218957,0.9914500709274989,0.9998605251312256
2987.314813478759,1.0003536227253271,0.9998643398284912
2987.317128235625,0.9926036099085899,0.9998643398284912
2987.319442992488,0.9954783146765354,0.9998643398284912
2987.3217577493538,0.9923859638246098,0.9998643398284912
2987.324072506217,0.996614140673302,0.9999244213104248
2987.326387263083,0.9965551872239947,0.9999244213104248
2987.3287020199446,0.9944772718656496,0.9999244213104248
2987.33101677681,0.9953957296481845,0.9999244213104248
2987.333331533674,1.0004988093668388,0.9999244213104248
2987.335646290539,1.0049535109126262,0.9999263286590576
2987.3379610473385,0.9940828762132125,0.9999409317970276
2987.340275804053,1.0002715151948665,0.9999409317970276
2987.342590560772,0.9983158407238583,0.9999467730522156
2987.3449053174872,0.9932363605540976,0.9999467730522156
2987.347220074205,1.0034743575460654,0.999947726726532
2987.3495348309216,0.9910023277426618,0.999947726726532
2987.351849587638,0.990254401353463,0.9999938011169434
2987.3541643443555,0.9933159533059087,0.9999938011169434
2987.356479101072,0.9967665471864288,0.9999938011169434
2987.35879385779,0.9970357234308265,0.9999938011169434
2987.3611086145065,0.9993241944927602,1.0000762939453125
2987.3634233712232,1.0056315834015737,1.0001027584075928
2987.3657381279395,1.0,1.000150203704834
2987.368052884657,0.9891777200785519,1.000150203704834
2987.370367641374,0.9965883849424091,1.000150203704834
2987.3726823980915,0.9863158175766531,1.0001895427703857
2987.374997154808,1.0089662651558773,1.0001929998397827
2987.3773119115244,0.9930901533239741,1.000198483467102
2987.3796266681807,0.9863783447491714,1.0002124309539795
2987.381941424761,0.9889113032981838,1.0002179145812988
2987.3842561813403,1.0047459988968392,1.0002179145812988
2987.386570937923,1.0012735774511718,1.000230073928833
2987.3888856945023,0.9987285678224685,1.000230073928833
2987.3912004510844,1.0065091685975847,1.0002955198287964
2987.393515207664,1.0090219538898835,1.0002955198287964
2987.3958299642463,0.9957503717933088,1.0002955198287964
2987.398144720827,0.9944706249829433,1.0002962350845337
2987.4004594774065,1.0025078292202145,1.0003234148025513
2987.4027742339886,0.9920830105295698,1.0003234148025513
2987.4050889905684,0.9976395917460192,1.0003262758255005
2987.4074037471505,0.9977510756618874,1.0003262758255005
2987.409718503729,0.9802188355077575,1.0003348588943481
2987.412033260311,0.9864226745018154,1.0003348588943481
2987.414348016891,0.9943299802643583,1.0003348588943481
2987.416662773473,0.9876587919696943,1.0003520250320435
2987.418977530053,1.0061754214365846,1.0003631114959717
2987.4212922865768,0.9962152872365805,1.0003631114959717
2987.4236070430347,0.9936675141042652,1.000400185585022
2987.4259217994913,1.0098233250496158,1.000400185585022
2987.42823655595,1.0020958142699594,1.000400185585022
2987.430551312406,1.001658252864496,1.000400185585022
2987.4328660688648,0.9971005103197166,1.000403642654419
2987.4351808253195,1.0100212178416714,1.000403642654419
2987.437495581777,0.9971912515666718,1.000403642654419
2987.439810338235,1.0035404481183505,1.0004231929779053
2987.4421250946916,0.9910940666274396,1.0004231929779053
2987.444439851148,0.9804762970382588,1.0004231929779053
2987.446754607605,0.9892309767432661,1.0004581212997437
2987.449069364063,1.0087544151285484,1.0004581212997437
2987.4513841205194,0.9866580096803663,1.0004581212997437
2987.4536988769773,1.0065800801220048,1.0004581212997437
2987.456013633434,1.0101427839650048,1.0004602670669556
2987.4583283898896,1.0048391735837718,1.000519037246704
2987.460643146348,0.9957818550782519,1.0005266666412354
2987.4629579027555,0.9980504647549049,1.0005266666412354
2987.4652726591034,1.0051723895529454,1.0005266666412354
2987.467587415451,1.0039366016499889,1.0005266666412354
2987.4699021717975,0.9886142553338266,1.0005334615707397
2987.4722169281445,0.9952083547527062,1.0006285905838013
2987.474531684492,0.9849013127288752,1.0006476640701294
2987.4768464408407,1.003951612816759,1.0006476640701294
2987.4791611971855,0.9969078063831235,1.0006476640701294
2987.4814759535343,0.9907540424595099,1.000667691230774
2987.483790709881,0.9758621092231561,1.000667691230774
2987.4861054662297,0.990568795701894,1.000667691230774
2987.4884202225758,1.0013826198949556,1.0007538795471191
2987.4907349789223,1.0054480488942614,1.0007538795471191
2987.4930497352716,0.9987479321792925,1.0007991790771484
2987.4953644916177,1.0057559504637827,1.0007991790771484
2987.4976792479665,0.9943000589612107,1.0008037090301514
2987.499994004313,0.9919117725883971,1.0008037090301514
2987.502308760662,0.9980446914065524,1.0008037090301514
2987.5046235169643,0.989345917797209,1.0008512735366821
2987.506938273219,0.9885971413534534,1.0009397268295288
2987.509253029471,0.9957325625669103,1.0009397268295288
2987.5115677857248,0.9906917400671064,1.0009433031082153
2987.513882541977,0.9909682220756839,1.0009695291519165
2987.51619729823,0.9912115903062867,1.0009695291519165
2987.5185120544843,0.9969604738338151,1.0009846687316895
2987.520826810737,0.9840866261086872,1.0009846687316895
2987.523141566992,0.995163375201325,1.0009846687316895
2987.5254563232434,0.9999779681278601,1.0009915828704834
2987.5277710794962,0.9966786387867395,1.0010014772415161
2987.53008583575,0.9849933470358314,1.0010014772415161
2987.532400592003,0.9855898253827861,1.0010067224502563
2987.534715348257,0.9952723031442239,1.0010137557983398
2987.5370301045095,0.9921069899157342,1.0010290145874023
2987.5393448607624,0.9842258289628497,1.0010290145874023
2987.5416596170153,1.0052514873934768,1.0010290145874023
2987.543974373269,0.9890181255498708,1.001051425933838
2987.5462891294874,0.9847736445664228,1.001057505607605
2987.5486038856616,0.9887809781959562,1.001057505607605
2987.5509186418394,0.9924075537823329,1.0011217594146729
2987.5532333980154,0.9921243917314776,1.0011217594146729
2987.5555481541924,0.9950999518847864,1.0011900663375854
2987.557862910368,0.9892693034786421,1.0012485980987549
2987.560177666545,0.9800529391188227,1.0012485980987549
2987.5624924227204,0.9933432229168477,1.0012876987457275
2987.5648071788955,0.9750412052064522,1.0012893676757812
2987.567121935073,0.9952725925015811,1.0012893676757812
2987.5694366912476,0.9926893796527,1.0012893676757812
2987.571751447426,0.9842260612156262,1.0012893676757812
2987.5740662035996,0.9986368112861073,1.0012893676757812
2987.576380959777,0.9948495424937448,1.0012922286987305
2987.578695715952,0.9884900494444346,1.001326084136963
2987.581010472129,1.0033478429146054,1.0013266801834106
2987.5833252283046,0.9865749368105216,1.0013266801834106
2987.58563998448,0.9811209565251865,1.0013266801834106
2987.587954740632,1.0004589429407136,1.0013266801834106
2987.590269496749,0.9931918106483572,1.0013266801834106
2987.5925842528686,0.9920647808078065,1.0013529062271118
2987.594899008985,0.993995088833495,1.001362919807434
2987.5972137651047,0.9931859176981618,1.0013704299926758
2987.5995285212216,1.0002035689081945,1.0013704299926758
2987.6018432773394,0.9979887749008822,1.0013704299926758
2987.604158033458,0.9852472087890215,1.0013827085494995
2987.606472789575,0.9746421725083679,1.0013827085494995
2987.6087875456933,0.9810763805187268,1.001402735710144
2987.6111023018116,0.9943567345162408,1.0014228820800781
2987.6134170579294,1.0045444167726678,1.001460313796997
2987.6157318140467,0.9929699048266599,1.0014631748199463
2987.6180465701655,0.996103687409386,1.0014796257019043
2987.6203613262833,0.9989800048089399,1.0014796257019043
2987.622676082402,0.985368857322731,1.001491665840149
2987.62499083852,0.994178038859338,1.001491665840149
2987.6273055946376,0.9908625884569452,1.001491665840149
2987.629620350739,0.9934265320068596,1.001491665840149
2987.6319351068196,1.0021881335386367,1.0015039443969727
2987.634249862899,0.989348159268221,1.0015039443969727
2987.6365646189815,0.9972133993920836,1.0015742778778076
2987.6388793750607,0.9951103065798795,1.0015792846679688
2987.6411941311435,0.9813557266394473,1.0015792846679688
2987.6435088872227,0.9936603888474166,1.0015792846679688
2987.645823643304,0.9969786437663297,1.0015792846679688
2987.6481383993855,0.9914561734930949,1.0015792846679688
2987.650453155466,1.0034684857412912,1.0016577243804932
2987.6527679115457,0.9975319482430847,1.001786231994629
2987.655082667626,0.9910037279296758,1.001786231994629
2987.6573974237076,0.9878314535022643,1.001786231994629
2987.659712179787,1.002410516836134,1.001786231994629
2987.6620269358696,0.9913849256487395,1.0018060207366943
2987.6643416919487,1.0002244211635583,1.0018160343170166
2987.666656448031,1.0077305118301843,1.0018160343170166
2987.6689712041107,0.9919191722071881,1.0018160343170166
2987.6712859601844,0.9992144069343522,1.0018160343170166
2987.67360071625,0.986524218690232,1.0019413232803345
2987.675915472317,0.9944352789017085,1.0019866228103638
2987.678230228384,0.9906953769193239,1.0020135641098022
2987.680544984449,0.9845966908091953,1.0020135641098022
2987.682859740517,0.999275593275307,1.0020135641098022
2987.68517449658,1.0031382171776198,1.0020408630371094
2987.687489252647,0.9879250791840992,1.0020408630371094
2987.689804008713,0.995486113754811,1.0020408630371094
2987.69211876478,0.9877870129289208,1.0020501613616943
2987.6944335208455,0.988450467000425,1.0020591020584106
2987.696748276911,0.9913140728840805,1.002060890197754
2987.699063032978,0.9933637651477011,1.002060890197754
2987.7013777890434,0.9909959033516474,1.002060890197754
2987.7036925451102,0.9974938424172747,1.002060890197754
2987.706007301176,0.9754654274618857,1.002077579498291
2987.7083220572417,0.9999833453009243,1.002077579498291
2987.7106368133072,0.995662398835899,1.0020904541015625
2987.7129515693787,1.0128534557580742,1.0020904541015625
2987.7152663254556,1.000109681028061,1.00209641456604
2987.717581081531,0.9915780255210843,1.00212824344635
2987.719895837607,0.9876898209834035,1.002137541770935
2987.7222105936826,0.9965249670524339,1.002137541770935
2987.724525349758,0.9934507418634475,1.0021449327468872
2987.726840105835,0.9931138536881399,1.0022040605545044
2987.7291548619096,1.009651942473495,1.0022063255310059
2987.731469617988,0.9998416821326928,1.0022088289260864
2987.733784374062,1.0054572680331009,1.0022088289260864
2987.73609913014,0.9951200390810807,1.0022088289260864
2987.738413886215,0.9864182063406365,1.0022088289260864
2987.7407286422904,1.000262633997757,1.0022088289260864
2987.743043398368,0.9987636963979009,1.0022306442260742
2987.745358154443,0.9909571638289884,1.0022963285446167
2987.7476729105197,0.9899024995513346,1.002343773841858
2987.749987666595,0.9959991170596468,1.002343773841858
2987.752302422673,0.9886081004596958,1.002357840538025
2987.754617178763,0.9988842649003913,1.0024077892303467
2987.7569319348763,1.0004197710998894,1.0024720430374146
2987.7592466909887,0.9886979724130402,1.0024968385696411
2987.7615614471024,0.988440363132494,1.0025290250778198
2987.7638762032147,0.9973649491086735,1.0025827884674072
2987.7661909593267,0.9932445720555597,1.0025827884674072
2987.76850571544,1.0025437756150677,1.0025898218154907
2987.7708204715523,0.9957235343713501,1.0025898218154907
2987.7731352276664,1.000017477481098,1.0026482343673706
2987.7754499837783,1.0053674890079127,1.0026482343673706
2987.7777647398902,0.9849065899971977,1.0026482343673706
2987.7800794960026,0.9884565536669225,1.0026649236679077
2987.782394252116,0.9939392195638003,1.0026649236679077
2987.784709008228,1.00249804719313,1.0026657581329346
2987.787023764342,0.9995130976841827,1.002832055091858
2987.789338520454,0.9907877733447752,1.002837061882019
2987.791653276566,0.9894294756548743,1.0028928518295288
2987.7939680326785,0.9945334289774264,1.002923846244812
2987.7962827888214,0.9948932855351674,1.0029593706130981
2987.7985975449974,0.9866747178902593,1.0030813217163086
2987.800912301177,0.9896406850306187,1.0030813217163086
2987.8032270573544,0.9925302653553888,1.0030852556228638
2987.8055418135327,0.9923086265932631,1.0030856132507324
2987.8078565697106,1.0101127511448067,1.0032192468643188
2987.8101713258866,1.0117646807190397,1.0032192468643188
2987.8124860820667,0.9981135064076735,1.0032192468643188
2987.8148008382427,0.9980555833451951,1.0033137798309326
2987.817115594421,1.001206917856396,1.0033226013183594
2987.819430350599,0.9993445003136703,1.0033226013183594
2987.821745106778,0.9987900368133438,1.0033589601516724
2987.824059862953,0.997939664068535,1.0033934116363525
2987.826374619132,1.0016193275715528,1.0033934116363525
2987.8286893753093,1.000891139488338,1.0034219026565552
2987.831004131488,0.9928658349760785,1.0034219026565552
2987.8333188876663,0.9971146374145764,1.0034219026565552
2987.8356336438424,1.0099803821005586,1.0034219026565552
2987.8379484000648,1.0029910138903888,1.00344979763031
2987.840263156337,1.0019076816559505,1.00344979763031
2987.842577912612,1.0030534659415853,1.0036569833755493
2987.844892668884,0.9985589325102237,1.0036770105361938
2987.8472074251563,0.9984251946058729,1.0036770105361938
2987.8495221814296,0.9917832269368392,1.0036953687667847
2987.8518369377034,1.000115203733646,1.0037262439727783
2987.8541516939763,0.996638307545512,1.0037262439727783
2987.8564664502505,0.9842711273552335,1.0037262439727783
2987.858781206523,0.9781410122275138,1.0038039684295654
2987.861095962796,0.9927271472808638,1.0038418769836426
2987.8634107190687,0.9787925831338412,1.0038577318191528
2987.865725475343,1.0047900663213463,1.0038577318191528
2987.8680402316168,0.990297224210884,1.0039035081863403
2987.870354987889,0.9886605513389595,1.0039035081863403
2987.8726697441625,0.9972290675856955,1.0039035081863403
2987.8749845004363,0.9874801558323745,1.003965139389038
2987.877299256709,1.0001263366572697,1.0039737224578857
2987.8796140130385,0.9921695019984702,1.0039737224578857
2987.8819287694405,0.9939390996515971,1.0041005611419678
2987.8842435258402,0.9998356943563623,1.004138708114624
2987.8865582822427,1.001378295280235,1.0041533708572388
2987.888873038642,0.9961460433966626,1.004165530204773
2987.8911877950436,0.9934868846770639,1.004201054573059
2987.8935025514425,0.9940779701486585,1.0043160915374756
2987.895817307844,0.9853970358360701,1.0043752193450928
2987.898132064245,1.0002450948392403,1.0043752193450928
2987.900446820646,0.9931338289155399,1.0043991804122925
2987.902761577047,0.9942404913514801,1.0044653415679932
2987.9050763334462,0.9948823131998926,1.0045243501663208
2987.9073910898483,1.0086402192665687,1.0045335292816162
2987.909705846248,0.9817765499413856,1.0045896768569946
2987.91202060265,0.979608259482289,1.0046018362045288
2987.9143353590493,1.000914282323974,1.0046213865280151
2987.9166501154496,0.993724562041743,1.0046789646148682
2987.91896487185,0.9996848587191738,1.0046918392181396
2987.921279628324,0.9882339240763451,1.0047264099121094
2987.9235943848853,1.0006225161492932,1.0047789812088013
2987.925909141448,0.9961505436501469,1.0048749446868896
2987.9282238980095,1.0044353547168647,1.0048794746398926
2987.93053865457,1.0002303704670281,1.0049223899841309
2987.9328534111323,0.9897199437954001,1.0049241781234741
2987.9351681676935,0.9887520629560879,1.0049649477005005
2987.9374829242556,0.9852344616372976,1.0049868822097778
2987.9397976808164,0.9870574272326487,1.0050182342529297
2987.942112437378,1.0059322329415834,1.0050604343414307
2987.94442719394,1.0016830627899844,1.0050604343414307
2987.9467419505013,0.9839580631517421,1.0050604343414307
2987.949056707061,0.9982703283268842,1.0051319599151611
2987.9513714636246,0.9889543387730652,1.0051401853561401
2987.953686220185,0.990508005249624,1.0051538944244385
2987.956000976748,0.9779922416808102,1.005170464515686
2987.9583157333095,0.9718490289556335,1.0051854848861694
2987.9606304898703,0.994623971501772,1.0052686929702759
2987.9629452465206,0.9856256746432328,1.005311131477356
2987.9652600032764,0.979529682363723,1.005360722541809
2987.967574760035,0.9873447530033816,1.005360722541809
2987.9698895167908,0.9959498933137134,1.0053640604019165
2987.972204273548,0.983405332072397,1.0054044723510742
2987.9745190303033,0.9934284293879841,1.0054360628128052
2987.976833787062,0.9890182530573222,1.0054811239242554
2987.9791485438177,0.9924814989438723,1.0055373907089233
2987.9814633005763,0.9716559890362628,1.005539894104004
2987.9837780573316,0.993508160671601,1.0057017803192139
2987.9860928140884,1.0035718874500457,1.005734920501709
2987.988407570847,1.0079483843318315,1.0058209896087646
2987.9907223276023,0.9907145984361604,1.0058209896087646
2987.993037084361,0.9899676455948233,1.005864143371582
2987.995351841116,0.9924293476683057,1.0060113668441772
2987.997666597874,0.9954189074935701,1.0060113668441772
2987.9999813546306,0.9841530459347544,1.0060113668441772
2988.0022961113873,0.9882336624592533,1.0060819387435913
2988.004610868248,0.9905060396561631,1.0061323642730713
2988.0069256252355,1.0101095372657745,1.0061323642730713
2988.0092403822227,1.0119849522542592,1.0061662197113037
2988.01155513921,0.994100233474173,1.0061662197113037
2988.0138698961982,0.9873291744141879,1.0061662197113037
2988.0161846531855,0.9968984682255007,1.0062060356140137
2988.0184994101714,0.9947973705248383,1.0062365531921387
2988.02081416716,0.9954007291261172,1.0062859058380127
2988.0231289241474,0.9975964394608964,1.0063222646713257
2988.0254436811356,0.9982644614393207,1.0063362121582031
2988.027758438123,0.9994167759126082,1.00645112991333
2988.0300731951097,1.000012672505968,1.0065407752990723
2988.032387952098,0.9979840311867604,1.0065535306930542
2988.0347027090843,1.015098947313568,1.0065597295761108
2988.037017466073,0.9843277549193943,1.0067216157913208
2988.039332223058,1.000415263116015,1.0067520141601562
2988.041646980047,0.9950332156956446,1.0068066120147705
2988.0439617370334,0.9885888942717279,1.0069127082824707
2988.0462764941426,1.0002900206613086,1.0070412158966064
2988.0485912513946,0.9982820123030316,1.0070412158966064
2988.0509060086474,0.9854881336760901,1.0071232318878174
2988.053220765902,0.993904853982346,1.0071232318878174
2988.0555355231545,1.010821742723619,1.0071232318878174
2988.0578502804096,0.9808388928309556,1.0071700811386108
2988.0601650376616,1.0129526776430373,1.0071700811386108
2988.0624797949167,0.9931173791059161,1.0073332786560059
2988.064794552168,0.984892958109824,1.0073697566986084
2988.0671093094215,0.9928371136601287,1.0076781511306763
2988.0694240666758,0.9828963993241223,1.0080299377441406
2988.0717388239286,0.9974267878024137,1.0080299377441406
2988.0740535811815,1.0008570733021724,1.0082546472549438
2988.0763683384343,0.986899347304794,1.0085285902023315
2988.0786830956886,0.980689721282505,1.0085448026657104
2988.080997852943,0.9955258679924824,1.0086662769317627
2988.0833126101966,1.0030858525520063,1.008691668510437
2988.0856273674485,0.9935997627046937,1.0087525844573975
2988.0879421248374,0.9890714336598165,1.00906503200531
2988.090256882392,0.9901184297602085,1.0091187953948975
2988.0925716399465,0.9916692024623364,1.0091609954833984
2988.0948863975013,1.0078668336419825,1.009216547012329
2988.0972011550552,0.9994376854229661,1.0093201398849487
2988.0995159126087,1.0156804460123368,1.0093272924423218
2988.101830670164,1.0030806923124893,1.0093364715576172
2988.104145427717,1.0013414033227837,1.0095528364181519
2988.1064601852727,0.9781243712220185,1.0095605850219727
2988.1087749428243,0.9988167892202438,1.0097233057022095
2988.11108970038,1.0006513733948426,1.0102274417877197
2988.1134044579344,0.9786041259185905,1.0103403329849243
2988.115719215489,1.00775403706892,1.0103530883789062
2988.118033973044,1.0126875087455511,1.0103867053985596
2988.1203487305957,0.9898751688867936,1.0104289054870605
2988.122663488152,0.9859787387866956,1.0104289054870605
2988.124978245705,0.9952635135071374,1.0106077194213867
2988.1272930032605,1.0229357121801679,1.010609745979309
2988.129607760965,0.9994733442123642,1.01088547706604
2988.1319225188554,1.007658751314695,1.0109070539474487
2988.134237276743,0.9802909372434361,1.011022686958313
2988.1365520346317,0.9904589185328272,1.0112274885177612
2988.1388667925216,0.9949989333100744,1.0113942623138428
2988.1411815504102,0.9880041172586591,1.0114057064056396
2988.143496308299,0.9814653634594548,1.0117487907409668
2988.1458110661874,0.9908860306116077,1.0118043422698975
2988.1481258240783,1.009916754444756,1.011879563331604
2988.150440581966,0.9886358629564993,1.0119030475616455
2988.152755339856,1.0,1.0122958421707153
2988.155070097744,0.9887515760015411,1.0124459266662598
2988.157384855633,0.9829979340766045,1.0130857229232788
2988.1596996135227,0.9921593713284371,1.0132129192352295
2988.1620143714117,1.00562112687241,1.013287901878357
2988.164329129301,0.9886037861742972,1.013364553451538
2988.16664388719,1.004569878022486,1.0134364366531372
2988.1689586450775,1.0,1.0137860774993896
2988.171273403134,0.978729618736053,1.0138156414031982
2988.173588161389,0.9974465304102872,1.013816237449646
2988.1759029196464,0.9911473888394647,1.0139631032943726
2988.178217677902,0.9776399444581069,1.0140814781188965
2988.180532436158,0.9920290563685275,1.0142507553100586
2988.1828471944136,0.9858693578909191,1.0149707794189453
2988.1851619526706,0.9888231066095727,1.015021800994873
2988.187476710927,0.9935249769071741,1.0163038969039917
2988.189791469181,0.9859226849927841,1.0171558856964111
2988.1921062274387,0.9757809568889612,1.0177119970321655
2988.1944209856933,0.9755140877033481,1.018022060394287
2988.196735743951,0.9953050120424989,1.018067717552185
2988.1990505022054,0.9938278983863461,1.018187403678894
2988.2013652604637,0.9856926618549384,1.018225073814392
2988.2036800187175,0.9897956126646421,1.0186493396759033
2988.205994776974,0.9950729159537686,1.0189837217330933
2988.208309535232,1.0081601387622319,1.019499659538269
2988.210624293486,0.9861957944607206,1.020215630531311
2988.2129390519235,0.9902042030655253,1.02175772190094
2988.215253810574,0.9913609163881869,1.0219141244888306
2988.217568569228,0.9784613942595894,1.02254319190979
2988.21988332788,0.9891080537308659,1.02254319190979
2988.2221980865334,0.9880661677458586,1.02254319190979
2988.2245128451855,0.9883296412074359,1.02254319190979
2988.2268276038385,1.0,1.02254319190979
